x	y	clickSelects
-0.090097733535021	0.488065963352517	651
0.0412680812139517	0.0269745820226928	169
-0.115076318508593	0.0881992831597382	169
0.0901300610807134	0.100265469191676	358
0.0368996629334096	0.033663937059385	358
-0.0468845911198446	0.0389150592840538	358
-0.0619525958053588	0.0633324691816869	358
0.0323226655449667	0.0289745701184688	358
0.0106129814773403	0.0113327410127912	178
-0.0283947116519499	0.0296484682759695	178
0.0925218672070357	0.0909915535765182	40
-0.105862854653256	0.100736698230552	40
0.0466857189621871	0.0500754870205164	40
0.0813074204668136	0.0839511322426999	40
0.044788434839795	0.0397863876912405	40
0.0298108506636599	0.0291885461027504	40
-0.0623648138549197	0.0623247662363404	40
0.0317291001856905	0.0318012681245822	40
-0.0514100115399229	0.0459333324017486	40
0.0352826327890091	0.0367126676692476	40
0.00952341627659309	0.00894238036605662	40
0.0462128572263929	0.0421254551898801	40
0.0976249666893337	0.0961408213135205	40
-0.000814975938198802	0.000898166809790262	47
0.084277301955787	0.0752758050875203	47
-0.116690565287981	0.139712478320291	47
-0.0227770990438805	0.0214123596685668	57
0.114483122319509	0.124847377282841	57
-0.119526698051813	0.134928962166374	57
-0.0850817444448841	0.0537434602865378	52
-0.0392301377472565	0.0353505785301759	52
0.0383335448642684	0.0219285876153915	250
-0.0329726587212922	0.0279066518315541	2
-0.0921833772175359	0.0890036454679105	2
-0.0441355105271062	0.0315915549084974	2
0.0349918030268612	0.0171514953767252	2
0.0840001701874529	0.0790756874794939	2
0.0607895992256266	0.0507463133601546	2
0.026798479403135	0.0138759686062866	115
0.0596964546611193	0.0481864382035848	115
-0.0906762262136756	0.0904764453915278	115
0.100340436291124	0.0939953662356567	180
0.00420129159198101	0.00352741502158367	42
0.0567141763287777	0.0538051871080365	42
0.0327766429548779	0.0181475527359075	49
-0.0546580739523133	0.0353656320474112	35
0.0475420835813022	0.0327645837783257	35
-0.0305702438272965	0.0224826767770776	35
-0.120725973586537	0.0929200299414486	35
-0.119541798376665	0.08970139605529	35
-0.0157485987880321	0.0827904974976035	128
-0.0498911147887596	0.0865446268904277	169
0.027339643054733	0.0414034264701953	169
-0.0813346154894734	0.131333301476288	169
0.0883224998322832	0.157942242193493	65
0.0835993815949483	0.1231147597781	65
-0.10605353501447	0.197486617779476	358
-0.0995223099843104	0.182383950670739	358
0.0742650861101866	0.0840441132869688	65
0.00590697502006185	0.00942043951586323	358
-0.0828560317030171	0.138162300633324	358
0.0371016105867781	0.0497116666905079	178
-0.0953981790991988	0.162358759615619	40
0.0815718205282837	0.118230738083734	178
-0.0296150759582498	0.0460042561202055	40
0.105804040675166	0.151707576126237	40
0.0799422022741847	0.121734769903583	40
-0.0488182075222243	0.0532571767674208	40
0.0244794846847549	0.034509982041729	40
-0.0880445748113453	0.139044423042638	40
0.0711942846771994	0.0721009734342007	40
-0.0385205300148619	0.0390991591491567	40
0.121448271120505	0.205209999752558	47
0.019551060821665	0.0288298153679728	57
0.0120462117627769	0.013673467010842	57
0.0346741497533123	0.0357238784162977	57
0.0226258919924933	0.0247758801043831	57
-0.114176367509651	0.183056966876477	57
-0.0575202488225928	0.086016307506744	57
0.0968909735654978	0.118107076672023	57
-0.0615340181530365	0.0800802662404426	57
-0.0575726924037452	0.0538538786294565	52
0.0564329220130245	0.0717480709764906	250
0.0797623956450633	0.106372456691172	250
0.00261164543194855	0.00300418759361626	250
0.0503596641771948	0.0664552526938011	250
-0.0663246699323119	0.0948200184541162	2
-0.0449915104638838	0.0423883875451079	2
0.11421775943191	0.122914245756211	2
0.0182354612921596	0.0233893481023345	2
0.0630411180641481	0.0717218194703635	2
-0.000901912245510358	0.00122615044775952	2
0.0919700678057897	0.121576357532781	115
-0.113712706999622	0.169636237121444	115
-0.0925080752136531	0.128167619298389	115
0.109654640982181	0.191612957164745	115
-0.105627723101139	0.171951799480533	115
0.104957999838151	0.110024269793954	115
-0.0687810787595213	0.0831136943987509	42
0.0231916134821702	0.0304039147238996	42
-0.0416794218247245	0.0473408362107634	42
0.0694830596319507	0.0925414645484739	49
0.0479272927124194	0.0558864433115899	49
-0.021287352565974	0.0250437507693976	35
0.0577349750624454	0.0845821350374557	35
0.00388119973128963	0.0052920266191137	35
0.0560077027470383	0.0618966562221734	35
-0.123135453641892	0.191328074726586	35
0.117217949349518	0.148415818050491	49
0.0150086441110038	0.013606523880421	49
-0.0629153977408938	0.0696898531479608	35
0.117089131109601	0.152288733167292	35
0.00177067179010366	0.00872577017328963	128
0.0268212303112552	0.0602698393709896	169
0.116958386669956	0.278517407783462	169
0.0314567119252108	0.0551371748742394	169
-0.119684815723731	0.195378195744975	169
0.0571817520340971	0.0773503675548817	169
-0.00836634775970542	0.0100955931058038	65
0.12003435864033	0.185967244486952	358
-0.0564626213462367	0.0515033606235938	358
-0.115440261519895	0.194492252966337	358
0.110613864242803	0.186615588812672	178
-0.0904257252697773	0.145081498990678	178
-0.115376772697463	0.144167798651112	178
0.0587667223362566	0.0711225510589352	40
0.00412989669855279	0.00378713363101816	40
-0.112396502571434	0.193927195791251	40
0.00688135763311271	0.00606361241392613	40
0.107476976678174	0.106426633464203	40
-0.0647429597580357	0.0929376768060668	47
0.110432553503315	0.156738409069803	47
0.0233872974451197	0.038893713211102	40
0.121334509846048	0.240546087604909	40
0.0042346405286282	0.00599480649866594	40
-0.0145262210536449	0.0206102948642341	40
-0.122663016026	0.1746349911268	40
-0.0242231660773895	0.0211894625170906	47
-0.0843782729746358	0.102260723720828	40
0.0996690287939784	0.193994213149299	47
-0.0513273635519138	0.0542532359368105	40
-0.0429750985604097	0.0410277611045978	40
0.0298297140701658	0.051581813780722	47
-0.111253352199323	0.165958138074659	47
0.0248418338002112	0.0284800300989691	57
0.117388375144226	0.113690502349037	57
-0.108992696904602	0.168313894143754	57
-0.0183941952783423	0.0228846039085208	57
-0.0102858839310745	0.0156987837166815	30
-0.0126779489607332	0.0172002286851318	57
-0.0048646182517504	0.00666358433762555	57
0.0241121627133487	0.0258607244818636	57
-0.0879881921651211	0.100123664026729	57
-0.0556184711128931	0.064581945397787	57
-0.0730855688593061	0.10696425871877	57
-0.0444703291815817	0.0633038306218507	57
-0.087191804522996	0.134724794149035	57
-0.0475927355816627	0.0528602349391482	250
-0.000916986879999059	0.00106265377242521	52
-0.0805144485526279	0.124934609366481	52
-0.038028760250012	0.0515994542110404	250
0.0769952429146869	0.108391517703393	250
0.0431249184914428	0.0531589652710468	2
0.0636468806701311	0.0877166857320102	250
0.0655218448062994	0.100680701788297	250
0.119539756198368	0.189992521751655	250
-0.0170674867867142	0.0217169942860254	2
-0.00230590346499901	0.00200861281618732	2
-0.0276067681545585	0.0239845407321142	2
0.0107983911634895	0.015880957706203	2
-0.0382116121017311	0.0536487195523831	2
0.0824471193046928	0.13677460924781	2
0.0701134600634145	0.0690823209676303	115
0.071455243328578	0.0567008570336131	115
0.0141209971751572	0.0113527949939765	115
-0.0330993090086325	0.0242260667509215	115
-0.0136872233695241	0.00988978673732606	115
0.0369962347602299	0.0245794324556585	115
-0.0333626958464451	0.0421462158099599	42
-0.0552431305896113	0.0864448403632333	42
-0.0216678415856288	0.032340906740956	42
-0.0557207101557821	0.0836132555744766	42
-0.0899225516229187	0.114741933109477	49
-0.0768277877112397	0.100493955439816	35
-0.0112516611854768	0.0154871430900148	35
-0.124789649767433	0.202786951975548	35
-0.0609824923779009	0.076008817359994	35
-0.0753433756131216	0.100781672684467	35
-0.0621050504226306	0.0745915376903583	35
-0.00192149556812514	0.00250162861769876	49
0.0576400488187343	0.0679689122472487	49
-0.0182633380196172	0.0170434211589068	213
0.0791061068866703	0.114485084325346	35
-0.0318291288349127	0.0413779768056645	35
-0.0296763226685874	0.17199432728206	128
0.046161687550049	0.177282694979743	128
0.0462285826549279	0.173291279544356	128
0.105185280103749	0.418646544936195	128
0.0700682444076389	0.142739093609699	169
-0.0216662585197968	0.0410846924843116	65
-0.0215605817256316	0.0332540676881132	65
0.0938590087645543	0.14639802779062	358
-0.0782877694599246	0.119662927477522	358
0.116163875343789	0.179335464834525	65
-0.0113379942724703	0.0174376895227976	358
-0.10562454963482	0.171293950899896	178
-0.0444742712337719	0.061437878947533	178
-0.0814428517214298	0.134433753073586	40
-0.0542567152963671	0.079235291137216	40
0.0489679656723248	0.0691409527379859	40
0.0635333373122625	0.0624590590277688	40
-0.0992647323394337	0.155958559233548	40
0.0429022396060608	0.0441849190447818	40
0.0206024490514634	0.0200185409884037	47
0.0211711275608155	0.0177349090040357	47
-0.124464694350264	0.142695500952235	40
-0.115910938575025	0.147940969190096	40
0.114877286942228	0.149358439143792	47
0.0222209631826177	0.0294715048479071	47
-0.0695094921982165	0.0576454128949478	57
-0.106592049211467	0.105788870317905	57
-0.0594102137215735	0.068244123325706	57
-0.0872557639123313	0.120200448724724	57
0.122961767871185	0.185234060269978	30
0.0169814176974894	0.0235571185259644	57
-0.0743921371107526	0.104792965883753	57
-0.0469673198989005	0.053695935684875	57
0.0333256475355941	0.0350309687850096	57
0.0724496901746505	0.082277876169661	57
0.045308643379879	0.0573008548692452	57
-0.0907219341506246	0.130118660766165	57
0.0773776562784465	0.0979131473688294	250
0.00195525066739302	0.00212121823087298	250
0.0871482677828025	0.109991077761068	250
-0.0994015555187749	0.156678269956866	2
-0.037596728172115	0.0531101332488558	2
-0.0785301802993365	0.118125325278801	2
-0.076209366354417	0.110398332696502	2
0.102167590421968	0.162484784758592	250
0.124227607973975	0.197120420906801	250
-0.0769811034835805	0.123405822988953	2
0.0573968258653277	0.0814417855954801	2
-0.0137259597781155	0.0203065215538369	2
-0.070865977646904	0.119742706649626	2
-0.085357341227102	0.145411905555452	2
-0.0657361213571813	0.105164788103429	2
0.0711231405140468	0.09942135180184	115
-0.0926628684956551	0.152183175672881	115
0.0177902147896142	0.024257377717903	115
0.049432864817657	0.0632985791428599	115
-0.0341743019550202	0.0298632152548535	115
-0.0567270324417735	0.0474459090709622	180
0.0460568813923469	0.060843638729571	42
0.00261527121278207	0.00335655831442386	49
-0.0425401098664026	0.0537936654364068	35
0.0244715993230732	0.0327812388713347	49
0.0175614684145401	0.0219833328211635	49
-0.0891274792918296	0.122361220899035	35
0.00880256297694206	0.0117915544499244	35
-0.114488905842653	0.159443634332954	35
0.0752281612686308	0.0665066271105787	49
0.0397473710864439	0.0390936261790058	213
-0.0137422606452521	0.0154021079299009	35
-0.0552301957245138	0.365608707471494	128
-0.0340291050886968	0.101885564874652	169
-0.00383380494330989	0.00960053731211618	169
-0.0704386420615492	0.186744541264552	169
0.0594656855339008	0.133998300018494	169
-0.0539985854030262	0.0816354328007927	65
-0.0805716592905156	0.182694487491019	65
-0.0632559397759488	0.12822023799659	65
0.106419136794462	0.109933216493914	65
-0.117470771608432	0.222686681841284	358
0.0502780560655721	0.0857431451551082	65
0.100606624895569	0.118062371530817	65
0.101795579722728	0.200890717982957	358
-0.0859345476729483	0.13410815818142	358
-0.0719608264553565	0.0992345108978679	358
-0.0624031709077682	0.110077266392393	358
0.118146811848005	0.12061722730975	178
0.0819704578332132	0.0995783484920399	40
-0.00644655864954942	0.00733445338585057	47
-0.0631778258784163	0.0579004787942331	47
0.0991236774564843	0.0959382215076196	47
0.0526742944599038	0.0354722158875002	47
0.0589498094933707	0.0445747791480634	47
0.051269938092512	0.038697063980464	47
0.100461968290272	0.15777617257406	47
0.0534766600329675	0.0355364389582825	40
0.0859307799550084	0.0824674703007365	47
0.0164201017796418	0.0138448233008036	47
0.0959172126366439	0.151536869776959	47
-0.0412914980334543	0.0451434187014225	47
0.00895283900656914	0.00691680349113041	30
0.00492195385471074	0.00653864074754401	30
-0.06887713217622	0.106289827369713	57
-0.0487832137587892	0.0709808374985626	57
0.0797584385299901	0.0703704450158883	57
0.0591624275397304	0.074186826059242	57
-0.035363690589336	0.0483481532836235	57
-0.0617509630186983	0.0880834434664903	57
0.00537461056371574	0.00712493814929862	57
-0.0468796237669944	0.0329862493134198	250
-0.0657335731350091	0.0891824742972492	250
-0.0370630212353194	0.0380327734113597	250
0.109715902929301	0.127619214815151	250
-0.0677012193759065	0.100721343223325	250
-0.0593396264123564	0.0610028496934119	2
0.0534590267246689	0.0590662273543334	250
-0.0547155793455071	0.0643626409454757	250
0.0635879814259894	0.0697914776923708	250
0.00191077690332528	0.00234704459098968	2
0.0214782623680422	0.027779769801388	2
0.0779804000400579	0.080132642981607	115
-0.0574005045744835	0.0529230710603218	2
-0.111656245663916	0.162228840485339	2
0.0660357111854669	0.0993114812557282	2
0.0037611696542368	0.00518881913082159	115
-0.0520448089264882	0.0786108137850268	115
-0.0759257240776384	0.117792811912223	115
0.0550437856823076	0.0908527777988436	115
-0.0882632563087117	0.152386643557616	115
0.0472644983710679	0.0599748675699207	115
-0.120918073973339	0.0915954877411371	115
0.0322113318347792	0.0195136232520356	115
0.0424515143282803	0.0263922842190867	180
-0.106487400276761	0.153780047035174	42
-0.0404646932106238	0.0544299022316296	42
0.0961153155151575	0.154692748202631	49
-0.0788875806321472	0.0645490027858026	49
0.0220456498060715	0.026183839673267	35
0.0906130864298451	0.0879335559426059	49
-0.092878865345633	0.0864955663382184	35
0.0297069080209425	0.0330875098943914	35
-0.0218687420368564	0.0163864029314103	49
0.0146275675725721	0.0208026237986739	35
0.036728784110656	0.0315956021997168	35
0.0205451370737389	0.108945415786371	128
-0.0867479642227834	0.418545389646092	128
0.041393288094315	0.0934953710944732	65
-0.0361486426984504	0.0846994863078423	65
0.0389548932316998	0.0717638229804758	65
-0.0696746034082975	0.13008873554679	65
-0.105135453916672	0.2567385687774	65
-0.052501696308882	0.0363936457753459	65
-0.0656996683105387	0.0429392761534635	65
0.0504393037800402	0.0364004210789452	178
-0.024643771904486	0.0253277708339837	40
0.11134588177077	0.118451515593872	47
0.0431267140529046	0.0281635136365758	47
-0.0262639369351408	0.0193301982004966	47
0.0437394149382768	0.0272004839667262	30
-0.0214146044993045	0.0314092248882487	30
0.119820056040922	0.159244276903037	30
-0.111081636493527	0.0636319395435003	57
-0.107412426979506	0.136398085453765	57
-0.0447326998634766	0.0604480720333736	250
-0.0377824254834047	0.0398203046070678	250
-0.0938614654395883	0.0985731446411313	250
0.0667076432295328	0.0857018143019962	250
0.0359045065835602	0.0547546215417581	250
-0.0690689923115154	0.125490402685477	250
0.0847317400384085	0.0730066745117509	250
0.0354248740952614	0.046966650463883	250
0.0481240412974331	0.0716496164846056	2
-0.111972787992298	0.147713830244451	2
-0.0489308693687297	0.0903012822602059	2
-0.0052246964057014	0.00599782877130613	2
0.121298028943075	0.153191908495192	115
-0.00787524032401273	0.0093241863232907	2
-0.109208861903539	0.131908762822761	2
-0.119504682528711	0.246801347223784	115
0.0407298678103876	0.0366008885690117	115
0.0134758600335769	0.0212392657110596	115
0.026353361358979	0.041952375206802	115
0.0391076440214435	0.0657395806138943	115
0.0136197517810449	0.0126216378857332	115
0.0085038280407575	0.00388414080887182	115
0.00646538750987333	0.00277712480686457	180
0.0119506681076016	0.004872885785304	180
-0.10951148560612	0.0602947856097233	42
-0.124212341664858	0.189883630842602	42
-0.00648185655258575	0.00921646778612477	42
0.0335850631028274	0.0484357986835766	42
-0.0345926172511403	0.0579777807092584	42
-0.10049677085121	0.100530717926443	35
0.0375567843259274	0.02425704443776	35
-0.101087409282987	0.114652603829412	35
0.0385510179321501	0.0244789628515303	744
0.0455651245065941	0.025205865613747	744
0.0792580272236612	0.133099249167207	35
0.0307089758363107	0.170569475748259	128
0.000919375858312318	0.00254356359536376	169
-0.0165525068398677	0.036315905058666	65
0.0467755535724034	0.0717531858860602	65
-0.0893994437035837	0.0856159153459399	65
0.0674098914096803	0.135797754785371	65
-0.075503494960334	0.100346101439444	358
-0.0428093340960946	0.02929610743912	178
0.0745951771191071	0.0618798091097244	178
-0.0386825977363856	0.0273836390019941	254
-0.036944575640705	0.0362521559580501	40
0.0275832641881597	0.0139376375920635	40
0.0501250121093903	0.0310308594436636	40
0.0657660640213816	0.0742170477157389	47
0.0545976503127654	0.0331710550023914	47
0.0233324963679457	0.0109369747401327	47
-0.0629939170998785	0.0564223268188573	47
0.0118644530943627	0.00566646273599544	30
0.0326502614308132	0.0216428465225502	30
-0.0215352046339738	0.0162777912213237	183
0.00312872760737964	0.00468546823445759	30
0.0634038388513881	0.0493126853141203	30
-0.0384078895377073	0.0253400014263135	30
-0.0650190888188594	0.101685601601977	4
0.124475599519719	0.197345168414594	220
-0.0170445027372186	0.0115637028118048	57
0.0535441286496689	0.0396607807039491	250
0.0561543964461787	0.0605517513521376	250
-0.0647993305427353	0.0881389466101411	250
0.0727214619899887	0.113351928241856	250
0.00606539819984374	0.00957249610303028	250
0.0557835284054388	0.0538689304624432	250
0.04201497597887	0.0437053521671657	250
0.0380900408343194	0.0186464208374461	250
0.0546778472093257	0.071876847584228	2
0.0676841321091539	0.0905503023420574	2
0.12054545923968	0.241830780924254	2
-0.0757082255834507	0.124971347001736	2
0.000884845366714607	0.0010815543231755	2
-0.102508111863312	0.12510267537176	115
-0.0203451561339538	0.0175251160907675	115
-0.0698355662734248	0.0439816297598646	2
0.0638144976052234	0.0817204968705993	2
0.0492977679277375	0.0783267566452632	115
0.0761313053180142	0.101872098697999	115
0.0503172101491737	0.0776993123273889	115
0.0743393835240715	0.125496889767754	115
0.0223393621789191	0.0343555527397648	115
0.00769319072152088	0.00314899934316911	122
0.0299196884482561	0.0140561960407686	42
0.0310651899099403	0.0185591778314671	42
-0.0717521705938462	0.101048619843646	42
0.0423163675228022	0.0281499438196647	49
0.0446895316864181	0.028269613887359	49
0.0710991977757523	0.0572824844753395	213
0.110393501150816	0.938446665280713	128
0.033121746658562	0.0531594489092728	65
-0.038948943677341	0.0875161358719356	65
-0.0603703049299585	0.124001703625089	65
-0.109401151408086	0.142533649329496	65
0.112385543598727	0.179960913140056	65
-0.0904041541668448	0.151465901123452	358
-0.0453489543341181	0.0692954297504387	358
0.0849929053106351	0.103726533676977	178
-0.107124918904089	0.099721352283437	40
-0.0287728166218862	0.029253710850997	47
0.0635077353096112	0.0500941321848605	47
0.0199329711144649	0.0192803173426689	47
-0.0609481111077271	0.0514841042409295	47
0.0704682449306146	0.0804720672194282	47
0.072555559845452	0.0564881209491872	47
-0.105159080182043	0.100842394861512	47
-0.0215051537776594	0.0253110899028659	47
0.0270397250218836	0.0318480143236722	47
-0.00671509709143045	0.00722624732316709	47
-0.0679362595056034	0.0443171817421891	47
0.0623135355091691	0.0586562734519216	5
0.0688172230266479	0.096784015364844	183
-0.102157014817076	0.10020304508109	183
0.100200031880725	0.117887630854213	30
0.0643919974962057	0.0743969358829901	220
-0.00654448127900089	0.00743460179626316	57
-0.121625980683425	0.153217126699424	57
0.0885480013334118	0.116914911426351	250
-0.117523169001838	0.149742257969051	250
0.0459784290352572	0.0495637287230944	250
0.0240362235972648	0.0252966754846813	250
-0.0530123391831578	0.0712107320650279	250
-0.110499132161266	0.150840029143524	250
-0.0680453608253243	0.0849354792788691	250
-0.0208255116225651	0.0147911346271437	250
0.0090354835484934	0.0108986349009184	2
-0.0175498777204478	0.0265370122392286	2
0.0886663032394119	0.127064032217218	115
0.0927446613556063	0.140987727018819	115
-0.118336953818442	0.19178361108603	2
0.116820576108747	0.214685163408919	115
-0.106303732697178	0.160155630106211	115
-0.0740627982929124	0.122573254732845	115
-0.097268073045635	0.134642681900761	115
0.0549596113370422	0.0398482252027566	225
-0.0930483905189035	0.0838646077958881	225
-0.0880583942504817	0.0543031531508368	122
-0.0212298981619043	0.0157918049858746	413
0.0398012620356998	0.025572975790465	413
0.110203761734216	0.152454488806629	49
-0.0288016381282113	0.0330186747630886	49
0.0508977614345674	0.0659881461300466	35
-0.0329177246975847	0.0395568192137052	35
0.0755050470386295	0.0860682318639995	35
-0.106254636218781	0.136581614760726	35
-0.012459062665763	0.0154264531418419	35
0.0679514315931392	0.0764505452466877	49
0.0470052628453276	0.0425302416214742	49
0.106287446753501	0.107543356698911	213
0.110113503195358	0.135626933124333	213
0.0515372469643577	0.324056064442103	128
-0.0323614705834881	0.0721022490294183	65
-0.0597634363649777	0.150182079256131	65
0.0833023422213309	0.161540393923541	65
0.078633444453604	0.174470237764434	65
0.0830216098856209	0.0970688554295951	65
0.0455986622074826	0.0424998164813644	65
0.0461491951864556	0.0639867716404967	65
0.0930119732355041	0.152318289073109	65
0.116595640674222	0.183479441870991	65
-0.121079449941969	0.165289868334638	65
0.0289010498459656	0.0233918873853237	178
0.0597377099409026	0.0411565307590145	40
0.0975507873826318	0.112948929245365	40
0.0580695277479326	0.070690791166732	47
0.0626695649331908	0.080768565241392	47
0.0000987191228439559	0.000211083047568771	47
-0.0736652414676515	0.0706271944438536	47
0.0728189309869207	0.0734276164839741	47
0.0823500843074659	0.104426375254846	47
0.0907780849071394	0.0778435733898842	47
0.10587063853422	0.108499330289648	47
0.119311865041476	0.138247255563793	47
-0.0925555750626999	0.0521340814927029	47
0.0392211677394937	0.0246490522672903	47
-0.0120680020571771	0.00926708823972244	5
0.0664742645082129	0.0891833836001953	183
0.0472033216562222	0.0445200470968781	183
-0.0572244473681948	0.054268777922116	183
0.0303973199019277	0.0293538677988428	30
0.086954757994119	0.11540892409125	4
0.0862759773618548	0.109938706719984	57
-0.100792011702789	0.12541583825185	250
0.040567135522221	0.0472055188458904	250
0.0191689144105685	0.0226052548788443	250
0.0293907081714493	0.0331099502315896	250
-0.106618203893077	0.160884487968223	250
-0.0143804371282493	0.0126956813371368	250
-0.0723107262578299	0.0856430533952173	2
0.0310088803247436	0.0386178011236551	2
-0.0233113982461493	0.0320140517815728	2
0.110132216505679	0.18891449268026	2
-0.0159295128943987	0.0198439210690019	115
0.120174431822075	0.206977750420396	115
0.0973381007345424	0.158036003072786	115
0.110996537943417	0.1762965200218	115
0.0304173358459703	0.049869365876289	115
-0.0771504116360405	0.125532220067772	115
0.0720160533034171	0.105770292774981	115
0.103134991994335	0.149866606115156	115
-0.0206117052152729	0.0301900538819359	115
-0.120861271243115	0.165126437328805	115
0.104724645326765	0.180718747240255	115
-0.044865398253118	0.0596367846484549	115
-0.097720302825192	0.138697297511571	225
0.104924714999385	0.156958218834997	115
0.107883837607847	0.152402437242858	115
-0.0965950970618362	0.0591463590424597	225
0.0476800531892048	0.0342494736274985	180
-0.054789056160356	0.0376190515863707	413
-0.0246231131928155	0.027708722080542	42
-0.0217820376540435	0.0282378925623791	49
0.0293766300679162	0.0320395210458683	49
-0.00465692369787336	0.00460806001232448	49
-0.0103063811608699	0.00982192026854167	49
0.109527242000226	0.124368971973381	213
-0.0570145755194479	0.0735958462382332	67
0.0692326873038863	0.452713331836131	65
-0.0775753912935944	0.148037299416888	65
0.0924717800332448	0.229208601157198	65
-0.0914143557878913	0.209439948077235	65
-0.0435768118099937	0.0408875659813264	65
-0.0290502525235172	0.030183628638897	65
0.0591770497772434	0.0958895949898442	65
0.0391315777447166	0.0638135550995062	65
0.00334958633702611	0.00303140903405803	65
0.0522533735188614	0.0375375426098481	65
0.00718085973209361	0.00575813437158635	65
-0.0494934252287271	0.0590785549396525	65
0.085565527131206	0.106858410780689	65
0.045647587987959	0.0482420517638623	178
0.051159404732253	0.0353059541344553	40
-0.0951042675524935	0.058206424836358	40
-0.028026733848015	0.0386582843182571	40
-0.0418698644062786	0.0415062647057841	47
0.060757863053471	0.0431965501622695	314
0.0522942814183084	0.0324139946393167	47
0.0780273109723372	0.0698645923221288	183
0.099344505545246	0.146071718485093	183
0.062512655674551	0.0853592035810624	183
-0.0852061312660785	0.124213338879753	183
0.00470598092376268	0.00463786223328506	183
0.019532328304511	0.0226053588233945	4
-0.0770917183273186	0.0623549457054875	250
-0.057851701523542	0.0773152638116258	250
0.0670220006616007	0.0748246953641635	250
-0.0853927526944218	0.097960711823683	8
-0.0549002135873028	0.0882478728063987	250
-0.035952863825426	0.0468582172807733	250
-0.110060395532341	0.161774730414441	2
-0.0881838257063784	0.0889177118893985	2
0.10410666815711	0.133465206644857	2
-0.0398731041098748	0.0601965118621177	2
-0.0490140886850085	0.0724696385527071	115
-0.0258464707067107	0.0418857926268784	115
-0.0671636478575161	0.0999516722660572	115
-0.0840573038636844	0.143698742331057	115
0.043949829603875	0.0458240291712327	115
0.11910384062263	0.169255732544491	115
-0.113169480292748	0.0634636439980469	122
0.0113776261168229	0.00515347381082301	180
0.00513211321028678	0.00173263500752375	180
0.0227930385905731	0.0115921279891775	180
-0.113169480292748	0.0634636439980469	42
-0.0216304908468237	0.0287060607657169	49
0.0209415453175321	0.0193793273771684	49
-0.0782968226241315	0.0903256470164051	49
0.113995500936847	0.122205232366516	49
-0.0256342220034307	0.0188452775453185	34
0.0292583079516163	0.0397376047886954	67
0.0270530770671107	0.0313117564146201	67
-0.0869163978812141	0.63568911836388	65
-0.120364730506464	0.41107986083393	65
-0.121902725648288	0.320353335894654	65
-0.0702726092290203	0.176755356507267	65
-0.0881899828981964	0.171373860718604	65
-0.109524067868232	0.142076618235765	65
0.0862847590437612	0.0781934347761212	65
-0.104152819884694	0.202492636678145	65
0.106524019637141	0.180027226987678	65
0.10659516487841	0.156097394991838	65
-0.121905302674631	0.156450178078588	65
-0.0374845411106002	0.0636387063942105	65
0.028905409605249	0.035471219337732	65
-0.0392961618845738	0.0460600863580623	65
0.105933167563812	0.155448782409678	65
0.0356318347730367	0.03215728856481	178
0.122541964312928	0.140799484707401	47
0.0636393737321976	0.0617381563316465	47
-0.0437137400188033	0.0588712535916766	47
-0.00279153930735699	0.00238974778863254	47
-0.0358005692514012	0.0463815267661623	47
0.109452813050258	0.142203222984349	47
-0.0500467740116012	0.0421711210166951	501
0.0973065950509868	0.0937596603546335	47
0.0511371673321174	0.0606068122058065	47
-0.00554405074080917	0.00187499428487546	47
0.0373904216893921	0.0185207131936264	47
0.00903379217194871	0.0038088329969142	5
0.121631901881188	0.129208523669839	30
0.0323117309609838	0.0205678078528985	30
0.0105155716545434	0.0129334182236434	183
-0.116992768340765	0.11787829665854	183
-0.00586705988283656	0.00777295962506107	4
-0.0406519418873416	0.052682113036691	4
-0.107531570208395	0.150745034519067	4
-0.0486811406367148	0.0533147982457583	250
0.1148899584826	0.15057177468995	250
-0.104267883344672	0.145587688662801	250
0.0177921855239681	0.0184894424200746	250
0.0646805816779553	0.0642069141282363	8
-0.12380780306511	0.148530552159469	8
0.0656375459280207	0.0637823241542164	250
0.0343239541309592	0.048675875595674	250
0.0416169210750846	0.059529072084788	250
0.0420699071834136	0.0565828102783059	250
-0.0364428011640431	0.0334386324856305	101
0.032501264744562	0.0385551840969026	101
-0.0966898752706392	0.109557132513132	2
0.0317578300983867	0.0282934232635592	115
-0.0214390486480458	0.0157527274763513	115
0.0877148944082134	0.112049981160358	225
0.00272184356838533	0.00293507514539035	225
-0.110647188636995	0.182885570462155	115
-0.0223981349874045	0.0240393068327599	115
-0.0966075392367981	0.163319805227274	225
-0.00188974977774043	0.00275474444691676	115
-0.0844813644337232	0.0746972958484121	225
-0.115245450053992	0.0683356507782561	180
0.00352309250857259	0.00270537162975004	42
-0.0639340582021163	0.0737258169010395	42
0.102355016143712	0.149288285606743	42
-0.0950262715184913	0.138449026229885	49
-0.0251823781347703	0.0183735549682687	29
0.124434656943026	0.161401600641541	49
-0.112686495155624	0.151867431095765	49
-0.0123158402672821	0.0121731315120629	49
0.0335540585044248	0.0197696333486375	34
0.00838284570356261	0.00357287312684647	34
-0.00325940920841123	0.00099168470985321	34
0.074291381898444	0.0632889144504461	213
0.0119506681076016	0.004872885785304	213
-0.00263758773707305	0.00314265474591857	67
-0.0609846244817871	0.3823772732886	65
-0.063269725986602	0.368995913701212	65
-0.00210560903890211	0.00517293062964407	65
0.0962542189093721	0.341921592602389	65
0.122480316803608	0.460221645383162	65
0.114424404068591	0.252689342489938	65
0.0496957936206785	0.121491640940439	65
0.0606769098211219	0.134591353139211	65
-0.0795614893097819	0.0791071912867703	65
-0.104702589461867	0.185461739102743	65
0.111077999827617	0.139885148204049	65
-0.108897371334569	0.13343590731198	65
0.0564717177549434	0.0383923971223626	65
0.048133680379716	0.0307142191670879	65
0.0575109208181435	0.0416464025044295	65
-0.103255583243548	0.0575091291848686	40
0.028083349412833	0.012416871996998	40
0.0300773674108271	0.0165184556219645	40
-0.020779810382597	0.0198699716956196	47
0.037758161350529	0.0464667945938757	47
0.0419032503496801	0.0276902387689596	47
0.084015839443166	0.0746357620945134	47
0.047402629334605	0.0281247571720373	161
0.0454320702753111	0.0250088122975602	161
-0.0762279370344563	0.0629956452806014	47
-0.000660516063673626	0.000156369521186155	5
-0.120154177026521	0.0693581423559493	5
0.0213437375195494	0.0209275140064159	30
0.0887692383014845	0.0798171114917926	183
-0.0536152202450899	0.0715092836236911	183
-0.0106117327427918	0.0125091429890728	183
-0.0466632940199711	0.0619028385638585	183
-0.110893070292495	0.134504078232909	183
0.00139464815736123	0.00118685587929442	183
0.0516601156966715	0.0331578456971751	220
-0.0566298201021787	0.0613934751984279	250
-0.0468967116943422	0.0472732972951654	8
-0.019723945157559	0.0149579202780181	8
-0.0946197235974622	0.138213864422977	250
0.0261362665951271	0.0355724123137735	250
-0.0140782058209537	0.0108023308207471	101
-0.112859495711273	0.130694713047903	2
0.0281280966740745	0.0239721610147342	115
-0.0627935562010082	0.0553172668727576	115
0.0466028638051494	0.0343528726033286	115
-0.0328161215504074	0.03898996799696	225
-0.023640560390328	0.035663077834851	115
-0.0987155799916363	0.111796886894537	115
-0.0837705866805971	0.128948449958372	225
0.00705451600808756	0.0100738218517657	225
0.112573602417679	0.110011385901466	106
-0.00228837068586474	0.00249716200896979	106
-0.0171797983765394	0.00498465521553353	42
-0.0406307692694749	0.0284673003080101	42
-0.00378937666234505	0.00445543532460691	42
0.0157947635583131	0.0187017242283385	49
0.063332616912146	0.0502039327378006	29
0.0693048950880094	0.0791934940207695	49
-0.0510186930905489	0.0354654108225729	49
0.0764176484945607	0.0893313261895663	49
0.0189291358778517	0.00840157718363088	166
0.016873710862754	0.0217413149329573	67
0.0220406421165974	0.118935328358513	65
-0.0400496573896582	0.218789773799233	65
0.0489103439929704	0.188827042675517	65
-0.0558342676153084	0.150139523484526	65
-0.0465975202489638	0.040213509517298	65
-0.0945215620387868	0.0580269426377632	65
0.0652254057441556	0.0748825315809083	65
0.082153354939413	0.119313495908132	65
0.0395708041610476	0.0355637624767864	65
-0.0289917937643483	0.0275001621483043	65
0.00173153943358469	0.00179748512033522	65
-0.0983179366851821	0.0900384034723803	65
0.0809937128484512	0.0656697982772608	65
0.00370345186252054	0.00124212024326288	353
-0.0466595494144742	0.0323471364937941	353
0.0165080341935344	0.00725555635963431	40
-0.1249420423055	0.151007919087385	40
0.0697644543236882	0.0721508325400417	47
-0.0886891910443158	0.0836926749476795	47
0.0930870757478386	0.090781075350959	47
0.0135227692424538	0.00548876181786052	47
-0.092621012615603	0.0530917924229392	161
0.032805585420517	0.0362844386845322	47
-0.0322778169481559	0.0224522884700738	5
0.017686021949246	0.00780838605700436	5
-0.0312499248067796	0.0350717083051657	183
0.113593463052631	0.172094886902639	183
0.0235444970906485	0.022068478905063	183
-0.096407529160005	0.0594468953783256	183
-0.049281838960753	0.0684464329748289	4
-0.020343952268865	0.0235767199331725	4
0.0241236236244757	0.0112386570118459	220
0.0651329839290649	0.0744497628177495	250
-0.0576158166978661	0.0480129639062976	8
-0.0460489583253358	0.0385995250368129	8
-0.0723024702704626	0.10321880630994	250
-0.0519963580467385	0.0639808290441493	250
-0.111130029251655	0.0999456391929415	250
-0.0673346961847319	0.0610842852742055	344
-0.120038668435822	0.0904820710406561	101
0.0201145334053614	0.00825892256028528	221
0.00213439730656602	0.00206861151664269	87
0.0621772267515733	0.075155648161598	87
-0.0658460394646141	0.103118243283046	115
0.086956411847394	0.10926777303907	115
0.0322724909480469	0.0313934407518571	115
0.0515023760213417	0.0492073196250699	225
0.035402402564945	0.0404911034523226	225
-0.0815617880930602	0.133945774472606	115
0.0685641758356769	0.0709096577460746	115
0.0369564729427105	0.0441036798575774	115
0.076698987039847	0.127768876164254	106
0.0207641210653075	0.00910024282276097	225
-0.00508588250008269	0.00173383756700833	180
-0.00587055777558791	0.00198705690105597	180
0.0203386834335149	0.00948702862529702	122
0.0616261087953709	0.0759726039191769	141
0.0203984635301007	0.0277536379614481	49
0.0308731639704325	0.0243154754516657	29
0.0933557840774961	0.0866588455749486	49
0.0557776790377084	0.0358020865077879	49
-0.108824570218317	0.0618868226749889	49
-0.0070024838401385	0.00539249351625796	34
0.114979429109177	0.159090157102694	67
0.0149257025252871	0.0728840501436541	65
0.0989046587251635	0.511146826528786	65
-0.00467205302426287	0.00753076067546793	65
-0.101642882728585	0.244528433411328	65
-0.0958446273165267	0.175507066719578	65
-0.062865546432293	0.0620581591279437	65
-0.0122219327778777	0.0105473716932141	65
0.0396348818333265	0.0251446171141794	65
-0.0934435135836682	0.0939756759032456	65
0.113411577387564	0.114800017590406	65
0.0369087486577638	0.0197871724285774	353
0.0345741532231487	0.0354617256501544	47
0.0681783422641423	0.0723756648673949	47
-0.00883531836784222	0.00743511424035223	47
-0.100008703621185	0.118408827666092	47
-0.032588362626297	0.0352652592564911	47
-0.106674343291986	0.0607158736208565	5
-0.00539122874717191	0.00181319894571406	5
-0.0163000540093135	0.0045209397180597	5
0.00441790008200936	0.00152421264113123	5
-0.00608380954029547	0.00193609836359683	5
0.0033811358164322	0.00297284501011379	30
-0.00964706636956748	0.0115414338813861	183
0.0703307827318262	0.0533263328555579	183
0.016923965107656	0.00816090684510571	183
-0.0206616480979848	0.015312327490655	4
-0.0616873556535299	0.0889562009479356	4
-0.0926955785710736	0.103034904286262	4
0.023755495297662	0.0115264314905868	220
0.0146148372103169	0.0135456193447416	250
-0.111086652916344	0.0966948548144847	8
-0.0611767866983669	0.0411174499136282	8
0.0266123177292719	0.0314579278010303	250
0.107015666125663	0.13828031817271	250
0.040878534736422	0.0357361292671834	344
0.107362863311412	0.141932797926445	87
-0.0944321960474572	0.109675206513069	115
0.00932764364481224	0.0140281009102814	115
0.0189503611119244	0.0160854893396032	115
-0.0064829850763994	0.00572375936158219	225
-0.0841358865462103	0.133434465594554	225
-0.00637765545609303	0.00867626822432444	106
0.114216201891662	0.172168946445391	106
-0.00828769755799786	0.00255880247590033	122
0.0106853811739067	0.00436546559059485	122
-0.0185455265474664	0.00516521261345843	400
0.0345003443623817	0.0375430711067867	141
0.109183825903489	0.16059587784943	141
0.0972259721626803	0.153757323794342	49
-0.00110434605425254	0.000299308035735724	29
0.0749334227176561	0.0767840643783124	49
-0.00704220865259752	0.00530743525300261	49
-0.0822250795289589	0.0489444994540406	49
-0.103628199799569	0.0888593644128584	34
0.0307120743082306	0.0167793159936573	166
-0.00884295073929512	0.00678585498195378	34
-0.114544457968724	0.11138568793816	67
0.0434296257849241	0.0304697852320319	67
0.0237708457913761	0.1017371708276	65
-0.049945186299809	0.0729142985986222	65
-0.0127257296620467	0.0215488241660688	65
0.0611398918314096	0.0663692107618361	65
0.11219967992754	0.115881337121534	65
-0.0254738456499433	0.0407386847098639	65
-0.114072103969488	0.152267708859966	23
-0.0552832814972052	0.0520425508840874	65
0.00903379217194871	0.0038088329969142	353
0.00183421042451222	0.000666539215848932	47
-0.016570446491853	0.0124272351335669	47
0.0372989510921587	0.0440495858123256	47
0.109174530058984	0.113703695033743	47
-0.0835779003471144	0.0834309712352813	47
0.0277899553166461	0.0156952476508112	47
0.023755495297662	0.0115264314905868	47
0.0122562243348928	0.00501480896852585	71
0.0368478395843281	0.0480485987129361	47
0.0633903636700212	0.0724172032594134	47
0.0271853772923878	0.014070724522471	357
0.0151268657786146	0.0161221609998708	47
-0.0127543319959964	0.0150814703095877	47
0.0287858955915746	0.0165004427298907	47
0.00621438006500658	0.002483987060571	5
-0.0944987215195718	0.0578693859947247	5
-0.0469725759577478	0.0540760312819432	183
0.0113916267445762	0.0119440336272563	183
0.0334285148019909	0.0200820277497754	5
-0.00787488932516526	0.00570068170234274	4
-0.0776842582626643	0.116415282072367	4
-0.0666889454166666	0.0835845252696267	4
0.0126006695367457	0.00507660563413471	250
0.0344155371402189	0.0281738127564084	250
0.0351192816530132	0.043062715785292	250
-0.07069944207517	0.0464113517188259	115
0.0143648879340271	0.0113995226823387	115
0.0123782270754005	0.0053639025042709	115
0.0356356844621119	0.0349435441607818	115
0.0880339191886387	0.147002102640274	225
-0.0904728548639801	0.13616477179871	115
0.10664845388724	0.161710989098242	115
-0.0990806303386842	0.155748918514401	106
0.0787242496662136	0.125326736392399	106
0.0066272454399666	0.00485544012473544	106
-0.101269364220251	0.101520243318245	106
-0.00508588250008269	0.00173383756700833	225
-0.0149351399024196	0.00432265564312863	180
-0.0135694158785127	0.00381727843333978	363
-0.0154952442666984	0.00447633389087063	122
-0.00898744945594354	0.00288182366636155	122
-0.00850836855289451	0.00270200021962827	400
-0.00554405074080917	0.00187499428487546	400
-0.0171797983765394	0.00498465521553353	400
-0.0021872974275319	0.000672498810670015	400
0.0102641405346716	0.00801213786716779	42
0.00000358115309674994	0.0000034114663400959	141
-0.0712413870881167	0.098845567797581	141
0.0725160504293665	0.0923648974048367	141
-0.0498477201459795	0.0733060536937327	49
-0.0117129501614594	0.0157645683739459	49
0.0197064748661971	0.00839318272593597	29
0.0314007350708529	0.0155509308730464	49
0.0124228532858867	0.0125871540564943	49
-0.101890016140426	0.0578487717805697	49
0.0219893429380545	0.0108042952221847	166
0.0125609874413026	0.016409148980626	67
0.0404190208065134	0.219801048992599	65
0.0492127034075035	0.288142812717714	65
0.0430074749840786	0.0766689265611541	65
0.114825286443592	0.166505419215783	65
0.0504697383393242	0.0931934960872072	65
-0.0068665944386036	0.00903975388258538	65
0.0399143703905399	0.0649265187560201	65
0.0733128245786305	0.0897107390455266	65
0.0514615848309333	0.0584931360524679	65
-0.00435979791896584	0.00336510406958881	65
0.0294063812584555	0.0166147085208631	65
-0.109988375376973	0.0637553614411048	353
-0.121713699942141	0.126867305621579	626
0.0454975596003249	0.0307372379642521	47
-0.0809035123550609	0.0492097230070717	47
0.00252331150893252	0.00093335016997885	47
-0.0998101632644474	0.0596089837025339	71
0.0612717372991956	0.068281634577933	47
0.0637222175663681	0.0861895908998596	47
0.0555090568910795	0.0441415306033038	43
-0.0420352603121562	0.0424636458391159	183
0.0236350825759365	0.0256420121144875	183
0.124583776506455	0.182819863926556	183
-0.0801841070461442	0.0507940089551396	5
0.0432175554925418	0.0288046608625448	5
-0.0310072199434441	0.0353955222906385	4
0.114702407520916	0.128075077779389	4
0.0715849792430883	0.0563016931294578	250
-0.0290715850796047	0.0280411751544311	8
0.0322113994863828	0.046434605552734	250
-0.0340209802334115	0.0447871746891119	250
-0.0846168455786421	0.124559248234098	250
0.0549605241201883	0.054033668481446	344
-0.0731095095172826	0.0844333698673495	2
0.0431351728536349	0.0434035691110237	115
0.0234228036196965	0.0369011088214125	115
0.113686090852543	0.154313137737849	115
-0.117126237824845	0.165429300186944	225
0.110786814727773	0.124367300186447	115
-0.101036831240226	0.1536910743659	225
-0.0635145398416896	0.106872856382188	106
0.0331976020184255	0.0338344151756857	106
0.0813236046915994	0.0953991840150545	106
0.0476745580284612	0.0451487668045126	106
0.022534676457542	0.0108300235414109	106
0.0455342133035299	0.0311248803749789	122
0.0275135962482439	0.0112917432079062	400
0.0948921070503471	0.0912416003998225	42
-0.0981879933911985	0.143006107793871	141
-0.0873646196149118	0.121923090175876	49
-0.043328740502003	0.0367425659663369	49
-0.0784272468920464	0.101923718501395	49
-0.110375207296198	0.122845641575719	29
-0.114425792269696	0.0856402236152919	49
-0.0140606360184662	0.0122842199908237	49
0.0375876772891295	0.0197520946587086	166
0.0381660444585358	0.0218983025710742	166
-0.104897536130077	0.0606207475357464	67
-0.00419125783686371	0.0201906629818511	65
-0.0771607822111654	0.162897056963898	65
-0.0865984567283032	0.117562659669714	65
-0.0831517419853187	0.136075153797448	23
-0.113679213982225	0.0891811913889029	65
-0.0156087259203835	0.0182701104839674	23
0.0631257062396892	0.0518488885004218	65
0.0132238260466917	0.0105633715619047	47
0.0138651734194279	0.00558402039571633	47
0.0196752951370237	0.00960805695873105	47
-0.105278101515479	0.142843976450527	47
0.0191168473412544	0.00835986258185474	47
0.017726248579515	0.00676535306476352	47
0.0676671246710543	0.050812190228428	71
0.0383577183477162	0.0457224062866441	47
0.0449609381522321	0.0445312560488217	47
-0.0984264093071215	0.0584232792103704	47
0.0637287088498098	0.0482604325978965	47
0.0330364424284675	0.0282368579044775	47
0.0341242039860332	0.0406549859918216	357
0.0513332118221376	0.0356249371077779	357
-0.0478014999287647	0.0455485655553273	183
-0.10746873253165	0.122916305561105	183
0.0430821816064046	0.0245457503306712	183
0.0351542565370978	0.0462443022925868	183
-0.0195017174639751	0.01433683309959	5
0.0741804351330757	0.107944163284506	4
0.0936608011792444	0.133348841098182	4
0.00687295661056689	0.00868443153927375	4
0.108818253347107	0.10806164340635	250
0.024995527607558	0.0247155706583686	250
-0.0239211932225853	0.0371136169703717	250
-0.0373392336781136	0.0265170294124864	250
0.0603937195071881	0.0668150933716573	250
-0.0864784203018155	0.115391831429469	4
-0.00475787061458972	0.00161113490449558	4
-0.0746818004652676	0.0802698647078121	2
0.108024008559731	0.110826782123451	115
0.116291410455676	0.110698396347673	115
0.0879855795355963	0.111410700376421	115
-0.0484118185718582	0.0694640798564013	225
-0.118740895713667	0.220994983895715	225
-0.0400571423233217	0.0522924786239462	115
-0.0640126830789869	0.117556962879337	115
-0.0260601975451478	0.0365931829575342	106
-0.0208992126928943	0.0293515645530366	106
-0.102371536227859	0.115604087477293	106
0.00835506619580428	0.00970403332302705	106
-0.0473137256933101	0.0441905845219838	106
-0.0041886483060928	0.00130052993612601	106
-0.00587055777558791	0.00198705690105597	42
-0.0504406503428672	0.0605220080510592	141
0.0581255618502335	0.0774329353506191	141
0.0404482587489722	0.0230526418966731	29
-0.0337410612697817	0.0316112660744062	29
-0.0308842689693298	0.0350088047736233	49
-0.0390719813625958	0.0399715691687865	49
-0.0666162349394523	0.0427580753386533	49
0.0298032531143783	0.0150693974417327	166
0.0436206614961591	0.0254466929380143	67
-0.0394717049407061	0.0338228245674671	67
0.0123344865446503	0.0165652637581186	67
-0.0143071080645771	0.0137110726842227	67
0.0100179238514138	0.0520886156768215	65
-0.00462393396815699	0.0194550234656354	65
-0.0253572843763278	0.108168961601992	65
-0.0756309364196013	0.339019831903581	65
-0.0227741518270671	0.0677190304433743	65
0.0935743897462488	0.300359316442649	65
0.0347576473916019	0.035494707153638	65
0.112027600280483	0.18240327644383	65
0.0142746315699211	0.0243805183013431	23
0.0496785030394753	0.0719424720512318	65
0.00200790502072408	0.00115399987458405	65
0.0364062298565043	0.0398166178121334	47
-0.0237509335916219	0.0175945620189527	47
0.0200573248872842	0.0175440283202434	47
-0.0784900055514633	0.0935717705330306	47
0.0573448341658146	0.0557721522176901	357
0.0576870806383352	0.0397435374909873	47
0.0414854181852578	0.0284621468143115	47
0.0526742944599038	0.0354722158875002	47
0.034571672498767	0.0182265863061319	47
0.0524931398797569	0.0368655028204223	47
-0.00974639078960568	0.00743530707384635	47
0.0812099711575182	0.100253261189589	47
0.0456092335513541	0.0475092475864874	47
-0.0501975482869717	0.0508724566709391	357
-0.0705105599763649	0.0465955627106481	43
-0.0504525202344898	0.035477782008414	5
-0.0382456755974876	0.0314327061042551	43
0.0615724050271051	0.0601821379616722	183
-0.067612698023417	0.0701362427785865	183
-0.0267931004305016	0.0275796360975435	5
0.0288389603350166	0.0250020182950973	5
0.0973693677765598	0.0980688812710011	5
-0.012695908589586	0.0117149709305324	5
0.0373614001956952	0.0342743914464025	31
0.0282006240809636	0.0301295633119989	4
-0.116876324139029	0.125425965702241	4
0.0921774925311928	0.0958118191072235	250
-0.00704216236497841	0.00516533828393623	250
0.0577250800060239	0.0464665798165544	8
-0.0000865898372096432	0.0000307823739922494	250
0.108257916579291	0.135666722083181	250
-0.0320584447140921	0.0307761510607696	443
0.0127283896204631	0.0143008152903857	250
-0.118645447609485	0.148359498343219	250
-0.0778650620297471	0.100357259231345	250
0.0441754132410924	0.0306038567643969	4
-0.100311123982119	0.124528462244292	2
-0.0169513728904461	0.0239834778284652	2
-0.101713372901461	0.155110003196639	106
-0.0562648837682758	0.0372164281214841	106
-0.0703275571341026	0.0461120769747475	42
-0.0741273405296855	0.0595358596825247	141
0.020888908988457	0.0226386067445851	42
-0.0678396470457935	0.0749503817682292	42
-0.0245348671855436	0.0260539084699271	29
-0.104629315543463	0.14105693753789	29
0.0161697207588362	0.0163865965566632	49
-0.0092506787231597	0.00870092708490181	67
0.0108675946489986	0.0112212020348643	67
-0.0954647035711908	0.0880512734490133	67
0.00575491738603694	0.026483426119877	65
0.00952777354786103	0.0388027348562524	65
-0.0019851512091001	0.00649584781750633	65
0.124072661449593	0.166266852078607	65
0.0477997882025941	0.0756840211903021	65
-0.0338537402741418	0.0438083925612761	65
-0.0282729715986661	0.0372217492622529	23
-0.0414420665284354	0.0469955892721625	23
0.0768912689763864	0.0895372990214654	65
0.11437008318608	0.11378273986473	65
0.0810589862044547	0.0749261650430698	65
-0.0980746114731453	0.105599621425699	23
0.0148575618262877	0.00678196065093827	65
-0.000731545396494901	0.000679983318447288	47
-0.0468798836634033	0.0439402437194067	47
-0.0944376581162361	0.0802833137909792	357
0.0578058206530037	0.0408494458234342	357
-0.121820401443453	0.0930050595507628	47
0.0253971915785503	0.012065645496614	47
-0.0727536631625659	0.0477723754088628	71
-0.118727915329903	0.0643428866214117	71
-0.0395715250247976	0.0286862384734682	357
-0.0399466120972004	0.0272267050760066	357
0.0385980556153285	0.0246320454144574	43
0.0418097754376286	0.0299414599963103	4
-0.062894212952605	0.0505717070064052	5
-0.111081636493527	0.0636319395435003	5
0.0477520315564637	0.0304501134773629	31
-0.0264760439314076	0.0220550159538581	4
0.0453917656055797	0.0277674618699943	250
-0.00715862881457337	0.00537586038383205	250
0.057843586102422	0.0448361240881104	443
-0.0507175909018357	0.0327658196505554	4
-0.0466856848879877	0.0325432928451726	2
-0.059407886064196	0.049208776672084	2
-0.0161447292721299	0.0113750194486488	2
-0.00248707481676739	0.00272803892562795	2
-0.0718256342472097	0.079384702689958	2
0.0909889140849075	0.0846766667433125	2
0.0769956565264633	0.0831272078185406	2
-0.0922505046154613	0.108749009279452	225
0.0791257738154348	0.0672859836884596	225
-0.0888089956995797	0.100698497301706	106
-0.101300009071415	0.104661965144686	225
0.0424174505800092	0.0249974494906353	106
0.0285632526155556	0.0156345173353142	106
-0.0681219396326473	0.0451277970615167	739
-0.0344360055883599	0.0251872935366654	6
-0.00184733629614468	0.00144368085643788	6
0.0152597906443926	0.0135680001172627	29
0.043900294032225	0.0315712485588497	49
0.0890501137523263	0.0803671336403588	67
-0.0112972117086601	0.0512346675214078	65
-0.0620920622741289	0.330905989351094	65
0.0912203639809621	0.367325177245708	65
0.0486599095750736	0.147905468055601	65
0.0808833516226804	0.152624003973115	65
0.0819260671280722	0.14975797275109	23
-0.0038782376553901	0.00334516574922429	23
-0.113442157594257	0.0887702883072314	65
0.0205567665086324	0.00919175643168685	65
0.0713238737123802	0.0613053380485082	23
0.0139299811274434	0.00664351919070134	47
0.113074589237037	0.132388469860866	47
-0.102275245511422	0.055128578158314	357
-0.0476797489676112	0.0535356070533784	47
0.0304701052438498	0.0292001247528784	357
0.0148575618262877	0.00678196065093827	357
-0.11550272283333	0.066698481707758	357
-0.0612602209330321	0.0386073598084173	357
-0.0913793097414962	0.0513742697233302	357
0.00773944484519769	0.00311411289012388	43
0.0394429809160975	0.0247837553702499	43
0.0472995390626921	0.0502592643877226	4
0.00874007467350343	0.00353672683655008	250
0.00816913121696144	0.00281464380461055	250
0.0316789521311352	0.0319966793361057	250
0.00610969852010346	0.00536897447842529	250
-0.0789872382868258	0.104587941110803	4
-0.10111266801752	0.120063777367674	4
-0.0438150168902076	0.0351059725642167	4
0.00733193188709072	0.00508091772528651	4
0.00264072926542975	0.000995049030525624	4
-0.0882592826041997	0.102419304921868	2
0.115322281066451	0.122643482211186	2
-0.0276288690619264	0.0297022445307186	106
0.0426670264434325	0.0479004294356729	106
-0.0772559263343643	0.0939499447496121	106
0.0625195044675431	0.0727946998121269	106
-0.0579767350422946	0.0486367378042629	106
-0.0395643387623812	0.0278154433337926	106
0.00939558572258972	0.00373341849687623	106
0.0132147819338688	0.00599654740025615	106
-0.0132531479960109	0.00384127354477869	42
-0.00297482535078425	0.00108230767235537	42
0.0170466143575142	0.0166368803935148	42
-0.00196247609895095	0.00225575547218063	42
0.108711727218616	0.133693405070713	6
-0.0604879884656012	0.0727659171242917	6
-0.00124788721542057	0.000351353993993909	29
-0.0789108155894394	0.0724734420568333	6
-0.0856718541260506	0.0677872145820435	67
0.0324287415673541	0.173877235665215	65
-0.054469386078846	0.32733232181937	65
-0.0856392660735222	0.0858566303690376	65
0.0176145352941576	0.0327215865661894	23
-0.0243640198630798	0.0532780200557913	23
-0.0896638292276711	0.161513448638169	23
-0.118474479217322	0.197680421464462	23
-0.0169712030544467	0.0245220023499392	65
-0.0359638316373552	0.0532542420264783	65
0.0724095143254982	0.0751672520897946	65
0.0361911730389563	0.042130411391032	23
-0.090684981770414	0.126450723700776	47
0.0216829021215966	0.02937912092949	47
-0.0459725625372265	0.0397114199526934	357
0.0963784559019009	0.0953336626148828	47
0.120131804614856	0.138653886509484	357
0.0562838895814822	0.0846758485352857	357
-0.0146365828664091	0.0188053984874117	357
-0.0433189657237344	0.0301184860259087	357
0.0108225619832446	0.00984492170975824	357
0.113802499376422	0.148239951079848	43
0.0242998167993131	0.0112963571717392	43
-0.0509719404616153	0.0515693197897718	43
0.0421575483979796	0.0286752135500629	43
-0.0757025131781666	0.0836401054832466	5
0.105197115216572	0.197611361774241	4
-0.0227292285916899	0.0294760588314871	4
-0.0977381765035823	0.133450110521541	4
0.0848503115330842	0.0728506276785897	31
-0.0893473798610581	0.0974880611561465	4
-0.0784970335868242	0.137318061360537	4
0.0159046092637042	0.0191599388848729	250
-0.0677341047559061	0.0536702336072541	250
0.106411414690965	0.164530049629445	250
-0.112183306716703	0.165197508458003	250
-0.0869732897454659	0.0950827096804369	250
-0.00770254104490897	0.00800504238423347	250
-0.050692541765733	0.0775122921528842	250
-0.0203524149639009	0.0319331101178661	4
0.092169727149981	0.165446408288721	4
-0.000423301496870805	0.000546404821877786	4
-0.102902869985897	0.0809212113201619	4
0.060811951454333	0.0942973040832237	2
0.0236176559518139	0.0331944272124034	2
-0.107789809903038	0.157483330485218	2
0.0343826419907116	0.0506811615024023	204
0.0140620389611871	0.0190174037974277	106
0.0042684733010838	0.00475113723828442	106
-0.117586907492743	0.0687633422759875	106
0.0361387917706718	0.0226928137905148	42
0.0335378576814383	0.0183964299609132	42
-0.0632332523205141	0.039168346273689	42
-0.0436161472697459	0.0642041952832514	42
0.119892824620761	0.203707917617015	42
-0.0127849545170403	0.0195593091661184	6
-0.0189217811961479	0.0167373789897388	6
-0.10474018835486	0.143270688757868	6
0.00792202244881369	0.00639901340278614	6
0.0340045841734246	0.0191453501216413	29
0.0535235573634364	0.0352410370998054	67
-0.114122852791536	0.112323857242995	67
0.10336292979672	0.129742056557999	67
-0.0934450814738976	0.0541812028112115	67
-0.0769089811187765	0.0712981931930074	67
0.0296554940489562	0.0332267835440175	67
0.0300639009070325	0.0299258200884712	67
0.0286830147300305	0.163906029542807	65
-0.118238546579624	0.572861797706442	65
0.113684823597164	0.250095093883668	23
-0.069350218697882	0.156537719482784	23
-0.0332877454047673	0.0640066865077994	23
0.0978820958217557	0.196133717487989	65
0.124402772311208	0.16029016750587	65
0.0745185862624951	0.124495853274328	65
0.0665016787232553	0.107576593798702	65
0.0272542279405672	0.031232717163697	65
0.0362336349993123	0.0500883713547873	65
0.0738119210775302	0.0781580514859204	65
-0.0823629871442799	0.105388910549783	23
-0.031044819838871	0.0384207028579396	23
-0.100475228319518	0.078086275387874	23
0.0109137289060732	0.0130007033575515	47
-0.0232402539027667	0.034563798353149	47
0.0110006174211623	0.00857664272406282	47
0.0398514280768979	0.0228998583207597	47
0.0138321330401864	0.00605541801966411	47
0.0936203341892909	0.107021506417404	357
0.10222144559863	0.129163444146893	357
0.107432931410599	0.163905487300285	357
-0.0946779984701217	0.139484714835129	357
0.051169148756538	0.0353504005648696	357
0.00144676133655556	0.00150861183373182	357
-0.043780760854254	0.0576158032561494	357
-0.0941325052882617	0.113854860108977	357
-0.033572268503465	0.0398384354859986	357
0.101117499978202	0.132157895798479	43
-0.0401145094800792	0.0517271852456271	43
-0.0891032976964627	0.0532585261521269	43
-0.114771373264209	0.067628551040853	43
0.0345979399774833	0.0180030001538663	43
0.0492326090787936	0.0536589084960057	43
0.0617924694030352	0.0457897883342638	43
0.0347663763891462	0.0410604779891288	5
-0.00985359371094432	0.0132322229599683	4
-0.0331969949369047	0.0409872872290725	4
0.107793767689068	0.131640758660211	31
0.0932536400463357	0.0918844415555698	31
0.0132486731213475	0.0115595518124571	31
0.0164967190601786	0.0149606497575915	4
-0.0461946108291366	0.068116689929502	4
0.054373639483588	0.0672678897435	250
-0.0799172532226927	0.0970851045473474	250
0.0369368954640981	0.0471117533316171	250
-0.103971558448195	0.141534085338354	250
-0.0775097881085157	0.126880868753975	4
-0.0788467093034682	0.0860121223379632	4
-0.0682723667826537	0.0852680521163352	4
-0.101441708768405	0.10042386587231	4
-0.0632496936564678	0.0388134020148621	718
-0.0913161819206416	0.139298231013254	2
-0.0221815080144535	0.0368354991299563	2
0.103950606078381	0.136169606168061	204
0.0805237738470399	0.11595327676764	225
0.0529578747996072	0.0766879374098682	225
-0.108829384520979	0.146894855641037	225
0.0605745425970116	0.0930714573493598	106
0.0652592508041403	0.0996572141907641	106
0.0373336586390921	0.0561219490012288	106
0.0152533394279386	0.00675318609966156	354
0.0338053761850929	0.0489137992465557	42
0.0537215143883575	0.0825954464144536	6
0.0491185135764569	0.0780945652009216	6
-0.0434295277857902	0.0438930724904478	6
-0.0500976286026737	0.0424045671408092	6
0.00595132743814654	0.00492375606596741	6
-0.122882664311276	0.1960557110327	29
0.0667526065416104	0.068956593978775	6
-0.0805183375863925	0.109745855811701	6
0.0711176342820561	0.0738880647168406	6
-0.0613753602368291	0.0609428447538377	29
0.000663097896534944	0.000566521856599285	67
0.052522754106758	0.0778025116248831	67
0.064106930559904	0.061810791916353	67
0.100438421553784	0.778283876236083	65
-0.0417576618157592	0.201902235031027	65
0.0665431495679688	0.269481715967561	65
0.0269757449663879	0.0718086114721124	65
0.101775866807936	0.213265117638327	65
0.0260054423855049	0.0512526536426398	23
-0.0621474427186701	0.13843675436813	23
-0.040064658284198	0.0722114111729661	65
-0.00628977875120454	0.00992968672506891	65
-0.0690738736796392	0.129439311681514	65
-0.00673723366484442	0.0118526677135286	65
-0.0893662159508826	0.133337367923629	65
-0.0491558830423524	0.0800069230807416	65
0.0831658230323113	0.0911329712174075	65
-0.045848572665693	0.0435775142033235	23
0.0825753377794815	0.0728854090781088	23
-0.00585109430085881	0.00430361597949057	23
-0.0516288455858868	0.0488540153425918	23
-0.119392247316615	0.21983125687413	23
0.01988738683064	0.0225063655973427	47
0.055487199924786	0.09487987348538	47
0.0467158651826505	0.0653085070209825	47
0.0370295015854752	0.0539738071190831	47
0.0536979842362663	0.0623969763346724	47
-0.0144467893733227	0.022046848910064	357
0.0730973213065859	0.074695602219159	357
0.0404404198912049	0.0285512551341165	47
0.00771232089470916	0.00854538287155877	357
-0.0939150203705081	0.14493685667427	357
0.00553536879819427	0.00437297365972062	357
0.0623531944136316	0.0638849661711805	357
0.011697665657802	0.00900580559661537	43
-0.073395242332284	0.0901035501256765	43
-0.0304741344801651	0.0246091442411883	5
0.0664131130668237	0.0669532753587505	4
-0.0200417442748723	0.0315027517791229	4
0.0479933419080176	0.0712019987479433	4
0.108915116131441	0.173182345248104	4
0.0698373037380511	0.0611340967187151	31
0.000162762099676517	0.000257478645590102	4
-0.114741834278313	0.202344564869608	250
0.00170766057478229	0.00186373054908715	250
-0.0235889028316612	0.0224074437267138	250
-0.0450221993861955	0.0539455926794376	4
0.0586263779256516	0.0887582428661214	250
-0.0462467434147041	0.0770190776200953	4
-0.0526371958432168	0.0730876660416459	4
-0.0413258833596529	0.0567653199134782	4
-0.104600027161787	0.144292505721127	4
-0.0727456856772702	0.0589715997000323	4
0.107898405366302	0.105256079144879	718
-0.0932102828241978	0.183424586424285	2
-0.0435217195376216	0.0742302584928983	2
-0.0954670231443448	0.125979997430924	2
0.00291560747890421	0.00344554567022976	2
-0.0445066251294643	0.0669008194183866	2
0.067755970197272	0.107356645647864	2
0.0307017305415621	0.0302290786098183	204
0.119639611450389	0.130886380763846	204
0.123864527335244	0.214519101295365	204
-0.111696670974464	0.1590528350416	225
-0.0982973415597824	0.121863367805401	106
-0.0855477942552836	0.126727211778945	106
0.110650153607644	0.174846919435725	106
0.00841088400269637	0.011522006780906	106
-0.0978642610361972	0.141428106231989	106
0.0397025095195	0.0265851490590029	106
-0.0902392483494515	0.0707774732526944	354
0.111127637415657	0.17480265178756	6
-0.0483410138160823	0.0778569156027573	6
-0.0274956675712208	0.0264021260042846	6
-0.0725231795473746	0.0797145359358048	6
-0.0356523273804107	0.0505370756920384	6
0.038761676153248	0.0494394522759516	6
-0.0992593842830105	0.0985273628372221	6
-0.0747092163792332	0.106315648761852	67
-0.114511195030089	0.127522440280669	67
0.0292845638760934	0.0475210999100237	67
-0.0452268073233717	0.0464977846888786	67
0.033930245213803	0.188446166797517	65
0.0718654024239638	0.367233335012549	65
0.107632699143859	0.496273791484635	65
-0.104464351560153	0.504032313830436	65
0.0585376461088967	0.134959597587926	65
0.0578360131478958	0.109121095511828	65
-0.0508234870842873	0.10721135115696	23
-0.105644005876258	0.241551218676657	65
-0.0371139273576896	0.0729011414290372	65
-0.00234992903534276	0.00399021785933124	65
0.110561248000375	0.206146692947716	65
0.0250465901464019	0.036374737309685	65
-0.0627150556721156	0.0766556867337801	23
-0.0127731709608859	0.0167562713892521	23
0.0970495800548469	0.155665254207389	23
0.07586219101798	0.113405402486553	23
0.000382096265716394	0.000518361127309719	23
-0.00407088070894568	0.00433512499765532	47
0.0411465610521382	0.055132765301141	47
-0.100912986645005	0.166094669239797	357
-0.0170354138924708	0.0222860746104149	357
-0.0736845990960281	0.102809133896776	357
0.0577719066227876	0.0843574947256378	357
-0.0527151406553441	0.0685821680807352	47
-0.112259836320538	0.128555789685354	357
-0.0150628588409479	0.0192333613771544	357
0.0118572083565375	0.0149642196931076	357
-0.0736816244921349	0.110569909688655	357
-0.037922018403319	0.0538485433897652	357
0.108955159739777	0.139755511238046	43
-0.111272287748849	0.18646829136407	43
-0.080985646310282	0.117260886060351	43
-0.0360429527561107	0.0515707662828773	43
0.0899791788595569	0.144774443314898	4
-0.0764448837264889	0.0707993935338569	4
-0.0506677219985993	0.0653095172004163	4
0.00443626510646987	0.00563219812836595	4
0.0996957747645394	0.0928477697303445	4
-0.0494077135052163	0.0469896377556493	250
0.0265165614678538	0.0301072569124903	250
-0.0313404914800454	0.0472846711787477	250
-0.0697702411474402	0.097664524664512	4
0.0531789437991761	0.0828288410570974	4
-0.110451543959684	0.179452546070405	4
-0.0493183694667122	0.058355079797956	4
-0.0379359464495158	0.0489147636479447	4
0.0102203465538276	0.0115648228875487	2
0.0495899879808091	0.0777494217117951	2
0.11835398666068	0.140233418444311	103
-0.115303265246747	0.178824707515902	2
0.0941147807004597	0.150376716027182	2
-0.0447924887594777	0.0578713645957921	225
0.0214472660142984	0.0172071963691191	106
0.0258931956694922	0.0219281176350851	106
-0.0189378938723617	0.0197181607968813	106
-0.110036119423335	0.128699267233325	106
0.0802603288682177	0.0983331470940902	106
0.0330133945504221	0.0359621666954216	354
0.0333682435884825	0.0293556203031569	42
-0.00508487396297158	0.0048803395869931	6
0.0160371788636911	0.0165592168222433	6
0.0177913180425623	0.0202132122294529	6
-0.0623450037893503	0.0581124880667496	6
-0.0541145019745286	0.0490007506913009	6
-0.120043178854678	0.183484902686964	6
0.0566497437986936	0.0861962868983233	6
-0.0783951491468912	0.117927698344298	6
0.114341032248219	0.16425176480122	6
-0.0986115047251114	0.134395194056331	333
-0.038178181543204	0.0529963497201734	67
0.100866626633251	0.148355300226967	171
0.0627065412821279	0.0859495743148039	67
0.0305802356569108	0.156496833643111	65
-0.0297432855963353	0.130202011801203	65
-0.093558290941087	0.396954092505727	65
0.0601117518861673	0.204337957833576	65
0.0684413229175228	0.129776668113545	65
0.104084855833796	0.198804826424034	65
0.0763944248913114	0.156220709851822	65
-0.000816862490184305	0.00125859540025949	65
0.0369765710146924	0.0615411895290665	65
-0.0116671020037948	0.016682040107985	65
0.0108946019070219	0.0142618115906247	65
-0.0800132705878374	0.10342594036502	65
-0.0393501809771506	0.0428270228239513	65
0.038392554187468	0.0535580043216429	23
0.0282194863487155	0.0371927812950455	23
-0.092791339497265	0.140302835815843	23
0.114787678060364	0.1814306397107	23
-0.0489817055504763	0.0678829447512847	23
0.0500520618353208	0.0446317509558163	357
-0.0367384490871528	0.0400477839106348	357
-0.0251411243460744	0.0332557557650186	357
-0.114871556842644	0.17894141492168	357
-0.0864401718033068	0.108924675831882	357
0.0908168576040692	0.0842056808936374	47
0.0802998392938464	0.112239303278925	47
0.0934956596415892	0.125258021603873	47
-0.0477950616255638	0.062691044034255	47
-0.101052853923558	0.123313986947496	357
-0.0219773240184308	0.025980063411459	357
0.0658748479670316	0.0775199538146225	43
-0.0782170362675	0.109742778571558	43
0.12028951940376	0.153350908349988	43
0.00584047060926181	0.00679364007421956	4
0.0165655318618958	0.0189171927377121	4
-0.0590018283172468	0.0874272954293982	43
-0.0780369907643356	0.102006655888473	43
0.0329983107440441	0.0410946846910138	43
-0.104107784541116	0.109734617780439	43
0.0212595910185338	0.022405548614527	43
0.0561376589730395	0.0432492868734606	4
-0.101189088456499	0.058185087997272	4
0.12380343392655	0.103197589829813	162
0.0438439060876538	0.0626838485025575	4
-0.099985604106244	0.153607049912413	4
-0.0958641140142476	0.110354596796539	4
0.0133337997047717	0.0109137475860035	250
-0.0130200260176879	0.0172686550460697	4
-0.096514950631934	0.136502892436193	250
-0.0286933679655588	0.0189943698882906	250
-0.0780444224487012	0.0935396221189446	4
-0.0984604255013693	0.106210927040635	4
-0.0206214975017127	0.0279179526765398	4
0.0939028530932324	0.120349595957099	4
-0.0852416941071661	0.0791357774912966	4
-0.122852380671652	0.189859036425537	4
-0.106669766797817	0.169906957311594	4
-0.0290800858720054	0.0253965004581828	2
-0.0759292192973405	0.082944816102975	103
-0.107549786829322	0.100991928691236	103
-0.0357189536635808	0.0489865415548329	204
-0.0883138936219998	0.128399114854428	204
0.0438394443848189	0.0507371470119944	204
-0.0337643569270497	0.0399303651716239	204
-0.0453464873302633	0.0384641596359696	617
0.0919617331974432	0.114530187305509	106
0.0332919065683524	0.033032299935793	106
0.0536440848787897	0.06633321350494	106
0.111342759733341	0.15576705494697	106
-0.0591791988208361	0.0784516710103195	106
0.00777016656316232	0.00920964987259389	106
0.0558947166163199	0.0651529167855994	106
-0.0803501686756758	0.104684555510685	106
-0.0774890432996324	0.100152066475281	106
0.0862527759091722	0.10419266226758	354
-0.025777217726504	0.0274919497962518	6
-0.0204094966812183	0.021271793088342	6
-0.0299339605045001	0.0360253034983499	6
0.0664666787905641	0.0469529784735121	6
-0.0763110486717407	0.0482713825866387	6
-0.0332324242849004	0.0235841669573661	6
0.0523300855426283	0.0362881160130261	6
-0.0939275753488577	0.123040472084061	6
-0.103011783833014	0.155826973109596	6
0.0875747724517866	0.108711013722508	6
0.111759837786834	0.143349667143564	333
-0.0372968043104465	0.0382828874172516	333
-0.0856143668515575	0.122337650616618	333
-0.100884275621459	0.147400681169377	333
-0.0607934023798704	0.0730791759987246	67
0.0616697728330859	0.074768409322801	171
-0.1081927097741	0.134420632841124	67
0.0352346594954774	0.0385161970340334	67
-0.0211214334502039	0.104345397932451	65
0.0944547773767355	0.565953792762412	65
0.117821710523213	0.184190460617292	23
-0.067350472361278	0.120283911532267	23
0.00384591498914925	0.00603526939243694	65
-0.063825557714933	0.116507814114745	65
0.0142367671620298	0.0233907105320371	65
0.0151311792218402	0.0194851969996996	65
-0.113268730816997	0.163121582332538	65
-0.0906338941398146	0.128915835086895	23
0.00970818136280305	0.0124135233347102	23
0.0669141980686486	0.0949030073276369	23
0.0249879816436812	0.0349156600042492	23
-0.00251137049804578	0.00319328967366127	23
0.0987096630852013	0.141218218367966	23
0.00795095835736425	0.0100084293376949	23
-0.0519720458903503	0.0414181636945661	357
-0.0128497255072505	0.0149437227580402	357
-0.0986749534162003	0.127095480898386	47
-0.0400098776347289	0.0513054952442678	47
-0.0543631018012069	0.0680613284137325	357
0.0217120394197126	0.0246303298640303	357
-0.0863154908453385	0.121521243183692	357
-0.117976229805029	0.141540166604448	357
0.0247493041685428	0.0236118547031209	357
0.109858779286394	0.147658867071267	357
-0.0948025304150552	0.128053372266176	357
-0.112026362280606	0.153429097507528	357
-0.0472983109003103	0.0576995052614404	4
-0.0771223700723998	0.0955396297191328	4
-0.099004150699036	0.106472562239433	4
-0.0659721957823317	0.0819588404157967	4
-0.0450993287725003	0.0499202534995401	43
-0.0352773401192638	0.0441342200290769	4
0.00160639068120974	0.0011749989572672	162
0.113199143642147	0.129452250232925	4
-0.0049200932607027	0.00527760879100553	4
0.111980936428954	0.120350156626262	4
0.0793275797802035	0.0641048623970438	4
0.108157746907241	0.114397986094595	250
-0.0886180089725417	0.118272821519966	4
0.00445777994523419	0.00397789767579724	4
-0.113539701651188	0.0847708784387552	4
0.061039593600462	0.0618442382621798	250
0.00599475396864128	0.00737253160274114	4
-0.10887168091465	0.17909892992923	4
0.0510183011010839	0.0655961530277554	4
-0.0184789235753363	0.0203427066275524	4
-0.112642515734489	0.115538527002239	2
0.106407484310798	0.10571877836047	103
0.0882709443649969	0.118755345077153	204
0.0963261266823598	0.142237817652899	204
-0.0320304325573763	0.0306393870181898	617
0.062256534482457	0.0482838794486682	617
-0.0150730450343521	0.0110214461237825	106
-0.014321579298623	0.0173027287214058	106
0.0557019598941979	0.0747859479674227	106
-0.0952942263772664	0.129506967286127	106
-0.0492146441220607	0.061771255400296	106
-0.00615895405431808	0.00700014393402332	106
-0.123737253255722	0.151981569662808	42
0.110285572960836	0.111087711559075	42
0.0975794785724596	0.108327794380124	6
-0.0179674293171061	0.017374805025554	6
0.00659319291590485	0.00577628260977454	6
-0.0984841752918755	0.0772479317317047	6
-0.0559988904799227	0.0676895770066119	6
-0.0588345666128848	0.0692666283830593	41
-0.00968723151764789	0.0108543585033694	333
0.0405029781519685	0.0422713567709636	333
-0.0731827734835148	0.0801347223446045	67
-0.0198719018004075	0.0261289925436377	171
-0.0955003041946079	0.110465090892563	67
-0.0751555688092701	0.0805356569597113	67
-0.031839424846202	0.162653331007552	65
0.0372701828165927	0.165741860782485	65
0.103598434885	0.296168725753893	23
0.0883285197855656	0.212761056562103	23
-0.0373558430067787	0.0713159397268253	23
-0.0088747305591491	0.0151571284108263	23
-0.0276937890301386	0.0428840230301198	65
-0.0742838958809665	0.13564030989055	23
0.0382661847027592	0.0535693469352726	65
-0.105210624893791	0.162648006801932	23
0.0114627747551928	0.0147095800853094	65
0.0637027786386993	0.0938420767887563	65
0.0325769188801261	0.0445773638024673	23
0.0892387213139973	0.133703497731977	23
-0.0506186411965442	0.0751961229715304	23
-0.0419696161048025	0.040100732900748	357
0.0741193020841982	0.103730808826247	357
-0.0988491923036904	0.139109184025134	357
-0.0446163366321559	0.0525912772169178	357
0.107993698953983	0.120846270851868	563
-0.0529560931675203	0.0659588561075764	449
0.0355219073247812	0.0436775729821674	449
0.0242651795699825	0.0262853823566041	449
0.0213947735053883	0.0260883123829354	357
-0.00474931834292527	0.00357062773438674	43
-0.0626112515609699	0.068182542246065	43
0.0638012537459469	0.0900412828699366	43
0.123292573902625	0.142226912068078	4
-0.0930138887778562	0.13176138602426	4
0.0993233849564562	0.147469192259368	4
-0.0763031985154164	0.0988116083473755	4
0.112642180622915	0.139489772270517	4
-0.00992665799104982	0.0112927037474199	4
0.0298970014907876	0.0286735687991251	4
0.0654605004564933	0.0914248558693591	4
-0.0637012439756115	0.0410618768972976	4
-0.0935857751621234	0.103800438496131	4
-0.0397909310583887	0.0369823600115866	4
-0.117621368622881	0.0598544864458047	4
-0.0742507127563917	0.0938553706823209	4
-0.0724734607182195	0.0958909716140635	4
-0.058724603784311	0.0714728171659296	4
-0.0121955822607776	0.0130538798647006	4
-0.0260360330550585	0.0346155676743617	4
0.0301082846815731	0.0371896639084587	4
-0.103132641046604	0.156967384715701	4
-0.086521916683384	0.0982377265489506	103
0.10207187181166	0.116329752561484	204
0.0517779239375204	0.0673422780225255	204
-0.0216965522139178	0.0208094012919801	204
0.111411127184134	0.113448916872282	617
0.035679055824182	0.0215162025641276	617
0.083016832001766	0.0915579105524075	617
0.124713145286901	0.183064251929362	617
0.011343288488261	0.00443966026350392	42
-0.071685991733425	0.0777364962377931	106
-0.0472456586689674	0.0545999686882307	106
-0.0344966847219502	0.038014481739334	42
-0.0384993388308577	0.0397349907308545	6
0.062463991340455	0.0484817220528279	6
0.056260992815195	0.0756073222883813	6
0.0881504309387208	0.124144005162704	6
-0.0545355443135367	0.0698153385565059	6
0.0222927712346195	0.0256516596138471	6
-0.0123937037722726	0.0132141244785497	41
0.0946252364973979	0.0869026173067531	662
-0.0989916801904406	0.126583917673833	333
-0.11207886184236	0.139621574595682	67
-0.083743256916588	0.0906244650318879	67
0.0171227892543278	0.0176379165956568	67
-0.0477890868322533	0.0919163442904374	23
0.0453187548125765	0.0971801381426888	23
0.0434528253993653	0.0541580888955112	23
-0.0885763178186388	0.178364575633887	23
-0.0424268456669261	0.0629591524466754	65
0.108922989578288	0.169359461986792	65
-0.0712792939458249	0.093958112956583	23
-0.00438265044812927	0.00575947531171637	23
-0.00782867941306166	0.00996151076480737	23
-0.0382317174829943	0.0507331346674222	23
0.0926427920205955	0.129205728911322	23
-0.0955513272033661	0.106052269633561	175
0.10619130999869	0.105437575323378	175
-0.0979391212974494	0.120152801738865	175
-0.055023701540267	0.074903329179656	357
0.0275823267504156	0.0278647558990678	357
-0.0959104517484915	0.109634075137714	47
-0.098631798643593	0.123877562041163	357
-0.0907119132226242	0.109750320478559	357
0.00160398832646632	0.0014020478352162	357
0.0260296880151226	0.0310653997996191	449
0.108001006183056	0.149196333891758	449
-0.0643486640279136	0.0675878776404365	449
-0.108028676363734	0.117321122907605	4
0.0672824779778706	0.0848125662538438	4
0.096354699294862	0.103081833425373	4
0.0751030890318944	0.0991284184934955	289
-0.100488957436081	0.138019906369002	4
-0.0383520414679272	0.0277385899042539	4
-0.0240176440149161	0.0178100695684134	4
-0.0298434306413572	0.0286878751657803	4
-0.0480254284486402	0.0627541768916384	4
0.104972752376631	0.124840411637175	4
-0.0961599049548512	0.0783033726408294	4
-0.087485598199208	0.117417255519068	4
0.0482417189283715	0.0610553569784345	4
-0.103444746025809	0.0799807233368631	4
-0.121236604914559	0.106987335030697	4
0.0225528881817606	0.0267600192012243	4
-0.077106260355163	0.0494471667443675	4
-0.0507477184061338	0.0603384644960053	4
0.0512372238931996	0.0654283464040535	2
0.0182608086996424	0.0149311293245386	103
-0.0087114731743462	0.0082429440693695	103
-0.107627625962413	0.0772433393991234	103
-0.069537194978044	0.0459704335917086	42
0.0467839834519713	0.0338922594279022	42
-0.113407750113925	0.0673077566776122	42
0.0172134926356956	0.0182596296307066	106
-0.110814141736002	0.139015926173486	106
-0.0908991715035325	0.117214029525731	106
-0.075065732529943	0.0778567054662525	42
-0.0972744755914922	0.0952229547013499	6
-0.0335649553101145	0.0282274240785017	6
0.0708485041470619	0.0859637608690743	6
-0.0299698542891503	0.0404037756002303	6
0.0578969265169496	0.0819598376368982	6
0.0275118069344452	0.0288704196368788	41
0.0368360398086385	0.036745154927294	41
0.103898131936586	0.122201751787062	67
-0.0361572198691881	0.0413658391847248	67
-0.00305259796111296	0.0035893657653271	67
-0.0426910871403145	0.260930502600303	606
0.0033844389167803	0.00672296249616761	23
0.0988257545764763	0.26250135354936	23
-0.094871473142972	0.213320740137399	23
-0.0559605462497217	0.0853033879145799	23
0.0922029679463609	0.182408865868987	23
0.0804459101950993	0.116287907371051	65
-0.0258163312699128	0.0388956006221969	65
0.0814403820424498	0.0830380227510615	23
-0.0775119438565367	0.0879419991257191	23
-0.0599909000780542	0.0934785948971688	23
0.0843434277591492	0.142626059932242	23
0.020587391786617	0.0167931886351073	23
0.0327556967837479	0.0323299588165653	23
0.0532125990234169	0.0810780641343413	175
-0.100453541389704	0.123140908365665	175
0.121578332019585	0.16398338783255	357
-0.0415223001949835	0.02692651830618	357
-0.0430303923647767	0.0283428224347159	357
0.0480362472175327	0.0514621715060706	86
-0.0208743136370158	0.0217614096960923	86
0.0773608479516123	0.0975714404128687	86
-0.00402029373968851	0.00465797598838765	357
-0.0392245758079481	0.0547698604523484	357
0.0207373351648297	0.017622958514724	449
0.00936746626757471	0.0103247178682289	449
-0.0224556333374731	0.0346865920338704	449
0.0371254048928217	0.048924041904857	449
-0.0136706977892247	0.0172524975819133	81
0.0373153709567439	0.0229630191520233	4
-0.0147503228543996	0.0111098705618464	4
-0.0931615636314512	0.117453916382336	4
-0.0672686262890708	0.0842719227959771	4
0.0781082482411561	0.101598836786009	289
-0.0954250388800049	0.153157445614155	4
-0.0654535535081503	0.0854041911139159	4
0.0211591973502274	0.020385181886182	4
-0.0219988426149886	0.0247976501698855	4
-0.0753733775363274	0.0940580118628606	4
-0.0974536746154839	0.147933601212841	4
-0.0490161999943077	0.0417477736110353	4
-0.0330982730220593	0.0318828311322442	4
-0.123809361311142	0.14260455984136	4
-0.0667538593533059	0.0736262017275515	4
0.0348035961669657	0.0352237117189322	4
0.0285221489503198	0.0380642253518297	4
-0.119963611567912	0.178813448981106	4
-0.0271536415276696	0.0306987224483692	4
0.0570598622010526	0.0829037494861794	4
0.0187641953648455	0.026654445963339	103
0.0927555904875239	0.14455082291102	103
0.0592159683876596	0.0780262004046131	103
0.061206870008116	0.0658313979233895	103
-0.106669586821685	0.169204849500664	103
-0.0043692060955344	0.00572052622424523	617
-0.0303660561652109	0.0363154001648788	617
-0.0652012173666888	0.0897144116905307	42
-0.123553864520212	0.136257980113353	42
-0.0216158569923357	0.0248140724972027	42
0.0794214487707128	0.12260886317814	42
0.0673158304893649	0.0917404536202492	106
0.124116300525627	0.106487430175996	106
0.0302252290457321	0.0243322152622795	106
-0.0084805868999347	0.00638813821115503	42
-0.118891573641447	0.0919444269935438	42
-0.112101313714811	0.0873893380558767	42
-0.0567918937494239	0.0381970105626872	6
-0.105309148878495	0.0813861502067342	6
-0.108154937477644	0.166026562066425	6
0.0382530445206594	0.038973737703584	6
-0.0280421220577183	0.0313930789365174	6
0.102676526419623	0.120528416218677	41
0.0620107899469088	0.0702503932260516	333
0.0145324515317093	0.0136496627230143	333
0.0736357155820454	0.0997164708059898	67
0.0612518394737146	0.0856112590968715	67
0.00926207115611449	0.00850406812518555	171
-0.0314135363752689	0.0425200036456395	67
-0.0989609273297066	0.111411407539532	67
0.0399289148186042	0.216087118733196	606
-0.0505894384823678	0.148060325044646	23
0.0646962022416189	0.124401292664781	75
-0.00413653727979329	0.00619494702696966	23
0.0858780863610763	0.170992666728932	23
-0.0520863686223592	0.0547339533231671	23
0.0202214202921944	0.00995834686835388	23
0.0558316712739542	0.09312293543015	175
-0.00877572667498684	0.0115681746058786	175
-0.102521317382609	0.199982091963114	357
0.100871694110102	0.0987488317044759	86
0.111413316685771	0.122546179920278	86
0.057588170415242	0.0806901629994022	357
-0.00352665140443626	0.00405173321037747	357
-0.108094358624827	0.188651367156269	449
-0.079919028698755	0.135654205984444	81
0.0307081247461528	0.0141865224194295	4
0.017938282303669	0.00803307410549384	4
0.0316774653542661	0.019129050824073	4
-0.0375168242680133	0.0462320832393507	4
-0.0383403012861087	0.0546177778248457	4
-0.114181475440096	0.225485116238396	4
0.11832988625614	0.132498721509861	4
-0.046290199858593	0.0679804454829213	4
-0.121509715514712	0.196150976700917	4
-0.119560680300399	0.172764993475932	4
0.11449967851788	0.145113862878742	4
-0.0267951004303272	0.0478874094543534	4
-0.0393977296838924	0.0273023241208792	635
0.121192033741718	0.139925210060656	635
-0.0245679471919192	0.030362411059524	4
-0.0704190443218844	0.111114234983586	4
0.0172862038644439	0.00786025627532825	103
-0.0434843309826101	0.0303926278454406	103
-0.0735357736019118	0.1056365089556	103
-0.0559184422227525	0.0753294433799113	103
-0.0453949642773503	0.0431462955780178	103
-0.0206621105012323	0.0196212354718163	103
0.0428302734867853	0.0281767209727333	103
-0.0167359388933453	0.0229083696239053	103
-0.0805484706633661	0.118989351620561	103
0.0270511396373265	0.0464699046582573	103
0.0481856021928997	0.065589383732863	617
-0.106782611432449	0.18493923776926	42
0.117314407001871	0.245549677475963	42
0.00895448579411803	0.00883127367046028	106
0.0144313888584561	0.00624430497115982	106
0.000543262062577167	0.00022360877367567	106
0.0097166213188797	0.00314157554824722	42
0.035679055824182	0.0215162025641276	42
0.010298158004488	0.00432310602831837	6
0.00276794722827249	0.00097621113061317	6
0.00628983976784557	0.00222164165045144	6
-0.0713576610673185	0.057118121640912	6
0.105709195557544	0.202327361657326	6
0.0662575978313762	0.0677108168514388	38
0.0452121035858322	0.0339860206901045	333
0.024424942899739	0.0126790359340752	333
0.0380626180261725	0.0237257637712044	171
-0.0175904770718405	0.0300752331579277	67
-0.100395710190864	0.134020280390503	67
-0.053570124223754	0.327989661779254	608
-0.0152271115408087	0.0131259425068239	23
0.0870527345700365	0.0774678767348327	23
0.0228815216036188	0.0189702453613474	23
-0.0839204969378271	0.133071130560001	175
-0.11259346264421	0.17910568278906	175
0.0197978977944119	0.025285999175637	175
0.0794704357040604	0.0622359170366372	357
-0.0249139051158076	0.018377467959795	357
0.0198028440865754	0.00967511208654947	357
0.0280937860006578	0.0172131438689222	357
0.0101153729628503	0.014231804871213	357
0.0614529945977541	0.0886513443320276	357
-0.107359682044598	0.076475631608257	357
-0.0938225605786554	0.0739124684582863	357
-0.0397974171391788	0.0636366714962398	449
-0.0204910015324199	0.017439947251738	81
-0.0792029000763306	0.140477264124557	81
0.085218345076015	0.113831326403138	4
0.0584856550000929	0.0463965605725417	4
-0.00874617205937321	0.00939195582555285	4
0.0523128892925204	0.0745664675353566	4
0.0173979531469561	0.0254117937864323	4
-0.0289233588728521	0.0337337491224896	4
-0.0484000152378331	0.032401071188232	4
-0.0481256207582699	0.0335816066033631	4
0.0246885849751841	0.0212594070201066	4
-0.0220811154374238	0.0243923874999021	4
0.110499200625361	0.162373831177378	4
0.10254339572237	0.118500300352943	4
-0.0935446707539388	0.0564216047979762	4
-0.0629595204285758	0.0762377441219786	4
-0.0522358284866874	0.0662372137728771	4
0.033439930661045	0.0296774395302592	4
-0.094979491260901	0.0881732712021148	4
-0.0782132312349847	0.103174074763747	4
-0.107564649002763	0.158694124833445	4
-0.0468801751148139	0.0688754142332062	4
-0.0982634683327322	0.173244990184364	4
0.0405577267838458	0.022491653435109	103
0.00474737087645218	0.00697823410339341	103
-0.123864982635598	0.176783463703288	103
0.114093933639597	0.169857068754702	103
-0.0619879846400091	0.097018991485863	103
-0.097333588377526	0.10478405629086	103
-0.00121404593592505	0.00132618417248497	103
0.0040387505002407	0.00501509838061794	103
-0.114647156835175	0.138265969835852	103
0.0216355186210823	0.0348534775927832	103
0.0504290568358461	0.0678141971308353	617
-0.11161358411176	0.158412197269728	42
0.0854376552667806	0.0960274769562213	106
-0.100519889753744	0.169023386531184	106
0.0404745006245098	0.0244536959502231	106
0.0250187466627592	0.0123189527893806	106
0.00570738981852088	0.00191498788337435	106
0.0412185599147072	0.0232430298782281	6
0.0310774125920894	0.0156862910616013	6
-0.00613798232704083	0.00710352704324678	6
-0.115565369043753	0.0895800399095308	6
-0.0789089875303279	0.12333057301849	6
0.0169441477198418	0.0146751284045758	6
0.0271099820445249	0.0296494240491862	38
0.06862480483728	0.0779156662361572	38
-0.0415168754733987	0.0560858761571161	333
-0.118088979108169	0.164660057930663	333
-0.113354799839065	0.133781197000997	67
0.0184541527900111	0.0227942822831351	67
-0.116509896272991	0.336571428955435	23
0.110942303298757	0.312165362262421	23
0.0241897786149949	0.0475018353794444	23
0.028985776974511	0.0553883990937627	23
0.047241506976897	0.0784859742750825	23
-0.0248218793323655	0.0394044874758735	23
0.073233005123981	0.109913015608126	65
-0.0753757601365314	0.0968453233057824	23
-0.0821395136307299	0.113659258234048	23
0.0836073328152733	0.11200235193031	23
0.0271242894229565	0.0319171283546982	23
-0.0800609967962059	0.0994923871607582	175
0.0121237756223479	0.0110698724530275	175
-0.0482499631311656	0.0609486010261508	357
-0.0433052657091428	0.0514771517560449	357
0.00261378327945803	0.00263390514145921	357
-0.0658316226757898	0.0612203026160795	357
0.112753156179263	0.102606102100068	357
0.0267147738897714	0.028142880679549	357
0.0507168845018486	0.0615743750304934	357
-0.0369840588808519	0.0471125252629212	357
0.0477186314801595	0.0513895643048433	81
-0.107794584323369	0.0966162109971382	81
-0.116876568962947	0.111068602751682	81
0.00550086280349375	0.00494151492975873	4
-0.0735817232524619	0.0841560598830195	4
-0.103066786999307	0.133545095131845	4
-0.0781473460022411	0.0908854818335188	4
-0.115379808053166	0.13723640564483	4
-0.066175261620319	0.0832382964400513	4
-0.113454504407405	0.139274859701975	4
-0.0946668785356737	0.122162949043766	4
-0.0322180512692344	0.0339309264047803	4
0.045375358271779	0.0304841885228221	208
0.0667702799217147	0.0828442866239645	4
-0.115510215822381	0.0908199056343645	4
-0.0277617507703096	0.0280619063367428	4
-0.107318932455009	0.120708409128795	4
-0.0189214771288134	0.0200090859732161	4
-0.0273812058343377	0.0360626636690144	4
-0.0709441838299979	0.0952319809320861	4
-0.0151565732460724	0.0145905155851437	2
0.00130631615289271	0.00141934462808135	103
-0.113062900433226	0.17428158683102	103
0.0832689250444825	0.0770795068010915	42
-0.0264578006418236	0.030448296514469	106
0.0651008609584304	0.0641529310293119	106
-0.0745976333206413	0.0682442534281891	106
0.0713171956279874	0.0569639690028475	42
-0.102680231363043	0.094168791145048	42
-0.0264972994636112	0.0227142431251172	6
-0.00690361749779944	0.00618240404890046	6
-0.0897550106164358	0.0876721378793585	6
-0.115694118214132	0.0845171223229803	6
-0.082450871807328	0.0903935066872378	38
-0.0605117966006653	0.0783421590389678	38
-0.0670486645994051	0.0739531127770892	333
-0.119740439825576	0.135561777512545	94
0.0954766607400327	0.0886298816806322	310
-0.00799566922998713	0.0354227348522088	23
0.0266563119145878	0.105468334354846	23
-0.0312050198887925	0.0406622012901261	23
-0.0288840716296225	0.0314284092447301	23
-0.00301676955903069	0.00385128219712945	23
0.0933578520232358	0.123041158117833	23
-0.0253264119007296	0.0311019270543786	23
0.0961361344107645	0.145296252738728	23
-0.123132049302819	0.186278420663779	23
-0.050379899874599	0.0618645043072269	175
-0.0673364069439161	0.0548247984300087	175
0.0922114152666666	0.107804237289187	311
-0.0534383019947655	0.0444937728576647	357
-0.0388967685298804	0.0503854689516998	357
-0.0145474012341686	0.0144154720539447	357
-0.078391343595936	0.0832770103184409	357
-0.0518361687378291	0.0564587287880329	357
-0.0883926171094027	0.0883865969775522	357
0.0631159838820331	0.0797920188484274	81
0.0488993858084398	0.0358216164116149	81
0.0488522003598794	0.0456772714800773	81
0.0973144288176226	0.104078243463651	81
0.00584504180439192	0.00537130546221198	4
0.0294376692851793	0.0341077038244435	4
-0.0815396199402421	0.0879577843264605	4
-0.073219480881171	0.0783219444648583	4
0.0395175140443602	0.0273948645846956	4
0.0113144887479684	0.0109800603963335	4
-0.0955852018922141	0.0587912705863147	208
-0.120581596428912	0.0947311624746288	4
0.0574566609872628	0.0743941525254364	4
0.0284167524071535	0.0156701017161236	663
-0.0214767535818852	0.0171508026262931	4
0.0528988003877476	0.0549949843293442	4
-0.103607423836061	0.125310978646207	4
0.0808267249483204	0.0849681093354715	4
0.0326823534987739	0.0334022765827922	103
-0.0663055237516193	0.0434687474717687	103
-0.0562847033454516	0.0503544150317206	103
0.0206821983648651	0.0197528283105191	103
-0.11444495473777	0.0841087498311501	103
-0.0336735280625582	0.0318646803977044	103
0.0400893044264455	0.0226141729487552	103
-0.0137367139687102	0.0130826888135488	42
0.0826160063444635	0.0755129600202148	42
0.0674126544760808	0.0621343385294393	6
0.0225784039831314	0.0215558494617056	6
0.118919103265559	0.138688178062426	42
0.0608142290702752	0.046884614523918	6
0.0729813415318348	0.0815068569748143	6
0.08806746876496	0.0802990205398792	38
0.0393146647620844	0.0458890487523938	333
0.0142359280478626	0.0132240732201379	333
-0.0570019448212242	0.0650487297408893	94
0.0442995319724944	0.21153651566539	23
0.0727142646344856	0.350302507729298	23
-0.0435106001424436	0.0875669050336641	23
-0.0681383307672635	0.121768888116919	23
0.09303522043936	0.118829907947299	23
0.0561920599525505	0.0666516793458005	23
-0.0693740131952419	0.0818508834196705	23
0.0415951948730735	0.0441196892055519	23
-0.0894021546205893	0.105304453630649	175
0.0421405605355145	0.0272336334470883	175
0.0157555668569147	0.0161940797793693	311
-0.109114612199277	0.113191327236181	357
0.0930458811180961	0.089989571569599	357
-0.0424172286655853	0.0390333136021672	357
-0.0934529568480951	0.0991871462948339	357
0.0176672377862808	0.018128422758758	357
-0.0576433443308774	0.0708668095115403	357
0.106100267479446	0.109480838125397	357
0.0357310002358125	0.0360578471886425	4
0.0261741581487932	0.0212846317786292	4
0.0313872937167831	0.0172912809248976	4
0.0669189185375698	0.0674497217722273	4
-0.0256916445555615	0.0189997297218369	4
-0.00947569321284124	0.00833070830598151	4
0.104235041702731	0.106289210191729	4
0.0183433978824485	0.00780179045611402	208
-0.0555200102342768	0.0639603265097254	4
-0.117978667450559	0.0669384624546101	20
-0.122571149816027	0.128303996767931	4
0.0664180977209857	0.0673664655692844	103
-0.0525410610050215	0.0532877148122404	103
-0.0489442969844103	0.0415065848118602	242
-0.0731530388512744	0.067089971666223	103
0.0219914001724815	0.0211296252393154	103
0.0312641060075487	0.0176569123371696	103
0.0903594175035428	0.100761652315433	106
-0.124396240750152	0.118623582453904	106
0.00378951289148095	0.00289564208152432	106
0.0324990955409477	0.0294803077624916	42
-0.00669541648771486	0.00511334611201506	6
-0.0238576915347797	0.0175375098259397	6
-0.0084577708991951	0.00728857881865798	6
0.0808088292534126	0.0823310858531706	6
-0.0406508312548213	0.0409288622748711	38
0.0657179784707438	0.0504460538706478	38
0.0494990064161261	0.0355860460316567	38
-0.0715083906122453	0.0781781780251513	333
0.0584810215113411	0.0427777433092207	333
-0.0919281138481632	0.0920918360493282	94
0.0755414990579101	0.062852590057645	38
-0.0796061890140171	0.072274476491885	94
0.100314452054328	0.690085297653598	23
0.0170766891083433	0.0687541355288097	23
-0.0915002142267573	0.309665847115327	23
0.105718971351771	0.232332592805226	23
0.00935925276036961	0.014075886116903	23
-0.096111206154003	0.17445791045499	23
-0.121256413365819	0.164449466148816	23
-0.0961628500543509	0.137730104669307	23
-0.109897858530448	0.139665477130003	23
0.0595167814116808	0.0760426437813332	23
0.0386430266130337	0.0543268435280787	175
-0.0805960490407439	0.114721373452091	175
0.0907871985563569	0.125275186584779	175
-0.109629411276412	0.158307464518747	175
0.0152748194191144	0.0187558207706143	175
-0.12043391977686	0.18217905166271	311
-0.0253998601691402	0.024298133305687	311
0.0133626366527939	0.0123585922910107	311
-0.020808858081945	0.0240522618785844	357
-0.0284526437228076	0.0366867201497661	357
-0.057325360591876	0.0779923401406525	357
-0.112874458268614	0.137005873953135	4
-0.0310830505984952	0.0308840577463406	4
-0.11936351670519	0.140450594556731	4
0.0360958224338099	0.037074449345442	579
0.0710401421162261	0.0748669450213017	20
-0.0379030475091709	0.046138092083552	20
-0.115186103305578	0.10981567491182	4
-0.05987664386227	0.0647644401033063	4
0.112599756993889	0.12890568819427	103
-0.0660384775302977	0.0849361340516333	103
0.0279072605131648	0.0333660119017355	103
-0.0907363648732445	0.139342802237667	242
0.11904842175792	0.175034874303947	103
-0.0128370757620551	0.0169070350659992	103
-0.00696188876791112	0.00870546983151901	103
-0.0325995024336882	0.0306035727816273	103
0.0948059997411969	0.0875624132539504	103
-0.117490409424351	0.160427792357824	42
0.0413943449005336	0.0382719167771209	106
0.0677024941869772	0.0522466253858998	6
0.0523292666541811	0.0391702018466337	6
-0.0661468268513592	0.0609539502663885	6
-0.0193687837986331	0.0179869392381062	42
-0.10396735581598	0.113947717669542	42
-0.0604234547584893	0.07183656652082	6
-0.0740295329924289	0.0952857705515449	6
-0.00854704798111865	0.0110002012665768	38
-0.0342239212348136	0.0458789821127988	38
0.0584521173842617	0.0660003042726855	38
-0.119137212497387	0.178392207033217	94
0.0386795657564853	0.222815544508394	23
-0.0342103818340045	0.0831494165453805	23
-0.0429218057549378	0.0926180212627011	23
-0.102568637466226	0.25276877951563	23
0.0152618031093095	0.0342666906257542	23
-0.0623958349603638	0.0759339594323859	23
0.0666274719415996	0.0837277220252223	23
0.0760107329991995	0.0682260995312355	23
0.0692515084311336	0.0552119131866846	23
0.00956002485536625	0.0139743445109296	262
0.0228391777209077	0.0291038384871906	175
0.0642197952824801	0.051501381857489	175
0.044576015860537	0.0289418688105049	175
0.014219851454412	0.0176550283359372	357
-0.0453222529387834	0.0651221603706592	357
0.117371834553956	0.212628801562704	256
0.107872748863953	0.144579271824229	357
-0.100577287846883	0.209110750095192	357
-0.0546166492583993	0.0602833717789512	58
0.115412022972492	0.152793545588084	4
-0.123729726222917	0.247170436701736	58
0.0206306046864464	0.0266891727826268	4
-0.0217021939003456	0.0154948251683688	4
-0.118207362094767	0.1055935601794	4
0.116453840806613	0.157705165226992	4
0.0712302228561361	0.119787691567539	579
0.0345740524466055	0.0401092962906945	20
-0.0438715227812831	0.0692914013039944	20
-0.0644826012485029	0.0945803578659939	20
0.0305783909744452	0.0412095920992987	20
-0.0627956192940923	0.0804258769484545	20
-0.0479283864318293	0.056888561290935	20
0.0193286129302452	0.0165112020711203	20
0.0997420217834288	0.162400166936258	20
0.0953653190814086	0.163139253723567	20
-0.0903231107738927	0.0970336992858212	4
-0.0225672962576031	0.0284660277480586	4
-0.0215937966089051	0.0190614060763257	4
0.0474273630427056	0.0748560435074297	103
0.00175738855115777	0.00199113823321906	103
-0.0966304028826332	0.167864058666175	103
-0.0862666438084839	0.149443658610735	103
0.115832144372902	0.205279447253386	103
-0.0512535100805113	0.0851341812338036	42
-0.106659551730703	0.128719632785287	42
0.032376068236904	0.016339534950265	6
0.0166942329908975	0.00762146011461037	6
-0.0418184029770124	0.0621800517308284	6
-0.0317453878203077	0.0463317855858841	6
-0.123760804762333	0.190222481635453	38
0.0186791874283509	0.0252357708092654	38
-0.100843920877589	0.0911807293186003	38
-0.0900465983982395	0.121501817220419	38
-0.105945762049646	0.10474502719744	38
-0.0253403068235527	0.0190772339531359	38
0.0524683461877564	0.0366008673284153	38
-0.108845521631172	0.141164013187167	38
0.0785271555287899	0.067263461265812	38
-0.114271053008375	0.158724160573043	38
0.067274680101964	0.129783172203427	38
0.0498415883201099	0.311090415238887	23
-0.108013004821369	0.744168603844606	23
0.0567012170028971	0.162846860173621	23
-0.0615008960838154	0.161370752881168	23
0.117996670250146	0.261530572368358	175
-0.0147454371333343	0.0223113915553755	175
0.0557481199511979	0.100235084778297	175
0.0737610945947928	0.107291290801858	13
0.0461638381594023	0.0524031554013091	13
0.0870630509817286	0.107497204002623	175
0.0961818362013119	0.141801522699944	175
-0.119252241938078	0.196806043999611	175
-0.081181122715148	0.113532637205404	175
0.0996080560469465	0.138029777794968	175
0.0539628133628346	0.0513074739887528	357
-0.0534046599250677	0.0630607525638356	357
-0.0783154289545995	0.0640558944711426	357
-0.0813353598806586	0.112664485116762	357
0.0978280565232407	0.13839391296549	357
-0.0931593842240599	0.116772883838123	256
0.054710202299868	0.0511693889711237	58
0.092087303873387	0.112770069923222	58
-0.00788520845762235	0.00935340990836818	58
0.0401590944695088	0.0516499019512317	58
-0.00750687790440084	0.00900822181286571	58
0.00459283033900695	0.00510227616541185	58
-0.0985284088623807	0.142122551995688	58
-0.0295747841959849	0.0432789632547707	58
0.112772539365276	0.138325653688695	4
0.0134727914318089	0.0127696721459752	4
-0.0855192210012966	0.128108774042681	4
0.0934904009490333	0.112276038684956	579
-0.0411816122404531	0.048839674402025	208
-0.0973712756249273	0.130909580115696	208
0.000281804460883367	0.000306376123102852	20
-0.11819318528791	0.142677901358603	20
-0.0620177518671012	0.0702135196643962	20
-0.0740851335612565	0.0843649762424809	20
0.049916601078082	0.0674240711799387	20
-0.0216781692205437	0.0305672748909259	4
0.0720058042918135	0.114617219544878	4
0.0764559259381012	0.100368038814943	4
-0.0956706718089528	0.0942003883979267	4
0.0129199817183793	0.0128897521181581	103
-0.0853036815167219	0.120598859125261	103
0.0961085250859746	0.150520311892018	103
-0.047543731830039	0.0732471199609288	103
-0.0609277854386093	0.0926322981433569	103
-0.115258229564882	0.194588293144211	103
0.0226918164134863	0.0286285811150827	103
0.0892406247027953	0.145348471940119	103
0.0672313776643469	0.107564202784683	103
0.0751880702360793	0.0981751041045461	103
-0.0725655513076512	0.0994767675643364	103
0.062237870429042	0.0964463216779923	42
-0.0117115700944917	0.011153384205152	42
0.0451647885593308	0.0330860288836316	6
-0.103801437113226	0.0919628420512089	6
-0.097064398780042	0.0761607014397804	6
-0.0323603142555187	0.0212741953110746	6
0.07072386416118	0.0720016062344263	42
0.052664023062051	0.0717197336018608	42
-0.042075287117239	0.0557394115469768	42
-0.0364257097891472	0.0393343037104481	6
-0.031509183614624	0.0391225874633829	6
-0.101501059388411	0.155388843664729	38
0.0260854439631826	0.0348209244030773	38
-0.0108599701955601	0.00970786376884127	38
-0.0425449545300883	0.0515716274490706	38
0.0701723313449822	0.102234632740644	38
-0.0390014697231281	0.0454510755521859	38
-0.110706741662621	0.112494894033403	38
-0.0543539707291753	0.345669107239205	23
-0.0874830792557313	0.227200728715009	175
0.0408260138304148	0.0769079116897666	175
-0.062277160868566	0.0926906431881707	13
0.0190806084251091	0.0248502452895621	13
0.111751643424938	0.179830340395184	13
-0.0100539909603074	0.0170159552406755	13
-0.0965177410289187	0.139182947475342	175
0.0115492394140654	0.0171021531616607	175
-0.120852885770893	0.232567224958061	175
0.073170513988657	0.127168872701531	175
-0.0702922024501803	0.114036812050182	175
0.00256223054801076	0.0034449727310153	175
-0.0536784060336283	0.0755416343249779	175
-0.0731436324106068	0.101251075330782	311
0.00161641330309757	0.00186129786331408	175
-0.120406240528484	0.12421125552371	311
0.0978702845885499	0.10789210085286	357
0.0360127732067724	0.0426463217659126	357
0.0704107454815094	0.095453993098401	357
-0.112420196233871	0.12247508973922	357
-0.0791405123697536	0.0963446598134603	357
0.00992848710007796	0.013432795313401	256
-0.0725279537836262	0.111671295965474	58
0.0235422299639984	0.0337006932136719	58
0.0930510403301667	0.14198252984549	58
-0.00326052517524147	0.00245712598152331	58
-0.0079589775204459	0.00714570157544112	58
0.0398210725662043	0.05291076040692	58
-0.023669490879642	0.0280650847587441	58
0.110832757980711	0.151626464003408	4
0.0499710659445221	0.0476658243174144	579
-0.0988361319177506	0.124973446098992	20
0.008572767702462	0.0111020896146281	20
0.0886652945549457	0.12153223425341	20
-0.0778854768570773	0.129487030229959	20
-0.102941764420715	0.16892587811009	4
0.0570700503836591	0.0697352874127065	4
0.00993325018236233	0.0146120310286849	103
-0.0952211911270937	0.184088929018066	103
-0.0314592261764723	0.0559455618106148	103
0.0222795062323694	0.0360952629418061	103
0.113705614382829	0.205017279632185	103
-0.0687778872890022	0.104129828084857	103
0.119573177140914	0.188519270999207	103
-0.0895708637893499	0.0992335171269206	103
-0.0983197996324477	0.111043187959668	103
-0.100896057721118	0.0918799366977117	103
-0.0282154928811608	0.0466036248214082	42
-0.0878734460757564	0.0811709056273469	42
-0.0192130168820665	0.0188767247614668	42
-0.0584069186880154	0.0547149710975652	42
0.0489565839446935	0.0448293906473341	6
0.0116742308834142	0.0105527076982332	6
-0.0927913192641925	0.0823797001983024	6
0.0759035579828886	0.0915792698728432	42
-0.098705994489386	0.154969440645929	6
-0.0989494324185485	0.157823766676094	6
0.0455764995193053	0.0671042443178852	6
0.113290834250815	0.18834939632056	6
-0.0169002639110336	0.0228055476078933	6
-0.0648683892648216	0.101442088958641	38
0.0620124429908343	0.0875790377711148	38
-0.0839863890191378	0.125105925221738	38
-0.106764288881562	0.17627073080777	38
0.084520288871508	0.133431445186322	38
0.1167651010228	0.130105809098897	38
-0.0310582841630208	0.0329416255151335	38
-0.0812693549821727	0.103038613855765	38
-0.0555512880315065	0.0804483250357132	38
-0.0354805491319872	0.048685785641415	38
-0.0760228442865588	0.117145333638067	38
-0.0876589737001453	0.134070396137379	38
0.0417489286152296	0.242973812154185	23
0.00320801758036838	0.00694240482388361	175
-0.0323754336489873	0.027804789000398	13
0.079351312091195	0.0681285766488847	13
-0.116382220412576	0.113463657296315	175
-0.0813593955946324	0.146694273743036	175
0.06637082314912	0.0697818193845815	175
0.00933656733470788	0.0140682963266956	175
0.0264740197385669	0.0355870946202966	175
0.0149141904557528	0.01792847862077	175
-0.120999289379015	0.197571075186631	175
0.0239893908156144	0.0208194728549665	175
-0.0776729509665376	0.0605113130311865	175
0.120772105837928	0.263556569676903	175
0.0969634992025861	0.0940089788064319	357
0.100933966256909	0.179345051974758	174
-0.105006668332611	0.142737035779666	58
0.0863519998485075	0.167859317644244	58
0.0241814946142035	0.0201551326077941	58
-0.0444069367003668	0.0405205208245401	58
0.0258578575589326	0.0108226542492331	58
0.0371615040473178	0.0428192747616744	58
-0.0624896201033346	0.0518766945146062	58
-0.0369695542265722	0.0312772776335051	58
-0.00666384968379894	0.00986761621173604	58
-0.0377352746563426	0.0672977295168245	58
-0.002197491747573	0.00295948242545756	58
0.0683761781337432	0.0589344881945196	4
-0.00577528191172004	0.00680730576009244	4
0.00640794321266046	0.00525444785735111	579
0.00920166561099301	0.00945166517088976	579
-0.0221493779060235	0.0327418607941682	579
-0.118500979743897	0.0852051763810383	20
0.115669938509651	0.149200720817937	20
-0.00359911578939325	0.00478662712818043	20
-0.0399694116081431	0.0459092437515777	20
-0.0639166473042217	0.0633897071141183	20
-0.0692933987662366	0.0864661240389158	20
0.0184939747340674	0.0192933354249077	20
-0.0840720856084215	0.13483794998804	20
-0.0320552251401071	0.0562867703016578	20
0.0258691824269531	0.0416736502278012	20
0.0350313867793377	0.0473700821901328	4
-0.0222246015951283	0.0346728620552831	103
-0.0325250871954854	0.051799747110823	103
0.0380621744172387	0.0565721481989382	103
-0.123215437001873	0.271581678739081	2
-0.0294263110447713	0.0433578841249678	103
-0.0105661474844923	0.0124590780598947	103
-0.107938859462654	0.179122365420449	103
0.00994240096504901	0.00836061208649937	103
0.031221915580707	0.0271755821297344	103
0.0899576056262766	0.156009711611202	103
-0.0321067742275644	0.0567245706342092	103
-0.0819277683034706	0.0894109670380906	103
-0.00309378381487371	0.00399375484215145	103
-0.0312551515581288	0.0447610681491722	103
0.0508370350025283	0.0733482813819415	103
-0.0018385908754194	0.00290201252375748	103
0.0010341112779962	0.00163759753873237	103
-0.102438009582387	0.212929920716945	103
-0.0940311876777575	0.125818070320866	42
0.0259961192389468	0.0134617521069811	6
0.0353600053520532	0.0223144051423267	6
0.0179435806519491	0.00840944335371212	6
0.0368648897962212	0.0221823267283182	42
-0.0552831477329753	0.081221518890331	6
0.0215132251511242	0.0284127644154563	6
-0.0287761386967164	0.0275619675393005	38
-0.112970642448465	0.119042904419322	38
-0.112649430811734	0.124001061240652	38
0.0347030785961573	0.0190201111883918	38
0.0342141902036009	0.0455651946506177	38
0.0780150262947004	0.0668523889749158	38
-0.0780661045510437	0.105864876988022	38
0.0671773730970451	0.457173243930381	23
0.0948341168329007	0.339137468346169	175
0.0350842989148777	0.0851687865610562	175
0.0605075981002268	0.125798089845114	175
0.0723416569832824	0.111414785396686	13
-0.0267958389031461	0.0374623114290045	175
-0.0563924361326827	0.100401502569874	175
-0.00027372369684801	0.000434532174554103	175
-0.0773276270164614	0.0983023184835826	175
0.0291379844661079	0.0457032723065356	175
-0.000861482408733416	0.0012108377642866	175
-0.0390559764957918	0.0570960392204179	175
-0.00370263875219622	0.00476295924965515	175
0.0809458399692525	0.11710221389428	175
0.114789751380274	0.20811551530879	175
-0.113736156162597	0.152010185564521	175
-0.0110533073237118	0.0093465252023889	175
0.00798704474764346	0.0102903853903533	174
-0.0249229675374584	0.034277918062256	58
0.0499683730577028	0.0348928806508978	58
0.0645015117391099	0.0514829082148771	174
0.0137625327870633	0.013249042055125	174
-0.0474242761542389	0.066111551883549	58
-0.0862148317341439	0.123541801058777	58
0.0195109303753582	0.0244250457441339	58
0.0550868729542362	0.0716656525977317	58
0.107962227006824	0.11580515005635	58
-0.0194298172450874	0.0263315526152858	4
0.0634250852405589	0.0858867033970323	4
-0.0914336491083265	0.0963739646764125	208
-0.0760108654248789	0.0824019382055258	20
0.0948675347038701	0.110717480076254	20
-0.051490624879899	0.0599166367139486	20
0.0845536567080076	0.103520252035803	20
-0.0698980981567517	0.0918986932488753	20
-0.015721337707107	0.0136042039277205	20
0.0344193253542504	0.0443868254976342	20
0.0306968304659503	0.0462264484843443	20
0.0854597450734376	0.145176049063098	20
0.0399421424469437	0.0464970619022309	103
-0.0154038790585887	0.0209657043456759	103
-0.0536461615773182	0.0697705039780963	103
-0.0847159356462867	0.131413304732766	103
-0.00339987356673185	0.00421598440296934	103
-0.0299273708928403	0.0404624245333447	103
0.0848644085969248	0.128824329479236	103
-0.0296366228121611	0.0463783995601914	103
-0.0945847028590207	0.159798387886771	103
-0.0664145680487647	0.0902498323837182	103
0.0238316945037879	0.0335994888521874	103
0.0192330336805065	0.0271758989497957	103
0.0430015006631018	0.0634624658760136	103
0.0923728258055352	0.103608398175441	103
0.0850533477916127	0.0721454354640115	6
-0.0448314354370817	0.0364860899325674	6
0.0486990467509107	0.0297326621851846	42
-0.00846153967579051	0.00902125197126832	42
-0.0199446164139527	0.0211271699187846	42
-0.0909947185666461	0.103320786930675	6
-0.0353548625985781	0.0392024494445721	6
0.0868691624197647	0.0913613691861245	6
-0.0547661749203108	0.0704522677862033	6
0.0199058326401941	0.0264823158699476	6
0.11684445333308	0.193899852210864	6
-0.0184187423483951	0.0261877431782311	6
-0.0144177470809154	0.019971247704515	38
-0.0268374768006447	0.0362191732319015	38
0.109854914920159	0.131963893464264	38
-0.0360402861536544	0.0341671515743077	38
-0.103295315816376	0.11703567245384	38
-0.0450714541683097	0.0588725711204796	38
-0.0793518540928716	0.115729875902522	38
0.0906470979600269	0.663663635620415	175
0.0990571820029747	0.277694032979717	175
0.0524258813719967	0.124790709434088	175
0.114614694149798	0.236136641100639	13
0.123203068698454	0.261999619097634	175
0.080472451386434	0.159879656648947	175
-0.0125837087562636	0.0208226429901755	175
0.0375785161985006	0.0506683299394194	175
0.0213737033305308	0.0269094554440857	175
-0.0782359794666292	0.11640402352463	175
0.0250160576129708	0.0383573996251014	175
-0.0318305104363959	0.0448986925873362	175
-0.074456761718418	0.11687386331863	175
0.00058587355677325	0.000683892497796968	175
-0.0712593083415346	0.0877602185214155	175
0.0704596039062429	0.092274439878227	175
-0.00857323766980162	0.0111354703488926	175
0.0848162324333347	0.118602643475366	175
0.0163357943754257	0.0196924432358377	357
0.0788317350744121	0.114382612925095	174
-0.00724269635094624	0.00960467104849462	174
-0.0446987915032024	0.0622332772732583	174
-0.0601953546419632	0.0917244536540551	174
0.105836975215577	0.17854019304002	58
0.0596065222218146	0.0749968815347588	58
-0.0577692788077936	0.0604050529533003	58
-0.0730127326933798	0.0790837448195518	58
-0.100096922825082	0.104766004793462	174
-0.0573270000980006	0.0599605536496917	174
0.0614441633951844	0.0890789105623467	58
-0.0546970706397079	0.0740361298128025	58
-0.0568668936132532	0.0782285919050057	58
-0.0768838165869427	0.104887502571457	58
-0.119032347809098	0.198772207204538	58
0.0777118197086778	0.0897598010345168	58
0.109144271360568	0.17237214238718	4
-0.0405199110848053	0.0484816729232086	4
-0.0265929134044601	0.0245553014325574	20
-0.0771342772306388	0.104268172970735	20
-0.118450449906696	0.165741684469693	20
0.0949574350059644	0.11977164259507	20
-0.112490226147958	0.153788519397587	20
-0.0593671536944977	0.0772136679424102	20
0.0037143501299337	0.0043478928702774	20
-0.100143235866912	0.0802897943318352	20
-0.122384609880135	0.126863899404692	20
0.087721243947167	0.137579546845837	20
-0.0788624371480761	0.131409145839466	20
0.00159947405228624	0.00207639612836068	20
-0.0153430976294237	0.0195641422422937	4
0.0411965365185976	0.0466602409842509	103
0.0345094811395442	0.0381939491746372	103
0.0527881595121457	0.0687786130377972	103
-0.0770005334775924	0.12638403346591	103
-0.0215669181813916	0.0298521211451672	103
0.0487904495246753	0.062493575329345	103
0.050441100747099	0.0517616933636275	103
-0.0188393858602602	0.0291478459596661	103
0.0140817754577322	0.0173960412043468	103
0.0253508975291825	0.0311010871654524	103
-0.0905569867791285	0.110101242984816	42
-0.0335075911507467	0.0331393968820687	6
0.107308332252355	0.120743369428398	6
0.0212575412656018	0.0216298747079356	42
-0.0637500239883575	0.0570831847212273	42
-0.0213738688852398	0.0186912353166982	42
0.0433540131905749	0.0505848823701539	42
-0.0514942717695526	0.055704832099192	42
-0.0289781615083957	0.0275956018064852	6
0.000194548947807244	0.0000968988396643662	6
0.0470659908351033	0.06499031701391	6
0.0113651430112371	0.0161983948715344	6
-0.0431342753151624	0.0644400312577138	6
0.0670320614133975	0.0918440377336224	6
0.0206803684600162	0.0299143147410282	38
0.0717552855928443	0.104692215153792	38
-0.0769765424349194	0.120706393781545	38
-0.0807584671942931	0.116487071458055	38
0.0956190710975315	0.131666699589367	38
0.104874901483321	0.131962790192699	38
0.0871959067185391	0.138518012621649	38
-0.080751656845379	0.123795289833755	38
-0.0160439045502918	0.0203581470808912	38
-0.0534140502237563	0.0765767257837154	38
0.0982037097708134	0.699709220477669	175
0.0164515264451673	0.0730393660069959	175
-0.00494918658726412	0.0173153747321921	175
0.0676521068831808	0.24476519603528	175
0.0596134109794976	0.145336214945918	175
-0.0900651659051772	0.181154393641085	175
-0.0570749624187589	0.112995961609523	175
0.0815020876285549	0.15493532366539	175
-0.00308109551656078	0.00536184713067369	175
-0.0725968363849983	0.135894225544593	175
-0.0561543887637674	0.091496168989064	175
0.00556003971495044	0.00901998795968878	175
-0.05844758133959	0.115398196067742	175
0.112279773022611	0.1542935456132	175
0.0136235030774388	0.0183769802221618	175
-0.0557253808006243	0.0693397524116219	175
-0.018170706245439	0.0275045648991699	175
-0.097621781026901	0.169518778941647	175
-0.0174626404453911	0.0199017923386193	175
0.00638561602198688	0.00766390586563534	175
-0.0641598779410801	0.06924016841065	175
0.0476941671686032	0.059687542140726	175
0.0194711108487715	0.0239650459738477	175
-0.0347470489911519	0.0473903538321883	175
0.026072070016782	0.0347909380141939	174
-0.0152932061015571	0.0198075741472698	174
-0.0407620958300444	0.0595646638456086	174
-0.0258893247711683	0.0386948794811365	174
0.0891888571596715	0.108227979133259	58
0.0888265970780398	0.12095190783648	174
-0.0814466858030497	0.110546646180624	174
0.114438390675359	0.199774917158406	58
0.0528677560119137	0.0743740829191369	58
-0.0128489944911654	0.0125485126771653	58
0.0119347640852918	0.0136267271071264	4
-0.0673708833885269	0.0915269581780198	4
0.0889065402915803	0.130538283805182	4
0.0966942249005624	0.112825370725932	579
0.011857115847095	0.00937351089061887	20
0.0389602586263896	0.0218307968222948	20
0.0155175260477609	0.0173638190268369	20
-0.0308500539559102	0.0379982995864562	20
0.00411453214180273	0.0038717957580075	20
0.0475299727553644	0.0338570618157688	20
-0.0405228952494248	0.0312995292520595	20
-0.00826118098605179	0.011091079050682	4
0.0206790628786219	0.0276412123090895	4
-0.0476588770946618	0.0516983746836234	103
0.103978809290788	0.169774359126872	103
-0.0480192467275319	0.0492605256457417	2
-0.018454569118306	0.0135698057154591	103
-0.0428444556505224	0.060650798147471	103
0.0789377501492065	0.129095693455317	103
0.0121829988068161	0.0160416577423479	103
-0.0564867512803339	0.0708835106346829	103
-0.095430680067021	0.134543298405245	103
0.0415262688346501	0.0588861307284629	103
-0.0733811751317668	0.0677288514306945	103
0.0419778243698999	0.0293328302383045	103
-0.0679903967105554	0.0426094671472164	103
-0.044160782802536	0.0637874504419137	103
-0.0884998273766699	0.127071192108046	103
0.0691812532149224	0.0927508268516122	103
0.109359706954031	0.119126895440684	6
-0.0956010662737842	0.107898384464631	42
-0.0994283666955282	0.1151639007669	42
0.00670219710990483	0.00740856378706128	42
-0.0632496759164146	0.0584171522562307	42
0.119110060272982	0.088979041762784	6
0.0655133346309985	0.100151071989841	6
-0.00513274661871978	0.00710651797388057	6
-0.0448656529210377	0.0502998547779847	38
0.0295987031283638	0.0392942166966414	38
-0.0490351623023758	0.0510575370960815	38
-0.00954568764464344	0.0107792168243957	38
0.070865694617171	0.101147646031455	38
0.0869963115592442	0.126783604596142	38
0.0423899187463678	0.0582102888513967	38
0.0109191046853543	0.014808643279843	38
-0.0801326100784617	0.12337871470419	38
0.0952209391657798	0.129585302569145	38
-0.0745912145550285	0.104095934468659	38
0.108319167905687	0.152971831824827	38
0.0349700647015351	0.194231129105436	175
0.0944785520695376	0.586407874000734	175
-0.0278051851026599	0.106248925325544	175
-0.101991696355582	0.418562955691125	175
-0.0227982592479211	0.0457229014212809	175
-0.007931486652156	0.0138894622563301	175
0.0566656586723621	0.119298098444347	175
-0.115721858300432	0.250076375185927	175
-0.0632164911605473	0.110449358824489	175
-0.0509102686487694	0.0906477322972516	175
0.0354284238240306	0.0424756183731497	175
0.0287444365656623	0.0377975374328189	175
-0.095604715772216	0.16146386494999	440
0.0662431553886642	0.105025011375916	175
0.0795165241995672	0.115198342795528	175
-0.101599308906487	0.170103520256384	175
0.0426307853519941	0.0502326377238043	175
0.0602417264376952	0.0727961851335886	175
0.00632521940286226	0.00827588983722064	175
-0.00878314939327942	0.0118406065176819	175
0.100186022182892	0.133223075290499	175
-0.042309252428911	0.0506979229715936	174
-0.0471290901293937	0.0540698870863817	174
-0.0247955311210046	0.0329093082195915	174
0.039078716742396	0.0559100422933082	174
-0.00669282729397143	0.00687678221970556	174
-0.106863353174255	0.158821880110505	174
0.0296868308225543	0.0419656994711685	174
-0.0198494928547094	0.0246768879488696	357
0.123270201805111	0.132027480402387	357
0.0526487577653701	0.05014883699491	174
-0.0499265529872	0.0685445925742719	58
-0.0340582741091282	0.0446964692941242	58
-0.0257535868908536	0.0351255604072505	58
-0.0598621519746059	0.07536289890724	58
0.0512312782443457	0.0712788433680794	58
0.00530762899619005	0.00727992596096447	58
0.108575496028354	0.187472577951912	58
0.0994708391830844	0.137948321902532	58
0.00988510032969291	0.00758827160284768	4
0.00494677771466512	0.00620052955746881	4
0.0770049912899171	0.0994690410462202	4
-0.0596682762686434	0.0662639173702686	208
-0.020517296125425	0.0197107774873727	208
-0.0981318312610794	0.0964312693082014	208
-0.091808327007536	0.126260089034996	208
0.0496617585893321	0.0550353847472394	20
-0.0174646090819697	0.0132663446815805	20
-0.0048788200411774	0.0052140658573941	20
-0.0182365468010464	0.0241492502903497	20
0.103548545893832	0.162411908660965	20
0.025993589373226	0.0358616098220294	4
0.115871219102873	0.167020178197942	4
0.0241435314001147	0.0271820011081181	103
0.0881249945337941	0.125217738530276	2
0.0510317703976846	0.0527621955141699	103
-0.00366856839631466	0.00463872561712354	103
-0.0886461420641923	0.12016189468075	103
0.0293306764407503	0.0312383780192979	103
-0.0940806145478563	0.0898731460953979	103
-0.0865693357956065	0.0708838782239034	103
0.0717034418737657	0.057583947635097	103
0.028404291776803	0.0246655261105009	103
0.0751219760667255	0.106336071691244	103
-0.0714280849418439	0.0907269280533303	42
0.119142751744094	0.151656183656404	6
0.0609188995780516	0.0703740513665449	6
-0.0460699278347348	0.0476990126429729	6
-0.0880258422982995	0.108066717820805	42
0.102035002339622	0.0988535520359411	42
0.116491525492078	0.118129292835111	42
0.0489022491837499	0.0495757392240166	42
0.0916569922831704	0.0963315107711309	42
-0.0302786199807072	0.0432606920954043	6
0.113149852208267	0.140611495499187	6
-0.121952990285457	0.16116988375653	38
-0.0715464044206321	0.091984540346298	38
-0.00392685695088034	0.00418163972252915	38
-0.107519972653644	0.144923082996487	38
0.0454002733830774	0.0490050334772329	38
0.07799022554754	0.095199275415962	38
-0.109761768420368	0.136817490842408	38
0.0768306944913285	0.0897476597238858	38
0.0284123357502076	0.0379160051909591	38
-0.0651671288636806	0.0829594389230658	38
0.113309496332453	0.938057095635543	175
-0.0117960123024048	0.0568868189534744	175
-0.12269442285645	0.369655261546058	175
-0.0158006785681069	0.0371892792879789	175
0.0406794077246975	0.0772957612072805	175
-0.0659831966297531	0.104594063168961	175
-0.0521533023600491	0.0771951130985339	175
0.025464487434627	0.0291395750098103	175
0.00723334003061303	0.010065520558978	175
-0.122658091632376	0.228708858502158	175
0.0112346748063083	0.0148154632779574	175
0.0767645147831423	0.107897491952037	175
-0.101177132587251	0.148173694840304	440
-0.0663943462849613	0.0855156947751329	440
0.0417477642593093	0.0374941132314791	175
-0.0212878950042084	0.0253394697377761	175
-0.0183689029906945	0.023480704077395	174
-0.044097630529481	0.0572664316187806	174
0.00342368660810245	0.00469402384600207	174
0.0681516901836698	0.0859876618610958	174
-0.0477308321256634	0.0636415658728927	174
-0.0963374258487026	0.15755378818262	357
-0.00106133135074642	0.000837517648949148	174
-0.0677969671613195	0.0598843092693567	174
0.0481817513090182	0.0642523359290388	58
-0.092444169144191	0.100250112748066	58
0.121017944326614	0.149425847243087	58
-0.00230098381525452	0.0029496102574622	4
-0.0211664158911227	0.0230999259600849	4
0.000239413013154747	0.000269242403663635	4
-0.0887822729680073	0.128088474077479	4
-0.0977047408937693	0.112945988002615	208
0.0509146148973248	0.067083142794517	208
-0.0469293402540527	0.0456741486354233	20
-0.0440250373186349	0.0480065133091128	20
0.0210051374284524	0.0206252372013935	20
-0.0932603665489567	0.115063186330303	689
0.0952307563297633	0.108422660912196	20
-0.0932479682949172	0.12430618141124	4
0.101790717718895	0.143581112780054	4
0.0019955185212917	0.0017340859109608	4
-0.0386985569945585	0.0422010507139497	103
-0.0448906176237848	0.06003867473616	103
-0.100910913563334	0.125706884216613	2
0.0538768698911698	0.0675667448924176	103
-0.0462555444971304	0.055640045153405	103
0.0527425359447298	0.0738742194781478	103
-0.110821535048669	0.134969513625744	103
0.0560186583033881	0.0625796558623131	103
-0.120877647627612	0.174861215679039	103
0.0427575168105639	0.0544906374113476	103
-0.05774390549642	0.0788640110528064	103
-0.0119401801797954	0.011220510283473	103
-0.0691175126952566	0.0893281014743539	103
-0.0766823292174911	0.0981442399144093	103
0.122102376257061	0.17230781206605	103
-0.0500486108999866	0.0724757243030432	103
-0.0272442001858034	0.0261367618718751	103
0.0786124849393313	0.0711451217656718	103
0.0246257138904812	0.0201368661730746	42
0.0931408661777558	0.0916083239812073	42
-0.0788653350765157	0.0632631400568758	42
-0.0884428101498789	0.0773199203574479	42
-0.00288651946817792	0.00254164251134941	42
0.0894796423855136	0.103418742946871	6
0.109230900013548	0.127782719813674	6
-0.0283589092601122	0.0323635743225285	6
-0.0868234766250073	0.103367478656777	38
0.0570057937765815	0.0706358229592444	38
-0.084333222895122	0.0767293210268747	38
-0.00798412496519249	0.00891303604519664	38
-0.0285055765927153	0.0274115520853906	38
-0.0850424568259797	0.0855739312165424	38
0.085168186666486	0.104901910550856	38
0.0905386966055703	0.0810679719102342	38
0.00223953540035604	0.0109609289318248	175
-0.100436252137103	0.391586260363556	175
0.00288286339817542	0.00511109946862533	175
0.0915728768519219	0.168435838407997	13
0.0218027381748943	0.0331820957916915	175
-0.106928986031997	0.233794920379928	175
0.041583394739228	0.0581599008613522	175
0.059663303830428	0.0844188970596951	175
0.117183177278824	0.151490938210026	440
-0.101177170733431	0.0913162385713219	175
0.0742446081267827	0.0632503346796554	175
0.0880932311339663	0.0814191169960448	175
-0.11456631636748	0.143270941490963	175
0.0646700677015864	0.0868859714694916	174
0.0634258204581275	0.0875375331607191	174
-0.0919702850467884	0.0910646754945903	174
0.0582752987890223	0.0757299135558288	174
0.017047514561545	0.0210340099653197	174
-0.119178318468519	0.153585632827304	174
0.0859064024909562	0.0979491046535501	58
-0.0643357059162674	0.0856805474101531	58
-0.100670671166936	0.153061251839104	58
0.0805717306240352	0.112060790963335	4
-0.0162099997219797	0.0205394848985157	4
-0.0845921178897799	0.101449666795302	4
0.0619181105570017	0.0775219371124037	44
-0.0221620917462836	0.0262688645692	44
-0.000594223133747618	0.000735864867491408	208
0.0362616622491003	0.04151310532186	20
0.0676635767994268	0.0774249816791626	20
-0.0757840678792821	0.0877986538020413	20
-0.0514369864798677	0.0622743232834428	20
0.086760940190698	0.129110427545146	4
-0.113057186544537	0.133068144014745	4
0.120943993473354	0.168465244583309	103
-0.0080275004218542	0.00941901701727158	103
-0.101882513621714	0.153971785870838	103
-0.109620240988028	0.152937982078921	103
0.0124008106283065	0.0158733576966742	103
0.00506208976020716	0.00506646556712998	103
0.0420637674829321	0.0590426902611857	104
0.0450864341617191	0.0633832494738149	103
0.00757609137640507	0.00857224162088432	103
0.00894169850021847	0.0120410197066193	103
-0.0901734823529553	0.134532005162874	103
0.07184311155313	0.0767999107817773	103
-0.0163603630205253	0.013265307430387	42
0.0277140102156568	0.0241071308788484	42
0.0195659322078064	0.0164173570149557	42
0.0632794672098071	0.0465774387870357	42
-0.0985209149533466	0.0868384210283061	42
-0.0024355158715261	0.00222973553180438	42
0.0908202309099438	0.110702672334415	6
-0.0748283457630715	0.0919141658335821	6
-0.0965627035915535	0.0959212068609193	6
0.0748793374106173	0.0872579423407619	38
-0.0330358151620923	0.0374218595709875	38
0.112007556230342	0.119277027144567	38
-0.0620449209977638	0.0585155772384157	38
0.0104690199761315	0.00967256388591156	38
-0.119489773348303	0.17943009164748	38
-0.101459113277209	0.106774762505624	38
0.0511731997858741	0.321738619850252	175
0.0209661619383591	0.0462375438658852	175
-0.0486705767932974	0.0957964808144798	175
0.0470614671562935	0.0776735269602942	175
0.0264288269384629	0.0433961056996148	26
0.0275926211594035	0.0444498841886204	175
-0.0758660779950268	0.132938482617737	175
0.100529047494073	0.166734888321229	175
0.0138412056729079	0.0184980413883505	175
-0.0416972477400846	0.0799202607410216	440
-0.0466229597674494	0.0676787363714936	175
-0.0112660836664901	0.0136374438590985	175
0.0903299483942046	0.148442171103923	175
-0.087000380929586	0.141025908210877	357
-0.000358827783246034	0.000507110631860232	174
-0.0964828767906295	0.138548868195907	174
-0.115519941732814	0.220171440809503	174
0.0729135484890239	0.109985025058048	174
-0.0646383664289405	0.0901003624161252	174
-0.0414309379351845	0.0479475531582452	174
-0.107542214683523	0.128769624330266	174
-0.0443025462373346	0.0658466394554204	174
-0.103097515383784	0.150256172033533	174
-0.0585647986448079	0.0739537909116411	174
0.0919881656533523	0.132826271122263	58
-0.0650816883022788	0.0808961147915857	4
0.0993538803817535	0.117315745901704	4
0.0724984976434345	0.0814422291654592	4
0.063257955588244	0.0860137719966207	4
-0.10108594258499	0.117119772308844	4
-0.0109736384229425	0.0143987596184741	208
-0.0812951171240612	0.110739579769546	20
0.00429519232925944	0.00451741475550174	20
0.114995085115797	0.114378883254294	20
0.0786643549941072	0.107035320089515	20
0.116711745402975	0.178708723635571	20
0.0112687380373824	0.0146055852399688	4
-0.105140279025646	0.165072309824959	4
-0.0578608499390861	0.0921159090118066	103
0.064015877148674	0.0625633303330196	103
0.0214102747832771	0.0242674121664754	103
-0.0118487326330968	0.0115092928541647	103
0.00689286041261667	0.00756380514835721	103
-0.104227723363801	0.153214540000957	103
-0.0955566320969154	0.138923669247786	103
-0.113027024170314	0.179761917348891	103
-0.0590752622711896	0.0700195974247282	103
-0.00351352324583149	0.00483062254822723	104
-0.0863774939498518	0.13137097796505	103
-0.101329080845809	0.123375347117123	103
-0.00396304769708076	0.00474427646238426	200
0.0629908361772606	0.0777433581231587	103
-0.069835292647112	0.0795407883199707	103
-0.0702388384811524	0.107622566340021	103
0.0467946743997819	0.044303405449204	103
0.0125615531832194	0.0117446822569616	42
0.0888262998776088	0.0902638092214841	42
0.0915254330363068	0.0846760045551478	42
0.0495435113270841	0.0413500214248646	42
-0.0390924275264873	0.0337853727248623	42
0.0393942751656358	0.0389987425290135	42
0.0661165394067851	0.0729185649151716	42
0.0997319909967398	0.16152897754689	6
-0.11553376515864	0.192349173161767	672
-0.00914332608601868	0.0101530870526741	38
-0.121696240828936	0.154896477736944	38
-0.0711919316811207	0.0963875635598894	38
0.103612048104831	0.140482331078379	38
-0.0646320012567479	0.0883736444032727	38
-0.0255025561641211	0.0246534116686513	38
-0.0274723952200978	0.0362990130850274	38
-0.0410002522262021	0.0468822362053127	38
0.0228624376255808	0.0278580131470287	38
-0.0245226034471605	0.0358741384462151	21
0.102587900817084	0.125898584614212	21
0.0445478442441961	0.262262052014742	175
0.114260258430189	0.74381718960139	175
-0.121124687394804	0.496066806237479	175
-0.0613104191032602	0.185545389762154	175
0.0669865354514554	0.185329442300566	175
-0.0222039901283812	0.0528996691066448	26
-0.0353007787298112	0.0448174522307765	175
0.0343784746552153	0.0497659079935979	175
-0.00936776031126466	0.0160454430404449	175
-0.0281111762238171	0.0471525727315256	175
0.0216776396915568	0.0355470587931197	175
0.0993010790191259	0.176836568498147	175
0.0963053549985399	0.166457320613324	175
-0.101162410751894	0.177453093228418	357
0.0957439800472338	0.17474715075468	175
0.0583145958047299	0.0954128585726507	175
0.082188842683224	0.0857509145495595	175
-0.0611082263973283	0.099796597871296	175
0.0587518154832428	0.102157150582093	175
-0.0452842183833945	0.0825888289202462	174
-0.113229963567584	0.221062484436509	174
0.0111486622381818	0.0184152445515864	174
-0.0165702424959004	0.0259345400651795	174
0.0164418713141367	0.024058784693934	174
0.0145905862830492	0.0221415595331106	174
0.0199910320739655	0.0312167443856364	174
-0.0971293912413655	0.170951761836036	174
0.0397595897616113	0.0642041311806432	174
0.0267413802174791	0.036338872852293	174
0.0976311296979259	0.186036876394832	58
0.040489758952021	0.070375167517781	58
-0.0305018836644599	0.0473081082199733	4
-0.0818829093034708	0.11036901372988	4
0.11960538220661	0.179107728063527	44
0.0709697392822031	0.122671370440523	44
0.0993472513707975	0.155360914221842	44
-0.0950005586511609	0.117735457045563	208
0.0855973262841361	0.150981138868211	20
-0.0755500160138502	0.140070089442539	20
0.0123578245799092	0.0111040069333723	208
0.021027325985124	0.0275287770838175	20
-0.0125678874264982	0.0137640175983343	20
-0.0301748192214989	0.0339996087475381	103
0.0761490391977392	0.131595559146065	103
-0.113724433058056	0.173600147580962	103
-0.0509593700024688	0.0856359312923648	103
-0.0545395874241972	0.0897727357704718	103
-0.0343659280230577	0.0538093970389313	103
-0.0841823877630742	0.13567656467724	103
0.100447339543965	0.105932059410587	103
0.0113094137304752	0.0143124951670823	103
0.112198841744023	0.121640793877072	103
-0.118161689833249	0.178648111476898	103
-0.0919232631140996	0.128793279356315	103
0.0936577791819297	0.157368425376371	104
0.0332765081235375	0.0422678394752992	104
0.0540544849577339	0.0361578334637352	103
-0.123014346552178	0.119561375428456	103
0.0855449007161509	0.0970659951572105	103
0.0685390244696159	0.0511911333931644	103
0.0474986283299234	0.0725567964280078	103
-0.0801479018778306	0.0866523225203303	103
0.0855685683637693	0.13235480012748	103
-0.0459178172419512	0.0706019559208356	103
-0.089884863350303	0.141444284844816	42
-0.00274292013664406	0.00391513885255545	42
-0.0835664766935675	0.12259533077322	42
0.0305783721523873	0.0403647624593241	42
0.0785460023139893	0.107158869541214	42
0.0636026221139114	0.0874614095138775	42
-0.0564390625540031	0.0827612966090305	42
0.0340887862323912	0.0466630211968871	42
-0.0367199895056273	0.0469882841173922	42
0.0293653619080844	0.0382875320182188	42
0.0145553486015686	0.0152867255720767	42
-0.0188866058431499	0.013682652286152	6
0.0916919813676935	0.130889492936242	38
0.0570622569460359	0.0581381662505222	38
0.0196188521768134	0.0183366813507616	38
-0.113350726346193	0.139654415587192	38
0.0889245219183348	0.110474199335143	38
-0.117610482969306	0.201420033925847	38
-0.0880762260275229	0.126887914073471	38
-0.0272857783010514	0.0428892418005157	38
-0.101988659924742	0.165338285347631	38
-0.104560345351049	0.175844556017332	38
-0.0673567454133983	0.101436856767847	38
-0.0983456526191168	0.170181775315706	38
0.00520772855165371	0.00769516787205631	38
-0.04867466904021	0.0661402467824564	38
0.0734425679972033	0.0576724223228259	21
-0.024561601138714	0.0992935157032256	175
-0.017400193688262	0.0571969146700489	175
-0.12321255877147	0.373445628721614	26
-0.118047751000415	0.348726379962424	26
-0.0827823539224392	0.118955801015974	175
-0.0104500611914712	0.0118778879916229	175
-0.0853989680146741	0.1153268664056	175
-0.00105820301925886	0.00158965013898122	175
-0.112767279531659	0.197269368794326	175
0.110800085704598	0.164046175845725	440
-0.0470174462193499	0.0753013708243205	175
-0.0238807884314218	0.0328562181430766	175
-0.0895266743199022	0.125805770315739	357
-0.116057791976957	0.168160258135012	357
-0.0773835904286061	0.107952123037112	357
-0.0963256865821467	0.14754126261437	357
0.000334983895238486	0.000409869804688832	175
-0.0000867158852103003	0.000142798361711319	175
0.00686755239480701	0.00847158304819474	175
-0.0947638021986583	0.131723273443189	174
-0.0188756423322231	0.0250200905300344	174
-0.0362003005279656	0.047385328172788	174
0.0485501947808126	0.0682411292140871	174
-0.0629871672371	0.0922849151284541	174
0.107620963790073	0.134750904496252	174
-0.0809066567646562	0.103006733527548	174
0.0438317337265453	0.0500787402330279	174
0.115337823266773	0.147721741943683	174
0.0127318734707663	0.0144102068663897	174
-0.118574953802691	0.178927404954885	174
0.104662226571707	0.158397434876	174
0.0637196243766807	0.0792617857973038	174
0.0802355592482862	0.112709932606011	174
0.0519472862782872	0.0722192441440879	174
0.107472129170176	0.154104736507421	58
0.0766105149446323	0.111921864849028	58
0.104961619661518	0.147560275424127	58
-0.0838973079024355	0.088450509561728	58
-0.111262311816341	0.100410452388278	4
0.00257379020290947	0.00208673607443766	4
-0.0198353891514829	0.0208138451812915	4
0.121374788229602	0.158756840710633	4
0.0839722432081769	0.114058176887448	44
-0.0794354020939795	0.0610628228419949	208
-0.0165995537962764	0.0199850456657486	208
-0.0887501040039589	0.129592440152811	20
0.0576390327515515	0.0647665209486196	20
-0.116615184877024	0.0904164805926206	20
0.0837797945371807	0.0795781656769976	20
-0.0588971028323672	0.0730752530406331	4
0.110703850856114	0.144645111654135	4
-0.0343661402908829	0.0453659385925534	4
-0.054863210876167	0.0681212737120329	103
-0.0909091249010316	0.114814555750545	103
-0.0564331844019504	0.0738989466031524	103
-0.0749467700274552	0.0668503324576543	103
-0.0379834972761904	0.0430712914488295	103
-0.0924650051347374	0.0813918741073808	103
-0.0695972088102279	0.0853993800754139	103
-0.00379187875076764	0.00425995778330568	103
0.0247645175651373	0.0286570227363881	104
-0.0765865392437275	0.0970067653994908	103
-0.109857626855275	0.132485800136788	103
0.0305855548555892	0.0419548099865039	103
-0.0064338018939019	0.00856283674948735	103
0.0845107014261232	0.120472594762106	103
-0.0174766309186592	0.0230998817902499	103
0.103444629515119	0.137670362783659	103
-0.00341927579994708	0.00389836561142839	42
0.0589483754437128	0.0728414541453227	42
0.0367932729386185	0.0400585191626956	42
-0.0655166414827615	0.0720479974095927	42
-0.0204875955137356	0.022450322196513	42
-0.105795696874251	0.123233871789719	42
-0.0568523594176098	0.0665538136245942	42
-0.116207254554475	0.130994906014028	6
0.0779139993303013	0.0655509491555663	6
0.0465549767485972	0.0394506465196397	6
0.00588611864146118	0.00473985831279404	6
0.0307700297330054	0.0355456603811215	6
-0.0932479662663051	0.122954762339567	38
-0.0766181717556334	0.0955429797397113	38
0.0550337801755665	0.0633295628782708	38
-0.00758023330421622	0.00757951429687908	38
0.120142126520645	0.146783607873038	38
0.00884378018018546	0.0107657069411326	38
-0.0808883607578532	0.112611663074699	38
0.107648123491347	0.166971560596491	21
0.1084450021487	0.138979914484113	21
-0.119227974821216	0.149756824111974	38
0.115829125859225	0.935248218065785	175
-0.112342107908493	0.543232473393544	175
-0.0155012641276786	0.0382327630198109	26
-0.0554968449372289	0.101125403380512	26
-0.0340186711956431	0.0525100037885668	175
-0.117735798037534	0.19275672374988	175
-0.0195353101547933	0.0281505087494027	175
0.0589918108202263	0.0974067502773079	175
-0.0790642083160447	0.121971521288119	175
-0.106759728405761	0.151058807112395	357
0.0340306170175383	0.0447226671033927	175
0.0294055241835549	0.0377165360628534	175
0.0983085785847611	0.14729030816053	175
-0.0818187714677362	0.11210034948919	175
-0.067509207699709	0.100410573477974	174
-0.0983366731767991	0.145333217036614	174
-0.0862760192205445	0.129504767793844	174
0.102220298359396	0.103467505948144	174
-0.0150079050499897	0.0194305451424383	174
-0.0636603827548451	0.0871216596518333	174
0.0978246676235139	0.134990862146185	58
-0.0127247927075279	0.0152154425571865	4
0.108874866854823	0.135975016176931	44
0.0906591629692031	0.105835381764913	44
-0.0307609886508752	0.0350216348858867	208
0.0204574439950789	0.0221143962197824	208
0.107731661660737	0.117218254115122	44
0.113203480598272	0.132709329013247	44
-0.0790179768289199	0.0905791513384857	208
-0.0240473680033054	0.0304840157031695	20
-0.0303733508059886	0.0373408436235133	20
-0.098502795241296	0.118367899975887	20
0.101658470207531	0.117545567774519	20
-0.0465601055290386	0.0518387930508006	20
-0.0304121975732483	0.0337542257092537	4
-0.0637683761746019	0.079087040691766	103
-0.0569215877795351	0.0684270793620632	103
-0.0207979154217933	0.0243771284784168	103
0.0277554729622696	0.0300136367402384	103
-0.0322580144631083	0.0364057027712869	103
-0.008580309175632	0.0101559090620136	103
0.0277163655620384	0.0348984258234335	103
0.0348458422612182	0.0415767932767628	103
0.0571884285281654	0.070709027250678	103
-0.0971808387118979	0.115540796552219	103
0.100107657081074	0.137403932866846	104
-0.0910481391687001	0.115630765244286	103
0.0941172759941994	0.110160389366366	103
0.0769021949253742	0.0894300538671642	103
-0.0135553484393787	0.0133518209621022	103
-0.0909088292944514	0.0759941095499896	200
0.00426624055601333	0.00448316044883131	103
0.0853868820782198	0.120326214127079	103
-0.0359303167089695	0.0410275350317204	103
-0.0683737371650453	0.082480072755737	103
-0.0132519038455248	0.0147333019654854	103
0.105051517535928	0.128816983992357	103
-0.0255366454181919	0.0245825374430723	42
-0.124644449692983	0.15714647172226	42
0.0961555547822547	0.111817607555295	21
0.104068710431767	0.137131904959089	21
0.0319855984159175	0.0362011010759719	21
0.0239643381237134	0.0280118764615975	6
0.0542133292909987	0.050903425204794	6
-0.00142260168700255	0.00142740658899435	6
-0.0352296323706789	0.0405698677086372	38
-0.052105870284413	0.0572007413292304	21
-0.0504214929444054	0.0595203080423768	38
-0.0999961929870586	0.112136557557801	38
0.0768932001470929	0.0800572111303376	21
0.0757276114608517	0.0873843561601954	38
-0.0629838729164957	0.0711944995051622	21
0.120051669724452	0.168720214804555	21
0.0792073568695068	0.0953492154808786	21
-0.0670766155196813	0.0545884132678126	21
0.121225442865333	0.957998940762641	175
-0.00907992542621752	0.0352468425905659	175
-0.0724785362316647	0.307197997783459	175
-0.120537476712475	0.326671932703091	175
0.0138863654555179	0.0275611838688411	175
0.056366259225059	0.153621331504374	175
0.0669073588860821	0.145878997255389	175
-0.0445936136385251	0.0783697054070091	26
-0.00282905835291952	0.00457684838175148	175
0.000889057383688361	0.00132993926674222	175
-0.0877054419867458	0.130241109758968	175
-0.044026367583335	0.0605698913735607	175
0.120117520680043	0.150645045507479	175
-0.010749672762266	0.0138344107363679	175
0.00875930547034171	0.0119200589205092	175
0.034589090584533	0.0482490514046856	175
0.0767050644805836	0.0941681676786532	175
0.112010222976904	0.145876975539071	175
-0.104060237263477	0.134734209811081	174
0.0363198993802649	0.0482201710819072	174
-0.0926009472468282	0.158836277681733	174
0.0761071616056439	0.0951604997505016	44
0.0181293946436234	0.0174992953204944	44
0.0477955413716678	0.0571354155085713	44
-0.0190429120201135	0.0263956059603348	174
0.0403503017791705	0.0501948119663968	58
0.0304506143525232	0.0357490427050483	58
0.104837971088155	0.142552262521143	58
-0.109509968327554	0.154950223014845	4
-0.0769474462592356	0.098364549394594	4
0.0562270425251765	0.0674796150542058	4
-0.0948795295849711	0.106002878550125	4
0.0668718418672993	0.0674877832308965	4
-0.120330334641107	0.127433526884233	4
0.0295378156020257	0.0298481992896564	44
0.0254361456921555	0.0262431614799286	44
0.112326030122412	0.130676691689102	44
0.107811937037167	0.109418825149525	20
-0.0358381893453548	0.043461164935801	20
0.11014172026884	0.16792336019184	20
0.0900698280283001	0.0998711667372824	20
0.106012075568322	0.103898125660035	20
-0.0643584434087757	0.0724323441087724	20
-0.0986044137263692	0.120985969040068	20
0.0960211681550524	0.10168163209091	20
-0.0587672164772523	0.0767303404982327	4
-0.0787537581756091	0.101910181681962	4
-0.06808940094936	0.0865870876682064	4
0.0672141615802725	0.0925893804807244	104
0.0812349719606908	0.0708757450865431	103
-0.0349641566161077	0.035880970992198	103
-0.106746270156712	0.131972063943495	103
-0.0376534165041601	0.0492010434747509	103
0.029821748512252	0.0345717930351301	103
-0.0457867940215384	0.0534035688422529	103
-0.112799604443789	0.134336824205435	104
0.0210765461545531	0.0279160051377593	104
0.0863435161489167	0.105903438303201	104
-0.106030733172461	0.13520430325314	103
0.0592968256641253	0.0625620796945691	200
-0.0823604062268297	0.0722418547335084	200
-0.0785922053441231	0.0718905916655062	200
0.0877747999620188	0.114772496798012	103
0.0289024151294863	0.0289009662381616	103
-0.0830994836434879	0.086963655409478	42
-0.08637779943817	0.109142835232669	6
0.00349701358226405	0.00404766835162137	6
0.0220111058126538	0.0248195330549738	21
0.086327190472536	0.0945714247513721	21
0.0562939345715057	0.0609323929176501	21
-0.105639504088799	0.120082444813832	38
0.114981031810142	0.172564562740772	21
0.0600252451165464	0.0745976953135286	21
-0.0451723292689449	0.0507612580349563	21
-0.0399076623201403	0.0444303500079876	21
0.10714129703807	0.810371560657032	175
0.0286081435640827	0.137309458484842	175
-0.0405914542460871	0.113929576527713	175
0.0414465539841336	0.0912024235027238	175
0.0344253157552955	0.043337495553624	175
0.0750157498937794	0.124916095533976	175
0.00523849090259	0.00702344980869752	175
-0.0285006016946937	0.037572706519437	175
0.0658352309997249	0.0901578626759267	175
0.0277740107684565	0.0362378215275343	175
-0.0806697953787622	0.116287109713158	175
0.047514963748921	0.0661260221946858	175
0.062524766574165	0.0857300399914829	175
0.105155823016596	0.151978075036315	175
-0.0925909417349847	0.120122636427407	175
0.000771731247290588	0.000956970441578732	175
-0.0691664024077875	0.0936969389734101	174
0.0374080819572002	0.0482906837511152	174
-0.116587776278031	0.148973702621861	44
-0.0561025758968792	0.0642792665673664	44
0.0810977200272196	0.111246759981901	44
-0.0727329695322908	0.0643108634812277	58
0.0388747124775542	0.0420379732999981	4
-0.0945210204570743	0.0915167291466025	217
-0.1230168738867	0.106393467611138	44
-0.0838334453897714	0.0682153021885358	208
0.00766958607284427	0.00703180341601389	208
0.104367425019927	0.144738701693448	20
0.0743285028966211	0.0901896502361184	20
0.0346944485960524	0.0380778733479236	20
-0.0999375976888952	0.0766465953335504	20
0.0914078769690513	0.0815639206878592	20
-0.0591405332619982	0.0479840784812245	20
0.043758446807388	0.0308879834494085	20
0.0931064669824964	0.125606923423565	103
-0.124972562972205	0.164393409492057	103
-0.00186845064735314	0.00146347025742802	103
0.0513101616021721	0.0481924074262217	103
0.115449388250763	0.155630896151305	104
-0.0255604555585267	0.0243029637932851	104
0.0795260478867596	0.0846218815948981	104
0.00523796604925524	0.00524778892651384	103
-0.0180841365864669	0.0185962814219704	103
0.00424862865982756	0.00350326255125197	200
-0.0604932682519903	0.0413303681460242	200
0.0371074853025331	0.0225684352033823	200
-0.0360546642431132	0.0444150681901087	103
0.00523934072258547	0.00671262760736148	103
0.0454304118426815	0.0585251801276786	103
-0.110354801522694	0.158063712510613	103
-0.0663715336024667	0.0802688477077216	42
-0.07263457217274	0.0970774412224977	42
0.00431006735562356	0.00440646393343697	42
-0.00601679634785396	0.00686121254292228	42
0.0540198924327711	0.0669533132916793	42
-0.113793727230883	0.153380058575229	42
-0.0957249994192154	0.10964105936653	42
-0.0359149533732298	0.034657792190344	42
-0.117719651688851	0.136030416914437	42
0.0180177164597223	0.0167451620519833	42
-0.0092320815789119	0.00691325164642118	6
0.0712464295451731	0.0747760139576265	21
0.0116504813558427	0.00922817053531032	21
0.0550806025258145	0.0413339675543438	21
0.00951861572789085	0.00888197148416979	38
-0.0535842894274478	0.065180741132559	21
0.104545067693191	0.127259525827793	21
-0.0895122234979722	0.0977905705464046	21
-0.0873254041944418	0.10031878101432	21
0.0984651280606837	0.116752020358763	21
0.061542980329139	0.382453256496191	175
-0.016174349469366	0.071306193151642	175
-0.0768119701617329	0.345439554563682	175
0.0255957326705613	0.0656230066998144	175
-0.10575032676376	0.268775768195616	175
0.0682203917440337	0.140305161811743	175
0.0433696984341694	0.0777777695487872	175
-0.00966630704725436	0.01201268053576	175
0.0591791779056721	0.0853982806079724	175
0.0525332578874532	0.0685313512951487	175
0.0273374281993619	0.0359734481176998	175
0.1204531622561	0.17374325905719	175
0.0866505621871884	0.135272312613401	175
0.120461888518725	0.136536094884395	343
0.076185394935904	0.0904042950517387	175
-0.0488184722152749	0.0572841122974493	174
-0.06027582698836	0.0814653763570547	174
0.0634224285833657	0.0810202460981534	44
-0.076618718516282	0.0941359218252527	44
-0.0420811523723145	0.0522416349925829	174
-0.0234391405206146	0.0266010682704686	174
0.0419407139767381	0.0455344879914104	174
0.103947660678966	0.124526818553463	58
-0.0252903965053293	0.0286663884632121	58
-0.113458184321467	0.0880648016354475	58
-0.119322123753076	0.127420565664522	4
-0.0770539196754173	0.0888669945421371	4
-0.0658105502503457	0.0770655238043544	4
0.0177527682439337	0.01691863168314	44
0.12053269065588	0.127480505695394	44
-0.0412193927121094	0.0457314909728097	20
0.0604502379504957	0.0473980145572317	97
0.0995705866476472	0.0996468920579112	20
-0.0613617967342564	0.0576777738842084	20
0.0392508188039161	0.0266535067866537	20
0.0852641697487678	0.0944637128679157	104
-0.121178998130661	0.127233010713401	4
0.0716403429535023	0.0736645770008796	104
0.00883745888010538	0.00930678388785702	104
0.0523108800668161	0.0539633565990675	104
-0.122444739163225	0.12919973836011	103
0.0551556864655252	0.0407054898340932	200
-0.121130927904706	0.104851631486931	200
-0.0487904877527937	0.0333106428361137	200
0.0342291749471383	0.0224297896696841	200
0.0957410503423563	0.1415390323257	103
-0.0487320790570023	0.0625536516065108	103
0.0372391612324029	0.0440818567723686	42
-0.103837535009129	0.137094955168383	42
-0.0197680486910596	0.02536688528451	42
0.107664991688685	0.140628580762346	42
0.11351332052777	0.150723383264909	42
0.0399041058802566	0.0451809160724343	21
-0.0817080522297666	0.0793194152242921	38
0.0764223733029664	0.0677610604192887	21
0.00778078925459063	0.0063870550098256	21
-0.0766036282009386	0.089676973592804	38
-0.0995158915938393	0.114401287286301	12
-0.00410909254325659	0.00396997003550051	21
0.0832186813015965	0.0881780404546311	21
0.100482675386171	0.0974441093535673	21
-0.0509650236568211	0.0518551771802875	21
-0.0191586252728419	0.0184676722665695	21
0.0161935828333264	0.0131861205933724	21
0.001077889149399	0.00464265371036456	175
-0.0963202611198655	0.207791258853355	175
0.0674840726529021	0.123103551780804	175
-0.0128951491763677	0.0196719789467551	175
0.0461447308029089	0.0635499277127085	175
0.0407412286116661	0.0494696684701241	175
-0.0686325136797875	0.0867317658291188	175
0.121536063893669	0.151859132077913	175
-0.0978687338501041	0.137470913229831	175
0.0804598146894584	0.118746749578262	175
-0.0583223088066996	0.0940625977391991	175
0.112560486926896	0.184158014863038	175
-0.0388443457563568	0.0576840951741387	175
-0.0647655313827577	0.0866321365728603	175
0.0816854125675614	0.0974276936480531	175
-0.0674658375442338	0.0660469540957613	175
0.0509433041467039	0.0465887031168437	175
0.0948029810234581	0.118659498689378	175
0.000736837180774698	0.000761825116990536	175
0.0930424458599033	0.117711867467058	175
0.0653250930238765	0.0804054540944873	175
0.107102180177811	0.13293417287311	601
0.0325974850848785	0.035376067314611	174
-0.0993831501079553	0.121512663478136	174
0.120721369638132	0.194248637134733	44
-0.0872564722617983	0.1153271718926	44
-0.092093485378018	0.142260914807728	44
0.0811845319384633	0.0971394280663085	44
-0.0382246982436172	0.0450442812164216	174
-0.0515415813104474	0.0473287704375724	58
-0.0881093712986675	0.0928710840027379	4
0.0990872618129215	0.0978543936323133	44
-0.0764942563401043	0.0628011897520903	44
-0.0548331566841886	0.0371887316677989	217
0.0299884604668917	0.0304482688534525	20
0.0804525642314052	0.104232316646373	20
-0.033868823660138	0.0422729898775387	20
0.10213542499908	0.121574493844132	104
0.00110348407705359	0.00111635052001273	104
-0.00819151926016578	0.008799987809883	103
-0.106581019853106	0.127192798655814	103
-0.0624223379260582	0.0395189341172107	104
0.000122508632197117	0.0000907301509144807	104
0.110949962781339	0.109740415426333	104
-0.103529320713269	0.0999492332298639	103
0.0347144209922436	0.0353564328303023	103
0.110816631502437	0.175070495898309	103
0.10561243194153	0.15833175199211	103
0.0202581044542526	0.0254811916858317	21
0.0849577982643388	0.102670809624769	42
0.0695384798115342	0.0730406174906961	21
0.0755207757382935	0.0842150304555082	21
0.10042687639953	0.114654749323326	21
-0.0339090651639214	0.0244506033494994	21
-0.0550779128968851	0.036356520451195	55
0.0425555510447451	0.0311949937020167	21
-0.0559344124957819	0.0763155433220517	38
0.0880962680304227	0.0914390637304228	21
0.0780055120989839	0.0777490715732822	21
0.0408338196684944	0.0362012766308781	21
0.069363189084874	0.082688776223644	21
-0.0018631411297794	0.00840100298394289	175
-0.0292407636077228	0.133680723908895	175
-0.112124990395623	0.224823141777756	175
-0.0379477820697489	0.045238835560596	175
-0.0890787688912484	0.157916591476896	27
0.0248403018268562	0.0312955809209298	175
0.0641813038153163	0.0805548414890883	175
0.0716898662115012	0.094261850463301	175
-0.118580357099616	0.155247991021005	174
0.103129639655533	0.156145589744432	174
0.00914168259580795	0.0124055541741507	44
-0.0704107620173074	0.109114530402045	44
0.0654163177889811	0.100142902920719	44
0.102072163392027	0.149877164044294	44
-0.0802778933722275	0.112561629266565	44
-0.0284829821610856	0.0367587605938457	44
-0.0685541799425981	0.0745047789132245	174
-0.0380158724950479	0.0363943999035561	58
-0.032900812397831	0.0338645988235324	44
-0.0472986160638112	0.0457205076953625	44
0.00613149368987031	0.00501186462454899	44
-0.0560352777198457	0.0653380241638434	20
-0.10517289791609	0.112027316010269	346
-0.0518975913868084	0.0362908399124425	346
-0.0186007237363952	0.0141190302578628	20
0.020201182489834	0.0209320828288282	104
0.0595972188249294	0.0574141992333824	104
-0.000468605505568594	0.000382707949939778	104
0.0731247383127277	0.101579663814034	104
-0.122571770649893	0.177948248233839	103
0.0599372636800876	0.0605282716854994	103
0.0990050816197574	0.121489135056965	104
0.05961728812335	0.0564946445025186	104
0.0993740185785615	0.120315774449177	104
0.0319081009813221	0.0334089802145872	104
-0.0485493324091873	0.0408406922672537	556
-0.107874852711788	0.0799236224158417	200
-0.05718143661202	0.0538860691236135	103
0.0618069735644768	0.0918824982420812	103
0.0806090175594233	0.128666122903875	103
0.0863482047475242	0.13912310470576	21
0.108421683208618	0.160897969792037	21
-0.0783143283214674	0.108037703581713	21
0.0388794938649685	0.0223741870010747	55
0.0467243576940322	0.0550550869646761	55
0.067019965183788	0.0516154342702623	21
0.047757327326129	0.0453197144206541	21
0.0584963668242932	0.043460361303879	38
-0.0137496025373601	0.0131316994210726	38
0.0498286507942027	0.064047092528869	38
-0.103343110078048	0.121564542299347	21
-0.0460281197242991	0.0511692569401645	21
0.0647591837929763	0.0733249519576907	21
-0.0402163206807743	0.0276401898972065	21
0.0740877102248446	0.461850298135075	175
0.0953665400023705	0.311638498078971	175
0.0245138344664532	0.0675840639370488	175
0.00471943424069558	0.0119359699811638	175
-0.121588080060941	0.188309886933045	27
-0.00335334497454342	0.00500558684113644	175
0.0898763800826417	0.155934403691584	175
0.0216934380937041	0.0332092783960073	175
-0.0776039917539957	0.143124318282212	27
-0.0298216675084053	0.036848391125624	27
0.111888616566181	0.186498818988852	175
-0.0959115030644753	0.179011572183694	27
0.0581024282587689	0.0971852931111301	175
-0.039475375743303	0.0699377332130421	175
0.0300806314639714	0.0462891471541322	175
-0.0469500383324496	0.0684522055860005	175
0.0395146249885202	0.0563632691329057	175
0.0661138160547749	0.0886701178052321	175
0.0908046259583996	0.125836972660955	175
0.0492759632873298	0.0599980787556586	601
-0.0698881708437192	0.105412710088083	174
-0.105926318966541	0.142445103357726	174
0.0583065395863761	0.0778374051022843	174
-0.0532950108729964	0.079446242284091	44
0.109923713243185	0.183536143597951	44
0.104823851449239	0.152224951233634	44
0.116221421615084	0.188853484994188	44
0.0654671143789492	0.102132544766237	44
0.0142443992511865	0.015107941931249	58
-0.0707932150433569	0.0884183813394564	44
0.121121519613937	0.154920236915637	44
-0.0682110262028885	0.0562145286326278	20
-0.0901312846439153	0.110604948668112	20
-0.112723922610054	0.178843781086587	20
0.0420404758581988	0.0251472339874023	20
0.0800295698446346	0.0684233428112717	20
0.102064876544766	0.141591434784657	104
0.0758323791359834	0.110495553521318	104
0.0044690153544251	0.0051884650492091	103
-0.0309448196152949	0.0419613443603937	103
0.0697416104938728	0.0897795091809954	103
0.0101489323856717	0.00809543139432456	104
0.0247132540815737	0.0231467585176472	104
0.0349051134816408	0.0347696023091214	104
-0.0882788467585234	0.117532899264136	104
0.0378399010554758	0.0343524302253929	200
-0.116290853082101	0.154746777705075	103
0.121708291991701	0.197488730681758	21
-0.0155129097235321	0.0230818203256917	103
0.0784868140642403	0.117522234223779	21
0.107465536540304	0.177897285683059	21
0.0979860850092249	0.123230140702696	55
-0.0104759814288005	0.0101723569689187	38
-0.124592554835406	0.151794986065844	38
0.00263320227888734	0.00337953195962154	38
0.0357367825545961	0.0446493196983796	21
-0.0746329326151897	0.0579041542510874	21
0.0032658896316246	0.0128621148898189	27
-0.112622156432801	0.196668702142222	27
-0.0693914827628113	0.117313759175605	175
-0.00662110897952297	0.00890133048485481	175
-0.0096188979107557	0.0111559417039973	175
-0.0125974861009431	0.0171939680296216	175
-0.0257632542217304	0.0284458245532765	601
0.0689434145589899	0.0533261821904989	44
0.00365851837312891	0.00488180459941957	44
0.0439432908795883	0.0596819649320271	44
-0.0145942442556256	0.0172877817834807	44
0.0254431055660657	0.0354217416789438	44
0.00415713703020533	0.00491368269611669	44
-0.114657065462859	0.119078998962628	174
0.00410755788152964	0.003252960991235	4
0.0814622105363632	0.106567175839178	4
0.0876045065617018	0.123095469519882	20
-0.100384164072636	0.149953238291212	20
-0.00142726180945743	0.00143259399538749	20
-0.0865718144337656	0.0707353358200425	346
-0.0569005424458713	0.0384739873009916	346
0.111604298201806	0.117582668368616	4
0.0286337080072105	0.0151793547867276	4
0.119086102558448	0.11931400419911	4
-0.0990338114048675	0.0900421744280214	4
-0.0767444472968026	0.0709925363386864	4
0.0446666790267112	0.0457081922138935	104
-0.0166522600087106	0.0200834623777004	103
-0.0485208990359092	0.0555674061023735	103
-0.108301839901028	0.128551191092142	104
-0.111828253652516	0.103534435044482	248
-0.107088851089629	0.120708074129137	104
0.102618275473612	0.103454453759964	200
0.0150500032718247	0.00676361408759177	401
0.0787775389008132	0.114031707630584	21
0.102735726978602	0.154629949691312	21
-0.100236442738648	0.134305592312834	21
0.0744179625059376	0.0916244723125759	21
0.0992054484689848	0.121548253455791	21
0.0479873407528904	0.0324520085626064	55
0.104108915931538	0.143005032514095	55
-0.109772162967216	0.0834437131599509	55
-0.0439356461156211	0.0310580475740169	55
0.0136638054585449	0.0139722748176179	38
-0.0469229581042275	0.0631466908212141	38
0.0834071780820544	0.102127224161754	12
-0.0944270241131065	0.105891829167121	12
0.060584514151873	0.366828645668389	27
-0.0447226008265199	0.0793319327797884	27
-0.0911744560902465	0.175016110648887	27
-0.0126571224985303	0.0193564141983199	27
-0.0639695494605628	0.0759686224148026	27
-0.0718057206213016	0.118635386561659	27
0.0696524077180153	0.118824793549538	175
0.017006649854405	0.0229032248408574	175
-0.0608380103058619	0.0876248136949295	175
0.114651548263069	0.191369631476814	175
-0.0695635709739915	0.104621103841412	44
-0.00278101854889341	0.00368011531129178	44
-0.0980891531986811	0.126594148325397	44
0.0883434358773947	0.136963137537328	44
0.109035486901083	0.155294213538454	44
0.059237415927661	0.077109859842315	44
0.0342248617088013	0.046511511249766	44
0.0405871695333456	0.0486397665141265	44
-0.0208342870513677	0.019522716360001	174
-0.0271905120206157	0.0343135057094876	58
0.0137628810551306	0.00670536166024716	58
0.0336649103752254	0.0344678661905384	665
0.065970295697025	0.0718519972325522	44
0.0415940714191641	0.0368470804013946	44
0.042477338371832	0.0248370539425019	20
-0.0400164081267528	0.0547760003644474	20
-0.077832591200292	0.0484415926070072	20
0.0352345888779903	0.0201667696838464	20
-0.0661432091890233	0.0722233761296739	4
-0.113553828478608	0.121188961775206	4
-0.0498554091712654	0.054264372232599	4
-0.0692232553269711	0.0628319403085773	4
-0.0390197725128998	0.0555628067113853	4
-0.036335791621228	0.0310636292185507	197
0.00240992458315751	0.000855937049835517	19
0.00876794315826527	0.00360039721165362	19
-0.027047698947132	0.0320261793910725	103
0.0807114988864847	0.103031405754033	103
0.0143247176237864	0.01928262882527	103
0.093699262540957	0.149418540757735	21
0.01236107770685	0.016511871577504	21
0.0277788686972418	0.0343577780950135	21
-0.0161470979783504	0.0208337088649485	21
0.04370047801331	0.0509538636543002	21
0.0177235885951431	0.0235122775162207	21
0.0802647241907633	0.0948042443712203	21
0.0359094499022828	0.0217246134255207	55
-0.0688629382036611	0.0708114486287393	55
0.0402826013285837	0.05082002245864	55
0.0322646541703849	0.0327310934285457	55
-0.0370562542646058	0.0300779869045538	55
0.0468049746188963	0.0330712306121252	38
-0.0334306661997074	0.0305613647465036	38
-0.0760830856521407	0.0829297896784545	38
-0.0918135007520405	0.127251879993195	38
0.0961858031255385	0.156809287450847	21
0.0294577545078792	0.0280565430283779	201
-0.0679706277711495	0.0718003848340272	201
0.0378023930122251	0.0495462144208211	201
-0.0816327996286971	0.0800224393315163	201
-0.106703524054257	0.0808314558114177	21
0.0669478348859558	0.438427086307759	27
-0.0797696328791029	0.482164877188423	27
0.116252101330543	0.413631261899877	27
0.117234592989889	0.281968326073617	27
-0.110922197393638	0.216219811896987	27
0.0643109897028478	0.116139437056053	27
-0.0234595002492754	0.0413632097541811	27
-0.0723727250079922	0.143118291974203	27
-0.10628553807144	0.219659379555417	27
-0.0591759564208022	0.0890737227796901	27
0.000840263203414551	0.0010751073398013	175
-0.027422717256501	0.0407796052146423	175
0.0352774652102677	0.0524310708964044	175
0.079549438913556	0.13228464102788	175
-0.0735248182254895	0.114858111765102	175
0.0643208828479769	0.0945843047003847	175
0.0892593117868736	0.146116697889886	175
0.0770899774571604	0.112888547334368	601
0.0434434889942272	0.0653652484146771	44
0.0301062004748356	0.0437034168597852	44
-0.101739904307463	0.175884761251955	44
0.122743815841277	0.164646346671189	44
0.123069855657787	0.161686769557986	44
-0.050843228730812	0.0734695076639502	44
0.0545155243023649	0.0819030560143808	44
0.0101780709962521	0.00930340043920056	4
0.0950132339990994	0.122256378638232	4
0.0326756452964751	0.0444461211403454	4
0.0627231899703104	0.0858328171900694	44
0.0444143278973987	0.0573426897076656	44
-0.0395605983746361	0.0519476483014531	44
-0.0715143860178268	0.0993405935386859	20
0.105565889296487	0.159584512377626	20
-0.0437529866325543	0.0593031880823497	346
-0.0181506562457078	0.0151922403445361	20
0.117379613882902	0.1343423877616	97
-0.0396270725224609	0.0496854978338432	4
-0.0644164389914797	0.0722634846557267	4
0.0623482208001995	0.051016737140622	4
-0.0386116309034302	0.0507809773990205	4
-0.113831518405426	0.169971301707106	4
0.121043860682379	0.198007900387337	104
-0.0815691999311324	0.101341608459434	190
0.0883606212430641	0.111301015981462	104
0.00813623060521728	0.0102328659221333	104
-0.00378379767702501	0.00365376209850678	104
0.0919012294901053	0.134244665364069	104
-0.074470194800646	0.103007642839426	248
0.05167257867856	0.0625598586114339	104
0.0390363258813865	0.0530091593567613	104
-0.0932948339025787	0.112290614449638	197
-0.102769919763238	0.121955207924025	197
-0.121033317189213	0.184516593519992	103
-0.0116982470371735	0.0141585448306076	21
0.0814815610098738	0.0868430638445173	21
-0.0541275872682448	0.0544549781306825	21
-0.0896942935018983	0.110391580812769	21
-0.0327622097913674	0.0337914592996189	21
0.063929356101207	0.0729892960132002	21
0.124948025673271	0.176932272635035	21
-0.00872542077316406	0.00856164731829381	55
0.0901149789606217	0.104429314327871	55
0.105060071509596	0.10955834625703	55
0.0634710738621533	0.0853968717927131	55
0.088942266990873	0.120418053630274	21
0.0764413697702066	0.10157164383208	21
-0.123080081116725	0.150345939986849	38
-0.0633955847667921	0.0788249114077299	38
-0.0509253767107651	0.0646524158677615	12
0.104118364217497	0.162425771721707	12
-0.0975263796147107	0.139871170254466	12
-0.123415086166634	0.193526921628162	12
-0.0766902577735787	0.117060550636662	12
0.119934703582903	0.16562117300876	21
0.072900156715178	0.101263344682819	201
0.0607233898539634	0.38532117000245	27
0.0253483807525856	0.112347744395333	27
-0.0820296914685349	0.212761014768152	27
-0.0265014689664946	0.0516080881287324	27
-0.00699592454485889	0.0116465837713406	27
0.0847468036373902	0.172350783280235	27
0.109163867151806	0.193839305254149	27
0.0271790219975457	0.0438948608825959	27
-0.0252383127666599	0.048516484099912	27
0.0420696053985615	0.0569347633442358	27
0.0290797571893238	0.0392749872374388	175
0.103477895525031	0.130581749027586	175
0.115860305811097	0.170657856273912	175
0.015212385652441	0.0214954624819166	175
-0.109981245651572	0.187125181127992	175
-0.0849886565894616	0.126983040793217	175
0.0513115847811022	0.0771114249438901	601
-0.0595984181945319	0.0863926593848477	44
-0.0889986562274554	0.148576760049155	44
0.104300793493517	0.16604227386076	44
0.0477321781272347	0.0703255320923584	44
-0.0197483520400454	0.0283376162739121	44
-0.0078424258626249	0.00989548143755667	44
0.0663772653240795	0.0931031428416943	44
0.0522500337527983	0.078908992236057	44
-0.0981438730825527	0.149803436946547	174
0.0920359811965471	0.12051101935013	58
0.074054769394105	0.101183426387773	58
0.00813221918664461	0.00979498747243156	58
-0.109971329006598	0.173078620230796	4
0.0946391668999711	0.125205421429827	4
-0.0019835441124182	0.00209078492709739	44
0.113305548733349	0.115880494585172	44
-0.0956836932536658	0.126922899126537	20
0.120694534655265	0.166953170187205	20
0.0431370920417298	0.0561261946822688	20
-0.0561618527087778	0.0593616639759896	20
-0.0967446891296977	0.101024397266768	4
-0.0535905604715681	0.0617536517308899	4
0.00165108452045533	0.00219131345084761	4
-0.0497141654219724	0.0615652493554496	190
-0.0209837081801496	0.0252219140394342	190
0.0659470041165836	0.0885274799525394	190
-0.0195268436865234	0.0247920869264677	104
0.0688427760911036	0.0834954566193943	104
0.114923261133893	0.140415038557669	104
-0.0347458541057955	0.0489082450560267	104
-0.0684281647051496	0.0931508181085023	248
0.0772051819277758	0.0950597021073247	104
-0.0236332246086946	0.0297354210215161	197
-0.0641183298323205	0.067382414852264	197
0.100030178604329	0.124317171159797	224
-0.0238402803480489	0.0205365045993135	19
-0.0510558792728891	0.0428344139834586	19
-0.00347004127106638	0.00352607786744552	19
0.122136873990806	0.199211381612215	19
-0.0263806793295324	0.0313591374857252	103
-0.124596679775752	0.14028753169323	21
-0.0956759095712374	0.114227880020862	21
-0.0534000536353905	0.0584405763599515	21
0.12108421950499	0.142331417723274	21
-0.114944890099414	0.125995528799413	21
-0.0420519758918999	0.0502770302508912	55
0.12188835038631	0.159608604479572	55
0.00940209576764964	0.0108895511578207	55
0.021468799608825	0.0234052678318231	55
-0.0877058135726212	0.125625344965213	55
-0.114425212903876	0.138775431545008	38
-0.0587472964955179	0.0738112633071074	38
-0.0423576159957476	0.0497041586973033	38
0.0276148600731863	0.0384995587001032	21
0.0532006597361683	0.068688030259024	21
-0.0637785559080634	0.058328063195218	12
0.0198182421932827	0.0235912227566435	12
0.0175109473362629	0.0237302968759868	12
-0.0570978858533487	0.0674352304152812	21
0.0713002195412925	0.102261928168931	21
-0.11172333346547	0.167604107833475	201
-0.09727072074931	0.0887341412891265	201
0.0341867149994887	0.187013060617562	27
-0.0722163337872178	0.400837072503455	27
-0.0236891378194915	0.0558805550705171	27
-0.00797925593893051	0.0121249701707403	27
-0.0710994537107117	0.109861928304462	27
0.0870229301808802	0.188384308693972	27
-0.0802849577418769	0.169723261686736	27
0.10160352704385	0.212178530180728	27
0.081703415760006	0.123899213515942	27
0.0342095977408351	0.0655838212345773	27
-0.0726049831005378	0.130079476032178	27
-0.0222211735316648	0.0302623866874021	175
0.112706604619988	0.12161931491971	175
0.0846574015844913	0.133257992668252	175
-0.0337439679571812	0.0529218009819467	175
0.0231785500058951	0.0330929439416558	44
-0.0560869038621757	0.0890542979121305	44
-0.00623021326043797	0.00804840236017877	44
0.00367931080364577	0.00512003316089894	44
0.1164298016807	0.187969703468222	44
0.0282656181341184	0.0394515975518608	44
-0.00705835511441521	0.00955861528866475	44
-0.110249869869805	0.188154307251485	44
0.0848662009270622	0.102183625912464	44
-0.0522346662348648	0.0756045434366454	44
0.0524787046676039	0.0801098575295392	44
-0.0548644222286349	0.0799265753648852	4
-0.0978840512324062	0.15870439745548	4
0.121263540213613	0.193836288448475	4
0.0759372366620646	0.0791149903532346	58
-0.0425789293437283	0.0485818126002456	4
0.116315319097494	0.183143692050899	44
0.0841186973747216	0.102332215199872	44
0.0551262188372695	0.0734345350167334	44
0.00802543664435932	0.00942526683179939	44
-0.105958112579496	0.0917401038462265	44
-0.044041219989851	0.0409471278826389	20
-0.03929797767112	0.0536501387731988	20
-0.0390811831285277	0.0521837429795852	20
0.0903198270816707	0.115567237215634	20
-0.0286039642249205	0.020294895162485	20
-0.0815586865173083	0.0939464481045674	4
-0.0678958263285521	0.0842426972468192	326
0.0261307290448808	0.038380847073493	104
0.043126910514698	0.0435244962788191	104
0.097309004776279	0.14057393033387	104
0.0160311315847885	0.0217619711460784	190
-0.0160244667409058	0.0121314506676251	190
0.0640151910042884	0.0516829740298439	104
-0.0903637947517179	0.101909232614051	197
-0.047467882130461	0.049681817145024	197
0.021444229375382	0.0105437781431674	197
-0.0827537909582758	0.116402770952281	197
0.0451112345971963	0.032036056391516	19
-0.021913596625333	0.0266018720292619	19
-0.11631729092477	0.198144473862761	103
0.00896376773968827	0.0124536954902807	21
-0.0206579006814273	0.0301620871807515	21
0.0315686924708909	0.0423526796621462	21
0.0399907890040317	0.052544711384622	21
0.0695149422821389	0.0968841713968988	21
-0.114882940001428	0.154737257851284	21
-0.0551391799336378	0.0729033488891991	21
0.0548578275414713	0.0670377655138178	21
-0.0376997027606701	0.0490296990400821	55
-0.0819834480991171	0.066950896012564	55
0.0300823678971224	0.0360687812202484	55
0.0148615041433116	0.0164722492799325	21
-0.0866373634779636	0.0790530616946944	38
0.0780288760410065	0.0701268301285885	21
0.101053493548945	0.135255358284473	21
0.0236602938877304	0.0256239481904383	12
-0.0229143606998306	0.0337327203508877	12
0.0929294454601673	0.147016441361398	21
0.0291669964992739	0.0361885281889342	21
0.0894153916553346	0.0834223602523137	201
0.082354282690823	0.561226919496389	27
0.0919625088481243	0.546787589886013	27
-0.0248828500393555	0.0538624147328898	27
0.0905607393728153	0.153394518397207	27
0.0357147300375764	0.0517646659594198	27
-0.0162446649420489	0.029647218753881	27
0.05181156517229	0.0969127867718856	27
-0.0482882629777694	0.0554455015976811	27
-0.0159587887457135	0.0275510593665028	27
0.0971858918835497	0.199016407452184	27
0.0343964956773988	0.0586390474001145	27
0.122053406638544	0.195798386062684	175
-0.121190809153756	0.189638074517876	175
0.0402713585211151	0.0519693986250244	175
0.107961681900043	0.124216129157884	175
0.0496018499077729	0.0794249848910973	175
-0.0750601023272841	0.110979329556917	175
-0.0268997963353175	0.0385978226083536	601
0.110824754766188	0.166304534423005	601
-0.0197620716606785	0.0233213114255662	44
0.0926506061522182	0.153702669916945	44
0.120781438199184	0.226121205322257	44
-0.0276816790843307	0.0287984372681105	4
0.0271629891253723	0.0127297732348578	4
-0.0886465708296214	0.0546065123212949	4
0.0328878275948482	0.0316531344256686	4
-0.109992765074452	0.172813425151639	44
-0.0118865369056969	0.0148248265345931	44
-0.120073450704444	0.116978606459296	44
0.0225345150546018	0.026065874825919	44
0.0182278488474393	0.0154999937061588	44
0.0435251348513913	0.0266440205572457	44
-0.00970108523777378	0.0121323112190711	20
0.0950384318340344	0.1160423511619	20
-0.101444915710587	0.123218112646684	4
0.0549084409700601	0.0418853423454555	326
-0.074267375774262	0.109287009448765	190
0.123486530777346	0.100420849862117	190
0.0252305672795698	0.0197350311729968	19
0.0945473183481711	0.138388385537173	104
-0.10731982526477	0.0587224248026457	197
0.0236296216316346	0.0112755155090989	19
-0.0709894142832437	0.114156292323564	103
-0.085685824582521	0.136648469607596	103
0.0505306123943031	0.0735241380882843	21
-0.00401994734520027	0.00513376197934537	21
-0.0324121119180452	0.0464748672656337	21
0.0548177396061847	0.0814519118734208	21
0.088328194457297	0.120175266324899	21
-0.0299457531480758	0.0384732046717452	21
0.04774597170985	0.0499494152183425	21
-0.0293182098523724	0.0386275321757659	55
-0.0257784069104275	0.0226831646438497	55
-0.0755809929676328	0.104948711359831	21
-0.0911143130430904	0.0826986472708145	21
0.082508348686187	0.0927606232618525	21
0.0934821307206771	0.123184043353203	21
-0.0426521300968478	0.0538584241868001	21
-0.0152113565528197	0.0223451766856191	12
0.0392366879500636	0.052352766970759	12
-0.0547279456822399	0.0762689663981563	12
-0.0321445425014388	0.0343313586614652	201
-0.0450980619873559	0.0312004281762509	201
-0.023011672752723	0.118397741534653	27
-0.117916863500947	0.758040175561493	27
-0.0318044795480613	0.077732836426884	27
-0.0828928356791209	0.13432037874495	27
-0.0914615698645134	0.139494441040045	27
-0.00431542319930495	0.00823882449669425	27
-0.0154069026064566	0.0262680123479174	27
0.0505685516593806	0.0990107094471887	77
-0.115869666520511	0.215510130085951	27
-0.106956423370684	0.238838578946914	27
0.0142755112556797	0.0249505731944303	27
-0.0178464162519728	0.0286606884963951	27
0.12389139368931	0.212100583762313	175
0.115773593135574	0.181884960573275	175
0.0519187450648234	0.0631194059948743	175
-0.0369280348690831	0.0263557286395376	175
0.0192011442977281	0.0269386777137268	175
-0.116563469215927	0.162089445847489	175
0.065389088269895	0.0987682836604416	601
0.0302678606849141	0.035851167218154	44
-0.0851494477144965	0.136187392164544	44
-0.0986665608463489	0.163079684502179	44
0.0440088903132546	0.0606050222278646	44
-0.110960077508366	0.190772087766961	44
0.0912795298480626	0.168479508975424	44
-0.0405929934438352	0.0450659815835505	44
-0.123358294531611	0.191890218142827	44
0.0927018119367399	0.0839192594714158	4
-0.0971734852078558	0.129011244666025	44
0.0378837788999601	0.0363142748330783	44
-0.0120096919947596	0.0142312233988179	20
0.0313640339964787	0.039873354957193	20
-0.0861503392320511	0.0544981004936082	97
-0.117090004678535	0.0682973721125223	277
0.087021896642796	0.098855425280204	326
-0.0957782927791005	0.097355866042234	4
0.0245978636545202	0.02396288654197	4
0.025514857108463	0.0352371778212217	190
-0.0496931970106363	0.0710285567313291	190
-0.0413803198211693	0.0578489827015603	190
0.0384997001978949	0.0475364428493446	190
0.0774313829783384	0.0543940274661421	190
0.106493864414836	0.125167498255995	19
-0.0555478059382059	0.0344383384461332	248
-0.0253894145938512	0.0266899446939204	248
0.0460609899940537	0.0438975459241973	248
0.0378300056475359	0.0485995554614565	104
-0.0102612070753655	0.00790628509839901	197
0.0741045893646044	0.0787438872483811	197
0.0197231016025125	0.0229573982944684	197
-0.0242154776573104	0.0179757729638471	224
0.0428704512277788	0.0238448491191704	19
-0.0365773594997214	0.0543194251109537	103
-0.109643461588342	0.177525649137253	21
-0.0693413785651433	0.107327817219667	21
-0.0886169056114895	0.122661376577027	21
0.0810314416642273	0.111147505103582	21
-0.0810944746261363	0.0521066042305367	21
-0.119740031998744	0.156401640672661	12
-0.0735339442561991	0.0597746440392023	12
-0.0435804165897191	0.0517205099697068	21
0.123891757053348	0.163254017667793	21
0.00688705885437893	0.00913566152129122	12
-0.103964062874358	0.161758457190394	12
-0.0424893973916822	0.0494409604204725	12
0.0811422836529556	0.539387545453628	27
-0.0340952263503101	0.154193013586901	27
0.0399685937310407	0.131308700317056	27
-0.0545888155325526	0.127994102976818	27
0.0930477239393248	0.207394555428081	77
-0.0672213117558868	0.148980440837149	27
-0.0877684248666975	0.213242285311823	27
0.0598423680441249	0.103543232675292	175
0.0203366383975592	0.0306921160585959	175
0.104338338362439	0.144236274869681	175
0.030202628736804	0.0309957954905064	175
-0.116498064418826	0.137260805017056	175
0.0689492648549529	0.111594616773573	175
-0.0964574333602528	0.168680134761503	175
0.0518459982686894	0.0857146822887964	175
-0.0993583872269261	0.180611567242599	175
-0.0746996728506679	0.138008160094931	175
0.0496250439903757	0.0835426971234276	601
0.063686908610926	0.0811621149803452	44
-0.0290564213794238	0.0449970900626546	44
-0.0847295309368373	0.129121967025114	44
-0.106402526903506	0.165565867582288	44
-0.018429981838244	0.0245671548297625	44
-0.0871739696376342	0.12650033875787	27
0.108384738647603	0.183750273184501	44
0.0393876708824979	0.0489777942823189	44
0.0414875535649424	0.0242888281657886	44
0.0548276304016978	0.0754170298197631	20
-0.124884006110475	0.19894461459676	20
-0.0349495920912704	0.0251452285261629	4
-0.0178330882859596	0.0203387315340355	4
-0.0400496783286557	0.0337097007622077	4
0.00204260582348621	0.00216462099617956	4
0.0949548712496903	0.155430842359578	4
-0.0116207106344478	0.0108781268462588	4
-0.0266339055488012	0.0391583665125114	190
-0.0530819670820695	0.045421948569311	190
-0.0728851726450906	0.0834287398047759	19
0.0262985325019569	0.0214137920070454	248
0.10688016313305	0.138269040327013	248
-0.0240942326823474	0.0249860045112692	248
0.0963453313476923	0.11748244510214	248
-0.0949792660741026	0.148044967336957	248
0.0661339290633684	0.0684254662875111	224
0.0191183777922412	0.00882773285634382	224
-0.116183695805393	0.068105729350201	19
-0.00331722789579708	0.00396620079492325	103
-0.0344812241738612	0.0397123260890603	103
-0.0865264702140618	0.145905260868968	103
0.0855532560015928	0.130293626028472	103
-0.0171468923113563	0.0226151035091698	66
-0.0360715406894511	0.0508265247895628	21
-0.0691082427249172	0.0887353637348782	21
-0.0223754456516455	0.0286195612511236	21
0.00599449227472568	0.00681849843554613	66
0.0725918724830099	0.0778636801266321	66
0.00258748755441576	0.00246795430466956	66
0.0274314898593074	0.0146302494979329	21
-0.0465400565249092	0.046499018959186	12
-0.0772831985201212	0.0913735595450113	12
0.0671067109817442	0.0951374114151799	21
-0.122655509022189	0.166035552470343	12
0.088683541876757	0.111080187921317	12
-0.011872894760982	0.0158147466829892	12
0.12082372381864	0.193973303746071	12
-0.0351489769835003	0.0447483528156672	12
-0.0358307753223867	0.0479064856799495	12
0.105954140828362	0.150246782199415	12
-0.04944133060882	0.0544256947962624	12
0.0774427864488786	0.494280465948475	27
0.0413014552396405	0.0910177396050105	27
0.0290674894334005	0.0579991677497478	27
0.0111159771644462	0.0215711917581478	27
-0.0536541560725064	0.0939103283323202	27
0.0350819627732918	0.0519064772324447	175
0.114666459316295	0.198560473521084	175
0.0282881454002632	0.0415490987554388	175
-0.11174512954092	0.155466613858855	175
0.0249100527615584	0.0208674938626256	175
0.0655306298179166	0.0659520151254689	175
-0.0956733171005245	0.157908254262885	175
-0.0921455945258487	0.149008964504427	175
0.0162611974387332	0.023370394408986	175
0.0268590451635634	0.0391078074476631	175
0.00894535611084359	0.0127793562438384	175
0.101852685278078	0.18097774262378	601
0.113310307202225	0.185689308290938	601
-0.00256984259403771	0.00381294388935186	44
-0.0177868239589362	0.021248082579002	44
0.05369926898402	0.0703744554865811	44
0.0790093409176782	0.113855545242851	44
-0.0158286667819979	0.0220770135914648	44
0.0290942591756516	0.0387918680886688	44
0.0423811337049819	0.0436227093367442	44
0.124670713918351	0.173266289751882	44
0.102933797177855	0.143208908098482	44
0.0902681336037256	0.12339870314715	44
-0.100538044359981	0.106624870336001	44
0.108675058995878	0.114401322542331	44
0.0147586566956919	0.0144500124360157	4
-0.0382563810179513	0.0513026486756073	4
-0.112692617177048	0.147078343826017	4
0.119302491164684	0.133838729550167	4
-0.0565098281355196	0.0791683332833455	4
0.0250051596868866	0.0323810804794103	104
0.0931625104590944	0.110305985339088	19
-0.0289839880099294	0.0276756764785973	19
0.0427756054041654	0.0255424918013092	19
-0.0482007801732923	0.0599320170295371	248
-0.0176510442630884	0.0233867863247948	248
-0.0963726288550595	0.118426104343071	248
0.0237585168984258	0.0297789484856103	248
-0.0818023762846373	0.0953192413063978	248
0.00605029886698795	0.00654972120358427	248
0.00172555307800599	0.00214331335092217	19
0.0555840935596936	0.0407869708642047	19
-0.0871274297872262	0.053555800337504	103
-0.096677591889142	0.14851164295968	103
0.0204785517833327	0.0270689096758263	103
-0.0386488673464175	0.051267187770665	103
-0.0379285010846841	0.0451034452753296	66
0.0410505302433119	0.0463964570630651	66
0.100084424348528	0.121693601063715	21
0.0634203185109172	0.0640702210667599	21
-0.0801899029998053	0.0930141523892081	66
-0.0856228324265123	0.0838620230863519	66
-0.119019357171079	0.137827593414023	66
-0.0685906412732631	0.0751410943885319	66
-0.0396614392951846	0.0494591878394795	66
0.12028655026504	0.17538113639046	21
-0.069292745795931	0.090526608191345	12
-0.041682734755038	0.0460023300045532	12
0.0552434121074783	0.0632714268560365	12
0.0273691897624679	0.031067640087488	12
0.0551412465547401	0.0719543721710226	12
-0.122206994078376	0.185361237347294	12
-0.014963431382586	0.0197326009424716	12
0.0104297642878831	0.0126175908099159	12
-0.0951073132426171	0.13891879379983	12
0.0974980358451083	0.756524289058504	27
0.0792637410422663	0.167653000737331	27
-0.0667735180438005	0.138716374807973	27
-0.0631729901712368	0.158125280136629	27
0.104241318485844	0.186753598734569	175
-0.063430877961773	0.104121646154954	175
-0.0197875815550948	0.030404086437193	175
0.0167077696097666	0.0251521971757059	175
-0.0409449105466235	0.0692249027998901	44
-0.115577500772395	0.199464046170122	44
0.0534349406159783	0.0769753866953027	44
-0.0481275791051786	0.0512029532100184	27
0.0955640899405567	0.121973185664824	27
0.121302565250945	0.20991342165557	44
0.0706237678367617	0.103734633753278	44
0.0498976543522825	0.0686493662896942	44
-0.0828474200397817	0.109836032801353	44
0.0762856727796611	0.115917612710017	44
0.0905129038637062	0.141742722891977	44
0.110025508245139	0.140416134527738	44
0.00518235568382655	0.00655876980433535	44
0.112461815166885	0.12947554091879	44
-0.0968838356664133	0.133021924657139	4
0.0481531302402669	0.0556226641329196	4
-0.0207221653819825	0.026977754451744	4
0.0998309963665769	0.101989982458763	97
0.0144461398261474	0.0165035147402077	4
-0.0190466518548908	0.0227132263985041	4
-0.0380918251381179	0.0465014395248028	4
0.0138336029606356	0.018500404132076	4
-0.0393416305600395	0.0569834050749777	4
-0.0557704534296544	0.0907260327354191	4
-0.0601705529621188	0.0857237217527499	4
-0.123192754115476	0.164394270851742	4
0.0900326109556282	0.128039739965819	19
-0.101720098643091	0.12456767254739	19
0.118726731126865	0.157035442156136	19
-0.00539229272892242	0.00606652549446161	19
0.060882113011433	0.08184186429221	19
-0.0868321483330154	0.105264081605947	248
-0.0589459251385489	0.0748846616485695	248
-0.0097608716792198	0.0132131302124881	248
0.00945606231514425	0.0117977256835477	19
-0.0274541245737255	0.0375312388070624	19
-0.0491206310543306	0.066215916225777	19
0.10372703660537	0.157013126157905	19
0.0701086623744547	0.0645424719035852	19
0.115497989382664	0.126087868344349	103
0.048439338015999	0.0604435968426907	103
-0.0375563656398235	0.0549369377967747	103
0.0521891530523751	0.0795256034767392	103
0.0893984581037419	0.13907721075619	103
-0.00214893532642413	0.00149640962400022	66
0.0507707879229178	0.0623215289121291	21
-0.0707316145749888	0.085566526357715	12
0.0788159535422083	0.11068997582799	21
0.0398229026428313	0.0570185278644617	12
0.0791296900359061	0.1053417808245	12
-0.0978375001123643	0.141591456228105	12
-0.063924172563779	0.0947673366809331	12
-0.0908950564844629	0.118015115411491	12
-0.0497020841476364	0.0512969588859026	12
-0.122025453767922	0.186300758316218	12
0.0168928389851009	0.0226346760874056	12
-0.063542205193853	0.075334880644467	12
-0.0817377548281826	0.121017530538463	12
-0.0755154046601433	0.0811682978960195	12
0.107295142562608	0.80623997933004	27
-0.111108942603552	0.662615180188239	27
0.0652214594177538	0.279378698129566	27
-0.00400137266623401	0.0139074555619235	27
0.055950937909111	0.188072737811257	27
0.0412472245646256	0.117788795345918	27
0.063696173731885	0.145246059073262	27
0.00307247585051504	0.00626578685222271	27
-0.0927084312878069	0.225887745935397	27
0.109250264328775	0.155088345806717	119
0.0987258993615519	0.150103486002719	119
-0.080330681103914	0.12031835220321	175
-0.113873820056094	0.17819488049805	175
-0.000406440592158975	0.000463326785810645	175
-0.00238356209933733	0.00315383439923422	175
-0.00220248880149171	0.0029631291930868	175
0.0908381929676295	0.145120678881739	175
0.0247107283842207	0.037773602852891	175
-0.0965676765003317	0.141962912378517	44
-0.0193245007369516	0.0182507509771743	44
-0.0575718102500591	0.0747232486122151	27
0.00958438311502015	0.0118405462196746	27
0.117561950602166	0.164735465552391	27
0.106531319730483	0.146833058450554	44
-0.0224940362273287	0.0306908475689896	44
-0.0937980089681376	0.127461576833506	44
0.0334565291413139	0.0327901286930145	44
-0.110409387508866	0.133473096428773	44
0.0585621153910919	0.0757278194244743	44
-0.0955326819846407	0.132397271805954	44
-0.0558988023481139	0.0756130908296039	44
-0.0853987125505927	0.104092218975492	44
0.038336853010864	0.0523595813895269	44
-0.0517686655039629	0.0520880637215407	4
0.0358696064797514	0.0372918752909465	4
-0.0892952290257236	0.125531793220769	4
0.0961951401989215	0.139781259254693	4
-0.0949205802716574	0.136053906010967	4
-0.00500549680106026	0.00601680586722843	4
0.0852365020522677	0.0703749945209516	97
0.0754300936676642	0.0768096880935091	97
0.0583760184975859	0.0493961750815102	97
0.0466891791064755	0.0582757155576113	4
0.0890028375962175	0.0847897878202377	4
-0.0564287331079606	0.0835207462501524	4
0.0394458768776717	0.0516082072618021	4
-0.0131501774639471	0.0137747597897006	104
0.0671780303453974	0.0748676961056604	104
-0.104007110205904	0.13923151647726	190
-0.0485851563062165	0.0586777104440875	19
0.101886601672517	0.15089375202108	19
0.0771537142460439	0.0805622701967776	19
0.0372496235910918	0.0493763590190541	248
-0.0469495289132365	0.0614852089334699	248
0.0789434940831831	0.102243859457161	248
-0.108992876306688	0.148691454233229	248
0.0404474906554933	0.0489944390686894	19
-0.0665965732076553	0.0710731316367511	103
-0.0370798188819963	0.0554873002807697	103
-0.0591007652911757	0.075959084773371	103
0.0463092132981712	0.0436804861579624	66
-0.0213641358948832	0.0222495767365881	66
-0.0701744485406391	0.0702384540349667	66
-0.0803307828172569	0.0666701281464647	66
-0.0617199542036638	0.0622685020674134	66
0.0383139885105854	0.0352561140457628	66
-0.0721861651706232	0.102688535126002	12
-0.10843850410658	0.150675870726559	12
-0.101369382318009	0.130997907370006	12
-0.0878615472455986	0.116846331688159	12
-0.109188471601683	0.127019068177883	12
-0.105348193815177	0.140955131730873	12
0.0952229326803889	0.116227264537614	12
-0.00196878765657302	0.00211644667091832	12
-0.0451380094990604	0.0472077613611983	12
0.0660525993392844	0.407734777504229	27
0.0429436270962276	0.145142703636018	27
-0.068181152439787	0.21987608026143	27
0.0645727201972211	0.215567285763956	27
-0.0808903005526247	0.219189723299673	27
0.0697892951135287	0.15898889941733	119
-0.0846245731460206	0.123004755767531	175
-0.0654370659467982	0.0931721777093761	175
0.0552861589805106	0.0807602836232874	175
-0.0853748991248238	0.140255315469964	175
-0.0322993639372595	0.0490842744997607	175
0.11351765238947	0.146333518800565	175
-0.0437098224561322	0.0569663290481997	175
0.00868901912164798	0.0129009455410818	175
-0.0556894915357936	0.0909589964713835	175
-0.101573044427774	0.1323538461012	27
-0.0525995952435256	0.0837673480327974	27
-0.115817002081002	0.195300491240066	27
0.0392739255520172	0.0454162708119358	44
0.00402572937246183	0.00406401731340007	44
-0.0732380798176385	0.0784303195783433	27
-0.0230277001765496	0.0283154253214169	27
0.0227744324417548	0.0319697122999486	44
-0.0474153727611972	0.0665915526985786	44
0.00742791785702574	0.00878912420901102	44
-0.119160228952981	0.176117656175209	44
0.0180061218224502	0.0222806694094775	44
-0.0167149708686294	0.0222819075823882	44
-0.0086590943933199	0.00825488180988448	4
-0.0847495024076713	0.0669170442239101	4
-0.0898287852021793	0.129807199128397	4
-0.119268708864428	0.187935499862011	4
0.000351672338474325	0.000478456751245628	4
0.0827971823888084	0.111646754448828	4
0.0201210314333741	0.0170833137502437	4
-0.0461012040384777	0.0625511089511963	4
0.0565867860827668	0.0806900766548747	4
-0.0121202810401175	0.0119055267639031	19
0.000760740619794136	0.000911215051728992	19
0.059654912518575	0.0631608219437816	19
-0.1242289305802	0.198203692713268	248
0.124812667718956	0.18898405680478	248
0.0961973234050154	0.106365325340136	248
0.0861958701010788	0.0911231999855746	19
-0.0600933879525247	0.0897570501179183	103
0.0699380906494976	0.082294949292594	21
-0.0962142956595794	0.123569927506994	103
-0.102777880903429	0.112838166821916	66
0.0975026962720783	0.0941401892410969	66
-0.100635974920059	0.090324397882775	66
0.0456934382077332	0.0403568843134157	66
-0.0387966981941848	0.0365818446615065	66
-0.0863036297456199	0.0861611726022668	66
0.0805380152240862	0.067422583045527	3
-0.0651310982226687	0.057751846867017	3
-0.0425790940319771	0.0496157104230586	3
-0.0998246076393586	0.119174911899177	3
0.0360530400807404	0.0386458574263607	12
-0.0281710605106607	0.0294599827584096	12
0.0228293360833914	0.0279244969696715	12
-0.0955018741100897	0.0994907914013798	12
-0.0466582684116452	0.286998015685653	27
0.068146103910821	0.224028250498091	27
0.0800403598268548	0.286998068573836	27
0.0857337838857743	0.141643052981051	27
-0.0920223657774199	0.183027451629373	27
0.0598284356602913	0.0648763128728398	175
-0.0864138593949961	0.151664631182641	27
0.11352472632205	0.219003991675096	175
-0.0963728871728557	0.138746686075046	27
0.0951406790508326	0.114577228258576	44
0.0457697938667134	0.0299394099618381	44
0.0145514449682621	0.0167165940822454	27
0.0192240673913811	0.0206962601627199	44
0.123946724005548	0.190678608412782	44
0.0802878294623898	0.11949057134282	44
-0.0423660749362676	0.0384585743804193	44
0.103033601366593	0.0987367325493204	44
0.100040201894146	0.164881487992066	44
-0.0862724267113034	0.129918119533018	44
-0.117769262685268	0.11101124398659	44
0.0254055276468519	0.0318641373011574	4
-0.118043843253666	0.220298011605468	4
0.0204468585039996	0.0192063350604424	4
-0.0978737736292753	0.0786269305288416	4
-0.0582263407613197	0.0538691647277962	4
-0.045883677668708	0.0514060209621299	4
0.0640185124522746	0.0931820288381198	4
-0.0926154974773511	0.13218430949691	4
-0.0597418846532726	0.0925086399004216	4
-0.105981542679021	0.108297177765683	4
-0.0174103274471022	0.0228291089338913	4
-0.0221041706432023	0.0244340597778735	4
-0.0685995735226939	0.0542333566486493	4
-0.0805214841966983	0.0736672306773621	4
-0.113899063162565	0.204598115076044	19
0.116064062922514	0.179996496849859	19
-0.0224971985522739	0.0281792166559866	248
0.0393730957171899	0.0396953289901003	248
-0.115112916629647	0.175678244077592	248
-0.0778513101698118	0.103029502896714	248
-0.0605859940183131	0.0768550866285858	248
0.00242578424670561	0.00307267536713969	19
0.0843463443824732	0.105165112899466	19
0.0285964413216142	0.0350673488444494	19
-0.0616662499395307	0.102618735643802	103
-0.117318685677648	0.212674239358197	103
0.0437083538228301	0.0667193432974583	3
-0.0621372376866425	0.0870330989684416	3
0.0875235601976477	0.149381196491926	3
-0.0458920043364085	0.0379646775898275	3
-0.012326145801614	0.0167113264616489	3
0.0529015678775369	0.069991704379719	3
-0.104461504228346	0.126792932838697	3
-0.0612242262235944	0.0565892772298583	3
-0.115034703552518	0.164583732325612	3
0.0784841017256309	0.110003596327749	12
0.0689575957706967	0.0877481938388785	12
0.0776155033914442	0.535190933641109	27
0.0654748013961889	0.235774390187537	27
-0.0607711777622984	0.160710512130151	27
-0.0810992940418726	0.074741151335718	175
-0.0665065863421113	0.0798862421558156	175
-0.00494791263717457	0.00476553627269744	175
0.0117865022038823	0.012432803598245	175
0.0427776954888036	0.0373477691635819	175
0.0864144018805541	0.0937081045383415	27
-0.0128195228104162	0.0140304840814998	27
-0.0295040275473103	0.0365762150196881	27
0.0326893284498954	0.0192801336956631	44
0.0387247848285218	0.0220986970368225	44
-0.0324975827314331	0.0233240369335347	27
0.0407685394730498	0.0410661779641339	27
0.0308583859416497	0.0299455145992852	27
-0.0785396625376881	0.107819805991787	44
0.0332880277533775	0.0408681871730431	44
-0.019214668818593	0.0214166508885929	44
-0.0889279731327618	0.140083150619865	44
0.0295145391615289	0.0418735554406591	44
-0.100626380857822	0.152671696933526	44
0.0647291946697634	0.0539652628491338	44
0.0424850199602479	0.053397372878292	4
0.105990067712432	0.114874916218709	19
0.0478304304815014	0.0500802391095337	4
0.116113661057525	0.125270985341402	4
-0.101809590690707	0.121253234205718	4
-0.0166201261605184	0.0189997662521633	4
-0.121722979165263	0.15773991344016	4
-0.080936319803328	0.114152246118216	4
0.0966483425793255	0.118194847558522	4
0.0474569228755017	0.0298138256707504	4
0.0369295793415651	0.0478518348086929	19
0.0625565792496015	0.0789963332713723	19
-0.123482987421	0.169670948194272	248
-0.0882079339502028	0.0877499118935782	248
0.000243945325429676	0.000370442355854972	19
-0.0305916288433551	0.0341932713340645	19
0.0182117267694917	0.0199486222887193	19
-0.0982474131623655	0.117154044282593	103
-0.0680713193951011	0.0878776382670414	103
-0.0193713089813928	0.0266344437479146	103
-0.0545041008482094	0.0581948755460093	103
-0.0900405523634196	0.138252819078103	103
-0.0782156766464686	0.0482678714232228	3
0.0246768831704792	0.0132418969314231	66
0.0108241571112921	0.0129721488585228	3
0.0114373013010804	0.00950679643740451	3
-0.0533582394218277	0.0682986215435578	3
-0.0139349085155233	0.0121934905311101	12
0.0317561335967773	0.0178329268066586	12
0.0413246217678728	0.0417551234347939	12
-0.0345111819917296	0.0450910785778575	12
-0.0726235322169243	0.0879640838324031	12
0.0857009329805113	0.593995457101132	27
0.116892579089939	0.285829144139016	27
-0.0586965599730284	0.181276758149357	27
-0.0204431927852662	0.0385784199133895	27
-0.12045218863664	0.122150978579913	175
0.0104773670581697	0.015481784500198	175
-0.0208435342359188	0.0327216063956006	175
0.105769700876262	0.133097998735606	175
-0.104146194929132	0.118437766069242	27
-0.0941351641651962	0.117425746234729	27
0.0934658737740811	0.130035070756955	27
0.0713386814196819	0.0816423374852588	27
-0.0632630509238773	0.0908289994792585	27
0.0611315145274769	0.0888607744664694	27
-0.00380574727980377	0.00460450949054877	27
-0.0873229602981504	0.0805916628474058	44
0.0277291564601259	0.0289186466708559	27
0.0412297551362745	0.0510316585881902	44
0.06702328217446	0.0922666209867388	44
0.0487460940437382	0.0590309021656938	44
-0.0104986272709561	0.0126428015308148	44
0.0733058250490039	0.100217096075062	44
0.114353354242827	0.148791807180097	44
0.0192977280940952	0.0228009477042427	4
-0.0635586486110063	0.0700347657153007	19
-0.0457067141055032	0.0506840888537459	4
-0.0951683212903993	0.094081263133656	4
-0.0995324233732765	0.126927125638162	4
-0.114740067521958	0.133545889810897	4
-0.0437885802165904	0.0549818857398037	4
-0.0774501190703677	0.0945127531758564	4
-0.11189821620595	0.158317380624932	4
-0.0338063022284949	0.0243659142742304	4
0.0880194118870934	0.134986546691077	19
0.0416103827154786	0.0522985882268645	19
0.114004051560738	0.151613696135896	19
0.0838115749859135	0.113614749006081	248
-0.114414089911137	0.144633003984197	248
0.0531636869383397	0.0495736428557259	19
0.067598002512187	0.08443590601819	19
0.119439376532075	0.148767420111553	19
0.0302249720774806	0.0368730096940335	19
0.0526827030243535	0.0736078012033433	19
-0.0370994679378064	0.0455174718320108	103
0.0409997272337079	0.0281636608087535	66
0.0431797744890654	0.0268734514579334	3
0.0619997321215959	0.0484722923300015	3
-0.0246521016993381	0.0176757250910454	66
0.0231196873575439	0.0297944808644609	3
-0.0252127113039243	0.0308051707871562	3
-0.066637261222841	0.0677096738823825	3
0.0109846299856935	0.0134226401577178	3
0.0417015024357971	0.0424057489467775	12
-0.0950449826857404	0.0877653920209523	12
-0.0673430465027895	0.0423204867231897	12
0.0707334194648415	0.0614022909115289	12
-0.021376606133094	0.0295318037255708	12
0.108971072771232	0.862741197176189	27
0.0451025279140598	0.217994566855113	27
0.0872894954595744	0.274053457856747	27
0.0369442559034433	0.0956114628995889	27
0.0816827767839132	0.156695175124884	119
0.0999734776047615	0.153206413903809	119
0.0632119509827071	0.0775928011336334	175
0.00552001757478187	0.00662426448586123	175
-0.0261498306678969	0.0382879884886743	175
0.0119024416190473	0.0183039041897163	175
-0.0207498440936926	0.0308697154511254	175
0.0297173913931277	0.0389422968524746	175
-0.0336395722050895	0.0433182379719398	175
0.0480417630324686	0.0633977708754655	175
-0.115255099583889	0.162948954522269	175
0.0836989153053626	0.105890300854406	175
-0.0282290012775169	0.038164341052739	27
-0.119716479647809	0.187779249089635	27
0.00324058469566501	0.00245959181937126	44
-0.0309181499890866	0.0255419274275693	44
-0.0424891186423087	0.0438189507432363	27
-0.0457136678134939	0.0456369464608772	27
-0.0897071705158631	0.0969542950126016	27
0.0913795878741101	0.114612863901179	44
-0.0265376429077913	0.0337564787431291	44
0.00585127168028643	0.00588302807587406	44
0.0306682938210212	0.030550260350551	44
-0.10654020071519	0.149498414939742	44
0.00647536167256484	0.00801453989320177	44
0.12048655484237	0.127868347436608	44
0.0355310550164638	0.0391105287223572	44
0.111412062137547	0.144169768215787	44
0.0994464320726165	0.123881363623723	44
0.101834184382412	0.124048054175189	4
-0.00711452442388462	0.00685361046286911	4
-0.0915403986402806	0.121515143167657	19
-0.0948883463480984	0.115120618447416	19
-0.0586894796920108	0.0556850162325052	19
0.0243320008883679	0.0196277066624135	4
0.0892440907789993	0.0953229097435294	4
-0.0953221838034891	0.102884977476347	4
-0.0815793665539226	0.0846516898993514	4
0.0808622802358256	0.0825599307582616	4
-0.112066692312421	0.1286365231192	4
-0.122230774181011	0.174630675581086	4
-0.0761747055404047	0.102447474334313	4
0.0653949014808427	0.0840653409564129	19
-0.0216421312828848	0.0244023541639913	19
0.119048133620413	0.155557174672583	19
0.100327101055682	0.130593132829563	19
0.0636496465287535	0.0622920717518654	19
0.0161553972114117	0.0174227432244976	19
-0.0645080048728636	0.0759578785276965	248
0.111306916887455	0.154218879461181	19
0.0826047492573215	0.0760274975196807	19
0.0640772896875291	0.0906179423520337	103
0.0337701101362634	0.0212869997533487	66
-0.0205831270968647	0.0234219012638455	3
0.0359500014323634	0.041534519948119	3
-0.00364443030496606	0.00358895711953388	3
0.0425114371228451	0.0477969238814463	3
0.0514905520234295	0.0591132106401799	3
0.0121231258728699	0.0156075474426721	3
0.00210331571753619	0.00220596405690797	12
0.00269772794258736	0.00258624391019497	12
-0.0378419494865639	0.0361964896850048	308
-0.0836788753269053	0.0823736490461535	308
-0.0564459481889243	0.0611347035836039	308
-0.119624551457104	0.126842603165802	12
0.00664359840047927	0.00741492389320051	12
0.0374191280886686	0.208910599129097	27
0.0426042139006032	0.226152878309865	27
0.115366246563137	0.392356260488203	27
-0.0657845916256929	0.184882238980106	27
-0.04500733571768	0.0540574663413268	175
0.0787427692949002	0.120627595899534	175
0.0745444873123298	0.102880658924429	175
0.017968797629295	0.0236391587591648	175
0.0151611126624531	0.0205648292338544	175
0.0326317953475339	0.0407184011783136	175
-0.0847123435817837	0.116426530711924	175
0.0622894687106437	0.0977107567771416	27
-0.0662572817877062	0.0903555480648365	27
0.091283414974021	0.134584760621281	27
0.0152101459677519	0.0176244547280848	27
-0.00991429061407217	0.00764096941196648	44
0.0179013743225012	0.0189528462573385	27
0.0130957269986056	0.0156536046974932	44
0.0639537260365253	0.0796499072312373	44
0.00126362238898397	0.00136000753264997	44
-0.117907639291668	0.132017421523399	44
0.0814299415744426	0.104124295826044	44
0.0674242146706416	0.0786895940885979	44
0.0609605127880081	0.0806472549729183	44
-0.0318397471620491	0.0339244547589949	44
-0.0661374025896738	0.0719372672161016	44
0.0546342989193983	0.0602502370093683	44
0.0116474377278237	0.0116251172368322	44
0.0501092168049026	0.0466744493031099	4
0.044126184591704	0.0455714310021029	4
0.059165278780097	0.0607868342038894	19
0.00329047523836778	0.00336044740834254	19
-0.100179467622028	0.0902793241966266	4
-0.0892232891230062	0.0843843688360864	4
-0.0552300069296425	0.0619621584980375	4
-0.0101015772851249	0.0112863232386846	4
-0.0103242962789213	0.011453310126332	4
0.0739288641381817	0.0921164408933314	4
0.00304320663361959	0.00306367407395027	4
-0.0257720951788132	0.019025445564445	4
0.0708555319533624	0.0735045893132645	4
-0.0716541844921222	0.0873828193777139	19
0.0328090763056576	0.0343936320236411	248
-0.0924381986490972	0.0975417475747638	248
0.118482203057929	0.153526790482013	248
0.0344438712239153	0.0387785352232343	248
-0.01588470870589	0.0153915736909858	248
-0.0759461130482425	0.0775238295247043	248
0.111295401402759	0.133979495869619	19
-0.0239895904101027	0.0229356400877674	248
-0.0610123866561403	0.055981274234365	19
0.027931585366521	0.0243418676883839	19
-0.0162561159642906	0.0162495160895642	103
0.0323750273402417	0.0395270034652677	103
-0.081559285382873	0.067771322209221	66
-0.0572424255362815	0.0394461729433848	3
-0.0861828140231812	0.0684683188787755	3
-0.0523298051982611	0.0349505617463526	3
-0.0641607090356971	0.0538728934032838	66
-0.0744840577491901	0.0682641609832689	66
-0.07893531085281	0.0913576565972255	3
0.121889259255363	0.129508943704542	3
-0.0256701943940269	0.0268979562274077	3
-0.017673260394171	0.0173146206347634	3
-0.100126127203872	0.10616089805187	3
-0.0190204617363183	0.0198164343769742	12
0.0896476269884037	0.4863250676341	27
0.11031366495734	0.572068616621596	27
0.0231050106488104	0.0362536787824652	119
0.068468654986087	0.112000986931628	119
-0.00400627964796945	0.00579429484481202	27
-0.12445256524232	0.232533257766979	175
-0.0360203368108759	0.052836808276934	27
-0.0970637776304354	0.135387547110266	27
0.0929539501601969	0.092301041470873	27
0.0772472276199665	0.0955777761131548	27
-0.120871922522856	0.136292081323742	27
0.0489563305433702	0.0679572464684582	44
-0.0850166264425702	0.118868609836995	44
0.052867925991585	0.0671410324718256	44
0.0956578795702517	0.111391359386905	44
0.0762559925000633	0.0911834253356374	44
0.00743331934242577	0.00838576834468595	19
-0.0747454208537256	0.0796676334215315	19
0.115859633340043	0.125811853664154	19
0.0303527597732405	0.0266040737800119	19
0.0476029202140577	0.0523779678263831	4
-0.104952230644779	0.131853843464591	4
0.0228207889186705	0.027202185523538	4
-0.0268127143931511	0.0352486317870711	4
0.0287652038219188	0.0358079453025491	19
-0.106941235969672	0.139171191765573	19
0.0725829539395932	0.0846594766781717	19
0.100067312771661	0.127990963743001	19
0.0174693258813734	0.0204589633384643	248
0.0644328787401227	0.0864068636567242	248
-0.0711851114305741	0.0860689061312228	248
-0.123531416285083	0.165652547207816	248
-0.0338096234939986	0.0409620264162385	248
-0.112749063224657	0.118335813955024	248
0.0603472921445176	0.052697029040167	19
0.020416340252984	0.0190246511072194	103
0.0930380568209505	0.108971558428004	103
-0.117788695266103	0.163759253234631	66
-0.116628786209065	0.0891880548381861	3
-0.0645071279005097	0.0423342194471723	3
0.065490034995231	0.0505131837323688	3
0.0994211984857887	0.122151032989481	3
0.0263746508547894	0.0316053998183251	3
-0.111042581212351	0.150224880316557	12
-0.0939634676161114	0.118319181999591	12
-0.046616271806698	0.0434528222581671	308
0.00604687454841458	0.00539189385715824	308
-0.0992609869806113	0.125665956707444	12
0.0549951446320405	0.329639778983765	27
-0.0275607430893413	0.125126049309285	27
-0.123842600931578	0.618276640169153	27
0.0950632991686432	0.236892098511275	119
-0.0994638107665362	0.210156200806057	27
-0.0155236191985163	0.0265511364910596	27
0.0956257325212028	0.190723797880086	175
-0.0913093016655343	0.116804571154483	27
-0.106115576092599	0.18900944464974	27
-0.120424161855222	0.242408390450969	27
-0.0657369774123261	0.1150561400263	27
-0.038871031036711	0.0632120306770006	27
0.0216161768187783	0.0267649402052466	27
0.0328777669981818	0.0488289870174929	27
-0.0148042674033109	0.0176364600507472	27
-0.0904374068975824	0.1145773198743	27
-0.089462328811199	0.125511342836541	27
-0.0897327169876439	0.141406041187943	44
-0.0453789108840063	0.0654451520500361	44
0.0781855251064797	0.106265010456389	44
0.0796750994022643	0.120229303888568	44
0.00684065558679595	0.0095329634503126	44
-0.0157531350041845	0.0196409484388269	44
-0.0615804430673769	0.0698651724771158	44
-0.115440999036532	0.165490066118747	44
0.117122784090152	0.194616325951351	44
-0.026004341891076	0.0333331981317004	450
-0.0507512869531655	0.0470258303113931	450
-0.123101454671213	0.139278691977421	450
-0.110246151349464	0.0839496986328719	450
0.0615608920659943	0.060976343694822	4
-0.0640658634153219	0.0850823606310825	4
0.0382955819473114	0.0554202843677406	19
-0.0204293253107161	0.026507398367036	19
-0.012677974388377	0.0141588023765892	19
0.0488578284991959	0.0341973828774081	19
-0.0340052871684923	0.0231118445410763	19
0.0413219984053982	0.0456491108492692	4
0.0682467632125709	0.110769684630191	4
0.00314781307144107	0.00418754738612679	4
-0.0372612559142318	0.0501195554087793	4
-0.112450246297945	0.175619761537673	4
0.0226386580391105	0.0322899271830365	248
0.0395296575370322	0.0238806934443018	248
0.0231059615761861	0.0199973723932224	19
0.0114442661800754	0.00892586969494572	19
-0.0743229393330549	0.0461991718806326	19
0.120511586765881	0.0791902709660477	19
0.0627818034239984	0.0902988144383576	66
-0.0187915950852108	0.0231187460422032	66
0.0950437477138272	0.128007281696943	66
-0.0131824447441482	0.0144106605275554	3
-0.0716893735755598	0.0767637122406506	3
-0.100939158330134	0.120761730057145	66
-0.0456987075572537	0.0391907078960025	3
0.0230010002899518	0.0115987553932976	3
0.0148293566652162	0.0163034143088883	3
-0.0633515649727491	0.0860599516147904	3
-0.0377025989475528	0.0418697706407728	3
-0.0963632721454613	0.143315237582986	12
0.0517319847652656	0.0610043870682816	12
0.0836488966688869	0.118680457096967	12
0.0411827084744426	0.0466476636283818	12
0.0604192068338466	0.0476417588486009	12
0.0559791090758484	0.347020072085807	27
-0.112815883539084	0.698500820378911	27
0.0342089796024699	0.0519809579910872	27
0.0643095049757078	0.112614251523408	27
-0.0806454432610277	0.150996436562437	27
-0.123934077418472	0.237040773869896	27
-0.0803182078940407	0.111945500359547	27
-0.0843726258663421	0.135000077551126	27
-0.0229404860767537	0.0353658687727705	27
-0.0561529519664459	0.0985970540328364	27
0.0271625685248622	0.0430474493615711	27
-0.0182678451500075	0.0269378333342988	27
-0.013222102818344	0.0157343143203337	27
0.0982717351756483	0.142149020781409	44
0.0622093981143244	0.089595033451566	44
0.0471944914780238	0.0630308797367142	44
0.0584992085255629	0.0835891229652283	44
-0.0732224367646241	0.105313221226488	44
-0.101847752129645	0.157603644886979	44
-0.0591191423513273	0.071593604389683	44
0.115052715515724	0.171286056774958	44
0.0352793859903375	0.0481000992393607	44
0.0423229760669356	0.0572164136900024	44
0.012418859025033	0.0153443771331933	44
-0.0358381819734708	0.0439301561423971	450
0.0905520363191943	0.111009800427821	44
0.0595610599135025	0.0573332787251384	44
0.0588975072665112	0.0555796345859236	44
-0.0996637861128273	0.0843035697830856	19
-0.0540253575661374	0.054296627180114	4
0.107613129696044	0.134817177305541	4
-0.104517684583007	0.143590877693523	4
-0.0210345873140385	0.0201942859206908	4
-0.0807229788565387	0.0937802588404403	4
0.000661024830886869	0.000544376576259366	19
0.0487421502875198	0.0690903882607562	19
-0.0789820415030062	0.108678192737957	19
0.104864259182763	0.119040253732598	19
-0.111915559794226	0.164040669987286	248
0.122354397688444	0.166914122043509	248
0.0743754660395501	0.0902777332990814	248
0.0831347208276917	0.104940419663664	19
0.0549693964662482	0.0396206946985407	276
0.123464446236097	0.136499543857769	120
-0.0917691492404974	0.13406831480042	66
-0.046459626259256	0.0501996689301159	3
0.0607730324635137	0.0704540326658545	3
-0.0880728516574573	0.0856147916111936	3
0.0476012729075102	0.0596978362601301	3
-0.0571260358985292	0.0575458241752691	3
0.100702398557615	0.0975033302703382	3
-0.0936978261849524	0.104336804106773	3
0.0185317458443274	0.0178648927183064	3
0.0544201839743002	0.0596345112854534	3
0.0791136333913328	0.0806444883528701	3
-0.0445751507921878	0.0365301703027836	3
-0.0183616729098295	0.013829267231541	3
0.104322231514849	0.111113882687949	3
0.0393943256011951	0.0491883437402253	3
-0.106642413248848	0.150716644205884	3
0.106703938533868	0.144848786323796	3
-0.0674323019250189	0.0780748872523247	10
0.0465057176691582	0.0545714718297248	10
-0.0109025132434824	0.010602974121903	10
0.085565260955097	0.116127997625303	10
-0.034093784930211	0.0383322096545442	10
-0.0873591305259915	0.120806031283083	10
-0.059451015577096	0.0793926420892339	12
0.00979301519956372	0.0122365868793491	12
0.105531099595223	0.155006559892814	12
-0.00939623840647309	0.0433277981705214	27
-0.0202305948835874	0.0869382966342991	27
-0.000799030625074496	0.00143541544167533	27
-0.00580542889459646	0.0100723099793491	27
0.059768010649313	0.107149179163705	27
0.024415598795601	0.0347722083533147	27
-0.01975145294103	0.0201106071705628	27
0.0541228936082593	0.097165774994843	27
0.0057258896149862	0.00951814034415281	27
-0.0394192166594221	0.0648565726538347	27
0.0529999760570989	0.07467845514515	27
0.034062522488086	0.0420245426274334	27
0.0174689841808045	0.0216241540029529	27
-0.10076241917746	0.151403714866407	27
-0.0958481553275506	0.127184705136098	27
0.0355852346145165	0.0321286580162788	44
0.0244258423158704	0.0255383212015707	44
-0.121818196284103	0.142292165134918	44
0.0450333396307161	0.0583110266702193	44
-0.123783115414364	0.20402518793675	44
-0.0276424265607806	0.0344181820119151	44
-0.104274931235168	0.145870044463959	450
0.048880993555159	0.0321016864423511	44
0.0432324560539516	0.0292373248735678	595
0.0244815980285657	0.0326057463892536	19
-0.101234995119835	0.155240790135975	19
-0.00479327031599817	0.00534195739608086	19
0.0283771311582417	0.0251184537122355	4
-0.0507279725158454	0.0546632389258955	4
0.0386183271784547	0.0338434457153601	19
-0.107863504307954	0.0628845943796543	19
0.0966176793263497	0.10759552216367	19
0.0380921080756819	0.0226171004412529	19
-0.0531562681507591	0.0633842621965938	19
-0.00744989063496279	0.00782593684377369	19
0.0334445258919429	0.0460671422170564	19
-0.0546993055628418	0.0641557330499568	248
0.0914222142244708	0.107182750167862	19
0.0514374098347454	0.0613625661447222	19
-0.117586907492743	0.0687633422759875	19
-0.0659636787998827	0.0781169294525181	120
0.0225523336732201	0.025677546417068	3
-0.027459932824503	0.0289629785212438	3
0.0000645863400807665	0.0000496060781616596	3
-0.112938187011003	0.066373529826816	3
-0.0345101657008246	0.0492614458712189	3
-0.103194022558764	0.109402977348414	12
-0.0561090937134877	0.0475355501824038	12
-0.0586879918868802	0.0762087981972169	10
-0.0621830681028366	0.0620513380120548	10
0.12026331261931	0.167259311853437	10
-0.00502169114542162	0.00559767269869288	10
0.0127177433980758	0.015552074740515	10
0.0654518794299831	0.0918562356477707	10
0.124696132709952	0.140153267532331	12
0.0349946522796054	0.187130224820764	27
0.0590176452717697	0.239622691374642	27
-0.0721462601884086	0.166274878341269	27
0.0629336137888926	0.120125455413993	27
-0.11142252396521	0.241949496013595	27
0.0279197811292527	0.047579634271649	27
0.0865290803023929	0.156148004872693	27
0.0324640988128286	0.0552067108625419	27
0.00969634329879115	0.0151166659169817	27
-0.0518720567090419	0.0838875687146033	27
-0.121173357742959	0.248501871988505	27
0.0702419293042521	0.104831459144966	27
0.0770514433208758	0.109533235158858	27
0.00104086502384784	0.00123589706923115	27
0.0195128532407305	0.0241400432596003	27
0.0346278379915715	0.0489550297912861	27
0.013389714140646	0.0186614062727674	44
0.0913573994820332	0.138158328117329	44
-0.0725961654700969	0.0921001017030075	44
0.0879558387612213	0.0943569471450467	44
-0.00344788602766758	0.00396273234018376	186
0.0376299296654116	0.0539187818166876	19
-0.0763194866673613	0.111664214667055	19
-0.0127769575587401	0.0143567388199671	19
-0.0515390777435077	0.0362451094080104	19
0.115850269623472	0.124668310021979	19
0.0377397592745686	0.0218317408806137	19
0.0446452379810035	0.0574222374612581	19
0.0353825385261135	0.0365465208540914	19
0.059492433053075	0.0441990460571153	19
0.100419275789451	0.0912398915133278	19
-0.0448058346003059	0.0547559167496862	19
0.0553835992773552	0.0721780871904718	19
-0.0842527946839313	0.121213016757578	19
0.0909206723885272	0.101330358035154	19
0.0164758873890504	0.0201377979521337	19
0.00573952371912877	0.00404184174047156	19
-0.0259857154281616	0.0192491468007324	19
-0.110435525598953	0.0635105428013791	66
-0.0767573180138714	0.0463035603700783	66
0.0108175625331577	0.00974056523611905	120
0.0834545175700948	0.112312772585772	120
0.0917627547802424	0.119063948458168	120
0.117244410312302	0.164830077912253	120
-0.0273843174054722	0.0342288213806242	120
0.0613032444935076	0.0776129758544942	3
-0.0523011631535473	0.0580832376485852	3
-0.0818787466160105	0.0989604895025414	3
-0.0190869449042643	0.0204303972608703	3
0.119615088243336	0.155481587938557	3
-0.0924096889948047	0.0567545993205781	3
0.0125454971644085	0.0161077666611198	3
0.0167733707522815	0.0175767408302969	12
-0.0526249249946082	0.0415837063728	12
0.00713590190908216	0.00847401438370443	10
-0.119202080724075	0.134754077958732	10
0.0343575502251772	0.0438854402914963	10
0.120035208675373	0.191279189050197	12
-0.0572189599581929	0.0697150303220923	12
0.0843797624102747	0.0938963026083951	12
0.0204298778330783	0.0992320829843318	27
-0.0525438148018846	0.0972357508200922	27
-0.0507133589382963	0.0998658817047208	27
0.0380788679904366	0.0735377726739515	27
-0.0939475256798984	0.188093299343031	27
0.0882789969119574	0.166943361034402	27
-0.064146553928418	0.126699152744294	27
0.0505793112339923	0.0938907678854271	27
-0.105778525845981	0.218282326646074	27
0.0914563731061725	0.110962031185178	168
0.119793770051974	0.223044026747347	168
-0.112963051104697	0.196565784029616	27
0.0083383163077318	0.0107804084984793	27
0.00585438487390773	0.00882759711789032	27
0.118185858279518	0.187184994598189	27
-0.0567497847846905	0.0779167158169994	27
-0.0826789708230133	0.114459988810014	27
0.0185133013302825	0.023839610546938	27
-0.111170136974461	0.148543645251076	27
-0.0433206737686221	0.0544850148827727	27
0.0387751716033351	0.0533651746115265	27
0.0370950357677603	0.0568971677541863	27
-0.0564745250995715	0.0835938298106458	44
-0.0975512041191022	0.151719168101209	44
0.0636096347834221	0.0869777906925339	44
0.0532628109648705	0.0501823218690933	44
0.0193551210390076	0.0202388999522	186
-0.0885678651505585	0.124520540922365	186
-0.0258384844923698	0.0381267163135524	186
0.084186077475549	0.114261311657071	44
-0.0255163749922641	0.0305659306488724	44
0.0343887221652089	0.0197981072279584	44
-0.0962854590949559	0.0718364070344633	44
0.0226196973400646	0.0298888681787893	19
-0.103450466229553	0.0588767503777123	25
0.10358279011499	0.102451834781204	19
0.0485329371052167	0.0308397294693432	19
0.0297591678213138	0.01601625148953	19
-0.00309003559461236	0.00368135232127287	19
0.0802847539460385	0.0978301540072087	19
-0.0031740169941166	0.00431957244328698	4
0.0988722453789725	0.112387212556222	4
0.0667832018783104	0.0891727082883353	4
-0.0501551476048997	0.0683590202810983	91
-0.0659312908487144	0.0894733476626126	91
-0.00798949537772959	0.00605754748792025	91
0.0236419217937254	0.0286825186718185	19
0.022960120251128	0.0214261557845227	19
0.0526749943607024	0.040990035256691	19
-0.0136489343984329	0.0153260833620934	19
0.0882594624821872	0.096858639503867	19
0.0331355232554824	0.0391828698576879	19
0.124181605350503	0.131897943407996	19
-0.0800514493591528	0.0978245467421697	19
-0.0915071106470236	0.0738779430396387	19
-0.0928863273458175	0.0745602451235382	19
0.0370143275010823	0.0228841930749566	19
0.0155927260550688	0.0193150704404974	120
0.123595196627909	0.130076878268155	120
-0.0897336876791232	0.121419559870966	66
0.053413491768333	0.0547714255552478	120
0.0493675432413765	0.0591229130080736	120
-0.0489091645940131	0.057537905225189	3
-0.024475386817979	0.0237310417892617	3
-0.0557423337663552	0.0609812289042262	3
-0.0255704050648493	0.0184127111605716	3
0.0331806134621008	0.0445153550008442	3
-0.111988879441513	0.182041604047498	3
0.0734546220180808	0.0903700950795897	3
-0.0427939064025118	0.0398848561089806	12
0.0207013803563705	0.0208278170758635	12
-0.0636981040022314	0.0807227897185283	12
-0.0387035415489171	0.039160383503201	10
-0.0474085287385453	0.0477138172386049	10
0.0900530762495448	0.112376037267328	10
0.0173982949571052	0.021980264697721	10
0.015415382656522	0.0203223920387355	10
-0.119641649313121	0.182363702730299	12
0.0601714581942325	0.049467096833848	12
0.09091492686551	0.680465260361974	27
0.0849301916417417	0.46699028903365	27
-0.123711802402947	0.286029334738036	27
-0.0110067973446973	0.0224096187358661	27
-0.0466026770625956	0.0757346740537161	27
0.108143352760784	0.185783661013998	27
-0.0255757562704253	0.0362061803249689	27
-0.0587190008787925	0.0790630603990671	27
-0.118723387833611	0.220573281095727	27
-0.09621873234689	0.226828024155791	27
0.00783043748261151	0.0116723129864224	27
-0.000774901692066003	0.00142417870446351	27
-0.0653827005339911	0.0903767874090705	27
-0.122866320499534	0.10913205148713	27
0.08631318748948	0.0756336837601786	409
-0.00733030684892674	0.00646354093934455	27
-0.0421943886319945	0.0659873232675479	44
-0.0683863595904636	0.125962279174245	44
-0.0357327811267726	0.0590093640625293	186
-0.0806508866143511	0.130637419906419	186
-0.0342678477276989	0.0349032117811605	186
0.119933654621586	0.173043704719714	44
0.0346010254649737	0.0357141844042668	44
0.0950498765790773	0.122097914764161	44
0.0570421069451931	0.0914902273664859	44
0.0617087456374367	0.0891539841640643	44
-0.00138119307676521	0.00156520386669374	44
0.117349305842215	0.166428764676932	25
-0.079511809462391	0.0995819092019409	25
0.00425027336194579	0.0044710621755072	19
-0.111770883034379	0.155130216613425	19
-0.0979475012209417	0.167945614117237	19
0.0910213406319578	0.132774285088041	19
-0.055355850523214	0.0936202887927934	4
0.0504753123842994	0.0777039986587044	91
0.0131603451698593	0.0198715182095696	91
-0.111047693476899	0.16651012989759	19
0.0465483591906034	0.0707526463042842	19
0.124739862524185	0.212546933484227	19
-0.0769758916156763	0.121763759124327	19
-0.0438831242308774	0.0648717535840464	19
-0.0409423324651617	0.0570341178726002	19
-0.104794151524298	0.147288432228866	19
-0.0170056218798603	0.021324965844103	19
-0.0218888676086556	0.03112729997229	66
-0.0912717911788893	0.083579007388701	66
0.0960414986177494	0.152133330368955	3
-0.0447690878615943	0.0751117900640376	3
-0.0343640257426991	0.0436366040711674	3
-0.0792491898872986	0.133794893320455	3
-0.042168950214337	0.0592214907702246	3
-0.00362693851473232	0.0048638786886308	12
0.112417660501618	0.135236554049225	10
-0.0460912604410239	0.0526980764055376	10
-0.0716534804455567	0.0635530410729956	10
0.0504365225053686	0.0687884902584016	10
0.0810952739374588	0.516277074448676	27
0.0333319888711054	0.0863208563613702	27
-0.0996421935765573	0.242698505123337	27
0.0299777440895588	0.0563821163417346	27
-0.0194264620341339	0.033432373525326	27
-0.0986261960360265	0.221007525120355	27
-0.00300071852362639	0.00403622233340477	27
-0.0242901634651472	0.0427818394755821	27
-0.105307581464671	0.202336383653012	27
0.0237145530551482	0.0316186570248513	27
0.0494171373260462	0.0581210576635524	409
0.00196182053873398	0.00250863831792232	27
0.104080876419272	0.179747104917278	44
-0.00611638876586922	0.00812143047754294	44
0.0664023678273176	0.0935430367419221	44
0.0551244404675905	0.0759034595049068	44
-0.0254588771774011	0.0369853792527032	44
0.107641882951943	0.172081351106688	44
-0.00906778372229791	0.0116271862470123	44
-0.046212280015548	0.0384460118956011	44
0.0740733197178347	0.113549031657555	44
-0.0894930730967626	0.113161221742925	44
0.0410581744089432	0.043040090550304	44
0.0308967608933029	0.0311307066907383	44
0.0390991854181751	0.0262719959105578	44
-0.0480943512488607	0.0693435934152737	25
-0.0273635043900159	0.0187243562821092	19
0.05092633901521	0.0618498213645183	19
-0.0601815763725338	0.0739766284932304	19
0.0506048939034112	0.0644532976967975	4
-0.0576795643130473	0.076954346222286	4
0.0479092635630377	0.0551676703790844	19
-0.0293879003174995	0.0246967007538072	19
0.11619073389022	0.157464790665114	19
0.0348808367452038	0.047064138074931	19
-0.0785672499020899	0.0964918161202937	19
0.00836413503674766	0.0092515710307914	19
-0.0839918780923844	0.0527963275428689	19
0.00700004703808624	0.00891502848475662	66
-0.0223579601757678	0.0297775967836391	66
-0.0347352666984828	0.0428168863640934	66
0.0771335134813343	0.093774260875787	120
-0.0769200790056364	0.0952044475551729	120
-0.0959068709490582	0.1173605819937	3
-0.0499388219523988	0.0544935707911622	120
-0.0459821589994728	0.0535501449787467	3
-0.0323160398666813	0.0341957801732602	3
0.0426106466109033	0.0534474774167771	3
-0.056063175669886	0.0513689904480965	3
0.0206263579151525	0.0177067833715993	3
0.0547010195575023	0.0656371520510395	3
0.109019705696802	0.148245428794651	3
-0.0775387324709165	0.0993539987880974	3
-0.0987593149576938	0.125115510535	12
-0.0784770963593971	0.079670731943512	12
-0.0820157066720257	0.105602732277177	10
-0.011059889676689	0.0132648115852102	10
0.00834751688651487	0.00857991820752718	10
0.111065874346787	0.138093333523861	10
-0.0343456828804863	0.0460168394478192	10
0.00602559769299711	0.00734377891197457	10
0.0354602164549331	0.0451631810894994	10
0.0812717270058105	0.11605557535544	12
0.0176946603874428	0.0237145258096923	12
0.0276203531796955	0.0351776453735589	12
0.0989588698603607	0.0957725949215458	12
0.0247676573660731	0.0208208985673875	12
0.0325252698201472	0.176086974072367	27
-0.035471168329636	0.153152010209653	27
-0.0892856837771053	0.143872336408116	27
0.110785259413911	0.182723536433377	27
-0.107508672152997	0.261070591589981	27
-0.104580876772545	0.242444913363841	27
-0.0577254417802499	0.101272988908387	27
-0.0313338280212911	0.0533160632907161	27
0.0981764641595718	0.133871238151078	27
-0.110319124424212	0.185547441760568	27
-0.0681813765118622	0.118351101791	27
-0.0565920816793087	0.0989912306674398	27
-0.11125518406878	0.18747177846318	27
-0.0255390834168342	0.0371357987484999	409
-0.0324973235580811	0.0474399534603045	27
-0.0338078509756908	0.0480104660472288	27
-0.0113271191819401	0.0181347040881367	27
0.0263530675458743	0.0427501280890346	27
0.0630160817290479	0.08932866424221	44
-0.0813861532234106	0.12152133137706	44
0.0572274178248757	0.0884513390941869	44
0.0372494229466638	0.0223814366319031	44
0.0444359631745769	0.03104353453379	44
0.0354326446285722	0.0514716458617229	44
0.0341499603138922	0.0383943348301683	44
-0.103538055529914	0.143296660884396	173
0.0586755686433386	0.0758428394449823	44
-0.0182150192870769	0.0201041749832783	44
-0.016023304742687	0.0194320663038027	25
0.0459843918379936	0.0336892411610273	25
-0.0678835713257158	0.0431136211590314	25
0.0255917984977803	0.0133455804301208	25
0.0906553254242179	0.104384558427854	19
-0.0895954970921051	0.13889705413662	4
-0.0318266930676671	0.0296121905005521	4
-0.0949781248202257	0.139930356332602	4
-0.106972229974064	0.177080462741668	91
0.0934858518316393	0.138193323772403	91
-0.0384942862887996	0.0322429180096371	91
0.0512502602487431	0.0665930461722654	19
-0.00247682454750877	0.00283746371335655	19
0.120197551985229	0.172170783301878	19
-0.0481687123099149	0.053844169751687	19
-0.0979617364140755	0.109897398399946	19
-0.0563227641251918	0.0706931286418521	19
-0.123322475629389	0.106320152676235	19
-0.109132769282794	0.160129122623369	66
0.00209103890996998	0.00270774096104313	66
-0.0195159118673846	0.0293053096968516	66
-0.0992169074669512	0.13989311618484	66
-0.0360347751139587	0.0525908647188873	66
0.0556251921977947	0.0853655284934461	120
0.10130942546764	0.158879701454685	120
0.0194308176889541	0.0230781039078614	3
0.0363849963746975	0.0527579492488154	3
-0.0546217510661996	0.0763364017247933	3
-0.0459502982457273	0.0577191572369329	3
-0.0821484797870335	0.108834016557615	120
-0.0865049551108584	0.126386171256975	3
-0.0290502880473414	0.0272020798772153	3
0.000234823869236184	0.000316283605433246	12
-0.0725802610908921	0.0978102428760459	10
0.026061575120439	0.0340698890086964	10
-0.107598761014329	0.148091674328599	12
0.0367754028943362	0.0480578052513711	12
-0.00531688903905682	0.00622794885268137	12
-0.103652854076646	0.0981429015976028	12
0.0308950985112111	0.162895929889392	27
0.0461817850816077	0.222904875803055	27
-0.0976617009668904	0.460318833593488	27
-0.0877997460796462	0.331766692193274	27
0.10085814177002	0.133301050663413	27
0.0350041550509458	0.0666973704123365	27
-0.0479481181463198	0.0879146823352889	27
-0.00843366752512988	0.0120366521081733	27
0.00886676324445825	0.0129447328637302	155
0.111466357665788	0.199857363238437	27
0.005966464474402	0.00792051738514405	27
-0.0499717121059088	0.0751555681087534	27
-0.052080774702898	0.0854744625873725	27
0.0361059043628469	0.0620179140997679	27
-0.0500201929756198	0.0830238298531033	27
0.0347461373024168	0.0587019468359241	27
0.0618928860264451	0.111070554346031	27
-0.000685278306016475	0.000966627741347742	27
0.111580159424442	0.208757064160524	27
-0.00748123998531078	0.0094289008190673	44
-0.0167870426961949	0.0226048041005535	129
-0.0636109070669303	0.0425319172415046	44
-0.0342574205656413	0.0276491511411872	44
0.00991677527944498	0.0112523144324573	44
0.117348094899809	0.137795434570576	44
-0.0756361445299067	0.0732492901431487	173
-0.120979071717176	0.0650123982519032	25
-0.115913757478328	0.168442885788128	25
-0.0513082200942952	0.0675081125944281	25
-0.0946422994104798	0.0723160946049431	19
0.10916949257404	0.107721180874391	19
0.064892795015768	0.087621796329542	19
-0.109961718230209	0.1321455390271	91
0.0751856401250752	0.0812116298248819	19
-0.102399683103167	0.0782318186938756	19
-0.0243562018600086	0.0177077960158331	19
-0.0288568885458079	0.0204362952744078	19
0.0797867873481567	0.0966136293274424	19
-0.0229586466621712	0.0196585027413799	19
-0.0509335169716898	0.0420112551922716	19
0.0462122629531785	0.0349818428304745	19
0.0124159460412448	0.00582353087457174	131
-0.0043517089330032	0.00668390025342778	66
0.117207237719807	0.206114311282687	120
-0.0232756978396792	0.0330449822625668	3
0.00935149497185525	0.0124208039261517	3
-0.0342854740146503	0.0473656591246732	3
-0.108884918109393	0.129484472092123	12
0.0928238313459058	0.102457658293488	12
0.0849853178365014	0.0766431133979022	12
0.0717249040675496	0.0895933844815086	3
0.0740213566036035	0.057761122060916	10
0.107728520871662	0.114234398112895	10
0.0442283955214655	0.0405338385329815	10
-0.087547496617332	0.126177034894549	10
0.0433914377324313	0.0625855187461221	10
0.0174576495617767	0.0212498210373365	12
0.00995163928191589	0.048373035423635	27
-0.0369688572985508	0.175025599493777	27
-0.121932683999496	0.630266261134447	27
-0.0392503582769104	0.0818390645352316	27
-0.10084293490248	0.205185018168729	27
-0.116242872645521	0.239397514369074	27
0.055098895898727	0.09983344923861	155
-0.109222894684717	0.183940368113512	27
0.0170744694384117	0.0258513669980068	27
0.064921406180132	0.0979145142430855	27
0.0289192704322432	0.0488408456437789	27
0.0134763634978815	0.0240150749835205	27
-0.0229744815613694	0.038992813185827	27
0.117598318523183	0.232781473459233	409
0.0819471011633199	0.154759241647379	409
0.122171236771476	0.255074693971507	409
0.0419561374200555	0.0688729141449743	409
-0.0734327216586894	0.133233614610467	27
0.0548814982991479	0.0737230456936496	44
0.118003290226014	0.167613715219658	44
0.113231154202477	0.138055661184872	129
0.0125615141281223	0.0156957896042673	173
0.00400798554070552	0.00401042037300605	173
-0.0339096185695862	0.0318598564639593	25
0.0857866714446543	0.0938022098758837	25
0.0266193134024087	0.0126394883765911	25
-0.104788150501472	0.062221524884775	25
-0.0939967758215673	0.0579458519196798	25
-0.0442733761900923	0.0454742067615226	19
0.0964825760269119	0.0876964696261851	19
-0.0755870573716947	0.0625947946703199	91
-0.0366878501925126	0.0254381122201081	19
0.011777934873935	0.0116686172925789	19
-0.120187769605785	0.101171365876632	19
-0.0637437923903239	0.0738147226699552	19
-0.0884333030744031	0.0815500597953263	19
-0.0958631887229384	0.0763424067498633	131
-0.0972407490560739	0.0572284136003736	131
0.0380021407603218	0.0262733156488362	120
0.111821594248587	0.200906899413833	120
-0.120099836884958	0.210303045883387	120
-0.118841143575097	0.201668064675137	120
0.0867729512504482	0.142069577383837	120
-0.124615472701149	0.220016068108517	3
0.00694808709397608	0.00948946023205153	3
-0.0487797353921089	0.0699802347278906	3
0.120400987348843	0.197893829313233	120
-0.0312064888058721	0.0381809444093391	12
0.0536277837192802	0.035959207687037	3
-0.0471633987062369	0.0310083105840305	12
-0.0258121944002019	0.0270995862107244	10
0.0330097451337455	0.179702868133251	27
0.00949021439733738	0.0406850410937205	27
-0.0168522183408961	0.0409955219921087	27
0.0545184732895532	0.137594056756223	27
-0.014684677312606	0.0297955358161365	27
0.0281014806900322	0.0520912902180215	27
0.0730026322803977	0.160898419191931	155
0.0936830026112764	0.188074342957855	155
-0.0117069231668302	0.0171327450778258	27
-0.114076066752989	0.1932564053941	27
0.0952113342388045	0.178024708188209	27
0.0183603399949832	0.0260579508469193	27
-0.0987541780205188	0.154358805627913	27
0.111003483344543	0.218464603591802	27
0.0694275145523541	0.14487835341344	27
-0.00758864671838714	0.013137868780918	27
0.122626071944376	0.286383277906952	409
-0.0282129776498481	0.0496992928003692	409
-0.101663967283865	0.20397191908574	27
-0.0420328310685016	0.0660472602253134	27
-0.0291278909512613	0.0493921139904608	27
0.0807362058238883	0.153505309709516	44
0.0312573385965997	0.0402808936389307	44
0.0662841884151447	0.0487194990285276	44
-0.0510187191436656	0.053260626616624	173
0.0219373438792815	0.0104854798764204	160
0.000267161795896148	0.000266614152387843	25
-0.0452907120949745	0.0501947140544632	25
-0.037351026726505	0.0268763190736801	25
-0.107333146524971	0.0589961534174137	620
0.0192149852933878	0.0190143824294682	19
-0.0122237883743687	0.0151165205735185	19
0.0899265994375137	0.142246777372392	91
0.0803201492555825	0.108944249799412	91
-0.000102752233593456	0.000217753205011745	91
0.0443759636911349	0.0545431834055608	91
0.00915986500444299	0.0110332856223623	91
0.0261870203037717	0.0257498753477282	91
0.0547115358495795	0.0375813574499842	91
0.0448277317803348	0.0402806586493546	91
-0.0821543405474403	0.0757450917389625	19
-0.0725468338628343	0.0582839788857361	19
-0.0767477079831841	0.0497292003114252	131
0.02760748297201	0.0135417344884007	131
-0.0121630932151913	0.0143930467245657	120
0.0543637470823381	0.0949482063222597	120
-0.0493583563774157	0.0760574886580549	3
-0.00646222655560003	0.00925125559785376	3
0.0684079475328712	0.10000180656078	3
-0.047661047916496	0.0674882249506583	3
0.0653270647939879	0.103806082799341	120
0.0449762688518701	0.0634537989443745	120
0.00873983652366041	0.00812547713480777	12
-0.0235943019032178	0.0213705303787877	3
0.0221515645537148	0.0223303719456004	10
-0.0356844126861815	0.0310275897909448	10
0.0215894400219518	0.0326089271353655	10
0.0912004037511131	0.154120254429102	10
-0.0520758606678863	0.0564206021723488	12
0.00703647645478131	0.0328971211639088	27
-0.00865476726478976	0.0352263036094566	27
0.0679601122944212	0.187661310431255	27
0.0334841780156767	0.0795015685453649	27
-0.0371232768688143	0.0685325943233795	27
-0.0400443186513543	0.054023871738177	155
0.00780527547652317	0.0114374613405148	27
0.0471440628652917	0.059070878490318	27
0.11459902535695	0.173840374054377	27
0.00713808104679108	0.0122615524905254	409
-0.0223327485448716	0.0345917608081435	27
0.0470520204950018	0.0848811677481458	27
0.0238166554137534	0.0371955263330043	27
0.094224406096318	0.0883145696933577	44
-0.0447498109438432	0.0441205347723262	44
-0.106847611877849	0.151751775878822	44
-0.0516662590851861	0.0337293511745681	129
-0.0640649312953478	0.0586414543864818	44
-0.0400452859263536	0.0446951477590813	173
-0.120747028464239	0.103485407267865	173
0.0617507048672291	0.0473699434610193	44
0.0135479170386547	0.0160027356715546	25
0.0504631941262173	0.0611318144200217	25
-0.00245860929986951	0.00233897103722587	25
0.0411941071518751	0.022924420475736	25
0.0314182087587798	0.0168024699967879	25
-0.117100317268562	0.0926551957995441	25
-0.0735848055798618	0.0990307167027677	91
-0.103033342019041	0.1307521926577	91
-0.0716304717096902	0.0593876825830058	19
0.0476079241752534	0.0494718937546233	19
-0.00518668297308414	0.00393157157209591	19
-0.106518544493474	0.0600781926487779	131
0.023083904650188	0.0109698118576059	131
0.053413491768333	0.0547714255552478	120
-0.0463840835570176	0.0711727595782496	131
0.0658642915482343	0.104863220371001	120
0.0402440583660672	0.0577725547080504	120
-0.116966467212106	0.189640092847461	3
-0.107811274117659	0.153762812651594	3
-0.0481165917320252	0.067284140307567	3
-0.0941052064156863	0.139637552311317	3
0.0371436893849748	0.0329690029514979	331
0.0696666646840959	0.0689467690475678	10
-0.0896649499025312	0.125707592271031	10
0.124210042397197	0.196397068496979	10
-0.022000548424738	0.0256542383234534	10
-0.0863384295581509	0.0536335471806691	735
-0.0646376456646261	0.386363759293254	27
-0.0469021060455064	0.224977731486464	27
-0.00285829869600695	0.00636269528573176	27
-0.115129478592922	0.169141784904277	155
0.0726163870888081	0.15383639927712	155
0.0823316165051177	0.162701712538948	155
-0.104278526003755	0.168548952552484	155
-0.0167779840436214	0.0165410376066677	155
0.0759953191328049	0.118558542682041	155
-0.109209464793696	0.186641227132708	155
-0.0236220909448655	0.0329308612388581	27
0.0259512622962361	0.0413703813084766	27
0.0432606832372836	0.0752947462855149	27
0.0113032428149448	0.0183344809503532	27
-0.0846781498939715	0.128532476491807	27
0.0530049841107436	0.0811141889017793	27
0.110504459241545	0.200017577918511	44
0.0220193923932568	0.0240181910796619	44
-0.0505663082696519	0.0347188838252223	129
0.0377593780081428	0.0218914598210668	44
-0.0231262498561194	0.0169893764730699	44
-0.0958187669485172	0.129852971054068	173
-0.0360918594536574	0.0420738705523319	25
-0.0695792807053368	0.0841087553862823	25
0.0924201084901528	0.101372556803235	25
-0.0819928426941439	0.0503538359024119	25
-0.0565248207235642	0.0389330279224503	90
-0.00892453375305268	0.00790934866749389	19
0.119707584012741	0.160376838889015	19
0.113400901939004	0.150153535589829	91
-0.0258607623875964	0.0299251234237476	91
0.0185273509932595	0.00805601085335418	19
0.0725284536588476	0.0581865440584508	19
0.0796818395199683	0.0871698063048745	19
0.123367967882136	0.0881001331920293	19
0.0111897539647057	0.0094865756286157	131
0.0506986162364756	0.0353797945260816	131
0.0219893429380545	0.0108042952221847	131
0.0327549620344613	0.0182465563486673	131
0.00406000077559835	0.00135463957582897	131
-0.0199314115833694	0.0294946110427473	131
0.0927943293814283	0.149019495093944	120
-0.124598143711252	0.1971120384982	3
-0.0763562102137314	0.111235198979693	3
0.110119833683329	0.182381162664294	120
-0.050973714542616	0.0684328662631392	12
-0.0954507044118498	0.131529289705349	12
-0.0281276949805028	0.031349941427277	12
-0.0804028938625945	0.0880366353180949	110
-0.0155874569565099	0.0135459847143981	12
0.0515969450985996	0.0346782325466162	12
-0.0764087851955462	0.0751767826951306	10
-0.0272594915023135	0.0370029412595445	10
-0.0578144267499293	0.0830109493692635	10
0.0429302609483612	0.0592898372911187	10
0.0416892111601499	0.0525055835716692	10
-0.0233363969744139	0.0219137721835934	10
-0.0264599926463001	0.0288988693242264	10
0.0905948792824798	0.102029666295254	735
0.0394855083772625	0.210029819069134	27
0.0168081913704859	0.0518280252491829	27
0.036622370009017	0.108402763323595	27
0.0531353093316966	0.0909651406492532	155
-0.00401841004132302	0.00678621004404458	155
0.00378315650342979	0.00837653038274622	155
0.0931550137629639	0.26351633179837	155
0.10893918408001	0.326630743904861	155
-0.0437149848927436	0.0962412361563215	155
0.0545086130794773	0.0963220191197002	155
-0.0647143601428803	0.0666222552252912	707
-0.0153220474495984	0.0267852882858919	27
0.0449171180772804	0.0796462448182471	27
-0.0262128759414171	0.0475763474393505	27
0.0701879734775829	0.126887504800211	27
-0.108482488813728	0.213129136892054	188
0.0668189079697887	0.115201753475504	44
0.0195439357366119	0.0331432244104793	44
-0.0335299111379495	0.04063869216317	44
0.083000365636439	0.0675860611038993	44
-0.0250382632190009	0.0299710437494932	173
-0.0108768331258395	0.0124374356702341	25
0.0826341684569904	0.0724965298977542	160
0.0648990024511448	0.0526962108968707	83
-0.0119268790722608	0.0124514848597368	83
-0.0638998430436531	0.0910596481920033	25
-0.0822239298205654	0.111496448999219	25
-0.0985492830094784	0.0786141082895511	25
0.0772225057435679	0.0826133095914243	19
-0.0145861488005098	0.0128106433255363	19
0.0877944453624143	0.11256732488368	19
0.000084950809092692	0.000161198358514589	91
0.122199091456879	0.191754274745753	91
0.123937393923687	0.138073910891587	19
-0.0793981133358674	0.0714040481243483	19
0.0983790522742524	0.0952385466093587	131
0.114249408740372	0.123307581916482	131
0.0265183070548089	0.012853831498771	131
0.0257710304475583	0.0117719781788365	131
0.0811568363223842	0.0723099055771288	131
0.0373170741712283	0.0596466567110096	131
-0.0565290309023581	0.0891719860280534	131
-0.0895576602497269	0.154068016434751	131
0.113563188378416	0.189794687424582	120
0.0931468170125574	0.161284136010229	120
0.0881774504867692	0.135972787721065	120
-0.0265861405199033	0.0349553237947278	3
0.0922417470789413	0.134634337116556	120
0.0875463711060104	0.11967570913999	120
-0.0518579649908641	0.0636796525548639	12
0.00498266739697147	0.00558547034756008	12
-0.0419744247886371	0.048027654800721	12
0.0828600973429841	0.0708830988000624	110
-0.0854734875635837	0.0685682429310398	12
-0.0756026240211829	0.0481997323494528	12
0.0598055059030576	0.0569117710998872	370
-0.033489759874683	0.0374429563723876	370
0.10994150303177	0.174320008965644	370
-0.0481429494272532	0.0678126375018432	10
-0.0848789980213685	0.113155985107967	10
0.122886069258137	0.930732557463603	27
0.0877049615603083	0.283700676006489	155
0.0414768387030557	0.120201790094411	155
0.0186238064270631	0.0467922857205916	155
0.0691405970366989	0.159259710729537	155
0.0469804952709736	0.091441529577334	155
0.111905707829975	0.246577702305218	27
-0.0786450304044083	0.13060445508942	707
-0.0598328446642282	0.0870831216895647	27
-0.115129569494847	0.184014678031147	188
-0.0550084702609106	0.0819687265248846	44
0.0017555629109126	0.00251532419846607	44
0.0997413659390167	0.13980321661975	44
0.0755217922023527	0.11795495120067	44
0.0590781403334644	0.0446978897266885	44
0.113565346329201	0.120301450070822	44
-0.0985358189106935	0.113995268753975	173
-0.0172728276342539	0.0183687353392336	173
-0.124414599316618	0.15462574446583	25
0.0194175665242764	0.0185870809834327	25
0.0513747639424123	0.0654283323467682	25
-0.0629048094419112	0.0857533963359596	25
-0.105149003406473	0.0604391098895684	19
0.0364831136824693	0.0359350793787503	19
0.0679569290881505	0.0779060751006527	19
0.103281969442055	0.102201125822383	19
0.0748285417173088	0.0974923303758318	19
0.0752977254743849	0.09288861314705	91
-0.108753116266353	0.0980455047379601	91
-0.000125684173144867	0.0000946676681357271	91
-0.101785540955991	0.116335557696885	91
-0.0865855720030271	0.0924166870131401	19
-0.0067100746819348	0.00750899328901797	19
0.0244305131895295	0.027159024704631	19
-0.0808488809155013	0.0500556708702626	131
0.0597526672619354	0.0659420671477596	131
0.0910737638640788	0.131671492302647	131
0.114793777537136	0.16259105049865	131
-0.0215467374423953	0.0272932017252988	120
0.0489839000514677	0.0560773390994711	131
-0.0256848655499973	0.026487153387065	120
-0.0490477786020789	0.054856127538851	12
-0.0394823899887713	0.0362075821519413	12
-0.0817716083320998	0.0998351827699683	12
0.0537283285664939	0.0380269807224892	110
0.0867618100179141	0.0799181125128065	12
-0.0583346710490253	0.0577890364029902	12
-0.0584987213583524	0.0547495288177962	12
0.0748011217328287	0.0896068245629082	10
0.0402502350719627	0.0417875727101276	10
-0.0450508700338804	0.259272375152781	27
-0.038786919068464	0.18333255866903	27
0.0934325799141098	0.455825289528793	27
0.117472820914468	0.532234607203147	27
-0.0434954280024178	0.124703069131106	155
0.0144570026506499	0.0354946878078622	155
0.0160751515964287	0.0316379562797227	155
-0.065414948177544	0.14051993079444	27
-0.102128973894984	0.188777892319174	27
0.0654655399291633	0.0962663259829299	27
-0.0586987611345201	0.0825319653607284	44
0.032937362557596	0.0508433818624931	44
0.0103917701556132	0.0137726522669972	44
0.0788624517056686	0.0965972377853043	44
-0.0582131383870418	0.0637218841671339	44
-0.0586599276304917	0.071695627842862	44
-0.0929240540290494	0.119342986700603	25
-0.00160065682161731	0.00173337488333774	25
-0.0979977850665323	0.0887580412662475	25
-0.101432030252598	0.131747941605259	25
-0.0061168176625338	0.00588047229990943	25
-0.0825217206729235	0.105448441062778	19
0.0353299288760303	0.0348614617997265	91
0.0634516433801109	0.0805435426578093	91
-0.0148849986404867	0.0178986810871508	91
-0.0615024009229717	0.0626032523237357	91
0.108657929984831	0.118296139077834	91
0.00524884788068146	0.00589036595753384	91
0.0166872292619017	0.0133947488615584	19
-0.0435397824888755	0.0433871558153713	131
-0.0316221308182082	0.030371264474767	131
-0.0625573363618113	0.0684768920265734	131
-0.0234068465614626	0.0204586655399322	131
-0.118069229404263	0.168453543572999	131
-0.0444312394249729	0.0569515273218866	131
-0.00939599938308385	0.0111614927381633	131
-0.0216741386370542	0.0276457898801869	131
-0.0750457472252526	0.094682387701466	131
0.0903059927942603	0.105151152729479	120
0.0263652068834201	0.0265784497900604	120
0.105420663820963	0.127475828273728	120
-0.109818168666192	0.137520754618352	12
0.0540406277704421	0.0483116595933575	110
0.0158335299228888	0.0154338645975132	12
0.059801263797862	0.0553789317897473	12
0.0281429772172695	0.0334033589209052	12
0.0414388388116016	0.0505524916050388	10
-0.00392150492297709	0.00471968234847304	10
0.0256200108188458	0.0323542632991558	10
-0.0386588271123157	0.0467925792949855	10
0.0113219775590901	0.014045258833359	10
0.0623423620908647	0.075825642505556	10
0.0372398942343177	0.0441050119025601	10
0.0966549660722769	0.668995193723582	27
-0.0396144957534202	0.185003620558865	27
0.06441943177111	0.291339299010548	27
-0.0988089966789945	0.219664225689997	27
-0.0906408123404262	0.203260731671714	27
0.0828933687976164	0.164988218231191	27
-0.0169127327573351	0.0313271786561903	27
0.0187819152122862	0.0225137109527542	27
-0.070984060077933	0.111554560906125	44
-0.0977121667856812	0.135833824386003	44
0.0318423573818924	0.0484273234020121	44
-0.0552496144483971	0.0664996446764433	44
-0.0599850337732466	0.0810078083999641	44
0.0469449769424993	0.0330404062457812	44
-0.00752280694360852	0.00577348888762684	44
-0.0854892881484946	0.105957769894678	44
-0.0113619516983548	0.0152892160613408	44
-0.0391398440027357	0.0507623494977562	44
0.0726102800431595	0.0624251705640763	25
0.0335011620154885	0.0172153920392909	25
0.0748149724676532	0.0636758324477401	90
-0.0267489420450673	0.0308331660836214	19
0.118675986847603	0.123330951156748	19
-0.0659791782607879	0.0659127053179092	19
0.0991580061654228	0.114339690905583	19
-0.015658116792528	0.0177009235471291	91
-0.0470516509237613	0.0604014388204101	91
-0.0497842402449288	0.0583759825152942	91
0.0697577102285766	0.0591475596261429	19
-0.0574658135457189	0.0397892351728868	19
-0.0330560054101757	0.0368763549841698	19
-0.0942968582515946	0.103747045083753	19
-0.0296752944623273	0.0350715146528075	19
0.0560510262433405	0.0517963583123516	19
0.0992960325309699	0.100614023057097	19
-0.0794755734830908	0.0648827722189305	131
0.00231215428390934	0.00235529927382672	131
0.00260779558686905	0.00284007033245515	131
0.120445016428005	0.156392545282582	131
-0.112489345789116	0.180641947303788	131
0.108226733842298	0.153904944880215	131
0.017733870923592	0.021282840181559	131
-0.0492326554572029	0.0607663862521888	131
0.0683494821349955	0.0879278108581145	131
0.0600789790484915	0.0663931161171042	120
-0.00791462322918447	0.0083653872787564	120
-0.0414695786791583	0.0424724114790142	120
0.0250204619073505	0.0241832801781603	120
0.0880025814241798	0.0835317120683453	120
-0.101527152642165	0.115308520097889	12
-0.110955021180421	0.135235821265426	12
-0.0626303211060544	0.0403149808433716	12
0.0763153829376614	0.0930667099656127	370
0.0674537991124906	0.0883255210639411	10
-0.054444291318887	0.0706522511303353	10
-0.123842932847119	0.163144360874727	10
-0.0660954449442602	0.0718012648834566	10
-0.0852457153119556	0.0544026910826962	10
0.115335809635282	0.900037086064227	27
-0.0506796545454643	0.186243287057548	27
-0.0806634812847619	0.312980814858145	155
-0.0274478459879448	0.0799275547104044	155
0.0631251602248086	0.176089427312587	155
-0.093712873294045	0.215307871741662	27
-0.106067919354965	0.247317782727447	27
-0.103210978724569	0.221658932782587	27
-0.0919696155690672	0.17723184560906	27
0.00122092785877717	0.00196803861955827	27
0.0312261575595928	0.0500361948241109	27
0.114477961569743	0.169102648353745	44
0.0268644260990286	0.0412058394659155	44
0.0226473047508431	0.0277497784372997	44
0.0136328249150922	0.0149434975801045	44
0.103372164750466	0.14196290906541	44
-0.0686939795788558	0.0925513403366796	25
0.0436301475105151	0.0379159250656366	25
-0.0600085870356177	0.0552803856357527	25
-0.0638405096543733	0.0638647280074232	25
0.045829526627014	0.0560735436870003	25
0.0270769544830693	0.0323913410345476	25
0.0666226994462489	0.0880664197122488	25
0.0270295696267881	0.0363915118261298	25
0.0251019045962914	0.021948107305785	25
0.099703895502312	0.100843032251739	19
0.076400782236731	0.0651111121601569	19
-0.116508062843486	0.147975435877321	19
0.0987613535110702	0.131081500182458	19
-0.00906583226295613	0.0103001693256634	91
-0.0819300679653325	0.0891559039558319	91
-0.0755447805795903	0.0902381944680769	91
-0.113860709775577	0.160509323219905	91
0.0369289800476844	0.0490548462006364	91
0.054550153717631	0.0763138993256382	19
-0.104912610616783	0.141929521912817	19
0.0955230994688142	0.104184140760035	19
-0.0944606606479265	0.109113588488683	131
0.0487575176774418	0.0515860723061267	19
-0.11780163467602	0.172037004053156	131
0.0677891771308709	0.0936735946302146	135
0.0198834502329164	0.0226111034623591	131
0.114755948962448	0.141073233925873	131
0.0616605568769074	0.0715395110735678	131
-0.0590447103725507	0.0650390082706692	131
0.0152278198433441	0.0155465726304935	131
0.0562171910540148	0.0603699156617311	120
0.109710537623503	0.109021759532244	12
-0.0133457835905622	0.0130117197155673	12
-0.0769621807828084	0.0870920292179718	110
-0.0639482838542056	0.0789914181835894	12
0.0939464051938253	0.107662986278368	110
0.00653284591522484	0.0062811499087067	12
-0.0715479612958616	0.0825628451339958	12
-0.0792575481075994	0.101441954752772	12
0.0655046965929942	0.0734159181202885	12
-0.0201973052606372	0.0225498296558939	370
-0.00327530645577638	0.00339839477937493	10
-0.0615525645218953	0.0673328742106616	10
0.0490093672411693	0.0529762449374769	10
0.0711067676281495	0.47885208914375	27
0.0237377975102233	0.0755765114272942	155
0.0760216058178416	0.197448927207658	155
-0.0133437636727301	0.0254685820781993	155
-0.0703105938453503	0.146458339229588	27
-0.0258134484284922	0.0308741310578308	27
-0.0576679537902805	0.0697217519663678	188
-0.032663252085098	0.0423942745519329	44
0.0750522109992231	0.112222313248668	44
0.0523383461566994	0.0695032459192149	44
0.0758074983368477	0.104938678517734	44
-0.0991359720124428	0.119336467838864	44
-0.0710251558304054	0.0770867947723944	44
-0.0951188417413125	0.11805794377506	25
0.0566472720563047	0.0532111033849026	25
0.0114693163818889	0.0108616271744726	25
0.0325795716037421	0.0313926007528933	25
0.0721728403321691	0.0725403144154788	25
-0.023848037008747	0.0225720225018584	25
0.0702007071259797	0.0593825197524863	25
0.0733602079074846	0.0878958081684147	25
-0.00264164100058893	0.00290885094319145	25
-0.117482253441417	0.0966574448955757	25
0.111437744143694	0.114408735685158	25
-0.121535802890294	0.169583353121546	19
0.0195740158029763	0.0202653292671623	91
-0.0685995132231898	0.0834819170986275	91
-0.0454592929047467	0.0497313694673222	91
0.111148575616372	0.146496919590587	19
0.0240779359178288	0.0282414122577118	19
0.0353173174080119	0.0456548098220882	19
-0.101998490976118	0.0967760275910237	131
0.121891549828919	0.125653468469513	19
0.124063209776025	0.182428124368241	19
0.0183077624263837	0.0197360249215851	131
0.0706630401962337	0.0892477406942218	135
-0.0379341755749502	0.044304151827758	131
-0.0590407374781212	0.0648372239020336	131
-0.0224189904135368	0.0236763456084127	131
0.0752623436697079	0.0827458831900685	131
-0.058471888839813	0.0543164807579338	131
-0.0637604720784132	0.0561724708482268	131
0.0879862772483572	0.0755127188580584	120
0.0360683114379838	0.0314181570228554	120
-0.0426668823369017	0.042543008263633	12
0.0191673004305969	0.0196698001672362	12
-0.0574811797215141	0.0572320351513812	12
-0.0457231029152723	0.0507242658096728	10
-0.123327893637989	0.121637753842156	10
0.0369594684123004	0.211189048200757	27
-0.0309810020417149	0.0620336557578981	155
-0.0977922895971939	0.203035264763448	155
0.0858242077849579	0.157661486575479	155
-0.0803482439777308	0.201111381289247	27
0.0979618212108612	0.145411091892261	27
0.060142579300582	0.0496989850039022	44
0.0262496330557145	0.0229926658502621	44
-0.0129462913365465	0.016053412952998	44
0.00165847569546565	0.00237061243479888	44
0.0281466347468121	0.0249741234397304	44
0.1140389442465	0.162416158333664	44
0.041472436713954	0.0652680829479047	44
-0.112212419756682	0.111600092149815	44
0.0408960696819106	0.0366535782361558	44
0.0318165728777446	0.0354342642112943	44
0.00323762554974237	0.00401173343447082	25
-0.0508745804830328	0.0775346541883855	25
-0.0589801737481398	0.0779060210742722	25
0.0482994724163716	0.0684032123067407	25
0.123959715171607	0.0934039225567469	25
0.00265276507851788	0.00226236100985981	25
-0.113801284194194	0.157319518846644	25
0.0656734688653308	0.0714765307283174	25
0.075142225014432	0.0774893264362376	25
-0.0889185729555644	0.137989697002844	25
0.0380221387799092	0.0559416137413293	25
0.0828690307681057	0.0735688538372458	91
0.0559907853047959	0.0843366949384344	91
-0.109921156764102	0.120584091960663	91
0.0674689180449964	0.0494652159897352	91
-0.0766394082486381	0.0613154610497113	91
-0.0178667594583669	0.0184662307530359	91
-0.0896158102390773	0.145693288266571	91
-0.0573207838073638	0.0838998419284826	91
0.116522467045694	0.125155870119932	19
-0.0940321340687814	0.126240782425855	19
-0.0795780849739724	0.102240815262078	19
0.111849659805044	0.138677762934514	19
0.0728565475735938	0.0964074789944233	19
0.0664058027170395	0.0765917160490889	19
0.0190192258202656	0.0220821143047338	19
-0.122289843906817	0.0944829866466111	131
-0.0532308684012066	0.0335323979122413	131
0.0636779347340801	0.0926218874078605	12
0.0176295653001715	0.0236039268057002	12
0.0320142874022593	0.0398814450649473	12
0.0242965307586616	0.0299044433234055	12
-0.00977737417070483	0.00963218215189743	12
-0.063548194901305	0.0525292300179485	12
0.0434789274281681	0.0256311211838947	370
0.0310227176788249	0.0362892633602246	10
0.0195962080219665	0.020597409946247	10
0.104648030752006	0.826345207266249	27
0.0333607564565983	0.172480992033036	27
0.0232383733345871	0.034267723909332	27
-0.111958256383137	0.169605261521913	44
0.0399361753800365	0.042479420985809	44
0.0510325796166453	0.0569159949816724	44
0.0203483048106978	0.0255486285688597	44
-0.0574148606727063	0.089152857277165	44
-0.0188304514235503	0.0280835809141908	25
0.010116046186779	0.0141421198234703	44
0.0749096565042791	0.0648289567593537	44
0.0375621669107139	0.033038495554571	44
-0.0960372650422586	0.127816781442009	25
0.0643787744047023	0.0927400964528071	25
-0.0107665127218041	0.00816013914588861	25
-0.0699844949364545	0.0700032940275395	25
0.110926423064754	0.179398196125879	247
0.0326802390265369	0.0367042580155407	25
-0.0812880244448707	0.0757704067988668	25
-0.0158495229947123	0.0186094891936979	25
-0.0674240462930961	0.0970327196271868	25
-0.101566698576177	0.159417521110426	25
0.124145024908681	0.144047821088137	19
0.0607366837820003	0.0451851917434808	91
-0.068593138858219	0.103163179892803	91
-0.037919040352321	0.0493967686034424	19
0.124237166241055	0.174509018504195	19
-0.0400574754279056	0.0437229614153707	19
-0.0775349741148343	0.0995045001543101	19
-0.0172835774775221	0.0217479743415024	19
0.0135061229996672	0.0155874650815999	19
0.101714659688285	0.121892240438025	19
0.120495960646653	0.139297815737195	19
0.0636508112568607	0.095394532926035	19
0.067197256120147	0.0887927165991164	131
0.0951958336289891	0.15165708231786	131
0.124595206228324	0.162232954595267	135
-0.0912084787570585	0.122351334146416	131
-0.0306340588754564	0.0310226521758434	12
-0.0501976417996248	0.0701161036140872	12
0.0451106871502943	0.0421885148677039	12
0.0596356766127584	0.0905220747034157	12
-0.106948212650016	0.179130265151986	12
-0.109815644332025	0.155329225708227	12
-0.0952849289602327	0.147946363376706	12
-0.113342561398151	0.168108109364452	12
0.0896489995700015	0.101190930119796	110
-0.110662533294039	0.126254272658142	12
-0.0638689963764042	0.0750770420555901	12
-0.00505605100060717	0.00500010498556809	12
-0.0887423634286365	0.0867800449654295	12
0.0492217699174671	0.0322732486571091	370
0.0380777895752072	0.0203343695480368	370
-0.10061785689993	0.135155647565292	10
-0.0260269942099835	0.0322515296809182	10
-0.0480676883658882	0.0483982272684488	10
-0.0949786740449038	0.232457305924059	27
0.056316864683633	0.123517344759604	27
0.0897080730091214	0.133131533158658	27
0.116596072043383	0.128654177901696	27
0.0977522697694302	0.0941978487601988	188
-0.0405003163309749	0.0546689405959547	44
0.109352774567568	0.11501916662258	188
-0.112573483600758	0.156819267761473	44
-0.0880799957805278	0.124427772860258	25
0.049235912071996	0.0486883320742188	44
-0.0739035155156443	0.0802584879706538	25
0.0900357646169884	0.116412173552647	25
-0.0320210346402527	0.0401357761604235	25
0.0636115996444011	0.0781578197599877	25
-0.0129491638503713	0.0115013044415738	25
0.0488704802292087	0.0656280946822342	247
-0.0389449226761613	0.0526933890583142	247
-0.00517484642870601	0.00551876695428969	25
0.067908374841385	0.0843318793586578	25
0.0539725669170546	0.0531697576600206	19
-0.0444045433500144	0.0633090360651386	91
-0.0523688165338744	0.0446171181815422	19
0.0914107372349849	0.0846723231499411	19
-0.109114260531503	0.140883348701344	91
-0.0160834236778748	0.0208165785271755	91
0.0382457430749607	0.0494958549967252	19
-0.0803855266883503	0.10959676794211	19
-0.0325651185306259	0.0436838120287812	19
0.0682175322203853	0.0675295092054544	19
-0.085857939771829	0.103999274846662	19
0.0780517592302086	0.0893593589727846	19
-0.0695637160198797	0.0705508376865862	131
0.000287450019779696	0.000381985959836246	135
-0.0349248156729401	0.0455867173305567	131
-0.0396049440003956	0.0287021716059918	131
-0.0588755992408948	0.0505600436092316	131
0.0424255895335746	0.0286777909376926	131
0.0636891238536837	0.0452772440768937	131
-0.0914983075944977	0.0711969256373006	131
0.00335276237449728	0.00271850998509864	131
-0.0565162459557834	0.0381970520953802	131
-0.10475436444211	0.139254305179269	12
-0.0162665489401572	0.0204988900930277	12
-0.102751441719	0.102829505011454	218
-0.0551512020557142	0.0577038634056783	110
0.0298560077879718	0.0383086958058703	110
0.0425537756040026	0.039800509040155	12
-0.000289587858506658	0.000363671982966892	12
0.0750184009037314	0.100732611710724	10
0.0522942441651298	0.303979044554446	27
-0.0928282756099735	0.321752108105675	27
-0.111187803873815	0.415219897813257	27
-0.124251272892572	0.404133915539746	27
0.0714748293897158	0.147492786828031	27
0.0129315137116363	0.0185534179129493	27
-0.0344897272983666	0.0571146084674937	27
0.0769460066916114	0.152325359461257	27
0.109818747293372	0.202378754819557	27
0.0271945916751227	0.0356412075057256	188
0.0485246862249006	0.0663048446382196	44
0.0990313564603963	0.152858975654582	188
0.0632110524683402	0.084960986366123	44
0.0457242358370753	0.0653984005430693	44
-0.0792224131525031	0.122122827428412	44
0.095287980731895	0.128939736849042	44
0.0242135753224423	0.0279103915517257	44
-0.0788223176479879	0.0958755678865811	25
-0.0534102646329851	0.0667392230311103	25
-0.11644118620164	0.147864733064561	25
-0.118746027218148	0.163921617208635	25
-0.0237961742178637	0.0210662395239788	25
0.038770012426187	0.0248471266749494	25
-0.0708070371122322	0.0728163771361556	19
0.0141610111159788	0.0152252047618524	19
0.118208821631381	0.158355064941496	19
0.0820909991756932	0.0768460474063784	19
-0.0471679070065852	0.0331571744597059	19
-0.0330126767652419	0.0343979792977891	19
-0.0432114182283354	0.0495229919222037	19
-0.0148250939795481	0.0128017399679589	19
0.0738472181909193	0.0887599627131154	19
-0.0975583166895339	0.059431715935417	131
-0.0224871947873869	0.0293436530090887	135
0.0551678320098612	0.0523521054644795	135
0.0535118373280262	0.057310379307078	131
0.0747294973902688	0.0869626572684518	131
-0.0437152330062887	0.045623057645489	131
-0.0145243730757325	0.0127099126415895	131
-0.0157109172874703	0.0155431711269237	131
0.0611500915179384	0.0624081254504452	379
0.056127353355603	0.0419922620200926	12
-0.0384601425493491	0.0491922250776026	218
0.0430592973755969	0.0444224988514287	110
0.0716231156292014	0.0928268473925472	12
-0.120774644625938	0.114607789583726	12
0.0803509917049105	0.089162821865032	12
0.0160174584522321	0.0166579256602806	12
-0.0878375802922624	0.100142449189725	12
0.102363060353265	0.125705653722644	12
-0.00284170129999028	0.00300019872476303	12
-0.0349618083383507	0.0382506385972348	10
-0.0285391090388542	0.0300510527841291	10
0.0780910130809716	0.0934840430495847	10
-0.00575245207812735	0.0267114136672683	27
0.0562553380136828	0.205798181701606	27
0.113165160188094	0.405335886442769	27
-0.0656107814721564	0.198284450878276	27
0.0724376012214142	0.216009885379091	27
0.100158347362545	0.274503715272358	27
-0.0683925614848786	0.1639498822075	27
0.0130872490333609	0.0241555332931071	27
0.089721926874465	0.198459689812759	27
0.00207661993785168	0.00288059465413445	188
0.0420815195127284	0.0680502877419117	188
0.10907595385175	0.180159065941404	44
0.0479440647289446	0.0589197161133458	44
0.0613536258719875	0.10271988354326	44
0.0084044693291303	0.0128733947891359	44
0.104163696737075	0.150248713184548	44
-0.0826900013628591	0.0521595281155128	25
0.0721499638686481	0.0598935149116608	44
0.0955095963177794	0.130863946382861	25
0.0114949987852125	0.0117763049338979	25
-0.121279013753439	0.103209949156256	25
-0.0391945647275554	0.0377373101328482	25
0.00517796967248084	0.00625656279319533	25
0.0516873337679234	0.0710886113117798	247
-0.039351197673407	0.0495715901303892	181
0.0557030140543529	0.040179637357359	181
-0.0629591161266564	0.052826891336142	25
-0.0119253459545956	0.0116633516768054	25
0.0149356814970483	0.0172441419753578	25
0.0371592602247985	0.0495973863555956	19
0.0404951335504422	0.0481550315532859	19
0.0624725920126008	0.0953140975722224	19
-0.0554192137312433	0.0654263545609273	19
-0.0230611894450404	0.0302704200669848	19
-0.106094458604744	0.160165915420104	19
0.0952688035751342	0.0890148875598595	19
-0.0652553431476453	0.0822689245353354	19
-0.00829777141760857	0.00923477786683094	19
0.0126079140332146	0.0150143658716631	19
-0.102540856124462	0.147486782243166	19
-0.016256379493626	0.015385762677673	19
0.0234329994194208	0.0134783770264766	131
0.0283836628290907	0.0250604956239506	19
-0.110879897991924	0.0974216177608603	19
-0.0952318546862945	0.0563261463483399	19
0.00778303304399164	0.00935325496273973	135
0.0149814526918914	0.0168930713020361	131
-0.0124862708218897	0.0129029206637322	131
0.0684407110425278	0.0766370580812427	131
0.02145905716866	0.0231007955775561	131
-0.114692271660392	0.083993632406704	12
-0.0560305334288433	0.067583839588533	218
0.108049530632584	0.115096213749474	12
-0.114057767500661	0.13648227470993	12
-0.0607468804690328	0.0570235081499552	12
-0.0379480553746991	0.0475558545464451	12
-0.122240281339978	0.129598008927813	12
-0.0580049123328097	0.0678322693018982	12
-0.105409641980102	0.151159106701222	12
-0.031628137220138	0.0394227783581563	10
-0.07854334869867	0.0852173044576458	10
-0.0137860929339964	0.0667096158163773	27
-0.0521185717914631	0.258920819265686	27
-0.103172105382601	0.507202292049887	27
0.0790919429976152	0.287558890441015	27
0.0241412612268829	0.0388242686399868	188
0.0712876878146119	0.128860849326201	188
-0.00995615880825211	0.0159604040737102	188
0.0591243242555563	0.11048935190216	44
0.113357341633352	0.18959650231923	44
-0.0615880025897153	0.081129541166164	44
-0.0270698883404361	0.0421855387374869	44
0.0441469299562229	0.0739713189048974	44
-0.0574964828184047	0.0837408949712621	44
-0.00493101749695421	0.00702984051806349	44
-0.0163833370718705	0.0234174561905345	44
0.0569982808542321	0.0743369434466196	44
-0.0393591790204718	0.0479627619810337	25
-0.117133962792074	0.187280441871401	247
-0.092621639129665	0.155146949792474	247
0.086068501347907	0.133151869602207	247
-0.123069286915977	0.173091109636173	181
0.0268965387961308	0.0136557488319792	181
0.106079588801361	0.105699145925937	25
0.0261025432867023	0.0122594136116909	25
0.0464835044022873	0.0338385986036382	19
0.0817401685535217	0.0828914754706339	19
0.0450582704478662	0.0669567184825726	19
0.0379705971264874	0.0531836935077553	19
0.0293686842358904	0.0373159834895481	19
-0.106577532002331	0.161592235025926	19
0.0687876298142194	0.0552428097371805	19
0.00504218775983108	0.0065803951109363	19
-0.0122641799813051	0.0138733823130802	19
0.0162062794163	0.0174502046850041	131
-0.0789003277783916	0.0706550896226698	131
0.0400727334200257	0.0253535114083982	19
0.0995534809728296	0.13229365519454	131
-0.0582607660985588	0.0825262106181349	135
-0.00965111208363219	0.0118839584360503	131
0.032045012878853	0.0418157457815678	131
-0.0623686574408754	0.0391453428657815	12
-0.0559283301497868	0.0652936648437349	218
0.0436794129024624	0.0588366231896066	110
0.105281553429337	0.132585985165526	12
-0.0674637037758831	0.0618360723542715	12
-0.0443663919656917	0.0549918229632922	12
0.0514260084215482	0.0691255783943039	12
0.0142710141884001	0.018720243118532	12
0.0896776766329874	0.140759643853256	10
0.0554550752026113	0.313581315438357	27
-0.0655324749813549	0.264453949475943	27
0.0894274889644706	0.207202662848458	27
0.11448689989777	0.227642634254826	188
0.0235862357014109	0.0387563389979972	188
-0.10497365912967	0.143360031864338	44
-0.116464807921197	0.147203197122703	25
0.0369491822662141	0.0472037569636898	25
-0.0659231044846264	0.0680197645734629	25
0.026978798644909	0.0226966779359511	25
-0.053572296064015	0.0709598506944078	25
0.0781066235891024	0.105188224542399	247
0.0634838473650634	0.0939516852095264	247
0.103603462425688	0.141739245954662	247
-0.0436533726732462	0.030719595048514	181
-0.0996346181666432	0.125109927028995	19
0.11542472632929	0.156437145230136	19
0.0241955551628594	0.0336673955446825	19
0.0813300894661269	0.122240275492648	19
0.00300514399082546	0.0040827683370564	19
0.0924235076824121	0.0797856373531051	131
0.0317364620314963	0.0171941039061677	131
-0.0520150668605942	0.0614511046825418	131
0.0294063812584555	0.0166147085208631	131
0.0171030295245886	0.00735512316028408	131
-0.00424372835792063	0.00499220103780135	131
0.097789711680096	0.103764580233054	135
0.0571212964019363	0.0734659866687973	131
0.0845712036234223	0.117521068519636	135
-0.12030755494989	0.144134976916785	131
-0.0400759811268611	0.0419686507157246	131
-0.103573924618243	0.115553939521476	131
-0.0508504653517337	0.0587083754029899	131
0.105073857728902	0.108453515912878	131
-0.0252568254336626	0.0276563985006712	131
0.0926906694811657	0.109735310984307	131
-0.0874100401954441	0.0952230585688289	12
-0.0261191796016089	0.0188660051888308	110
-0.0192238582597002	0.0246769454133328	110
0.104326685154437	0.150387932006683	110
0.0999092370409409	0.0943755602832891	110
0.0217450295137482	0.0207282258229612	12
-0.029747563971082	0.0254597552658646	12
0.0528338608316023	0.0390991620413159	12
-0.07111383353009	0.0858535089199605	12
-0.0318003362302449	0.0399273271527915	12
-0.0524961173444663	0.0648919417927254	12
-0.0486436631268162	0.0664253234426476	10
-0.071488076790862	0.0743481002062943	10
-0.0923104025322876	0.0558583479650854	10
0.0361413325819474	0.194058539453125	27
0.0407882429664753	0.200393458727406	27
0.0340019293366491	0.0601504717918857	44
-0.00504995758296275	0.00793859939517022	44
0.123621534019595	0.26203242349486	44
0.0458091588860786	0.0801611213274517	25
-0.0794260969677642	0.126938538911691	25
0.0115641710590786	0.0110649384620663	25
-0.066211186436039	0.0993995493958208	44
-0.0753596711965009	0.112119001902009	44
-0.0790469045318884	0.103895761130803	44
0.0687485015983688	0.0968680865050114	44
-0.0965967796549801	0.139599390765054	25
0.0825672018582361	0.0942954627816684	25
-0.0640891696753961	0.0697802009132704	25
0.0185468334352591	0.014776062670942	25
0.120955556667017	0.204723575618761	247
0.121242373505812	0.209098405339539	247
-0.0814760569853362	0.0495637363657958	181
0.0462140838379652	0.0282959065121826	84
0.118888435286648	0.15836116804611	25
-0.0567574247055792	0.0693698028873398	19
0.0803706786294402	0.117492802375333	19
-0.0763089133332035	0.102525946448954	19
0.113480547228408	0.117355793571349	19
0.0619427010878163	0.0666827260927728	19
0.121461815951583	0.160881195961736	19
-0.0783960505982441	0.11790822855477	131
0.0204426552110018	0.0272692886090346	19
0.0455447476821865	0.0494111125553076	131
-0.12112722067609	0.124217753649193	131
0.108198768631167	0.149368154126223	131
-0.056440521377606	0.0514117664449487	131
0.0336510773484787	0.017422540847145	131
0.0499790525714489	0.0337874396325245	131
-0.114221277037543	0.177614692284663	135
0.108012373872926	0.143087794601219	135
0.0610418547716834	0.0774464533011546	135
0.00979154703416947	0.010400662912011	135
-0.0387980025856778	0.0362929977448609	131
0.0113490493030909	0.0111197440614278	12
0.0183092294568167	0.0170697441649769	12
-0.0929168522191895	0.10881896875705	12
-0.0210533053924137	0.0154772909579848	110
0.0214022872624661	0.0300070390928055	110
-0.062301276515604	0.0725921431013189	12
-0.104477157990413	0.161604544118599	12
-0.100256696441549	0.0904360235123125	12
0.116317632741528	0.153142477069556	12
-0.0702632429638341	0.0676104870044331	12
0.0127106593027536	0.0136119725482633	12
0.115250351995251	0.180907140147729	10
-0.0783560884373035	0.118787514583196	10
0.0384835652980943	0.0541777747576541	10
0.0703576990559291	0.0906052207537718	10
0.0161602885750283	0.0218369547916974	10
-0.0836039485437495	0.547290299541266	27
-0.116382058735335	0.656705662450044	27
-0.0438304563842321	0.14448337718661	27
0.104491139983116	0.352294192030723	27
-0.053351127593653	0.0942370949834044	44
0.11888478133104	0.220677137698959	44
0.0176355301510404	0.0148372170267559	44
0.0899180610942375	0.0991362134799154	44
-0.057857704713127	0.0698412432558118	44
0.00904124125386993	0.0109266094426675	25
-0.0755798717490565	0.068998656424218	25
0.00731468222496618	0.00988093110667613	181
-0.040848996578412	0.0323289758369649	181
-0.0713689983034151	0.0863076877042901	25
0.114946642116379	0.124095635638769	112
-0.104784859310874	0.154080836359369	112
-0.0812818188994003	0.107359939543088	112
-0.0579743883679884	0.0827742925325613	112
0.111325241953119	0.118455258204383	19
0.0292194656096981	0.0327073661154853	19
-0.0960678526937667	0.137092355060465	19
-0.024900338359448	0.025659223939909	19
-0.0679929001814667	0.0970449082732122	131
-0.0418090335089276	0.0546175718129739	131
-0.0579412191504285	0.0721218477364615	131
0.0155347562465605	0.018804904505727	131
0.0514014875553115	0.0674139392522128	131
-0.110570283560418	0.152290679810628	131
-0.0173576280785736	0.0202577865446632	131
-0.0525230856651812	0.0491174016538276	131
0.0723585442719121	0.101742689751498	135
-0.00246327077635126	0.0030628124036802	135
0.0581123400499519	0.0638127036445669	135
-0.0147118604310228	0.0143346960394631	45
0.0634779065385837	0.062281385141804	45
0.0442361719991698	0.0411261855555674	45
0.0424639554461218	0.0451328089970281	12
0.00660678828914229	0.00791084093293124	12
0.0996227637500129	0.0940513961366978	110
0.0197575044004196	0.019149501289595	110
0.121844102249709	0.166330840083775	110
0.121419592281991	0.191132733361032	110
0.0781307257193284	0.0994074423229882	12
-0.111130045393175	0.14313319030372	12
0.0403954625952725	0.0526632887103439	12
0.07570338445215	0.0810832611761055	12
0.0973588839799103	0.116581034861915	12
-0.0270482226360597	0.0312521847880071	10
0.0972812190889546	0.131476550383944	10
0.0274331438498479	0.0349358287542651	10
-0.04854731815897	0.0603678313983419	10
-0.0982007515720684	0.129169669079807	10
-0.0518234151274595	0.0708991165148715	10
0.114212794586374	0.904333866494098	27
-0.0294444693501231	0.140677204703458	27
0.0163264341285066	0.0591939237365343	27
0.117430740813038	0.134193827835295	107
0.0770761933900775	0.0827674607834591	107
0.0413603733816511	0.0411450877351347	188
-0.0864241725420097	0.15618377702619	44
0.0736321321050754	0.128483267386101	44
-0.029511899449037	0.049798830573731	25
0.0369282595858748	0.0539257721214682	25
-0.0877874673074058	0.176254597737385	44
0.0649235158239237	0.114388312038813	44
-0.100206570919265	0.166421394658425	44
-0.0282669019192476	0.0397759490187114	44
-0.0452511422271147	0.0520496109639802	44
0.0855901876859102	0.0902178119731554	44
0.0952095594614787	0.144234264585334	44
-0.113598423536268	0.144663811056459	25
-0.0326454723843829	0.0512724903888298	25
-0.0310828849034043	0.0455922946812734	25
-0.0967598209494447	0.153472997456017	25
0.0550119146102869	0.0776251247466428	25
0.0960047620633688	0.092884378542811	25
0.0360903506703297	0.0292554912317171	25
-0.0643653925833413	0.0703446942599711	181
-0.0460299580214259	0.0569079997581584	181
-0.0184340419422236	0.0219337358424276	181
0.0380203964667125	0.0484907798343227	19
-0.0927293618954607	0.145595024931481	112
-0.00824966350243577	0.00880313968358993	112
-0.115398788031647	0.167822535770035	112
0.0227455072289892	0.0317416844930582	112
-0.0137486749292277	0.0202756626822245	112
-0.026272293928437	0.0230582190893648	19
0.0954485077733529	0.0935408503439326	19
0.0264034769037809	0.0396094067024675	19
-0.114956412214255	0.198732202422853	19
0.0597120322066398	0.0910136254806734	19
-0.0578792505187208	0.0710824266005714	131
-0.00360765459542876	0.0050745586758224	131
-0.0256638606711768	0.0347377753548262	131
0.000999843256881048	0.00141079641723488	131
0.0847731659491197	0.101963783797198	131
0.0969433070481949	0.165323919379473	19
0.01764631840932	0.0229218570884853	131
-0.0668128575923347	0.0996606676567464	131
0.0511490514778578	0.0655541198648692	131
0.0907419487742174	0.109819078037524	131
-0.119567343514924	0.192503637216888	131
0.0955133432164582	0.120794687061798	195
0.0373123566430656	0.0467555076049415	131
-0.100886753178477	0.176563004647517	131
-0.114989384936136	0.159504865354036	131
-0.106161669673496	0.089231780420695	135
-0.0491202326739169	0.0337883041584904	135
0.0607505753250214	0.0447940222966867	135
-0.0268859418190273	0.0223162307473549	131
-0.0338807680439305	0.0327112625817063	12
0.0331417505295795	0.0525473087080929	12
-0.103993513218096	0.190311486193784	12
-0.10230690651183	0.168416616466613	12
0.00131424417301887	0.00198355325468065	110
0.0399604842492632	0.063189843644617	110
-0.106487280051916	0.108068011221581	110
-0.0728742666150933	0.105555243946745	12
-0.0223128417864051	0.0299411288636291	12
0.0231166852832741	0.0278494636632125	12
0.0662927873795515	0.0891106993790975	12
-0.0385807787399138	0.0400234642823907	12
0.0650832460987599	0.0745874224283665	12
-0.100513475266733	0.0905400383248394	10
0.0548547678320641	0.070202594054453	10
0.0316769756469895	0.0322573464246941	10
-0.122094969938147	0.121028305719149	10
-0.0172828632207266	0.0168394218467537	10
0.0247430484500288	0.130235428210126	27
0.0924167451790741	0.522603061862654	27
0.0986706246080624	0.377201400431743	27
0.0527898297140387	0.094812679354159	188
0.0351905455365509	0.0612944943207973	25
0.0282422537983025	0.0506158731406023	25
0.0975156328005564	0.184020765913016	25
-0.12244152860511	0.204719707214766	25
0.0710888227304712	0.0730950741788462	44
0.0568066968967224	0.0709998408129392	44
0.0407033205421837	0.0630282034623592	44
0.0172787134152668	0.0272363827231818	44
0.114435504979585	0.163044469365257	44
0.00622547812177625	0.00846450716707451	25
-0.0545850147918446	0.0457561939469102	25
-0.0658732758125059	0.093872363104595	25
0.0719723380395141	0.105363724417396	25
-0.0634414212542124	0.0753482293652962	181
0.0011993318393345	0.000952428323175609	181
0.105873670797353	0.140899397441606	19
0.030365843747391	0.0261222380469216	112
0.0104131484678125	0.0160989310459679	112
-0.0863604245651104	0.112553924380747	19
-0.116004503521672	0.162721316928004	19
-0.0125200494575598	0.0167948057246089	131
-0.026547828736256	0.0366332850638048	131
0.0893593273407393	0.129762059035553	131
0.0926474062840421	0.142975737476199	131
-0.066245219689499	0.0743974639938024	131
-0.0878542017647893	0.134445672384319	131
0.0205626502702488	0.0167628822872151	195
0.0137785610822244	0.0114353187451088	195
-0.119901176716789	0.118475343232455	131
-0.111018841452296	0.142829780117556	135
-0.0767862904252389	0.0636576538521351	131
0.065737603851451	0.0633041721154005	131
0.00585477805326888	0.00596270722667577	45
0.00310947246571468	0.00363878953463733	12
0.0211307497706523	0.0197052103410588	12
-0.106543187952726	0.112055526823305	110
0.00770511416147742	0.0108124976641207	110
0.0484306027869367	0.0557477720033685	12
0.0357895457577714	0.0450553225026297	12
0.0455892988411411	0.0530684681185568	12
-0.0811621015986787	0.106495839891689	12
-0.0328975627279025	0.0402862675408987	10
-0.0597965103121413	0.0891030151734116	10
0.0258118409198599	0.036401850942352	10
0.00543940782977299	0.00649296400738141	10
0.00721130964743816	0.0342552666141422	27
-0.0249942273112742	0.0853442623856343	27
0.0646199693646922	0.107530783259814	44
0.113627016941423	0.215873084806794	44
-0.00920836103142787	0.0163650762617909	25
-0.0721731338267098	0.117751643980257	25
0.0591482920429802	0.0694702502486747	44
0.114892506691899	0.19508836445031	44
-0.0479555516351858	0.0771839191373756	44
0.00928316383027141	0.0133443971061296	44
-0.0930210934551084	0.130079844511434	44
0.0507150708567468	0.0734049144779175	44
-0.119755945935692	0.153576633664658	25
-0.103691533633282	0.130788379746024	25
0.0540792202344781	0.0583036443672733	25
-0.0622826670660903	0.0492680645054038	19
-0.063093296447518	0.0527536354526844	19
-0.108143738692952	0.131689086706863	112
0.00144827575324975	0.00197864136642078	112
0.0739192707348438	0.11225393324344	19
-0.0323423138095561	0.0449585202670237	62
-0.02554990300013	0.0323076004583745	19
0.0569282160206769	0.0847734526219135	19
0.115980620185397	0.183517403066187	19
0.0154045399539459	0.0211682316610144	131
0.018317838950807	0.0250567204742087	131
-0.0184914428049197	0.0255407944323505	131
0.00471843237916397	0.00561274781821869	131
0.0757877659568696	0.110810425166808	131
0.0887276386707146	0.107387854277753	131
-0.122438420605911	0.128776545904613	131
-0.0613206410102673	0.0970332846160867	131
-0.0669106728072205	0.097601663935204	135
0.0179126432352433	0.021594386568698	135
-0.00241368116369059	0.00290276586822313	135
0.0837924790918875	0.104824357363692	135
0.11444755592504	0.137657324746912	131
-0.104044829982123	0.119199440381317	131
0.0863791718167218	0.0976455145748415	131
0.0501339421239929	0.047800450153637	45
-0.0992552757329456	0.125633588854857	12
-0.0155084430808726	0.0187277210200062	12
0.0156282931369062	0.0192220430912475	12
0.042124764899754	0.0564536454891033	12
-0.0693171854298604	0.0826280984247928	12
0.0712238106428887	0.100383963891716	12
0.118937544703956	0.17227663964338	12
-0.10858565974556	0.166802341844502	12
0.0894005083904648	0.111104601679949	12
-0.0605899488886326	0.0758972915608231	12
0.0374021165294454	0.0564885384530617	10
-0.0245396662082231	0.0346737921728025	10
0.00631379345523653	0.00827157290887945	10
-0.0470143142484111	0.0681146123315393	10
-0.0655137510712852	0.0953233368065504	10
-0.0198008502929298	0.0194810828371624	10
-0.0346770258454081	0.18072413197958	27
0.0589296739194386	0.24810997954457	27
0.110775862490465	0.227602568804595	188
-0.018194918599892	0.0263525676677813	25
-0.0716379143601254	0.132222624362144	25
-0.0316073112426699	0.0526324612003164	25
-0.0879720417911969	0.164069634355412	25
0.103332722152986	0.111400847899516	44
-0.11906276620424	0.157910511300816	44
0.0650939828953945	0.0997813036940067	44
0.0812835503379763	0.132132835604393	44
0.116163653491286	0.188196335958924	44
-0.0974706121524543	0.147086866803051	25
-0.0850188657105756	0.10576815753048	25
-0.0141169726366232	0.0170090679380184	25
-0.10210933041535	0.0993862450480223	84
-0.116695194393589	0.162788428999216	25
0.1196839512394	0.188086913007023	112
0.0143580413373836	0.0218805910735785	19
-0.00489643674461719	0.00621112404047626	19
0.0742769519330373	0.105849296838092	62
0.102856067804076	0.12543784968754	19
0.045282906532364	0.0479907222176326	19
0.05883440343509	0.0843579487748429	19
-0.097299399889367	0.132462216534615	131
0.117394477705085	0.170911558839483	131
0.0244758329814584	0.0328818473335837	131
-0.0899831968289523	0.124247396277862	131
0.109248789782316	0.1359636953923	131
0.0431724374635671	0.0543244744659991	131
-0.0829113393671574	0.0865087073554474	131
0.0835097422430262	0.0764725549868633	131
0.0399714995936066	0.0269818814268274	131
0.00384862114527358	0.00294522157025843	131
0.0767693065544892	0.104326593721589	135
0.0782558623593171	0.10171554842957	135
0.0553008787741133	0.0695740739938975	131
-0.0870683677261544	0.100102693823716	131
-0.0446243926014856	0.0465295061848705	131
-0.0479101788610376	0.0496080229706735	131
-0.0912589058903508	0.091785914462548	45
0.0913693620343512	0.106132176812524	45
0.0483834678935693	0.0602012703632457	45
0.038849424302942	0.0344349343278413	110
-0.0714245285542427	0.0994104108978337	12
0.0279900813847923	0.0348370487292395	12
-0.0113338956883882	0.0147923273491496	12
0.0157052390773777	0.0205557117037388	10
-0.0845610130239099	0.12799761058359	10
0.00722034294285097	0.00888312311954832	10
-0.070591719269316	0.0875966809183875	10
-0.0620907719179224	0.0849559826751499	10
0.00796682206470526	0.0108927795928557	10
0.0309131986014094	0.0258482496657254	10
0.0108159317442076	0.0506253062673676	27
0.0855901035871166	0.461624542707211	27
-0.0390151410240498	0.0803985117365563	25
-0.088422196717827	0.180567071629746	25
0.0793621458809134	0.193379942807219	188
0.0247964533205435	0.0497899629023917	25
0.0308741092611025	0.057281155621843	25
-0.0373328067699672	0.0579362201001353	25
0.00373049976041687	0.00587967763694698	25
-0.0379396315782255	0.0680859443354415	25
0.0845761949080775	0.0990786729596041	25
0.100800845263127	0.0947732498420849	25
0.0287844671494225	0.0405937365433063	44
-0.0581046976155881	0.084570003092353	25
-0.0023729414684529	0.00334253901529333	25
-0.104533819852516	0.102879423618324	25
-0.00199234972629888	0.00153938571774455	25
-0.0381675972926324	0.0276140638706435	84
-0.0767801762287042	0.117262940771931	112
-0.027918197204682	0.0349553093773499	19
-0.0703915662162123	0.109107195446639	19
-0.00622469540522175	0.00848208982881213	131
-0.036076871009145	0.0397474263501564	131
0.104414918378176	0.157279869083871	131
-0.0979725487326458	0.0762243172576565	131
-0.0364288201552423	0.0306662494412866	131
-0.0547917955873347	0.0362879902515545	131
0.0198406971659	0.0270221635894448	135
0.103709997354321	0.162109312954612	135
-0.00109157033256464	0.00117531833614849	135
0.0829590892065524	0.113197155326403	131
0.124841067462767	0.171898339321384	131
-0.0219539503604669	0.0286640938329723	131
0.0386517321544254	0.0403503042976977	45
0.0506667508728405	0.0378067084806047	12
0.0853068698847839	0.119479437233134	110
0.104420203209139	0.162653441541113	110
0.080210741126968	0.13718293510808	110
0.00423106638772956	0.00475859720974616	12
-0.0861010285796442	0.109206884640138	12
-0.078777960332205	0.0852759095419957	12
-0.0985512141089356	0.101717112753635	12
-0.043790580648343	0.0631089551156084	12
-0.116179636035592	0.170297851091802	12
0.0613383861058292	0.0880654960956021	12
0.0663706565627512	0.0982487060535904	12
-0.0363225221643647	0.0528361519671477	12
0.0857389612911214	0.109461638688443	10
0.00831000684463357	0.00677088281251789	10
0.0780465690669079	0.543191400109284	27
0.110730276446339	0.769339261940482	27
-0.0741233684548745	0.36749912529615	27
-0.0952334402492385	0.211663998623492	25
-0.0925993479876778	0.217767651373358	25
-0.0204158306468344	0.0401430486807775	25
-0.0537968047129621	0.10509257716192	25
-0.10539126014021	0.214767956972382	25
-0.0564459571366789	0.104681183216769	25
-0.117369127668132	0.194461526611566	25
-0.062806821391056	0.0883659435824638	25
-0.0324354390622511	0.0402390969650691	25
0.0507438139807429	0.0594497421245257	25
-0.0613793787485722	0.0910348804988558	181
0.0254959581474775	0.0234788676734591	84
-0.00949892192006637	0.0120648400473099	19
0.0383919113950123	0.0458357639239992	19
0.0328047847948632	0.0283453701875413	19
0.013102355331468	0.0184478707457134	19
-0.021300739384565	0.0309951258662638	19
0.06131948452584	0.075452630800896	19
0.103970784436857	0.132221998920755	64
0.0807555630398045	0.102231538739097	64
0.0104225100597658	0.0134037557645947	131
0.110846724318621	0.17210235693224	131
-0.0911643882618755	0.136218376323378	131
-0.101417435029727	0.119406173063855	131
-0.0811925411000655	0.110474390441613	131
-0.0749789674116372	0.0942954635624966	131
0.0248914777915545	0.0259885264125825	131
-0.0283304485985479	0.0431256167701806	131
-0.0900553926761318	0.129061889144705	135
0.082953699589499	0.105275076431843	135
-0.0178173263346465	0.0171160401355198	131
-0.0169802883032791	0.01804778184904	131
0.106236577727886	0.102200357218931	45
-0.0776103425463066	0.108066364627822	12
-0.113382471977649	0.167293867536988	12
-0.0400150809680591	0.0568693098033108	12
0.0404535562102902	0.0525969852980198	12
-0.0373664474937723	0.0494991422873425	12
-0.107514543435333	0.150550131794719	12
0.0869627836333451	0.107253971703243	12
-0.00888497649956367	0.0112066823959278	12
-0.0568649558149468	0.0802244816621575	10
-0.0552186992799318	0.0809348109524734	10
0.022532327991344	0.0267880962041153	10
0.0252895488190465	0.135932992839633	27
-0.0665626329624086	0.406384814644047	27
-0.097086197698825	0.141272076919478	25
0.101476530436851	0.221567104191939	25
0.0477116370942594	0.0617797546050229	25
-0.0405166692322728	0.0640430944938247	25
0.0191624165227736	0.0373913886021282	25
-0.111255719871372	0.210889391522345	25
0.0302116894179487	0.0336072097298186	25
0.00191706747844481	0.00186507579302644	25
-0.121025553354111	0.20192188284953	25
-0.108359653571853	0.18297282271002	25
0.0308089191487533	0.043720220828202	25
0.0703507333760569	0.117441576242655	25
-0.10382813386042	0.169004034731513	181
-0.0500218409392208	0.0755854078204542	181
0.0820247683956447	0.0959645736214088	19
0.0514030818401505	0.0680210491457154	19
-0.0514668381335524	0.0709126150363057	19
-0.00195196644161851	0.00244863904543887	19
0.0199526084900233	0.0233483324192275	19
0.122866796327045	0.169933646699839	19
-0.10872019510257	0.172347472677625	19
-0.0617339271615568	0.090739397620136	19
0.0381092905181221	0.0331554256825145	19
0.0398075027451779	0.0266585927133837	19
0.0296252808112316	0.0173834604056699	19
-0.0379170981363972	0.04848844234953	62
0.0840275913754501	0.126224707879288	64
0.0377996790907592	0.0450213502867322	64
-0.0411604649929093	0.0632065148497002	131
-0.0599085034109787	0.0878447819911393	131
-0.112603541287303	0.199697875578352	131
0.00878045653393013	0.012577005201344	131
0.114757004271216	0.207869586135645	131
0.12344179623411	0.157805133112461	131
0.110758362327694	0.15477061845753	131
-0.0858217915061342	0.123137878654777	131
-0.0864805150688381	0.111140238588732	131
-0.0911630649861089	0.137670015016514	131
0.095698051718083	0.161743439360482	131
0.0366841696684235	0.0534835185722239	135
0.0651667015201909	0.0535278589660615	135
-0.102676181424645	0.0625152008945011	32
-0.0142760588912456	0.0124504610363832	131
0.0699978615018965	0.0742138902750637	12
0.0306227829116317	0.0315322629258038	12
-0.108401790082051	0.178068272806498	12
-0.0845765686589157	0.14013388366029	12
-0.114985332548091	0.21564410601783	12
-0.121442202589548	0.126822802203018	12
-0.0910550679785939	0.148112197179144	12
0.00813294800787772	0.0112004794012957	10
0.0425185604399809	0.0539615420217844	10
-0.0776284925360962	0.0829260392776252	12
0.0213413776337101	0.0199803280322146	12
0.0840451541966769	0.120202024357493	12
0.0558783588739731	0.0520843877197016	12
-0.00936623901135769	0.00907976160076127	10
-0.105451146734692	0.166091681070918	10
-0.124415404543066	0.246225028788654	10
0.0338390972893399	0.0474843946097924	10
0.0915825560749302	0.680869947999924	27
0.0732021245204723	0.164568787513341	25
0.112547175286347	0.251085313925273	25
0.0805388524802763	0.167541095562776	25
0.0258056472688966	0.0494777217929836	25
-0.0251850890585031	0.0548142434312298	25
0.100227499043715	0.211195576809251	25
-0.0933694786545942	0.165143763299722	25
0.0114146043207976	0.0170691281260181	25
0.028825078809387	0.0426121882969298	25
0.0270044741761498	0.0373614998387725	25
0.00996923160152407	0.013658566959569	25
0.0606473678271778	0.0895103258119551	25
-0.0912903684081751	0.137400862191179	25
-0.115849590741774	0.163219693639364	25
0.08945848881447	0.119667549316376	181
0.0288677843429461	0.0391745592413783	19
0.0970678746795764	0.101549920645632	19
-0.0548698479918434	0.0604803957940406	19
-0.078945638860086	0.123690676209555	19
0.00757382847822924	0.01001763170739	19
-0.0351794928556642	0.0459732718777844	62
-0.0675306377790576	0.0831385980687167	131
-0.0958858904616293	0.141152835185351	131
-0.0109835690170654	0.0145848929839134	131
0.0383975985095081	0.0488746628874045	64
-0.0612953022317571	0.0696000248385457	131
0.0730194678235742	0.0969491985725175	131
0.0806873935557589	0.112662186850072	131
-0.0794972501016208	0.0920837492256548	131
0.0769912457905234	0.0843628848177245	64
0.0160001225057712	0.0160231930058115	131
0.0277823879982926	0.0272909229821543	131
-0.0302664456056301	0.0304378813804605	32
0.0226691352244766	0.0250240651325602	32
-0.12319544569073	0.147178293847671	32
0.111198358427547	0.136647323948583	135
0.0804818284460322	0.0885465436314103	135
0.0825768885694025	0.0755162097248726	135
0.0793066923228302	0.0839837783798486	32
0.0247602315943539	0.0304380125062532	12
0.0368702858903518	0.0542674768352095	12
-0.0135386962725185	0.0179805815887328	12
-0.0404810324515783	0.0514715247734782	12
0.0338856127839013	0.0384534907744159	12
0.113741510051281	0.17611920680278	266
0.0579849248441487	0.078890933221105	12
-0.0565315876983962	0.0763446530524614	12
-0.0180233697871764	0.0226026731043797	12
-0.113048313316889	0.165418637407176	12
-0.0518742926952162	0.0694834100539063	12
-0.0957765762373086	0.127798825166171	10
0.041213267615442	0.0468600691508519	12
0.0130830547762324	0.0179024468367974	12
-0.0591593538280051	0.0694991916554456	10
0.043287140344882	0.242074195795602	27
0.0986528734675885	0.252721266581958	25
-0.0419179712847252	0.0917991327433468	25
-0.118333565334462	0.272553438024369	25
-0.0434323335508805	0.0679259967355479	25
-0.0993823023300801	0.0976182159715749	181
-0.0648610741407428	0.0603372550233804	181
-0.114377870241063	0.185136455329984	19
-0.119012626681796	0.21511862808065	19
0.0780190493398123	0.0933184105889756	19
-0.0367058356702111	0.0299398116619055	19
0.118473482407502	0.130525444971027	19
0.097618549388394	0.133200615158645	19
-0.0235189342617311	0.0163725882329981	19
0.113660657678124	0.167682920271176	19
-0.0872446608058005	0.118956749263442	19
0.00318560253249132	0.00354353184808347	19
0.0108631921062603	0.0140421589825442	19
-0.124646830810631	0.190980494170589	62
-0.0667127696026734	0.0703573984125971	62
0.0783455323861827	0.115057065448791	64
0.102984083309521	0.105564159884367	131
0.0485294102798809	0.035066091000612	131
0.118774901141942	0.140810219149916	131
0.0820347408890973	0.0729663216616658	64
0.0724724015980045	0.105208461126056	135
0.0873750603817475	0.135814553737094	135
-0.0909570985469787	0.126234428787142	32
0.0404634739982338	0.0530549656158244	32
-0.0839029820850496	0.111481627331605	32
-0.0358796945371842	0.048953865763315	32
-0.121039938524034	0.143552586325986	32
0.0716419757749727	0.0863287470643087	32
0.0351585661722155	0.0417511780678126	32
0.101063811240142	0.148118241608279	32
-0.112180179763991	0.11415440654979	12
-0.0966148746283182	0.0880328738621934	12
-0.0681628907145193	0.0962684501672951	12
-0.0279976643088046	0.0367547843424807	10
0.107434567771925	0.159447770710036	10
-0.124467261894759	0.172860683088122	12
0.0481422951961251	0.0538581489549323	10
-0.114869493731469	0.167161909925233	12
-0.117862790487903	0.177123978718354	10
0.00120150372291742	0.00126477921874074	10
-0.117754140649916	0.0915660937391012	10
0.0332976155607867	0.185135283266712	25
-0.0764817527729265	0.134894372335926	25
0.108398190576803	0.159402618066561	25
-0.105324988403064	0.158611945057057	25
0.0693363832483044	0.10731841082221	25
-0.111652205701237	0.113149922217576	25
0.0899372089372624	0.0798258193700682	181
-0.0898935555506919	0.0995031939922757	181
-0.056748241667199	0.0912420497898537	181
0.0268850702838288	0.0315050147702086	19
0.0523520593732267	0.0393296981725676	19
0.0264697168684119	0.0313765498386017	19
-0.0918114101421122	0.0986683942592319	19
-0.0985964570026011	0.106786130181465	19
0.0126198620968907	0.0114926923590668	19
-0.000390395434342683	0.000452170763849762	19
0.0306806119712692	0.0354025731514182	19
-0.0446393517586814	0.0522300116372916	19
0.0361509658798542	0.046105941843047	19
0.0893733602277509	0.100064208071028	19
-0.0246283990813272	0.0310539316405806	19
0.058811319398555	0.0448443023125752	131
0.0448195162098617	0.0322369554287113	64
0.0624299840329352	0.0452376798449264	131
0.101778847487865	0.139067924278702	135
0.0704564191881189	0.116890799674016	32
0.051156504207408	0.0784157908048477	32
0.049739496740343	0.0813128900790366	32
-0.0714330004167703	0.108579221386703	32
-0.0960867449857513	0.139319649690495	32
-0.0766630995848139	0.114395597498294	32
-0.110930975933127	0.165498479718516	32
0.0795746549011789	0.117180404982013	32
0.0975463005907374	0.120562119218284	32
0.0636153878007761	0.0883526650826104	32
0.110057305918706	0.159489339815943	266
0.041020438147894	0.0335680068881121	12
-0.0253655161525487	0.0295733563748246	12
-0.0126722220481324	0.0125174425700821	10
0.0627802954213611	0.0796866055759608	10
-0.0978353202165248	0.12365662532533	10
-0.00406175405345002	0.00480170699170556	10
0.0417078829589992	0.0589235182586275	10
0.0728193311231042	0.11719089567684	10
0.0480466770182706	0.0726632194918424	10
0.0849080641478635	0.124325469147174	10
0.0483356694956001	0.0610739020788164	10
-0.119109920812209	0.16537050990246	10
0.0784717185530364	0.106168877217182	10
-0.0985780192779009	0.0793790420882715	10
-0.0771919771017977	0.528185147124655	25
-0.106215919903409	0.690095418923525	25
-0.0723342662530307	0.335918005079387	25
-0.094425816084086	0.18323839007182	25
-0.105076765038743	0.167661925744506	25
0.0403039647743853	0.0690343976385572	25
-0.123561418300868	0.242441989041695	25
0.103583884052771	0.158777344523158	25
-0.121879122332345	0.167417759454093	25
-0.0639200591714684	0.072333345251156	25
0.0368421999256463	0.0207219682739095	15
0.02326526178676	0.0125649508558032	181
-0.0602405311517029	0.0813677484220699	181
0.0175204451025966	0.0167926989473719	19
-0.106009332560379	0.0845978059953535	19
0.050095444331156	0.0438535503709456	19
0.0526326324347324	0.0369047410893397	131
0.0146238029150809	0.00626838190796452	131
-0.0208520777157894	0.0204172962206798	64
-0.0875661847654733	0.0991937427668998	64
0.058185548973075	0.0385115340510869	131
-0.0303559716492174	0.0221981981800103	131
0.0346284442225441	0.0216623178299376	131
-0.0407389633742585	0.029191909040148	64
-0.0171797983765394	0.00498465521553353	32
0.0150744003245661	0.00657236013708957	32
0.0394376852530218	0.0720943925367954	32
0.0177669859341575	0.0289238411329151	32
-0.121443045742037	0.227734896433392	32
-0.016156439716007	0.0258668991751796	32
-0.0444503068182773	0.0722011248057971	32
0.0531984761330418	0.0754207025920237	32
-0.0189105574183603	0.0267533756772563	32
0.0227422868256139	0.0314551171372875	32
0.01933623538768	0.0276787775812483	32
-0.0417318808440579	0.0659067289274094	32
0.0878215527297249	0.138463902835968	32
-0.116190464680874	0.141097870914329	32
-0.106592049211467	0.105788870317905	32
0.0584285412919873	0.0371493383805957	10
-0.0193119009762166	0.0216961001601431	10
-0.0970060903479815	0.161377394615602	10
0.0300100852477431	0.043269620195925	10
0.045512502474655	0.0409317277888813	10
-0.00430356634896874	0.0209023185070552	25
-0.0567033627231373	0.300210150158863	25
0.103736900033519	0.163245675040414	25
0.0808111441041675	0.153045236084525	25
-0.090800608444306	0.180726654464114	25
-0.037549856551299	0.0616321545792828	25
-0.0793979493520188	0.113245718505315	25
-0.118479806531108	0.0682138208746537	25
0.04942170136139	0.0306348874876158	15
-0.064948682928027	0.0614318191752183	15
0.0589355010840354	0.0466915863864075	15
0.010298158004488	0.00432310602831837	15
0.0413129774386132	0.0268430801058718	181
-0.0819751866699944	0.0889076494686972	19
0.0163245326389279	0.0137356293338434	19
0.0405814982460909	0.024410847147216	131
0.10418758685176	0.101193248985699	64
-0.00519775206793362	0.0046590055162977	64
-0.0807866569370012	0.0786774411471002	64
0.0185273509932595	0.00805601085335418	131
-0.0658319224836639	0.0614846876417635	64
0.00708431766537717	0.00297473549356037	131
0.0223050973249215	0.0108127532258812	32
-0.0330680478534469	0.0624603596227301	32
0.0389692034991941	0.072939337185364	32
-0.0544041874115003	0.100771737639923	32
0.0133151199281295	0.0218370919818936	32
0.0107970745895294	0.0172624701178015	32
-0.097873301493972	0.14964868082936	32
0.0443775961566559	0.0685754254774786	32
-0.00573474169739502	0.00760932501701259	32
0.0299539259067527	0.0445675988013952	32
-0.0649426883410747	0.106838076608779	32
-0.123023357894863	0.205302405870634	32
-0.0691854259887246	0.101817609468919	32
-0.110508221929908	0.108567033994806	32
0.00445174319052303	0.00312871912873433	32
0.0186142183870583	0.0215398063218734	32
-0.0504525202344898	0.035477782008414	12
0.0201670138296217	0.0171320266754205	12
0.075197363001425	0.0810821212231765	12
0.0527423628939438	0.0625130918818081	10
-0.056514575096778	0.0833917653363587	10
-0.0156289856181154	0.0245918469311945	10
-0.0320599968852742	0.05230663957134	10
0.0901065302944207	0.145147255582788	10
0.0994837328285527	0.132798251217078	10
-0.04016487467338	0.0448962421619475	10
0.0394571418651938	0.0327783115038537	10
0.00923702522607276	0.0460752559285583	25
-0.0628029591400154	0.283143193927605	25
-0.106452777952505	0.462709874555474	25
0.00268859973790439	0.00511869176210452	25
0.0782162605029499	0.109921417033484	25
0.122270016340052	0.180002330316311	15
0.0740998684785689	0.107104481199077	25
-0.049165129055308	0.0504708442635722	25
-0.00184276657039812	0.0016281715511891	25
0.0830865556279723	0.0752597297055863	15
-0.0933684679477305	0.056959714617318	15
0.0358561917268405	0.0195037680114978	15
-0.104208387459948	0.154320395997197	181
0.0218397424286336	0.0227935489217147	19
-0.00352248499178306	0.00271954591041863	19
-0.0572059480321106	0.0527145518152784	19
-0.0244251965003154	0.0179982347784215	19
-0.0201689082047617	0.0188938819315261	19
0.0413973433776887	0.0466655566762789	19
0.0744704835428496	0.0973861707185069	19
-0.0401045962935656	0.038318058795578	62
-0.0629149114052877	0.0571065044575248	64
0.00312575662242553	0.00110632517137858	64
0.00658481103160794	0.00517920756399089	64
-0.0311566003400865	0.0293862885522877	64
-0.0731417973518059	0.0461690198343514	131
0.0259961192389468	0.0134617521069811	64
-0.0796181592757629	0.0889907372925814	131
0.0913395561823975	0.186643234764539	32
0.0152190885220214	0.0268870418083765	32
0.0682361133632359	0.123015700368193	32
0.0459134824892686	0.0790855978979185	32
0.0342193968726693	0.0557629354918022	32
0.111749486252845	0.203250618997874	32
0.00182158012440272	0.00277999419310874	32
-0.00535107796871201	0.00759224084815444	32
0.0488175921447668	0.0783275175036847	32
0.101059959819018	0.160473576938511	32
-0.021943631505547	0.0295441906804052	32
0.106112006401095	0.157537670925327	32
-0.0533121226371716	0.0645866809294879	32
0.0325601299777759	0.0326801761410403	32
0.0442150474910927	0.0549198501194955	32
-0.0000138889167700063	0.0000572195048648148	32
0.0156723758236142	0.00682532018473585	32
-0.0301965849559611	0.0284219829581501	32
0.100996471667786	0.103159153633332	32
0.107624529909146	0.113285425242852	12
0.0131945819061369	0.0122047493514002	12
-0.11271791590485	0.0644231014743089	12
0.123726572377308	0.166494774835426	157
-0.0325132867185222	0.0383146509171939	10
0.0653925240611791	0.0990282984989844	10
0.0657145602587753	0.101874312645297	10
-0.00106970534579318	0.00106770677287745	10
0.10159975062391	0.0942340491908128	10
0.0920897969734202	0.102286787759754	10
-0.00248722132068109	0.00195102454554438	10
-0.0147437942284626	0.072766203013464	25
-0.0219743403943689	0.0967381028996993	25
-0.112094638837737	0.398251147333429	25
-0.0986190846869408	0.194150734616281	25
0.0767827339480416	0.116159711030805	25
-0.0625583033647935	0.119887843222474	25
0.0354113885337214	0.0559539081768818	15
-0.0187352860178851	0.024707077987687	15
0.11168238319102	0.123438816895155	25
0.111569589706166	0.153179389566876	19
-0.0287752590671484	0.0325153979642706	19
0.0253303109031217	0.0221369434340804	19
0.0128284818448492	0.00507811049058446	19
0.0916809373078708	0.105286301455796	19
-0.0948503339639549	0.0736922469179032	62
0.049121037894968	0.0554171368434151	62
0.00127058992691267	0.000816768851858602	64
0.0189291358778517	0.00840157718363088	64
0.0962464099852319	0.0952319766995286	64
0.00362390729705921	0.00336239156873495	64
-0.0970629378210863	0.0777248975330583	365
0.0701256209012008	0.0576872441287179	131
0.00808450348240638	0.00325453317586581	64
0.0312809614669198	0.0164314225668205	32
-0.0306421004469062	0.0495239990456864	32
-0.0405260109691145	0.0589150512326463	32
-0.0714259088413114	0.0988710789602147	32
0.0090716374455788	0.0123871998829631	32
0.0497786495097478	0.0475714633309961	32
0.116723191767184	0.149735381387674	32
0.00183421042451222	0.000666539215848932	32
0.0932631796417313	0.109174373238513	32
-0.0829609690111555	0.101510585356558	32
0.0928408098251349	0.0880590344981023	32
0.0870661837617377	0.0924009212728531	157
-0.0516347513573011	0.0575830642661671	10
-0.104235093683141	0.115202225982082	10
0.0212818115404379	0.0182321531501514	10
-0.121837525652138	0.0943594351212782	10
-0.0216532906346156	0.113249368810638	25
-0.0790041937976612	0.446669759248436	25
-0.0921496218071154	0.433138686091978	25
-0.0982537317497404	0.350051121740329	25
-0.116068867459483	0.464346254298046	25
-0.0940890680771509	0.237569483525636	25
0.114965856697747	0.11563271340433	15
0.044227476352445	0.0264295622755503	15
0.0859178643891281	0.0972125172015451	15
0.0963471325299683	0.141971559642662	703
0.02502892278498	0.028740697261215	240
0.0295042679357744	0.0139139760584164	230
0.0391019222744501	0.0233890489651105	15
0.0976859530245063	0.0914309293999604	19
0.0246237361931158	0.0114368919404766	19
0.0336859478837306	0.0334913013942486	19
-0.00650970326657661	0.0049090633425216	19
-0.0212947001018275	0.0154363446737634	19
-0.11066736193734	0.12527495919214	62
-0.108794129382933	0.106933090732268	62
0.0803582552205146	0.11995458106232	62
-0.0878765282768977	0.106723561186605	62
-0.0997349623387811	0.143831664458677	62
-0.00941077087940857	0.00707741032103771	365
-0.0657280564935917	0.0595016614891892	64
-0.0815412190618246	0.0520296949019806	205
0.0575200566573273	0.054836317836054	32
-0.0354510181428203	0.0614609617628133	131
0.11223460777128	0.229007194558631	32
0.00805108570800105	0.0119993435092639	32
0.0660625697583915	0.0993142988870478	32
0.0802397324251846	0.1293087442436	32
0.0414868779414397	0.0506790736845031	32
0.0285938309170895	0.034271607928161	32
0.0200992549545809	0.0101678578037176	32
0.0558544736006397	0.0404625223270147	12
0.0759190210943492	0.066768650155852	157
-0.0935337334062804	0.106342374395401	157
0.0982247757292172	0.0899468837294785	157
0.0110694891392517	0.0162680250058206	157
0.0440159438317862	0.0462257868171428	10
-0.00103517871248692	0.000991416392538115	10
0.0354031896948819	0.197723690513936	25
-0.0475862453471177	0.244817445074075	25
-0.0771374281769694	0.301537641197888	25
-0.0141083312064927	0.0451033357680262	25
-0.0653496670665421	0.139638413218303	25
0.104526286067813	0.188847323500451	15
0.0800028374400467	0.172052738017739	15
0.0344461869238729	0.0506153122546123	15
-0.0794531864907282	0.0904726647906624	15
0.0495312387854492	0.0363990106801514	15
-0.114734715291267	0.0905958056157629	15
0.0883211987012607	0.0998787876186705	15
0.0280811775120771	0.0401872112282825	25
-0.088286282803283	0.109215670883707	25
0.0360439732525765	0.0430018405880399	25
-0.0266415556963292	0.0328074840545699	15
-0.0921984223481744	0.118424523050604	181
0.0764386406798447	0.118400955751068	19
-0.0939270968513674	0.0746202244697764	19
0.0390574686001898	0.023182828904682	19
-0.120138318334897	0.0915980888707742	19
0.0253478184592497	0.0123186341993656	19
-0.0261350420370332	0.0303725636069701	62
-0.10008901913916	0.132689299549181	19
0.0803066770328797	0.111608559759245	62
0.0618793819013585	0.0680930717537614	62
-0.0329747190444093	0.0236671688550718	655
0.0789468925041829	0.0783707147314955	64
0.055577378958494	0.0426160009511317	64
-0.115742652088948	0.102189538565873	64
-0.0826190105351322	0.0718419116941194	64
0.0385364452038782	0.0260706481700064	64
-0.0899823178048781	0.115364567990225	32
0.0568366088623942	0.101155155965001	32
0.0812753136829318	0.148977730260983	32
-0.00280410326081837	0.00465494580604688	32
0.0199747644262259	0.0363860723607225	32
-0.0889248821056449	0.152982922203798	32
-0.0361545092940471	0.0569145593272512	32
-0.00544693423535991	0.00855077815155906	32
0.0869435158799258	0.151000694946838	32
-0.0147762020109412	0.02034086676556	32
0.0341073805537463	0.0205277388839808	32
0.0313626454903608	0.0317797515857959	32
0.0467602714211272	0.0426422122510167	327
-0.0934598648831991	0.0566861623918457	12
-0.00610182451650354	0.00534030475241132	157
0.0715953384935035	0.0746285101451914	157
0.00462236015888982	0.006163958825306	157
-0.103025538494479	0.131712968603514	10
0.0372346838023431	0.0449547263541964	10
0.00796875737525241	0.0394476603829443	25
-0.116834369404621	0.763226355388804	25
-0.000239561846254231	0.000855114713604747	25
0.0128104704212642	0.0457352039896413	25
-0.0692714403328795	0.279779315856347	25
-0.0975101743750934	0.319433289597393	25
-0.0314090735629516	0.0734192249160193	25
-0.0471566707003657	0.0853074407985674	25
0.115265968126313	0.237093880763864	15
0.0745214579415761	0.185033227110151	15
0.11773919375986	0.28208071811514	15
-0.0667985459958386	0.112932758674526	15
-0.0224295847562961	0.0360666337146479	25
-0.0559550803072518	0.0728265369944073	15
0.090270430811996	0.105489566971351	181
-0.0936107154410192	0.0849142505353888	19
-0.0202632471129242	0.0265572806299176	62
0.0160709121163206	0.0190619419214273	19
-0.123335458838839	0.0936632964598421	62
-0.0259549659845252	0.0172545712938159	62
0.0485686910146909	0.0360905297270603	62
-0.110049447131764	0.108047794100253	655
-0.0735566017064371	0.0481783644477795	655
-0.0854432235264931	0.0541605182283011	62
0.0587421494542616	0.0600402367627141	64
0.101604237503901	0.104307549546539	64
0.102461676782085	0.106896534946595	64
0.0902578202207938	0.116693349801768	64
0.114017246048736	0.118020479076626	64
0.1097781477335	0.20652171802455	32
0.112297426008805	0.222061657356392	32
0.109847873719266	0.216185641836513	32
0.0394276395577754	0.0645391438144695	32
0.0150629299820952	0.0195394349231304	32
-0.00934085824144105	0.0135009561077045	32
-0.0164450910268045	0.0235649646788653	32
0.0908938351405488	0.153909662949987	89
0.0171854149557789	0.0237995360201558	89
-0.0621532798706539	0.0770005872288877	32
-0.104833682304919	0.0592535166796171	32
0.0333839470872771	0.0212288368346247	32
0.0388264852092961	0.0236039175648253	32
0.0712134658600805	0.0722020607261896	32
0.0210005703353792	0.0241713268938028	32
0.0145017639564589	0.0117701363521965	327
-0.0190276211730258	0.0142046869805355	12
0.120948890169492	0.171338090603481	157
-0.0808562172048548	0.108230285434257	157
0.119882085141018	0.13701297897339	157
0.0774442946541724	0.134800584932093	670
-0.111004041712549	0.188037240193618	10
-0.0465309489582143	0.0600391107673368	10
0.120558936303073	0.168664255960552	157
0.00319692722854164	0.00346346809544334	157
0.104388016352183	0.156534936507843	157
-0.0645518966417152	0.0782507863343301	10
-0.0501685724575379	0.0320549664657241	10
0.0368345892804111	0.211409886507664	25
-0.0385117217364428	0.157095290455213	25
0.0637097925831967	0.152404176610368	15
-0.0147308957418775	0.0261867288720053	15
-0.104623881976377	0.228782678875355	15
-0.0582362154613291	0.095684739633646	15
0.0671914256717792	0.11135915071671	15
-0.00677181579110544	0.00895944560038306	25
0.0304350125635452	0.0432795088202071	25
0.124341096891973	0.189868753712251	302
-0.0524137309659536	0.0701106666297771	15
0.0965232279073466	0.130470964659916	15
0.0987930993511259	0.132576567282049	15
-0.12240219821427	0.15500331373475	230
0.0585178424334763	0.0704761816711333	15
0.0930940385562053	0.13738467674408	15
-0.0937789609256102	0.126099400342977	181
0.079063057686889	0.0841368077297784	19
0.0557559234193159	0.0530787857296846	19
-0.0430509914667485	0.0450053702581666	19
0.0932408125863267	0.114696024596305	62
0.111745393025584	0.116031165271314	64
0.0755938126361756	0.0869692893264496	62
-0.103635889217375	0.123924799666458	62
-0.0250206417150753	0.0300085044418376	62
-0.0227769514551815	0.0256664499638048	62
0.0566200033528416	0.0511783101978701	64
0.031156288591822	0.0344132252055236	64
-0.0686524219361275	0.0633445503133965	205
0.0696196689459563	0.0595887323823118	205
0.0787546659437423	0.0701047956980991	130
-0.04666175240339	0.0446406159492324	130
0.0314888974242884	0.0344104391402746	130
0.0222079955898568	0.0306354149493649	32
-0.0551730524486586	0.0882318281753485	130
-0.0562117894356034	0.0812624732693014	32
0.0207768673082293	0.028501296760592	32
-0.00802338558076706	0.0105053030252136	32
0.00844059179786981	0.0112588375147999	32
-0.0985185631763202	0.134591147228086	32
-0.0393477240996832	0.043649249184408	32
-0.0953090269236491	0.127864762683539	32
-0.000240060317795642	0.000358083121513555	32
0.119939165133693	0.126240607053989	32
-0.0193774175516726	0.0200994358609895	32
-0.112908016012379	0.127733361486772	349
0.0243993773156518	0.0279480947682748	349
0.0965624849767768	0.130152825972465	327
0.115299655058413	0.161283634512237	157
-0.0215155124046442	0.02598738000297	670
-0.114289831484489	0.168728225052544	670
0.0403024047871141	0.0457824918233673	157
0.0820314324904151	0.122838163995587	157
-0.0357772015796651	0.0425658400753258	10
-0.0859010549264998	0.0908302683984476	10
-0.0205655146590051	0.0180618392014176	10
-0.00134789186984799	0.00650995995846402	25
0.0613077282599246	0.158575067667122	15
-0.0771445267626711	0.17577035029746	15
-0.11778021438624	0.187087109435973	15
0.0864707274212315	0.141860335485717	15
-0.105185095235238	0.177859900079415	15
0.0682074320219969	0.0995897141041784	15
0.0947817879255347	0.13213160837186	15
0.117746986182781	0.154607391281432	15
0.0301644792696782	0.0381388746189941	15
0.121128615265097	0.174041436272541	15
0.0973715654102075	0.154844875787539	19
0.0899603980644104	0.108155594597702	19
0.0537758511832616	0.0501761693366164	19
0.0265899866252182	0.0220289414010734	19
0.0109470828286385	0.0121048459008245	19
0.0147500600583438	0.0175336177767994	19
-0.0636952971504414	0.0800885730657557	62
-0.0301532728864222	0.0411431387516443	62
0.00226578267385562	0.00271947732701965	62
0.0396068529861358	0.0457460897030888	64
0.0915989592313397	0.105642212801918	62
0.0461555540859265	0.038497303873645	62
0.0316482184247954	0.0375447168373905	62
-0.0300319003579942	0.0330456052032001	62
0.0402833901523734	0.0461445099067331	62
-0.0938423444719202	0.106271411747655	62
0.0327537392123965	0.0326203965286116	62
-0.0803374917336046	0.0966901157031295	64
-0.120000515019345	0.18307978519975	130
-0.0616214564247622	0.100372160816075	130
0.10212625548563	0.160789235841246	32
0.030915028426962	0.0442402216646573	32
-0.0443354557588586	0.0627312939396029	32
0.0762205219713613	0.108736890857794	32
0.0968188597692677	0.141439618142709	32
0.109280613549043	0.143475828794297	32
0.0535696147740123	0.0671763929352548	32
0.0764544504945937	0.0988753216423779	32
-0.0913403768673417	0.0987460154338859	32
0.0326224609788397	0.0270338720106987	32
0.0886423254731606	0.0770698103189489	32
-0.116263733681004	0.163995047931662	327
0.0648526783994095	0.0853613152031481	349
0.081175821984923	0.0974254199495246	157
0.09302442365462	0.133596495546113	157
-0.000511417011069949	0.000627304182567962	10
-0.0216190535036822	0.112950476290634	15
-0.109243041167336	0.736056033795526	15
-0.0312789363807562	0.0903193869154357	15
0.0384549598723486	0.0887475970774888	15
-0.0154739789946662	0.0368125247454237	15
0.108589304986082	0.260489261866001	15
0.0717778905991541	0.0735809506172705	15
0.12105078328252	0.2096588794593	302
0.0469634156562305	0.055269796309517	15
0.0151865581043587	0.0218600863179477	15
-0.0773450465267271	0.116227865275327	181
-0.112882063406373	0.108909036485989	19
-0.0924096889948047	0.0567545993205781	19
-0.106211907068439	0.0607947138481887	19
-0.101197037404372	0.0996475849097384	62
0.00537461056371574	0.00712493814929862	62
0.0520319446342117	0.0777782017673614	62
-0.00171129859572652	0.00200826765654131	62
0.0680754823826789	0.0587207812013382	64
-0.102772327700857	0.115789852072192	62
-0.0203159591500693	0.0265988269520331	62
0.0403688822580429	0.0471747964371262	62
0.00360961330463726	0.00423923066561408	62
-0.00941922446774871	0.00898804673289519	62
0.039451197903172	0.0356720296400408	62
-0.117072772957334	0.104550410513954	62
0.0792167679582464	0.0720981041094696	62
0.0718973960557843	0.0914259832893412	64
-0.0157273719781657	0.0118738487438813	64
-0.0870856563406946	0.0766459807944539	64
-0.0950049016545991	0.058303486939636	205
0.0921555239587653	0.0906195700759808	130
-0.0178958658281303	0.0209893510619651	130
-0.102572895342311	0.188204218014384	130
-0.0142152849809762	0.0231505857391355	130
-0.0372563689904413	0.0622530828669648	130
-0.0254518558648176	0.0391345502944037	32
0.0695563650462011	0.107002881927545	32
0.122240152155229	0.23144267676259	32
0.019476834320682	0.0303846540096202	32
0.00713211762765389	0.00986555731599275	32
-0.104672494324519	0.166846530429563	32
0.025617627034212	0.0344352260235693	32
0.0719812533280752	0.107494584182313	89
0.0091830894609031	0.0119717236125714	32
0.0595774099541739	0.0801250265291133	32
-0.10560044390524	0.141353020424831	32
-0.0609848606792339	0.0861023533205257	32
0.0338591404078086	0.030165344556003	32
-0.00804619557884151	0.0092751226479562	349
0.0239406385449239	0.0296809246618441	349
-0.0825944077822511	0.0834625197897173	349
-0.00460635912924746	0.00437269354175179	327
0.0321411942645063	0.0375899228052584	327
-0.0730732848015631	0.0917447361791468	327
-0.0841543845113203	0.106810261593376	157
-0.0642881799957906	0.107913844336015	10
-0.0121746642871124	0.0181978495949097	10
0.0986940831082775	0.134837444356658	157
0.0231358074932003	0.0306373168859212	157
-0.123464461286359	0.163033008211173	10
0.0844531368878429	0.118501095755603	10
0.0455342133035299	0.0311248803749789	10
-0.0621789779821612	0.0576332959978285	10
0.0035334162036188	0.0170938300196763	15
-0.106356269487388	0.629107259064504	15
0.0495286170809785	0.176562899325834	15
0.053580996161655	0.149759361366054	15
0.00746797414911647	0.019899744067579	15
0.0827794499573448	0.218034169100603	15
0.0706232724370039	0.113435506573504	15
-0.0434623830512101	0.0871343472124094	15
-0.0998987862840967	0.20083738555962	15
0.0647388491635338	0.0519711733753871	15
-0.00388344930996916	0.00499271661556638	15
-0.045063336478008	0.0741152475428619	15
-0.0429437137946749	0.0708827661407322	19
0.0711851436318658	0.106868968480245	19
-0.0174260298304355	0.02123265654152	19
0.060731377297696	0.048230791888581	19
0.110210891510954	0.137848497981103	70
-0.101346984982933	0.136438651352734	19
0.108146193419249	0.1945691253021	150
0.0739243546818244	0.11857808130759	62
-0.0873457929989162	0.092886804715176	62
-0.0114888151763455	0.0110780558320037	62
-0.0780629532913385	0.0979091396504048	62
-0.0931864275942665	0.0554000531926988	62
-0.0293354224504039	0.0214113759510834	64
0.0796679304040949	0.109232190343709	130
-0.0391150551259645	0.0542877277728386	130
0.0871294967346013	0.1615947229882	130
-0.0287557910029548	0.0471587183052011	130
0.0578200568443457	0.095497537432887	32
-0.0674528120735363	0.104435409152798	32
0.0669473861776962	0.107591861189114	32
-0.0641556837947619	0.0956117035174012	32
-0.026168079358581	0.0361835845742321	32
0.0348703667674059	0.0435445139366516	32
-0.0753227130154436	0.0873922880106169	32
-0.0214390486480458	0.0157527274763513	32
-0.0129463525241531	0.0127354482895942	349
-0.0693280102645973	0.0698460530959446	327
-0.0541652888125206	0.051040556577724	327
-0.0721292993034255	0.0712847784371317	12
0.0189232937023365	0.024853554908414	157
-0.0396941373428334	0.0623933547996838	10
-0.0769959237048219	0.124435962981536	10
-0.0631827170891859	0.105827793584308	10
0.0867092517398081	0.122855766589366	157
-0.0310903792502187	0.0465887251231421	10
0.0621095103290377	0.0854026368804221	10
-0.0838411366005681	0.101571777513857	10
-0.0850622274657824	0.0691980692029147	10
0.0467402741855592	0.272963328763537	15
-0.116570285007399	0.751788673399949	15
0.0623953723030436	0.277383076369086	15
0.00537758779189439	0.0175688721427962	15
-0.0462210554414316	0.0988511878896634	15
0.00221847497251434	0.00355422992841548	15
0.124544676646492	0.237839702490144	15
0.00513995784647167	0.00771622861605011	15
0.0283157401031281	0.0439708041509122	15
-0.00259792033922234	0.00349735832132388	15
0.0129091590623696	0.0159498626801428	15
0.102736503593816	0.126458346877295	15
-0.013300390172588	0.0162896157425626	15
-0.0410276471826672	0.0641564138435376	15
-0.112800760768155	0.1705293481381	15
0.0563051657891489	0.0834710221226988	19
-0.0301966102471979	0.0474980589285438	150
-0.0273598945806059	0.0394617515187857	150
-0.0984863725029349	0.144879123678405	62
-0.0139689402224588	0.0158881623184771	62
0.105442595572097	0.159761163701582	19
0.0352869716562779	0.0413962742333596	62
-0.0769872593246674	0.0922271182227601	62
-0.048201820682932	0.0625679869399641	62
-0.102645078615288	0.144074807079395	62
-0.0625822033215628	0.0893473757347859	64
0.0110697782460437	0.0120384701187059	64
-0.0101072821233518	0.0147658629396492	130
-0.0550322544877545	0.0878465553337207	130
-0.100995795749222	0.165168189253641	130
0.103203188296847	0.164407991409761	130
-0.0655950838444276	0.0806670208818695	89
0.114025711853771	0.129842841828749	32
0.0286166327251582	0.0343681819630841	32
-0.0952053917310204	0.139888866474205	32
-0.102819704776948	0.148228922397822	327
0.0679802346984852	0.0864219363772656	327
-0.0227352633842383	0.0308464987038632	12
0.0710206172044306	0.104776606646273	12
-0.0745859814657255	0.0991000379898067	157
-0.0735790962879905	0.0950419720080175	10
0.068454603154357	0.0933919005199366	10
0.0702360601586971	0.105573630737307	157
0.0895519968556049	0.136440274906036	157
0.0728214149049443	0.114074984358407	157
-0.00791063837928793	0.0109146618024511	10
0.0868899339150103	0.0813301893339185	10
-0.00988234105767929	0.0483492123504393	15
0.124900174809659	0.787429426316188	15
0.112240482869358	0.624083999716234	15
-0.0394690741953303	0.151127426993556	15
-0.0160179864398916	0.0268708217000811	15
0.0614592753854369	0.123946747696699	15
0.0678850679754608	0.148512263648905	15
0.0765408335870288	0.173069503595246	15
0.0621139557001687	0.118303030223841	15
0.0303519951649257	0.0488009016256676	15
-0.069613061026773	0.119723622139974	15
0.0715013004342825	0.10624810079309	15
0.0683175775169744	0.0707571790220256	15
-0.121643221772225	0.210898001698109	15
0.0748811751367526	0.109918309233251	15
0.0826270187209451	0.129745445580144	15
0.0481486815437895	0.068880033937763	15
0.0522945690909955	0.0741498767510645	70
-0.0362275606623525	0.0340735521168455	150
-0.0790263832422841	0.110998651883049	150
-0.044538128652483	0.0601751217327549	150
0.0259994458554951	0.0379789740108792	150
-0.0419773533957746	0.0544551051030296	62
-0.0871178345599804	0.124075028768223	62
-0.0632157309334205	0.0848621660853378	62
0.00325441821575731	0.0043690712840746	62
0.107310391378641	0.133156928442795	62
0.12471700770543	0.139301682410926	64
0.0330066482785463	0.041685916900106	62
0.0969716619339589	0.119772840149964	62
-0.0283679685212266	0.0287853768358372	64
-0.0239183079599252	0.0178844788050662	64
0.0850782035341101	0.0737873916384153	64
-0.0501505631310901	0.0349681907130668	64
0.0368536070493433	0.055345888135495	130
-0.0993515821719254	0.134682157884458	130
0.0808821249254357	0.127529552716152	130
0.106364735421103	0.134009301611223	32
0.0943281318126951	0.106550015411248	32
0.0903626603654647	0.11434663002444	32
-0.0898841668346293	0.0978430688623225	89
-0.0145117107784331	0.0178823745193949	32
0.124512297235282	0.165103797676524	32
-0.0856295538891312	0.0815917352962579	12
-0.118162354998507	0.163008805165317	12
0.00216781158665322	0.00276107919400665	12
-0.0982853968552321	0.12343449312167	12
0.121389892580835	0.17715224397012	157
-0.0295571526162092	0.035838133506739	10
-0.061929747820402	0.0783700922403947	10
0.092927760023434	0.137577251978232	157
0.0765458222845942	0.114166118474939	157
-0.0152150252520211	0.018897046792453	10
-0.120565666232622	0.178408914311309	10
0.00340026385249422	0.00382046675592382	10
0.117823293112573	0.176058810566341	10
0.0716486067049093	0.0994278816288359	10
0.045742689202039	0.0474482970609599	10
0.103282752288756	0.699878186701743	15
-0.096120727255	0.435828519952048	15
-0.0959730945130553	0.252348285891654	15
-0.037123679877413	0.0869754862399234	15
0.0766037451865071	0.187017308042001	15
0.102479564225704	0.230503752726451	15
-0.0401100592350245	0.0781748489412787	15
0.0477372173680483	0.0774031630490043	15
-0.05714030740475	0.0964276010049579	54
-0.0298863618858465	0.0567105804625235	15
-0.0493430061745458	0.0828702409366906	15
-0.103926633890397	0.165902421020501	15
-0.0789286242544759	0.117224379534094	15
0.0334164655793312	0.0497009951593978	15
-0.0664984970961688	0.0767321407969859	15
-0.0969722774428183	0.142205388551396	15
0.0850190698826091	0.0914685688657176	15
0.0660456770608915	0.0750323660087637	15
0.00693417372636903	0.00817424332942789	150
-0.0765004519358499	0.102129091644031	62
-0.0197463524372883	0.020540125138975	62
-0.00395794451906217	0.00408343831938286	62
-0.0428874417944305	0.0577559970825846	62
-0.108727154089736	0.154661966762126	62
0.0394878726087665	0.0479439009462911	62
0.0328469782808875	0.0424695117746199	62
0.00228751003976639	0.00257487151847717	62
0.0632468226649215	0.0724052032587041	62
-0.0622493902174875	0.0774028600579574	62
0.0990978935259958	0.127423375690882	62
0.00536529384649613	0.00660422426491715	62
-0.0135191975998921	0.0172143891096959	62
-0.0871034950004719	0.12420565983089	62
0.100259410217912	0.128551440183345	62
-0.0975935135922793	0.127678252248644	64
-0.0885630325725809	0.0955450907485455	64
-0.0346978348086656	0.0333345147357255	64
-0.0827093078602228	0.115014839366875	130
-0.0997797138745109	0.144899908120164	130
-0.0686949611851396	0.101028671018248	130
-0.0326687799414117	0.0407675566874318	130
0.0841436139703828	0.0880645600402896	130
0.0953482754860213	0.0870844300170121	32
-0.097500132029806	0.0959632578412298	32
0.0460161415526014	0.0427493087037593	32
0.0413950522622407	0.0355515394346463	89
-0.114046442641482	0.0945483190621394	89
0.0675640832508036	0.0842899649079226	32
-0.0977146365398007	0.102902318342118	32
-0.0956172170618729	0.127204818959677	12
0.0208794335906947	0.0240495002786737	12
0.0866216419110567	0.101740527121265	12
0.0719358971138635	0.0848014849103526	12
0.0840039238449797	0.126351880946035	12
0.0578093463012212	0.0645888475121436	157
-0.0119995528994927	0.0158027839872118	10
-0.0615922195462856	0.0755485688389151	10
0.0292761062227998	0.0351152896023371	10
0.101061556398233	0.101884274875556	10
0.0904178456953738	0.655270861512918	15
-0.101618716932844	0.605862884644716	15
-0.0888627979164842	0.261259147448693	15
-0.0196994329777362	0.0448749988650211	15
-0.0133251830886238	0.0276022493794271	15
0.0409531009149562	0.0869100597844134	15
0.102749875604545	0.197568091077929	54
0.0956055357701021	0.17970427267781	54
0.0140574164724048	0.0215649310304061	15
0.0654026829333736	0.114136019717334	15
0.0412400079362093	0.0649294056743462	15
-0.0914581273649339	0.155027595031294	15
-0.123983261097867	0.2047616029541	15
0.0740277157436312	0.110870620938518	15
-0.0952178226559611	0.131644798838265	15
0.00419980879494902	0.00566772257103886	15
0.0299673907553393	0.0441524497568319	15
0.027668394053315	0.0411787072366773	15
0.0657749325929235	0.083022758132288	15
-0.056481676953748	0.0599309452101285	15
0.0503605071581232	0.0552327930672798	15
0.0661762825258778	0.0711824360351112	15
-0.114483878792379	0.171448784524164	70
-0.0760439166812474	0.0965442248248709	70
-0.0154699708461257	0.0166819503129883	62
-0.00442306361074579	0.0060044092864111	519
-0.121530958774461	0.199389508614963	519
-0.0624940719072331	0.0725708085486134	62
-0.107611489301546	0.143882220696674	62
-0.0360780470104868	0.0401297970461442	62
-0.0435793125201356	0.0598431674446198	62
-0.0575559156175075	0.075125561197504	62
-0.0521268512683986	0.0709866240141247	62
-0.0873456070965853	0.135316507824731	62
-0.0363260079322211	0.0492134901777185	62
-0.00947915103648039	0.0112588153793632	62
-0.0834785625809556	0.112492595332224	62
0.101561607315784	0.134981196563469	64
-0.0443221294079157	0.0445500580495983	62
0.0782336310541387	0.0845845562562532	64
0.0135281566014067	0.0184807635199149	130
-0.0578727896001489	0.0861053009878861	130
-0.00565140767387327	0.00603569192993572	130
-0.0627434680969244	0.0684103348406708	130
0.0774634527440002	0.0944709222193925	32
0.110223742228649	0.11864602115688	32
0.0838201915459809	0.0779742892295947	32
-0.0268579565884695	0.0235581083266151	89
-0.0544670236072367	0.0684697571008208	32
0.110930469668149	0.131066129547559	32
-0.0344894731101331	0.0482789066358915	12
-0.0394469940436931	0.0522699956258663	12
-0.0503518330101703	0.0701929295123558	12
-0.0270535935100645	0.0319261831639666	12
-0.00630425392088281	0.00706210019431002	12
0.0529551131143627	0.0737658076665629	12
0.0765708862094871	0.112094580890311	12
-0.0914532772657868	0.126979627944029	12
-0.0285325378046808	0.0335732891116107	12
-0.109604906099384	0.135840795013084	12
0.000105583063497166	0.0000242702832623449	157
-0.0420483553548013	0.0613552278310528	10
0.109756253952589	0.163243354331728	10
0.0656402879380042	0.0807328257663301	10
-0.0386647284746772	0.210158450803084	15
-0.0257716456877246	0.0659232358358075	15
0.0957490385936868	0.216491581054798	15
-0.0134443503068767	0.0301014063552924	15
-0.0492137783638344	0.117127322824034	15
-0.0370183469180676	0.0745591140285206	15
-0.0917476605956544	0.171703378835936	15
0.0291101725703467	0.0405914181805643	15
-0.0240452238208381	0.0398923645996583	15
0.110398090243869	0.176216616824844	15
0.0339845018384779	0.0171760518670348	15
0.087950808478877	0.086795016771388	15
0.0798311934492756	0.102089295815699	519
-0.0638608044015224	0.104947043780233	519
0.0372940852413817	0.0533026519492244	150
0.10373556217414	0.149552180342252	62
0.0480073489154154	0.0707727253033742	62
0.0255055550047062	0.0221827518492043	62
0.0222538445709044	0.0281397187089283	62
0.0484649110331863	0.0363318836230557	62
-0.00314196967115601	0.00401684524388888	62
-0.112744906996004	0.136226397182722	62
-0.110575145895312	0.173883896546139	130
0.0766557696202186	0.127215898368744	130
-0.000379968987141282	0.000532947782960345	130
-0.0377978898031953	0.0425694023825622	32
-0.119539668601255	0.15014541416434	32
0.113507907028282	0.144567136479336	32
0.0374276065581019	0.0459504892121272	32
0.0448266633264651	0.0437739921202637	32
0.0910231384791824	0.104163903528013	32
-0.0225167074943245	0.0293857552022093	32
0.0847427271238712	0.0732825166531246	12
0.0343996732259109	0.0191331428515731	12
0.0733660916109627	0.0661197572104196	12
0.0619568013536458	0.0919555038855665	12
0.120177508857078	0.129386406072946	12
0.0179444703816953	0.0195637443597008	12
-0.00487884370831281	0.00478002261014513	12
-0.118234562171383	0.167702594621198	12
0.00440700483335157	0.00412032816595357	12
-0.0813471363417307	0.11861911621027	12
-0.00333001581162011	0.00389626626835528	157
-0.0051986755557317	0.00655396358391424	157
0.0401506036764272	0.0572183901081874	10
-0.0964045234173762	0.123071940237388	10
0.0703025225840747	0.0999893444641447	10
0.120159696170524	0.170203216350229	10
-0.0771037353938548	0.0605821247695076	10
-0.0136756477223566	0.0651465077485694	15
-0.0827435888218548	0.439914044853343	15
-0.00495213184608172	0.0176369015574671	15
0.0273317984094581	0.0638005131543021	15
0.123438912276859	0.337777371284997	15
0.0926206681644773	0.270934695524574	15
-0.0287966391802987	0.0635970957152835	15
-0.0515374494015474	0.0814412610888241	54
-0.0925709165785204	0.186411760078913	15
-0.101540230573638	0.16686944621725	15
0.0850600226836448	0.075091062587089	15
-0.0696206501690308	0.120929745480705	15
0.0183007796987419	0.0332202446031174	15
-0.0309915733951967	0.0223355608909824	15
0.12435174914845	0.192263904248669	15
-0.0243857331335859	0.0319861697912883	15
-0.10959500452992	0.061313048013935	62
-0.10166439251614	0.156460331178381	519
0.0670739881872822	0.101044996789191	150
0.0728614326724306	0.11146094188819	62
0.033802687099849	0.0509030192372928	62
-0.11080293895635	0.109772936731827	62
-0.0538833087116062	0.0617778239566456	62
-0.0352912036126442	0.0437078843881964	62
0.00667920944550133	0.00874784164906106	62
-0.0404861823569926	0.0588989112802901	62
-0.0793277635667224	0.0801833514866506	62
0.025234211863274	0.0339243288627892	62
0.0179390648216136	0.0258718559962441	130
0.0855749419005929	0.120123073088811	130
-0.0170737687773606	0.0202765399586288	130
-0.113488946389915	0.145388902252249	32
-0.0990417299573435	0.120266741955475	32
0.0661044253399432	0.0722978336250077	32
-0.121235752971315	0.141315054613929	32
-0.00990040547039272	0.0103082064391554	32
-0.0814607436718087	0.0951755738476878	32
0.0118798949853857	0.0133650488879112	32
0.0850477328650979	0.112860639569875	32
-0.0994961412428744	0.0852077020684161	12
-0.0402383107975469	0.0492067223630466	12
0.0933178553935618	0.154577970305865	12
0.0234392364738276	0.0268508024896942	12
-0.0725538859377584	0.100913283054505	12
-0.0842406562529218	0.128319934516743	12
0.118360860590438	0.155363450234807	157
-0.00288142456157058	0.00313978201891251	157
0.0450784382450143	0.0531864705870475	157
0.123135529427401	0.194239229165391	157
0.0408776822093082	0.0607966580601061	10
-0.0259396087999257	0.0357426921905765	207
0.00306518638939095	0.0140326149098121	15
0.100204860193662	0.63058555955649	15
0.115910623092172	0.300327041305063	15
0.0502237060857463	0.136124841455892	15
-0.0132892404798762	0.0350700312870536	15
-0.117002312702009	0.35759218554266	15
0.0702948192244803	0.185616879037156	54
0.123184530590764	0.285187001079685	54
-0.0364542108508222	0.0728545981347011	15
-0.112801423388291	0.195659378169995	15
0.0157636977555461	0.0148099432103263	15
0.0153113291040392	0.0146322853231346	15
0.0173747916040319	0.0220184523981082	15
-0.0468201009626728	0.0869711917438411	15
0.0358319998815672	0.0591918693445169	15
-0.0244276654562461	0.0372803431206613	15
-0.0356501233532618	0.0668111077626221	15
0.076925217306341	0.0925227606717037	15
0.0533212774645199	0.0401229051028053	15
0.035547575841807	0.0332918339065146	15
-0.0517491913892064	0.0410387102095767	15
0.0213825126191158	0.0203181430338023	62
-0.0405520603124815	0.0554146022645582	62
-0.119815188003893	0.158251093778634	62
-0.0743035665106317	0.0684824756085182	62
0.0350250918348008	0.0382792201519521	62
-0.0727856183669508	0.0734026361992838	62
0.00113026680845592	0.00158765758358954	62
0.0723497172706107	0.109912799199308	62
-0.0411596933727372	0.0452892270503083	62
0.0176480235664546	0.0228324843555541	62
0.0223761756607912	0.0311737423848682	62
0.0549216039115698	0.0396718354723886	130
-0.0216349160914128	0.0162420551345849	130
0.105728843059944	0.130813381892564	130
-0.0344977810858681	0.0408556033241745	130
0.0152885034331314	0.018820859991267	130
0.0787148200457952	0.104546788999705	130
-0.0892079551733101	0.120887743492936	130
0.0405439844312216	0.0492012179211574	32
-0.113895767805614	0.140100213250599	32
0.0475325373856537	0.053461965977547	89
0.0286767923554435	0.030590807618755	32
0.124453202016791	0.18284499121693	32
-0.0688231116674826	0.0693775554147004	32
-0.0188204946796493	0.0154075254684006	12
0.0393858971972357	0.0354999902122615	12
0.120373999498661	0.167949810403532	12
-0.093181121672448	0.145457264781266	12
-0.00339956187718483	0.00403787275070376	12
0.0104754469107177	0.0115064520997784	12
-0.0702183408638526	0.103894733689921	12
-0.0700625599706413	0.0857025449184588	157
-0.00724131944129628	0.00979618349942035	10
-0.0742751882057006	0.105550672098205	207
0.0745783286732013	0.481222559449493	15
-0.012758280152007	0.0532961305552507	15
0.119949632138355	0.533790086818902	15
0.0368966154934283	0.102965954004119	15
-0.0213212425556248	0.0590177159651998	15
-0.04634683709954	0.134305373474479	15
-0.0312042883267794	0.0829646896469577	15
0.0580187066264063	0.139041617284913	54
0.1166920828873	0.285819173817943	54
0.124791354147747	0.272164487695609	54
0.0956544641472119	0.200542617229316	54
0.0331853924270686	0.0637475131230376	15
-0.0437649489970952	0.0753469344433521	15
0.00176489236534809	0.00251354691991083	15
-0.0279425007257189	0.0386126583715426	15
0.0424868611123376	0.0668283427484323	15
-0.0534762587925269	0.0792243271798526	15
-0.117394043170766	0.216561468824778	15
0.00540992015006113	0.00543094234344273	15
-0.0663336671781183	0.0602779299696069	15
-0.0548918406430184	0.067781844969054	15
-0.0704452643239133	0.104204193753269	15
-0.0856631131552333	0.0784239712605326	62
0.114180264929979	0.166114068217322	62
-0.053487908449887	0.0652473406410015	62
0.0915622300483434	0.112063800244949	62
-0.0460678142142248	0.0562237362727059	62
0.045917515125688	0.0586354848962292	62
-0.0583237153585981	0.0701354478075804	62
0.0608403262410612	0.0928958443100673	62
0.0963938144377391	0.141836875246593	215
0.0717552686528328	0.101198733823611	215
-0.0252345114673307	0.0320952702594251	62
0.0670095072140549	0.0801443868428822	62
-0.0948658552378189	0.0842062421375435	62
-0.0751248308149978	0.10887487445404	62
0.0766598090909434	0.081824890964676	62
-0.0838596800257214	0.090010880012587	62
0.0166726671705666	0.0139647761701036	62
-0.0169933065665104	0.0149052379553715	33
-0.0727910205026465	0.0585825634548346	130
-0.116018482243229	0.196291123389716	130
-0.0166654510683861	0.0240416532792051	130
-0.0693887506861717	0.0937606866073672	130
-0.0685898924401247	0.0962804805189861	130
0.0957218716079387	0.125189513804338	130
-0.1192647137443	0.124655689957021	130
-0.00774786167190711	0.00768698181634044	32
0.0184588307234712	0.0146974467233339	32
0.0578733368768208	0.0457788306983651	32
-0.0922204069525496	0.075324449682351	32
0.116198764251779	0.117009777376525	32
-0.0121562748264916	0.0137886905251558	32
0.103091309895514	0.137430424428435	32
-0.108025401198982	0.114239102634171	12
0.000499867931202366	0.000513308842816337	1
-0.0498161504241111	0.065946463754217	12
0.0298025119378059	0.0397888163959438	157
0.101422215704315	0.131899002715976	157
-0.0954798873881035	0.138363730029995	10
0.00767067043095265	0.0100334545801423	10
-0.112988114561526	0.153922001773877	10
-0.0232787509212867	0.0293334031307811	10
0.112013191638539	0.939153755487486	15
-0.0907071967505388	0.455051866558049	15
0.0499446064598787	0.174990911943934	15
0.0674799999373835	0.210491536442123	15
-0.0975773933706148	0.24364092743777	15
-0.102649811995681	0.17751402546482	54
0.00138380815092474	0.00215876504809426	15
0.0297365802983654	0.0535018726706517	15
0.0672077121359489	0.138224268047728	15
0.08575284180934	0.175380015368996	15
0.109573852769709	0.224164633928544	15
-0.0409713374153621	0.0486230424794618	15
-0.114581301924513	0.163548462773044	15
-0.0929124674758676	0.175365375707871	15
0.0142855112367382	0.0179183454646035	15
-0.101308187746941	0.154144762835425	15
0.0922747847297603	0.134703335922357	15
-0.0720672443621383	0.100683258895019	15
0.0812125109318087	0.125842233712988	62
-0.101965377993408	0.184414743067478	62
-0.0508408944468624	0.0839880003054392	62
0.0316932362543229	0.0443235005035191	150
-0.0365460507948615	0.0259301106234519	62
0.112958597660532	0.14672542728157	150
-0.00106866065962338	0.00168916345745915	597
-0.0168563694192541	0.021764189198868	62
0.101282694335943	0.15069950632116	215
0.0011935989971042	0.00137115972982811	62
-0.0690058191855044	0.0752791809706989	62
0.0254955280107357	0.0340408026282237	62
-0.118937930868018	0.198099876166744	62
0.00998380415000935	0.0119186654992944	62
-0.0806390928470492	0.112331633949855	62
0.0597482175867677	0.077232781680859	62
-0.0658480496705156	0.089405166626987	33
-0.0926875470482422	0.137976256768001	33
0.113757160231515	0.181303479367211	130
0.0440576607121127	0.0271559581668035	130
-0.0955208477436595	0.056595746250706	32
0.0371329550750371	0.0211517985158579	32
-0.0752706283300514	0.0465001800611402	32
0.033605897689699	0.0203112322620351	89
0.00406827858905852	0.00377547787548467	32
-0.0956673254777797	0.136123568073998	32
0.0402242559799491	0.0560099060010813	12
-0.0641831162424574	0.104621926325083	12
0.0225663908075257	0.0286007233427567	1
0.0120618610422324	0.0142611600743928	1
0.0985156723295444	0.106312256187979	157
-0.0218287532099709	0.0289254735424981	157
0.0546831355985884	0.0438493521454663	10
0.033363933838472	0.040376198415549	10
-0.0149633626242036	0.0128209123873822	10
-0.0505490117370717	0.0525653304157738	10
-0.0581712108241403	0.0775484204978022	10
0.0452335542004363	0.269189050634219	15
0.116992754603834	0.795910371621955	15
0.00147662538178851	0.0015069244161258	54
-0.0292755084195965	0.0577775088557556	15
0.0852352797683914	0.178513634991633	15
-0.0325982793544805	0.0481526742485028	15
0.0769741805737115	0.0803097022925988	15
-0.0277038753288825	0.0206500722514579	15
-0.113989560966389	0.102114464001658	15
0.0842625206138078	0.0731040697048661	15
0.0533829769127112	0.0732999569130447	15
-0.116013463502948	0.185064567124158	15
0.114882312979566	0.122297131159978	15
0.0589293759144171	0.0857462994202122	15
0.0996174130033085	0.170719422385405	62
0.0976967862788015	0.17120079614116	62
-0.00303816710287281	0.004577247999802	62
0.0614333197618028	0.0581633337681099	150
0.0196385087589254	0.0197828029472528	150
0.00120354568492917	0.00183387321766116	62
-0.0228315694904948	0.0307235049984244	62
-0.080483796768388	0.0709916500293775	62
-0.120502406731423	0.109125615352663	62
0.115359025516206	0.165924053363527	62
-0.106858583665215	0.140731048958888	62
-0.113179145886847	0.158289389556179	62
0.0525087371546559	0.0801304653057323	62
0.111033373753623	0.157356305004146	362
-0.108050625276279	0.0631773905360755	130
0.0262484643631775	0.0119711570727888	130
0.0197876184075978	0.00922650240662763	89
0.0283843607266329	0.0132978489319499	32
-0.123490280735877	0.120054812793512	32
0.0384542913739968	0.0265870266125564	32
0.0719916254943678	0.118918934705503	12
0.05400316707189	0.0410392000109758	1
-0.101721166156514	0.137099889558601	177
-0.0231094162857897	0.0299232155185435	177
0.060841475309756	0.0591098088430976	1
0.116826263216519	0.162569990071722	1
0.0226292418552878	0.0243280916145963	1
-0.0998509417807859	0.0909041381209555	1
0.0444111427015182	0.0278566292613397	10
0.0331236080601411	0.0191807827111775	10
-0.023752651152634	0.0209830447602641	10
0.0694119751573522	0.0472718479188981	10
-0.0153847925758812	0.0133863315927128	10
-0.0590827723412055	0.087558019741644	575
0.0215749684942901	0.0239210077740779	575
0.107121510196324	0.827926697097691	15
0.057912444640441	0.184337787022029	15
0.0205971196849991	0.0348076321064484	283
-0.114560520994941	0.312966896841161	283
0.0156588271343238	0.0352721387900262	15
-0.0994522693817296	0.194060516115717	15
-0.0658631622515286	0.126197630013483	15
-0.0590816965280656	0.108539039818224	15
0.0448598868005622	0.0649513693964865	15
-0.12082255889864	0.23556296838731	62
0.0622769959053325	0.0836366322340393	150
-0.0986198161147098	0.161143329210064	62
0.110985283143555	0.176348560723156	62
-0.092755657392583	0.135816568652801	62
-0.0788991154707543	0.0793688304033843	62
0.090148391443725	0.116536764059673	215
0.00296111498914551	0.00404711875729803	62
-0.00455827276000867	0.00585848463569935	62
-0.0212164301876038	0.0183559095465036	62
-0.110581721349446	0.231148831660511	62
0.0541373109175814	0.0472766638969976	62
0.0594920045586198	0.0880290065290211	62
0.0798055043134899	0.105152974003669	362
0.060730318768672	0.11551286204355	33
-0.026520091549975	0.0464842137897886	33
-0.00330925937670756	0.00450786716820689	130
0.0299722486276828	0.0333687416312339	130
-0.0559288961317863	0.0371921976602765	130
0.0202214202921944	0.00995834686835388	130
-0.103687252135264	0.0614951349708251	130
0.0550025450933383	0.0367106396228179	32
0.0258880012872558	0.0149119824929372	32
0.0367252987227876	0.0331057869551867	32
0.00376270380773885	0.00450568005214488	32
-0.0509965818818686	0.0968558134636475	12
0.0388700483091665	0.0657678452587224	12
-0.0599134594315948	0.0781989074020085	177
0.032174413461947	0.0411614396041448	177
-0.0954436496034828	0.0876134825407344	177
0.0220042566809032	0.0259108719965696	177
-0.0876822825694924	0.102706102411076	10
0.0591584144212018	0.0773424494335411	575
0.101502434126064	0.132197433832376	575
0.0780585124214369	0.537819290618971	15
0.00480668473243654	0.0214347812346766	15
-0.00543525499937395	0.0202868198255401	15
0.0305737693071368	0.0695949829649811	54
-0.0823856475042696	0.155097541286314	54
0.104528685180123	0.20656723830974	54
0.0922428680207185	0.239307141796478	15
-0.0539783390957837	0.104416641544195	15
0.0649957138805295	0.0634552192081562	15
-0.0329023650240867	0.0317910736935813	15
-0.0344620017172848	0.0356740088065492	15
0.0413833562742305	0.0606400206924913	15
-0.052344919227369	0.0756253112662742	15
0.0128816380620888	0.017561017846409	15
0.0911435044188566	0.117120815043237	15
0.0575904280148146	0.0886395664177363	15
0.00237265899490904	0.0034873554453748	62
0.0299337878469334	0.0359488252809127	62
-0.0851210221519256	0.0929017994090716	62
0.0375647225684259	0.0612201587422927	62
-0.00873781488985005	0.00780752720741641	62
0.0891080308932636	0.100883144076155	62
-0.0186559885951461	0.0278294887516029	62
0.0386822454015811	0.0468684503681433	62
0.00455351922328434	0.00610840631793907	62
0.099001376069155	0.157363370609326	62
-0.0481651829332395	0.0634131242733137	62
0.0195686193786929	0.0267241666336706	362
0.0233274047258555	0.0357949279579663	33
0.0838647842097389	0.0939266122973841	32
0.0729217234086554	0.117644818735233	32
-0.0549826616734125	0.0382681888101105	130
-0.0942831135513893	0.0528079218898874	130
0.0242107574711236	0.0144895610973117	32
0.0423320357167384	0.024415832040635	32
0.0323713499292271	0.0176202948106134	32
-0.0108693509086074	0.00835625562558165	12
-0.0384682138804774	0.0546257221108787	12
0.0702888391067059	0.105658910784936	12
0.110356646330913	0.126446588392204	1
-0.0317547056238785	0.0354086556179037	1
0.0976330970535361	0.147867608996852	1
0.0359348758021694	0.0509903181703583	1
-0.026403196914771	0.0365813191608513	177
-0.0125823822493236	0.0154845559997101	177
-0.109912432107077	0.124159080436893	177
-0.0790201601470159	0.0769424797713648	177
-0.099142044668165	0.0777901739012177	10
-0.00220826662825898	0.00275063752828526	10
0.0786396718704022	0.0679630312114368	10
-0.022535250364283	0.0163699372253103	207
0.0785013464216461	0.541965664676086	15
-0.0764618631139304	0.255532931838795	54
-0.0299723357063281	0.0765387342670887	54
-0.0835320077700691	0.163359302354698	283
-0.0608226843964819	0.12170236641594	15
0.0422572714578296	0.0632335825451605	15
0.116684252131867	0.200214901070269	15
0.0472143348085045	0.0811323281997252	15
0.0616642003278056	0.0835281905552857	15
-0.0633018024547816	0.0940168875885087	15
0.0606838745185851	0.0881415425460375	15
-0.0675535820071863	0.104193111445983	62
0.121438505556926	0.186668982077603	62
0.119018684044675	0.202967816242211	150
-0.115857288190075	0.167491570763347	62
-0.0695113792206034	0.0669430797028715	62
-0.015438559146296	0.0147904976166563	316
0.076757972572177	0.0934665747455657	316
0.0319941943418819	0.0375812285101931	62
0.0125085466590429	0.0160225750545274	62
-0.0452599968283342	0.0556585087015094	62
0.0354647150275079	0.0472992030572588	62
0.0549248492568878	0.0772087254091592	62
-0.114463561168651	0.167863423036134	62
-0.0452164287694391	0.0553669952336311	62
-0.0177746454472899	0.0226391088983987	62
-0.00114095879209839	0.00146813355353985	362
0.0163158013297525	0.0214479194767784	362
-0.0266675651529102	0.0275443069789186	62
-0.030079461779715	0.0373703284397689	33
0.118684178213124	0.180063737202691	32
0.0703708752391405	0.0916119111826378	32
-0.0752343734339308	0.0809236479009848	130
0.00124035845614294	0.0010478320538715	32
0.094272860003339	0.082476861119156	1
0.0395646545365226	0.0482150894168766	12
-0.124347352625555	0.151557667288962	12
0.0234518636098846	0.0290357924061567	12
0.0921247767866376	0.128608369315528	1
0.0603422172325888	0.0806576417784503	1
-0.0179174705231824	0.0238265954449755	177
0.0782989188052901	0.0600116924261459	10
0.0942804675786281	0.113869615059153	10
-0.0292021708070579	0.0352088308902296	10
-0.0682687146413027	0.0850172940080508	207
-0.0467418618073377	0.0482824023660822	207
0.0192720773664566	0.0995875041560231	15
-0.0464082812105773	0.232192606659244	15
0.0968260429914709	0.290344069198683	54
0.0937366158635229	0.262570335444417	54
-0.0726251218690601	0.183858281918306	54
-0.0171896707435779	0.0356358600543868	283
-0.120128159243102	0.276927886660165	283
0.0681943825439806	0.108538858279625	15
0.0306571585417938	0.045659347847833	15
0.021468488313179	0.0350244156770128	15
-0.0969531321429681	0.169483261791218	15
0.0173103905510166	0.0291990364735867	15
0.0433399843179333	0.0531713430076614	361
0.00530909755514446	0.00654305956838617	361
-0.0958259548259167	0.159446783134908	15
-0.034214615419941	0.0518551844478527	15
0.0296658803824639	0.0387294996044169	62
-0.0525829391036017	0.0668197007559208	62
-0.091159799497891	0.135261559303147	62
-0.00537066884550196	0.00737712155907067	62
-0.0378724649091845	0.0560628961646095	62
0.0612188415802759	0.0999558192265704	62
0.110614611074527	0.104997653116074	316
-0.00492282699959266	0.00641806620497728	62
0.087133151436938	0.126690169189602	62
0.103716008208535	0.147501255105131	62
-0.00840275947557775	0.011647445269757	62
-0.0025256585437549	0.0034532121415923	62
0.00516077946767438	0.0053811259965836	62
0.0656273239308923	0.0856898433916245	62
-0.0112826773247615	0.0152405007680744	362
-0.0199429121780057	0.022104502850064	33
-0.0544162858051731	0.0706495729815487	32
-0.0543116291381827	0.0446066843801326	32
-0.118322866589636	0.12460749114471	130
0.0757324174540797	0.0972460556162505	12
-0.0774359448018135	0.0991218839643675	12
0.0219951561279441	0.0233968794786285	12
0.0175992840106866	0.02277607947453	12
0.0579914956509978	0.0716870980585572	12
-0.123627892934073	0.193361803787173	12
0.055106594708874	0.0730595739447036	1
0.10031898628595	0.135113285238194	1
-0.110627782631794	0.141556595831457	207
-0.114463948935775	0.117953148372497	207
-0.0115440113188634	0.015171128461713	10
0.0184145148057175	0.0216211368256391	10
-0.0880931606006883	0.113571820065595	10
-0.114774907779975	0.119621731157367	10
0.114737459433116	0.862001429203638	15
-0.012645221937779	0.0528063643959141	15
-0.0865307270268036	0.301758856022019	15
0.088418251109244	0.333129677110108	54
-0.0427881419699012	0.0594502257386075	283
0.0747670750348951	0.163164486001981	15
-0.00998521684521367	0.0180325370527848	15
-0.109730198495764	0.263924755967723	15
-0.0678964202021891	0.097951746361061	15
0.0133025806526102	0.0155892649568704	15
0.116218719405765	0.204644780968516	15
-0.00144119232410191	0.00166629488516911	15
-0.120666007539828	0.105340293767217	15
0.0615593651213808	0.094366746441072	62
0.0473032283921755	0.0738597822123566	62
0.0826127212476184	0.130268203100072	62
-0.00299249405386782	0.00416968983015829	62
0.0183254740162211	0.0290354147785328	62
-0.02913921464396	0.0373250831758549	62
-0.00375007850332686	0.00512865005724176	62
-0.109020692772214	0.170575747532377	62
-0.120030361103156	0.114523745097777	62
-0.0378756249894093	0.0495946044776317	62
0.051775397560244	0.0763557299994061	62
0.0688008038472833	0.105239891946331	143
-0.0563863172124574	0.070601587125677	62
-0.105544884300828	0.0796250430863047	62
-0.0991472614939355	0.0609206414691575	362
0.00710511961989886	0.00592423188872439	362
0.03165176501077	0.0203874160012822	362
0.0855650877225101	0.0950515194769152	32
0.00555033602302241	0.00654646331142058	32
0.0877076592162506	0.102094568104386	32
0.105812212905295	0.122498517043407	32
0.117871873464753	0.125439635919396	32
-0.0672107557895518	0.0676919328420404	32
0.0202872993733417	0.0192694607641522	1
0.113000374332261	0.140878753478573	1
-0.0132900574182311	0.0129477262186108	12
-0.00466194113715798	0.00575579533480021	12
-0.0864352079886617	0.119528846040767	177
-0.118511337941612	0.142535055740156	177
0.0921273787835363	0.131483530000676	1
0.0122480980025152	0.0124408838234001	10
0.0583815469228359	0.0712761135909707	1
-0.108661521732808	0.145366711926409	10
0.0862993587539922	0.109924909223211	10
0.0379266437956076	0.0436317411014353	10
0.0233820129983985	0.0321710347617033	10
-0.034498773390456	0.045868708507608	10
0.0553452537834332	0.0782736109471575	10
0.0908511554331065	0.140297448406562	10
0.0367400008200203	0.197392340907891	15
-0.0551765704955218	0.275637214138229	15
0.0788248684152594	0.317923091730482	15
-0.0956293054616904	0.161800032718251	283
-0.104810571817033	0.182827589261765	283
0.0329439762996656	0.0705455035977516	15
0.0862128747055939	0.223360615476783	15
-0.0206200136907475	0.0430061937087353	15
-0.0240370851011921	0.0420648817398387	15
-0.0810789649778428	0.114116440810306	15
-0.111962247353405	0.157329265018799	15
-0.0574356860524971	0.0517425270646353	15
-0.124605933488194	0.200419663921517	62
-0.115254372934497	0.183856874280017	62
0.0924782760696643	0.153091837001148	62
0.117603915804745	0.197895675007023	316
0.0485430851266189	0.0666023178755802	316
0.0660748886844608	0.0690382764900684	62
-0.0933522674246104	0.0893799655127757	62
-0.0514825278717414	0.0670207397280224	62
0.0732086412742095	0.105057447133851	62
0.0800755491157755	0.120429007631014	143
0.01296475825193	0.0179570291963225	143
0.123338245889299	0.164007809125082	62
-0.0977531717122476	0.13233628563946	62
0.0746475244557499	0.0590414281402331	362
0.0366312226883728	0.0212480793087367	362
-0.0546363869861519	0.0464395067634722	362
-0.0289006075415951	0.0322114836631874	32
0.0974392732310766	0.108494707876756	1
0.0481800137450012	0.0467294163016837	1
0.0661057718754283	0.0648433054533262	1
0.0502235229525777	0.0713056017139221	1
0.0655040099641736	0.103296866373652	10
-0.12261914704223	0.168118361571961	10
-0.110315863322515	0.151224675156548	10
0.0711420505200394	0.102707168910261	10
-0.10628047331629	0.167096130333022	10
0.0878661670128829	0.119944984081791	10
-0.0768685690845554	0.104054142120887	10
-0.0644503787398339	0.0976316470928115	10
-0.0779984193590923	0.0723376595876575	10
0.1009029525861	0.710596692086829	15
0.0966957152835621	0.478882437241224	15
-0.0897565606258867	0.406234332212536	15
-0.0982192158076497	0.241392907885923	15
-0.0272703270186147	0.0584131884897323	15
0.0162810852887826	0.0352574094620523	15
0.0902414789676236	0.220172298250484	15
-0.04187571154548	0.0589135797257563	15
0.0559861502700141	0.0411411378639521	15
0.0251039662317011	0.0200111744364392	15
-0.109393208617194	0.177020451136511	62
-0.0208098989078192	0.0279235086592862	62
-0.0628611341421223	0.0858831749139429	62
-0.0443390455877954	0.0491817702893425	62
0.0500218096710873	0.059822980849259	62
-0.106081278695801	0.164596760020515	62
-0.110122523607527	0.11552906277413	62
-0.0541402119596722	0.0758067232820396	62
-0.0315353283867416	0.0259223828625785	62
0.0300184281025807	0.0327180251487033	32
0.0190057849442393	0.0204003281553237	32
0.00381387022699243	0.0041832783253042	32
-0.0143958444025021	0.0164272282431932	32
0.0867291694232993	0.111131770035934	32
0.0415385740509227	0.0471237368051882	32
0.0341712861311672	0.0379069819167662	32
0.109327578965367	0.114525516569723	32
0.0743354934749566	0.0913190507690136	1
0.0246670450608838	0.0149141088298535	1
-0.0778505308065734	0.0492567172083419	1
0.0620911052290658	0.0732647073351049	1
0.118904957244592	0.192452398256653	1
0.0931969687109053	0.13954920366876	1
-0.00620757546312929	0.00780823912728914	1
0.0298915615492647	0.0301311582912511	177
0.0591356946080405	0.0805463112583597	1
0.0266286694106333	0.0291849257401557	10
0.120992814572516	0.128050419781094	10
0.0641925098736987	0.0752460837239072	10
0.0380650586677775	0.0503689963145285	10
-0.0432311788222386	0.0526200924356092	10
-0.0269049273499386	0.0336664813928238	10
0.00831336682450756	0.0101023206275406	10
-0.0236764888989171	0.0269603226842929	10
0.0147935820135221	0.0163898030062543	10
-0.00667666154732885	0.0299342431052648	15
-0.0355864485455018	0.0671937392617616	15
0.0242283231376057	0.0491840477616852	15
-0.0864728657684166	0.18777024308922	15
0.0160866872707533	0.0309272951605574	15
0.0987355571172665	0.199622445760117	15
0.117581413613344	0.197567673993865	361
-0.0167578421235962	0.018393884850997	361
0.113366663449945	0.187521295842707	15
-0.0978662071611112	0.14456942123697	15
0.0385409350215627	0.0527292249959316	15
-0.105962838028021	0.111226248145359	15
-0.0131934270785628	0.0179486957006845	62
-0.03367103339189	0.04242685163142	62
0.0727416013323907	0.0769702958907069	316
0.0335097344033157	0.0467588358460053	62
-0.0752282092668746	0.0835006861018068	62
-0.0740848418205483	0.0910694437601979	62
0.0883257424315395	0.0819197651702275	62
0.0320185081802125	0.040220423022772	143
-0.0829827709885189	0.104673249043366	62
0.0848041206871216	0.0916122674518686	362
-0.0872974001537583	0.0740783556746592	362
-0.119729002968104	0.103955759318021	33
-0.0869119210386319	0.106333827221716	32
0.120433521191366	0.140451732694312	32
-0.0879272432680018	0.0867831316434043	1
0.0911591841172635	0.0873603576458818	1
0.123088857576677	0.165005463427349	1
0.072874472746855	0.0879474504320931	1
-0.0550268240196915	0.0647465694324602	10
-0.0281065877628793	0.0327173365535922	10
-0.0142967924141191	0.0144137570421835	10
-0.113727022140891	0.136484078710121	10
0.0130139369469548	0.0155219824444193	10
-0.108847831453198	0.138366434666447	10
-0.0264244604333681	0.0314440568324968	10
-0.070846463231648	0.0629058114633832	10
0.0183966073361941	0.0959454031173606	15
-0.0764209825416964	0.445461575160319	15
-0.108345056056297	0.589599830920059	15
-0.0831047132918956	0.271113276749267	283
0.0109238707622248	0.0218567269110804	15
0.0318507084998072	0.0579995396849412	15
-0.0661796282851547	0.088967159373851	361
-0.0241364824090498	0.0286891768595854	361
-0.00462970519783385	0.00575519256616846	15
-0.113928694684568	0.173449947802399	62
-0.0725118727038639	0.100499328686749	62
0.0803881708263477	0.108321459978062	62
-0.0220701073399691	0.0313518148381784	62
0.055103759057388	0.0747704302467632	62
0.100920520498469	0.128678084945054	143
0.0523777880399259	0.0654864720061753	143
-0.0964001530172094	0.11647215098501	62
0.111687470627411	0.162694020443376	62
-0.0916072769639738	0.104080708433822	62
0.026930487219769	0.0314615825765399	62
0.0615116412633534	0.079474405421383	62
0.020969712722806	0.0249746675702503	62
0.0383145839711819	0.0502275270875074	62
0.00681051251757131	0.00669275220306627	362
-0.122596630187977	0.124110935072389	33
-0.00937730723635643	0.00790177325854815	33
0.0592175052868057	0.0705851253335833	362
-0.0166206618214812	0.0210150979932485	33
0.000291217357226773	0.000203552112795952	32
0.0155063196548305	0.0126288572743736	32
-0.0265574653582151	0.0225768595131476	1
-0.0495787936273268	0.0602913415429972	1
-0.0711337374776907	0.0777975360017646	1
0.054516187494543	0.0675683644056294	1
0.0093574800913393	0.0105133644775277	1
-0.0422265199405409	0.0524328210500881	1
-0.108385371412726	0.138869850658666	10
0.0999914522786299	0.126187405955018	10
0.0243998799480266	0.0265148578191942	10
0.11363913205058	0.128233792166617	10
0.0738015312737044	0.0746226506412372	10
-0.0354263951104017	0.037038432224729	10
0.10728406833959	0.139117912051249	10
0.115263012338904	0.125141221704962	10
0.112623336181634	0.137986766701234	10
0.0293186632084759	0.153915999764221	15
0.0126637046015595	0.054134286359265	15
-0.0633450345625152	0.156734300823965	15
0.00890440415936427	0.0189755315734332	15
0.0156449293818218	0.0375380401205238	15
0.119271596727558	0.131139227763035	361
-0.0601533440018626	0.0845653903392686	15
-0.107966599465487	0.105352789955578	15
0.0343001934151311	0.0479650538070486	62
-0.0346274540695466	0.0447704013743872	62
-0.00675364331855632	0.00769717540981163	316
-0.0431112536206977	0.0440683785114755	62
-0.0599299828462421	0.0600125968692837	62
-0.0677147900672348	0.0809336302050951	62
-0.0115953426226	0.0141280691994446	62
-0.0221137817369145	0.0226445647087685	62
0.0105389268957982	0.00835532024727472	362
-0.049308685959613	0.033487075276302	33
0.0699195768092438	0.0588577121471709	362
-0.113118345827312	0.101684141435563	33
-0.0733633675023493	0.0845603304309129	32
0.020608448564686	0.0216982695316074	32
-0.0847494961456798	0.0777396893797354	32
-0.10730658365129	0.116935831812008	32
0.0912892030447465	0.0852823856951437	32
0.0379056760177324	0.0329347234310143	32
0.0936986685971804	0.0878086256273105	32
0.0708646016689232	0.0609746516387365	1
-0.0437399363230156	0.0368112651157309	1
-0.0849028500661046	0.0776078018865592	1
0.122631755361634	0.162983157065596	1
-0.00928518711719079	0.0119940230499833	1
-0.0288877677387326	0.0342233071893152	1
0.0721915938145809	0.0842032393670781	10
-0.103818787352223	0.11049652321827	10
0.028247573907997	0.0301517061546528	10
-0.0183065468299267	0.0194255118044426	10
0.106830420553963	0.128241850821694	10
-0.112262858709767	0.128709778982273	10
-0.0752059677980183	0.0864540129872065	10
0.0428193227426843	0.0470388016203554	10
-0.0335228749135874	0.0378644217307402	10
0.0749479126120304	0.0870502203098395	10
0.0345271145532918	0.0386927078514272	10
0.0374038590147122	0.201128244246754	15
-0.0580258115278529	0.248327958691232	15
0.0561209482807765	0.141667295636527	15
0.0982832111692248	0.278349202039368	15
0.0623431419813436	0.18797511517902	15
0.0881077040125155	0.199932242490389	361
0.0427332992196208	0.0681370708483706	15
0.0719054242734227	0.0606155723899824	15
-0.0958265372145495	0.138831454970325	62
0.0846298188972845	0.127509438231923	62
0.121825312932989	0.145178962983298	62
0.00612120213489191	0.00554221415332806	62
-0.0705061206165303	0.090992853004789	62
-0.030081781655134	0.034666286095147	62
0.0541621879740438	0.0694064865203058	62
-0.022132497583747	0.0156672320499356	62
-0.0446117348393207	0.0425193400019375	362
-0.0102559794694497	0.00779164069804488	362
-0.115672983893629	0.0899457768560039	33
-0.0865427004097144	0.123585820264985	33
0.118771489312349	0.162591035823562	32
0.107409356210474	0.122446871339265	32
0.0492018213033324	0.056361527467164	32
0.101124310436912	0.120325064606024	32
-0.0837380774517607	0.10078020290863	32
0.0750619060768195	0.0660028487646947	32
0.0293995599398404	0.0298942372790522	32
-0.108796700281957	0.105628988014938	32
0.0349216358304825	0.0358205288176698	1
0.0223614165704891	0.024214862444534	1
-0.083356448643958	0.0828789017198814	1
0.087904366144639	0.112263395959761	1
0.00813857907502097	0.00952313497195361	165
0.100957888184374	0.0966295294612292	10
-0.072258303808839	0.0918371554362325	10
0.0622154651472079	0.0783682601271906	10
0.122184741966382	0.171007117405463	10
-0.023448306174317	0.0233251002629482	10
0.054937685905121	0.0696441767837664	10
0.02015801236388	0.0268919408938296	10
0.0407240634900505	0.0514547843141046	10
-0.119460850609088	0.174909725835368	37
0.101402806507709	0.0997196659613127	10
0.105156114103312	0.78105569460076	15
0.0662881760764555	0.110504499873333	15
0.0703847804869071	0.0997356799672592	15
0.0555045778082131	0.0755392173812962	15
-0.00781325417087156	0.0112049955981045	62
-0.0961235507707506	0.151894694438317	62
-0.0635562071728065	0.103382497669303	62
-0.013552414143727	0.0179892622102662	62
0.0773735597183226	0.104590281452108	62
-0.109722869176093	0.161778269959772	62
-0.123977168376486	0.144088614015678	62
0.0293314905816835	0.0325952910603837	62
-0.109214742290553	0.131083447766307	62
-0.0141808154118465	0.0196189864353141	102
0.0366654108075022	0.0364494260872325	62
0.120829539797312	0.130933765800435	102
0.0638605181500905	0.0867900523329799	102
0.0630168937645944	0.0816107333793461	62
-0.101677912930671	0.153727117436902	62
0.0307649869178495	0.03801802512014	62
0.0659516383868382	0.0875960907204275	62
-0.0744983977337907	0.0968028992757452	62
-0.0821506467182139	0.105295924913173	62
0.0777212659138374	0.0807271857248067	362
0.0780677571443982	0.0633188195967535	362
-0.118108530539318	0.177791605974529	33
-0.055992208384899	0.076141044084492	33
0.0277570406674896	0.0299135984110592	33
0.120964769995689	0.14770689214763	32
-0.0833753085803892	0.0945601332914506	32
0.0196092584942162	0.0203042672661187	32
-0.0724577080275409	0.080031740177693	32
-0.0277697957649615	0.0264894553602027	1
0.103549293826643	0.0969363926256348	1
0.118260093855916	0.178176860692936	1
-0.0725714642279576	0.0934617112065665	165
-0.0769374627352708	0.109248322299529	165
0.00099015517138832	0.00121220380872156	165
-0.0777990974083989	0.0891573928496292	10
-0.00490032086226502	0.00461088367893511	10
-0.0229613471876533	0.0289928920039202	10
0.0411613700075975	0.0447615265048046	10
0.0588948238167839	0.074230320272743	10
-0.0150354290788899	0.0156849374759612	10
0.0397871819610856	0.0420067579083002	10
0.0926791622391579	0.104098941897237	10
-0.00981169316223871	0.0116597524736513	10
-0.0753065200328896	0.0870711042027259	10
0.0346441293116848	0.0455716389796949	10
0.0594014215457928	0.0754393938972125	10
0.107228167913171	0.153654744337316	10
-0.120368361671186	0.14926758323688	37
0.122446660816434	0.257266572272405	361
0.10706379941846	0.237206568846657	361
-0.00949030071116842	0.0163890741226806	361
-0.0759421282031946	0.110083764895277	15
-0.0498752147114772	0.0656787050226133	62
0.106885470335381	0.165067471895118	62
0.0770401069190309	0.102430989939395	62
-0.12044343158302	0.122955556474847	62
0.0531445228315287	0.0695468625117148	62
0.046814131972231	0.0586318149619342	102
0.0207862635715597	0.022667049621603	102
-0.0978067348459972	0.135989147142813	62
0.0804218082626555	0.110542161644159	62
0.103973351143787	0.134879367986983	62
0.0756388429042571	0.0906975540396843	32
0.10949712606743	0.118811803241914	362
0.10045674072462	0.128787240231052	362
-0.0461929076923801	0.0564217158647873	33
-0.0435393721232901	0.0498360465488222	32
0.0966765195541904	0.0889048380960195	706
0.0696813626671052	0.0584923071261677	32
0.0579055253078281	0.0441462906429529	32
-0.00827260349867147	0.00629521276367487	1
0.0698273762925607	0.0848331425019337	1
-0.0962229814265294	0.0921972584017554	1
-0.0471738406987574	0.0538711547053593	1
-0.0675196285656035	0.073814751432718	165
0.051928777305499	0.0598789631325447	1
0.0574063476461457	0.0738923133329783	165
-0.00159247501265832	0.00192708894427516	165
-0.088010038118675	0.108094352159477	165
-0.0177421473254763	0.0192823079039135	10
0.00975770136991345	0.00886193554230575	10
0.0293507397817048	0.0260578860922292	10
0.0716459834678707	0.061341387898707	10
-0.0312740474755491	0.0350500577601204	10
0.122490105070765	0.848709832926321	415
0.00979211998652008	0.0380657229450633	415
0.0508466323814696	0.185655838707778	15
0.0744025921434126	0.262601443666712	15
0.0840499746085097	0.127913284905748	62
0.0815974176662834	0.123841860813716	62
0.00525199726911919	0.00689815316446069	62
-0.090011527517219	0.147678815783512	62
0.0255747808233876	0.0248951146346256	62
-0.10480923378707	0.121842663710354	62
0.100489228732009	0.138196574782889	62
-0.0327336714928808	0.0429667760707428	102
-0.0433160786795745	0.055137701278452	102
0.0850408571627209	0.124343425598289	102
-0.0552184873832812	0.0698065463908861	102
0.0933415238095542	0.122317707878347	62
0.107672013286622	0.126313883217367	62
-0.00823413414553735	0.0085492679694427	62
-0.0150323233688291	0.0200246592578655	62
-0.059460157039239	0.0739977405083751	62
0.024226330347281	0.0283150927733852	32
0.0780925909320481	0.0971655620046679	32
-0.0415050168709073	0.0508259402919619	32
0.122306565188752	0.142076336266336	32
0.107077863183139	0.108159655271321	362
-0.0839926354325576	0.10415549336366	362
-0.0528287952940707	0.0645810779148884	33
0.0813657922144171	0.103652256800502	32
0.0737808439035601	0.0636604113682978	706
0.0849232840842455	0.0777591959966089	32
0.118509216339035	0.125486722709645	552
0.0622590575764289	0.0469392293336022	1
0.0329935712389096	0.0327737165297119	1
0.0244722236623392	0.0270763761852051	1
0.123399880837082	0.140954411201367	1
0.0381402963648744	0.0432947546383401	165
0.055377471466627	0.0618558435148873	165
0.0141356847473839	0.0157781478032414	1
-0.101816868744698	0.147879820517924	165
-0.0764540682502237	0.0788375538328497	165
0.0323468933883199	0.035687796647014	165
0.038924025045828	0.033645862407273	10
0.105855777807178	0.123346626866248	10
-0.00988013935760194	0.00915370220149087	10
-0.115591529188392	0.167376446539021	10
-0.105566753990468	0.104190376317771	37
0.0248689702755092	0.134382747132002	415
-0.0525462135551707	0.30309562373457	415
-0.0875775419346863	0.18928247331427	62
0.106545538096233	0.220693043328656	62
-0.124321533630875	0.20062237362239	62
0.112739930528709	0.136381815797038	62
-0.0619486628476196	0.0417855335165601	62
0.0100037052504481	0.0153494225913618	62
-0.043834183680934	0.0690156916715741	102
-0.105884806579201	0.101842047200474	102
0.118350371520407	0.179297386802735	102
-0.111347263283743	0.164918913723575	102
0.0963221665730387	0.153248674206143	102
-0.0316655842298182	0.0434568175517404	102
-0.0130996687125703	0.00988628529444668	62
0.0123123683030931	0.0141368653959737	32
0.0563555793134909	0.0885344138695495	32
-0.114945513097282	0.167189980234991	33
-0.038534511396193	0.0562677671738715	33
0.11979865919781	0.131989149095294	32
-0.0790652758532039	0.116345432727787	32
0.0233389804708787	0.0267496061351695	32
-0.00898744945594354	0.00288182366636155	32
0.017396670692989	0.0066167030714912	32
0.00750240800747264	0.00302691707342993	32
0.0446829920476198	0.0312121998257058	552
0.0145138130122406	0.00563982445502141	32
0.00111699486886792	0.000429414294917071	32
-0.058929943560184	0.0385285361191313	165
-0.0537254454330309	0.0842442899342279	1
-0.0237169952221378	0.0359958999351809	165
-0.0520247921474327	0.0873415708548582	165
-0.117704341659569	0.189420450472081	165
-0.122169399208393	0.169189092073222	165
0.0134598860504081	0.0159047856422644	165
-0.0953912441945811	0.126667735886768	165
0.0161428844361894	0.0149673753465242	165
0.0285249364488725	0.0288443443629713	10
0.122641560974497	0.177497316040556	10
-0.0446204996700762	0.0706890562955834	37
0.0831397641171777	0.0690407913101932	653
0.117505556897809	0.973741087570018	415
-0.0106334810322134	0.0496950710848405	415
-0.117528720992957	0.558173801163592	15
-0.0562320086755116	0.0831280456300862	738
0.0763065662286541	0.107672192959027	361
-0.07771742101481	0.145751170939797	62
0.0904936232186889	0.106080968580095	62
0.0157486201378216	0.0207369667151255	62
-0.113096996175793	0.140223945578514	62
0.0396254511178283	0.0251392846926673	62
0.023948010264523	0.0133837649751891	62
-0.122242499344231	0.21406914080458	102
-0.124324578641677	0.165921059473409	102
0.109011946251494	0.145419899626025	102
0.0411563163086719	0.0681952441799893	102
-0.0924381182772328	0.163399326913367	62
-0.0143230534772998	0.0202155438224638	32
-0.11695324912579	0.178845254729463	33
-0.0833769071540269	0.13488433598014	33
-0.0175572293641551	0.0187943061344973	32
0.0164608865555449	0.00615574568057198	32
0.0168905284733719	0.00761607005712445	32
-0.0653026611047693	0.0421025942869121	165
0.0184500204017913	0.0176282752003229	165
-0.041846024818256	0.0506243900652065	165
0.110946492674855	0.135430907618611	165
0.0605742480335003	0.0745497061568429	165
0.100433521081618	0.117060409668887	165
-0.107056567635269	0.0856375132568321	37
-0.0965452819675824	0.159894814379892	37
0.0321116125671635	0.0269737381342427	653
0.0183831025718689	0.0985797273128599	415
-0.0217707233428689	0.0358283195156705	15
-0.00762705919626233	0.0126310626778661	15
-0.0238066598662372	0.0431051108232707	15
0.0123898328987406	0.019274956233584	738
0.0873952588054853	0.138275916310505	738
-0.0631712000579731	0.0845409574112943	738
-0.0463030027620442	0.0776675357474144	738
-0.0394910487687572	0.0737172470808357	62
0.0424439343923935	0.0733971511315197	62
-0.0333318999352647	0.0519373960685027	62
-0.123165040520972	0.094248660978602	102
0.0492598018317898	0.0345674924240739	62
0.0481096102694216	0.0451705470755226	62
-0.106663318999873	0.165866701923843	102
-0.0481271650123064	0.0638406415160626	102
0.111189511509625	0.142526673733156	102
0.0161242887642134	0.0226602798119597	62
-0.0927951822910184	0.105322548158598	62
0.00559235110188044	0.00698980383424614	32
0.0538894172660046	0.0711463602667532	32
0.013737126622024	0.0200729629066055	32
0.00119220250182248	0.00117461815484855	32
0.0944690975968852	0.107852555869135	32
-0.0900892450025026	0.0845248484501623	32
0.0169150071004773	0.0245038915713398	32
0.111378809638645	0.162870205875587	179
-0.0727146810591754	0.0980756403537018	33
0.0390810801746053	0.0572684734046916	32
0.117040207936207	0.193788149119694	32
0.11952311214978	0.135698427663763	32
0.0889432585251419	0.12211388732485	32
0.0396919287474446	0.0223677674093458	706
-0.124710129579043	0.0661702699988318	32
-0.0754332287069372	0.0624675118774721	165
0.0244903977381084	0.0346453231727218	165
0.0457838515055048	0.0298455039363537	165
0.00909027317745912	0.0091413649129914	165
-0.0131656939902305	0.0161589234004616	165
-0.0701143837895527	0.0851456389187393	165
-0.0833344114647983	0.0822682479357323	165
-0.114798987896044	0.117786589547529	37
0.0267463865154949	0.147500149360923	15
-0.0713723632332007	0.472721143584725	15
-0.0339019263503791	0.0564782120134364	15
0.0594296779316684	0.1198870806934	361
0.111779425320515	0.249699005064549	361
0.00579517467530795	0.00911043798840111	738
-0.0660046630014842	0.115529297230273	738
-0.108275571799991	0.191515243733167	738
-0.0159994684082387	0.0196462350961576	738
-0.0353576493159176	0.0622094374792974	62
0.00836097696209339	0.0128915624831799	62
-0.10587671800117	0.119518356662	62
0.0148375392729663	0.0157761351459066	62
-0.00733073897829202	0.00911690258108514	62
-0.0371916975328735	0.0549629350700685	62
0.0526373944075574	0.0578859272466274	62
-0.0941884478503515	0.0563541100945932	102
-0.00454962558963769	0.0064424092242758	102
-0.0495203309140763	0.0748053854741491	102
0.0335676465284765	0.0391052953162168	102
0.065059519778732	0.080730623104258	102
-0.047048323656492	0.0510770952615884	62
-0.00422068270887573	0.00578620120395745	32
-0.0149128499312335	0.0212385964264305	32
0.00199220340657708	0.00251121062528129	179
0.0856169759234133	0.115441116378679	179
0.0714548958569337	0.0949923038069126	32
0.0452449946850065	0.0585434770442224	32
0.0575062614911917	0.0629482370161537	32
-0.0925976964701236	0.055395086921837	176
0.0402004698205831	0.0195626176828968	32
-0.0360057022888964	0.0282856989365714	165
0.0424262814347099	0.0278792777897074	165
-0.0305165637541743	0.0430235240304031	165
-0.0795057330351723	0.112872419282273	165
-0.0207324371867909	0.029113208568371	165
-0.0374534401321139	0.0310153237327095	165
-0.0533999320366981	0.0441251496568635	165
-0.115861523535549	0.121238740549221	165
0.112009768335	0.14136655322863	364
0.063823120296111	0.0654550589945044	10
0.0127963388693171	0.0691466088994183	15
-0.0663011465223367	0.418171446029392	15
-0.0992409424292858	0.197175952967078	738
-0.00835858827847487	0.0124556739364244	738
0.049886902796178	0.0902897546020242	62
-0.0243739291586218	0.0306291068356274	62
-0.106530230239476	0.108716239364422	62
0.0796450787527831	0.0888838146608079	62
-0.0484585311706538	0.0336750200386425	102
-0.0129330716230487	0.0174608378179285	102
0.0655840497957279	0.096084748781432	102
-0.108846889766922	0.149812673647805	102
-0.010527341385647	0.0119232504242974	62
0.0509542426837996	0.0386505952092305	32
-0.0678142553938908	0.0550072508389014	32
-0.0141962345022301	0.0202281851238702	32
0.0767521982466575	0.0920442198650581	32
-0.0354002579203026	0.0522718916059507	32
0.0551292634419389	0.0790098895296036	32
0.0286272533431366	0.0366345294098531	32
-0.0316133563783162	0.0223403516008936	32
0.0350324891754974	0.020752590221534	32
-0.111980252410477	0.0649663935324568	32
-0.0844397993246022	0.0528579775639506	32
-0.0775706100663514	0.0485127576261998	32
0.012385525081857	0.0105258094469656	165
-0.0630405815798893	0.0996723251264406	165
-0.055348578603915	0.0815672688951133	165
-0.008375576983149	0.0080167350843101	165
-0.0242154776573104	0.0179757729638471	165
-0.0325012047560133	0.0226569758712127	165
-0.101915136027565	0.115276313136055	364
0.0452544594017581	0.0485170879068165	364
0.0177311992526256	0.0144824707229692	350
0.0462140838379652	0.0282959065121826	10
0.0942666197344731	0.0877231864154745	10
-0.0779642768262726	0.0659336401939465	37
-0.0844222936743105	0.0745318451461745	37
-0.0398604828350607	0.102253797543909	15
-0.0439394487067743	0.10317877413663	15
0.023414401766538	0.0414986686020378	15
-0.0981939226869573	0.163117913474015	738
-0.0379511529713365	0.0608891131856789	738
0.0294906961165709	0.0417515691661347	361
-0.0986013142873772	0.164092631267341	62
-0.0391799686974157	0.051294538895734	62
-0.0523854161336614	0.07867929860683	62
-0.0740456234458579	0.105217964767336	62
0.103592441605863	0.103832229040757	102
0.0769791056728253	0.0820476829271487	102
0.0207374213589397	0.027008601241724	102
-0.00899782164857079	0.00984266499102507	102
-0.0458719561546987	0.0551058961910713	102
-0.0131228131813645	0.0150243035759547	62
-0.115516264330887	0.116556564754165	32
0.0242826113445794	0.0265619035221722	62
-0.0771047906989811	0.0937866948650504	32
0.00990991111976965	0.00981794871607837	33
0.0413309275087233	0.0472304573456231	32
0.0120512462492853	0.0130062174845787	32
-0.017424785222905	0.0218959532174674	32
-0.0521123296359225	0.0359343359207007	555
0.0899103728649468	0.0808337724946677	32
-0.0176585690905469	0.0131635624051702	32
-0.00749743199307234	0.00580473682789832	165
-0.0547348538917769	0.0731096243782679	165
0.0595789858671236	0.0791819949500499	165
-0.0444323229688061	0.052338888946919	165
0.101770551471298	0.118515938786803	165
-0.0597808043147202	0.0681937076727037	165
-0.0256927505213505	0.0302611665775465	165
-0.051171076028572	0.0523675807274502	364
-0.101482116979137	0.126791564816673	364
0.027682377787691	0.0352723865559688	10
-0.0654540048112815	0.0609152152037185	37
-0.0581048166856674	0.0742073513214953	18
0.113717548405238	0.159164945323173	18
-0.0166578748937833	0.0553363487137639	15
-0.105225425119275	0.17920768259783	361
0.0974129924808718	0.167997811238152	361
0.0266152440901206	0.0260935958186549	62
-0.0852722751120537	0.152253445882259	62
-0.00276336884550413	0.00368006985854231	102
-0.0166194938211816	0.0213494494620395	102
-0.061634116998613	0.0764313773091739	102
-0.0736591058204836	0.108326214986203	62
0.0308959057121425	0.0404940083079178	32
0.118324944446808	0.191681033723451	32
-0.0383852942645734	0.0498103252042071	32
0.0644405813841254	0.0497453794027995	32
-0.0837421154121032	0.053085826354353	32
0.0538571037370894	0.036842781517416	32
-0.0356540339225018	0.0353114909831794	32
0.0752068419788345	0.084728946213744	555
-0.0851516404549179	0.0844190550579014	555
-0.00165880542698495	0.0015438676211452	165
-0.0753254238254726	0.0782541081368158	165
-0.0789405922485596	0.0858428066420962	165
-0.0697805501274725	0.075553376513596	165
-0.0485012684541418	0.0506441227262309	165
-0.0656802456961605	0.0770657021674651	165
-0.101203401881708	0.0911315026142192	165
-0.105804125737446	0.146761742157766	165
0.0813907771066777	0.11249036752271	410
0.00203110644142877	0.00203892512307323	165
0.0593695155985162	0.0685335399586459	10
-0.117555680956708	0.15757129044621	10
-0.109222129811702	0.157775422190408	37
-0.118081983264023	0.174459357381688	37
0.0689993786805116	0.0545765639307104	18
0.0777594233113799	0.468016440545187	15
-0.122440608420921	0.71276673150526	15
-0.109809322386101	0.494021267088208	15
-0.00513262175942613	0.0151883429532777	15
0.063441778377832	0.202706281199321	15
-0.113777255517297	0.216214096174222	15
0.00890546457456066	0.0160286906063222	738
-0.0645068105658743	0.0424411322809707	62
-0.0972593566975583	0.152124471791316	62
-0.0585489824431441	0.0854064487096609	62
-0.0740922396063085	0.0955638623769618	62
-0.0989866497691881	0.193931873991306	62
0.102242502542741	0.142366715086358	62
-0.0678903607791812	0.0981877284436567	62
-0.102454692240081	0.16246883560158	62
0.032259305495421	0.0435799168351873	102
-0.0645370795045226	0.096910991688689	102
-0.0585751971585198	0.0549911440284292	102
-0.0439605118763659	0.0311605535058673	102
-0.0245500232903055	0.0272902448222611	102
-0.0879165572084867	0.115620375789908	62
-0.0203985765480641	0.0268932368247351	32
0.109860995325633	0.119842010103449	32
-0.0988561629364597	0.0792972556831995	32
-0.0813759148755064	0.1009658206532	555
-0.11875788441503	0.150304092926283	555
0.0261576646060032	0.0285231828898228	32
-0.0128711644687039	0.0134735191298807	165
0.103812182082678	0.118939423341092	165
-0.028951631845801	0.0305599526689774	165
-0.0180757936972373	0.0173238732901947	165
-0.0662916751894996	0.0773436833713205	165
0.039380507860864	0.0235682041895681	165
0.0000494865953053317	0.000101390730980566	165
-0.0907865554689425	0.0741179063414166	165
-0.0170753149239533	0.0239660609012901	165
-0.0341307101416848	0.0485345663751854	165
-0.0437059902473225	0.04147246259933	165
-0.0701216826256608	0.0656239775344345	165
0.0727987435621836	0.083776137308229	410
0.0184461171010056	0.0232659253153448	410
-0.101478040518433	0.0806550924717737	165
-0.00526464244626685	0.00591276143998201	410
-0.124582219183776	0.176742935469599	350
0.115302409591674	0.173884069176342	10
-0.0566209945332651	0.0824322191783838	10
-0.099920322054037	0.132530247858951	37
-0.114116205748354	0.144352210062231	37
-0.00759050287654131	0.0347028353732563	15
-0.0940344242665912	0.543511429147249	15
-0.0246162464382673	0.0641667380969633	15
0.0850628708493421	0.161343695675883	62
0.0785696114286833	0.135831411299959	102
-0.116816726370537	0.177931128012784	62
-0.036149992638122	0.0298687682209302	102
-0.015688874470052	0.0202582336257127	102
0.0751131873764599	0.083582835001396	102
0.0115072559763505	0.0121169705314487	102
-0.122353744335178	0.142594315349419	62
-0.0372422802097288	0.050038361438587	62
0.100490250488462	0.152601562331263	32
0.107746244137556	0.1266610774861	32
-0.120873334409559	0.143424037603438	32
0.0107283348695262	0.00492081713905889	32
0.0085038280407575	0.00388414080887182	32
0.0198028440865754	0.00967511208654947	32
-0.0373109335297032	0.0505540252529764	555
-0.0547749083640574	0.0652004153755549	165
0.00270907742420717	0.00276153838289519	165
-0.0599246842405321	0.0755780492648088	165
0.1108813511075	0.151890286241232	165
0.0555169979700994	0.0640720875950505	165
0.0806574398325025	0.122621890190186	165
-0.045523404222017	0.0643628563482971	165
-0.00184497775385572	0.00183619081232206	165
0.0511313532169501	0.0518837828327081	410
0.0852515681733968	0.113191459490749	410
0.0898548497298494	0.0979288372826228	410
-0.0571140178268295	0.06740847762553	410
-0.108948911988197	0.151039817059599	350
0.118488100935711	0.190035957690928	10
0.0126683387073514	0.0160114400505747	37
-0.0540369690316983	0.0674996956993847	37
-0.111560193735801	0.169265536106794	37
0.0286232390485725	0.14479152975995	15
0.0982777912663264	0.361311088386009	15
0.0903554084468513	0.216740354849228	15
-0.078699788849734	0.151866675891823	260
0.0381892645429235	0.078019987815249	260
-0.0748809641854716	0.0695719934349908	361
-0.0928448084013014	0.0732894142573034	62
-0.0206273338766195	0.0303167927557076	62
0.0255226261399921	0.0394790226958123	62
0.0593746069759547	0.0833606659034661	102
0.0558999945481353	0.0862839264447216	102
0.0904924544224608	0.171316629531836	102
0.0536770429358387	0.092945934427237	62
-0.0408559627469143	0.0659360605677174	62
0.0544760586179844	0.0810533801512718	102
0.112724987486532	0.112978725410993	102
-0.0314235415441767	0.0300318224161318	102
0.053103407407934	0.0643249392094613	102
-0.0311125821546583	0.0291017720677564	102
-0.040609245454484	0.0529870562831317	32
0.0742989913858942	0.119998647558293	32
-0.124520555966395	0.159556568790537	62
0.0335040128548553	0.0325878787396618	32
0.0114074482525597	0.01385029314505	32
0.123601791337348	0.101684447415969	179
0.035948813353399	0.0191254149209615	32
0.0305003002153622	0.0167307803360949	32
-0.0693863866634556	0.0442440162515569	32
-0.10433849335748	0.156299033309967	32
-0.0889664887106382	0.134101166379228	32
-0.116900650311069	0.20614018059091	32
-0.0232104674312154	0.0295163672397753	32
-0.0164690747900598	0.0227779643410062	32
0.00419410857196276	0.00533941096033357	32
0.0765219048544455	0.100832097283129	32
-0.0150987770297676	0.0188311542779377	32
-0.0495906981671849	0.0679037849852517	165
0.0294049122778199	0.036589974043016	165
0.11358744760619	0.138170598533082	165
0.00923501518076798	0.0108568483465442	165
-0.0710586373687385	0.0943747843480054	165
0.0524783760483733	0.0631002446002308	165
-0.0286033578422849	0.0348880105015423	165
-0.0384106751691774	0.0273136241308842	165
0.0103262801688048	0.00813499171354665	165
0.0394042337238218	0.0445918882389823	410
-0.0370517128250717	0.049434835049188	410
0.0361869428704147	0.0410969093886	410
-0.0443808975594852	0.0627794868150896	350
-0.110440992789542	0.181286518498628	350
-0.07672497059643	0.117667845805501	37
-0.0514603442366811	0.0694507626631093	37
0.0522467463203118	0.0664687526079204	37
-0.0700961436710046	0.0460896022532105	18
-0.108587583394626	0.292386127990352	15
0.0574082259766729	0.143239213324439	260
-0.101414948929808	0.274881050520533	260
-0.0796540058705092	0.220733281268445	260
0.0301987844703893	0.0395197837817599	260
0.0598033299636881	0.098760527438897	102
-0.057800888496913	0.0991166996746455	62
0.0868577852991373	0.14571902356435	102
-0.115079976822365	0.177523903486753	102
0.0421271778014563	0.0446085883960238	102
-0.0472803604970362	0.0694517711864891	32
-0.0652258834331549	0.0801073908925739	62
0.0456510821100954	0.0527447137910143	179
0.0468278937136223	0.0360593595993498	32
0.0670615088349361	0.0491275244639305	179
0.0839387846483476	0.0749268687000116	32
-0.0872722032031663	0.147252859976017	32
-0.0371473761417094	0.0459926444811708	32
-0.0102713494824424	0.0130615799824802	32
-0.0749751904698818	0.111828587929938	32
0.00612001868853331	0.00772926082335976	32
0.115580525904447	0.174195656866158	32
0.0651277866985083	0.0825595197098038	32
-0.121466861121545	0.159014869303485	32
-0.00405707492299243	0.00452224054306628	165
-0.0942720432453626	0.108848812238003	165
-0.122669491350691	0.169055416961622	165
0.057666055723663	0.0412518513396881	165
0.0645317300993185	0.053123040268009	165
-0.000679817694176458	0.000762357288788386	165
-0.0434495539345812	0.0489016768708153	410
-0.0344461314798203	0.0520161173729126	165
0.0348218198517486	0.0465497482355556	10
0.0124601704865667	0.0174907212353184	37
-0.0375561543265758	0.0517284584679585	37
0.0458691634892318	0.062009942508889	37
0.0637035620574141	0.0795482243722795	37
-0.060729012860987	0.0834780644987017	37
-0.0820868486134663	0.111831987765631	37
0.0372047796601717	0.201408472417573	15
-0.0839335987995524	0.362401764383588	15
0.0253621804863154	0.0629395546601749	260
-0.106035165694991	0.25877834253329	62
-0.0678772507354715	0.117270813195519	62
0.0347465033685552	0.0503902811993739	102
0.112259098725999	0.167961982472518	102
0.0512846191767238	0.0747478969378836	102
0.0854651899767146	0.137522718970872	102
0.0321868095534839	0.0529274150656415	102
0.00129347743168635	0.00196722566720214	102
-0.0204135349504404	0.0231399417278987	102
-0.043734796026315	0.060007820532492	62
0.109903960180891	0.183418771656619	32
-0.0519455007007217	0.0540481209294142	32
0.00341404363744414	0.0038450608620275	32
-0.0141407941559287	0.0173469387020385	32
-0.0742034406691522	0.0813016172883086	165
0.0400510050064305	0.0417378672059416	165
0.0140841951265013	0.0146645748181443	165
0.059433316231813	0.0765199085631456	165
-0.0239758688160256	0.0210567381722023	165
0.0304095240902727	0.0452988529283997	165
0.0208426794398282	0.0286540067614658	165
-0.0403556309986719	0.0472624764995627	165
0.0585354750543067	0.0811722464164194	165
0.100955410777504	0.135961120177546	165
0.105725049763607	0.130620823217587	410
0.0292987792833967	0.0391617642330015	165
0.0837789220697056	0.129762130092717	165
0.115107127108062	0.158099638917395	165
-0.123396392960472	0.145488218820415	165
0.00902326921929173	0.0106762890421758	10
0.099542500552616	0.146921045087793	10
0.0482072057706273	0.0653196510667383	10
0.035989409338931	0.0471721604389527	10
-0.0737028361555447	0.107584776724501	37
0.104149989933339	0.156684194744936	10
-0.0355053851772455	0.0520456436291757	37
0.0645181246939384	0.0880342020183147	37
0.116083242295134	0.159370134679637	37
0.068552692555325	0.314389648293504	15
0.0437557840058563	0.150602117283469	260
-0.0883924795411884	0.315645990315316	260
0.0162657534482507	0.0281337823099847	260
-0.0521640426425808	0.0995878535663825	62
0.00704578113428782	0.0127865919884823	62
-0.0439811293759955	0.0832377601131839	62
-0.00718355769209747	0.0126467814687288	62
0.0445665308494916	0.074907691676439	62
-0.105514015790877	0.155028164082517	62
-0.10791290630503	0.173373218922995	62
-0.0640355728918832	0.103312528811052	62
-0.0769400744287595	0.115834733519525	62
0.0913679206012846	0.133982542351002	62
-0.0620855243510153	0.0986534195028644	62
0.0995655041403352	0.145879726736259	62
0.117854749258487	0.192715742497113	62
-0.0103924990087627	0.0145861349173225	62
0.100190343644107	0.152483224048936	62
-0.0975210247928121	0.142259515719762	62
-0.106728133506413	0.105340308875773	62
-0.0151937680155766	0.0198475861414417	32
-0.0134377256345955	0.0147826541990788	32
0.123593095779551	0.142937454943338	32
0.0903206350997129	0.128096046980706	32
0.0711142772408365	0.0734577687268874	32
-0.0523295852960273	0.0608720973957317	32
-0.0320341620420005	0.0263613474196915	165
0.0547440444572945	0.0518680181034993	165
0.0782279616084595	0.0704537509657636	165
0.0648953809749169	0.0598261359264342	165
0.0311059961329684	0.0335188346636799	165
0.108349465961545	0.128438584143469	88
0.0515605141920216	0.0533198507711487	165
0.0956171492461155	0.125545363610188	165
0.0290499398985158	0.0399023524629866	165
-0.00447084075339844	0.00563406660291385	165
-0.0622650973995127	0.0896880583332342	165
-0.0706597508074095	0.0901714222902454	165
0.0388421223047777	0.0512680146102867	165
-0.0875033992197772	0.106394214545783	165
-0.120214402827681	0.147742156231039	37
-0.0337423819158452	0.0426775898717282	37
-0.0325168548120922	0.0452874339203219	37
0.0710011745644005	0.110243280899078	37
-0.0212821456585885	0.0267075021987713	37
0.0501838688488496	0.0554836955118726	18
0.0426482499301307	0.261353654214811	15
-0.0494631899037253	0.156400467590085	260
-0.0837941836130162	0.304603556633572	260
-0.0439787239422338	0.128168148641844	260
-0.0290408535509568	0.0721350202480889	260
-0.00129681777746202	0.00213499816017904	62
-0.0923875781494544	0.133326941196357	62
-0.0690545843118223	0.10811369373859	62
-0.105525475195264	0.109630228605374	62
-0.0896655927713541	0.0806031249318993	62
-0.1056904189576	0.118720005305743	62
-0.0888412963807583	0.162558421711818	62
-0.0720607523728972	0.125023090453123	62
-0.0263571819309447	0.03266354240023	62
0.0554161354448994	0.0771728041419527	62
-0.084787747717374	0.126402189474021	62
0.0258616233053787	0.0276599876329664	32
0.0695952074117939	0.0703028561623047	32
-0.101752336197555	0.155463197240514	32
-0.0252043824940925	0.0360394274529604	32
-0.0711870352666128	0.0880315675303229	32
-0.0328003833218899	0.0455518060760761	32
-0.0103415683486401	0.0141382656092607	32
-0.0118672621176325	0.016376608041145	32
-0.0660945740630091	0.110319201385126	32
-0.105989558773348	0.170875143867294	32
-0.122414837140292	0.103077984347104	32
0.057353729116887	0.036529169797435	165
0.0359134942197073	0.0234776040491363	165
0.0743602874825561	0.0613470348088534	165
0.0583173239062684	0.0458292520264134	88
0.0444359672109763	0.062030591061904	165
-0.121523142166672	0.137124289024043	165
-0.104705226190929	0.108164057261226	165
-0.0578021487813337	0.0704522535950509	37
-0.0318739308940909	0.0431966960334793	37
-0.0720780127829431	0.0739312143427868	37
0.0164617072901396	0.0130998262395145	18
-0.124742906986535	0.18442124554833	37
0.0227678538766013	0.0225318808910386	18
-0.0544783241102361	0.0810014869308403	18
-0.10620166519856	0.0967309205789935	18
-0.102912820320244	0.335963688514708	260
-0.0962430327674841	0.138799395064042	260
-0.0609957400475711	0.0862013938323929	260
0.052741904114069	0.0811070699960609	260
0.0638715364223145	0.0807002436470504	260
-0.0632158448015964	0.111083135933961	260
0.0103394407824767	0.00854726265954621	62
-0.106639026293056	0.150190943340675	62
-0.0560467321285423	0.0735803734206828	62
0.0100272174210221	0.0099903269114159	62
-0.0119995409687125	0.0145472334554873	62
-0.0257461994790775	0.0301148693151211	62
0.0885390369652763	0.0822367795713051	32
-0.0667852164805868	0.0735988973442267	62
0.054811014915373	0.0518863616932244	32
0.0184019482139807	0.0224828937901403	32
0.0630346542284335	0.0688186968116755	32
-0.0870362300557517	0.112932068087853	32
0.0344785965576052	0.0425047754701356	32
0.0790388849327358	0.110182685219004	32
0.0976939737513932	0.164902826242301	32
-0.0673433586784705	0.0776913119035885	32
-0.0961715444877049	0.0743087437450482	32
-0.104904340965282	0.0581850028151695	165
-0.112445455306097	0.0654771644667679	165
-0.123153157433452	0.121404628153072	88
-0.0190569436601158	0.022078790745232	165
0.102625240055862	0.135049934106494	165
-0.0996335554358641	0.0889290587797979	165
0.0510293056373354	0.0372808251939914	165
0.0354203290680639	0.0303243722671746	165
-0.107785533526443	0.141634550893909	165
-0.0616228605131719	0.0511907981346678	165
-0.0104054553362541	0.00791628923967601	16
0.0831491116868414	0.0762114221637204	18
0.0564674029213103	0.0423129463659653	18
0.0268771615953257	0.0266468979475215	18
-0.0127213684885119	0.00942985245149122	18
-0.0897054210219757	0.0842910158643466	18
-0.000632908586876385	0.0028460458614244	260
0.0216084383626943	0.100324454521135	260
0.0355217838739561	0.161255154210736	260
0.0105300712227096	0.0231880378994789	260
-0.121449546327824	0.319167114290825	260
0.0916730226127611	0.146020761420577	260
-0.0614216482256291	0.0419095121261317	62
0.0908227281594138	0.0816436993998339	62
-0.091168366114384	0.140940856809592	62
-0.0809152562627539	0.100769417812951	62
0.0571426246053028	0.0628971767433412	62
-0.0964700322934504	0.133495803836418	62
0.0642216783015808	0.0731779143813813	62
0.052090663711855	0.0379358374759845	32
-0.0174528259148958	0.0150287368696875	32
-0.0895843437791215	0.126584228097517	32
0.0959632794482336	0.119632548003387	32
0.0480462874538661	0.0651624896546936	32
0.0746875967361295	0.121632389905324	32
-0.0937052431240585	0.0559312546102229	32
0.030524822439698	0.0174657720965627	165
0.0940696628273919	0.143787552920095	88
0.0733003969446442	0.103315382025039	165
0.0253971915785503	0.012065645496614	165
-0.105285078588847	0.0948183175472744	165
0.0660378477621079	0.0682301716870146	134
-0.0181225437421616	0.0192924572707035	165
-0.0735023032891565	0.0483579551387092	165
0.0420710417965489	0.0266446008619974	165
0.00900104630285967	0.00806725875167733	18
-0.00133821031872515	0.00147942447196804	18
0.074299068379343	0.0629479723086738	18
0.0123113346823439	0.0552081979728872	260
0.12437870385143	0.337334200556141	260
0.0736715485393745	0.0816103254884055	260
0.0213226898474535	0.0283149109115328	260
-0.0754661784944432	0.0494789052212941	62
0.0478513709583741	0.0297464626010471	62
-0.0279408830913373	0.0365783104327018	62
-0.00123718478638837	0.00133864904096083	62
0.0137048500328167	0.0157916455122039	62
-0.0187129709796355	0.0197528816972053	62
0.0336644130292451	0.0280370950254584	32
-0.0394760898377873	0.0401022924958057	32
0.0149287882909823	0.0134174282988174	32
0.0723116304971684	0.0949878191874249	32
-0.0182719257437002	0.0137596939466123	32
0.108962424765179	0.126309407362998	32
0.0190755358922576	0.0198834065778706	411
0.0288920829295837	0.0149417286843393	165
-0.0801815825558474	0.0506947746172107	88
0.0206371252864942	0.00973409308967964	88
0.0372887961694918	0.0209717237506186	88
-0.0970182031307926	0.104464495174423	88
0.0864548921479578	0.110868795625472	165
-0.00340682172439918	0.00384515194145664	165
-0.051549465041398	0.0552804480832982	165
-0.0382075895451597	0.0460319631589655	165
-0.110089550161371	0.153963589095237	165
-0.0180464639586661	0.0191082793466375	165
-0.0589984674839877	0.0607954571362074	165
0.122188965927623	0.132727997991553	165
-0.063779542208328	0.0601049297956171	165
0.056127353355603	0.0419922620200926	165
-0.0618387445830523	0.0381810488034012	18
-0.028238312857386	0.0335797584420798	18
0.0305844476943173	0.0269743504507262	18
0.10362991062929	0.725987079461185	260
-0.0947431768262108	0.579485860403537	260
0.0740324675179763	0.179569018704428	260
0.0610247815352444	0.131712837481554	260
-0.0423196324163642	0.0781999002201534	260
0.0878044790111215	0.127569667885492	260
-0.100286490538421	0.142836501528752	62
-0.0534807249887953	0.0624050595064559	62
0.0415915654346753	0.0377433074964838	62
-0.00363137848684414	0.00350895691952064	62
-0.0110373309093371	0.0104819863554255	32
0.0371443305377862	0.0217693218086339	32
-0.05595040093522	0.0596629444433446	32
0.108493435223534	0.111937182604384	32
-0.0356140737551868	0.033458209662018	32
0.0360097157564831	0.0317861525716735	32
0.0332546632089444	0.0395915701961081	32
0.0225483397528957	0.0186167653107618	32
0.0254534408338463	0.0214940576058235	32
0.0233326524758781	0.0200700005954059	32
-0.0637183440008764	0.041077792766491	165
0.032184990402284	0.0199575492802476	96
0.0549206791147209	0.0396658907400742	88
-0.0603270551976719	0.0759168533813487	165
0.00237999729801329	0.00244686850524718	165
0.0821759714687759	0.0982396284028416	165
0.0545932499045469	0.0555336266968159	134
0.0345793636732265	0.0232842136006133	165
-0.0630099968175285	0.0585830013966019	18
0.036559523225851	0.0264735027385466	18
0.0460358745713863	0.0331876650064062	18
0.0185198022243522	0.0903895831521076	260
-0.118443779644207	0.844211444997666	260
-0.013400431146522	0.021222487495622	260
-0.0337988865467491	0.0586134339045359	260
0.0505437427268735	0.0461862685941218	397
-0.0537775002879437	0.0655334468316133	62
-0.0349542683899733	0.040377013209342	62
-0.000812268652274635	0.000920579719067655	62
-0.0871089581469322	0.09844609155433	62
-0.0532164887189785	0.0538202094884064	32
-0.0552448924967611	0.0505403461852842	32
0.0628915124113134	0.0484673980973714	32
-0.0567497739535339	0.0566527885534721	32
0.120785485788065	0.137442000837431	32
0.097268686289044	0.09663736339111	32
-0.0167354702966853	0.0147691106203267	32
0.0575803820127748	0.0556443644716874	32
-0.0861842924436381	0.107321276813768	32
-0.00341918910464432	0.00300602860527378	32
0.103585785366233	0.123785891076366	32
-0.0591598108413952	0.0611456250118708	32
-0.116250116063701	0.0881148516462604	165
0.0705164619021399	0.0605872894141655	88
-0.0523971817403507	0.0496016360093869	165
-0.0209078083027933	0.0209688573309181	165
0.0494634345662754	0.0460729758071718	165
-0.0256901318846578	0.0268890953325568	165
-0.00381319819245504	0.00366457040993586	16
-0.00854972540688184	0.00762067944501005	165
-0.0646305536336951	0.0533207744724086	165
-0.0186092561934162	0.0161279653188092	18
-0.0285841511035846	0.0213394724309099	18
-0.0463416020271597	0.0476631928093326	18
0.0450181619955311	0.248470087483395	260
-0.00580645859859934	0.0217381979647214	62
-0.0222121074881482	0.0404782028318123	260
-0.114879546162668	0.156421125683863	62
-0.0731017850590422	0.0846794679657879	32
0.0998729236594321	0.105866214004767	32
0.0219561885042797	0.0238155102363147	32
-0.100041246591167	0.114549006709447	32
0.10092872607624	0.124375587985185	32
0.0454195875829033	0.0556952221726028	32
-0.0157188682599757	0.015859971547222	32
0.111489376014222	0.147172348529138	32
0.113703692626042	0.13137033460089	32
-0.0812864632965881	0.0856840654942827	32
-0.0278259957063255	0.0200041639789757	32
0.0778909664722642	0.0670109737341197	88
0.0574730571178737	0.0617924212932734	9
-0.0732473269378956	0.0791225905323082	165
0.0334948126663982	0.0387934818013116	165
-0.0767391541686829	0.0891046708711171	165
0.0785274566832589	0.0674772412805688	16
0.0980087409459131	0.114227367600045	16
0.0435555191756992	0.257176300264037	62
0.0751483740712766	0.420487180410214	62
-0.0723178315605813	0.186332915117866	62
-0.0137873678989251	0.0204283857693623	62
0.0141653523998791	0.0186209760871176	62
-0.124541255612015	0.180955544949936	62
-0.00620457806025999	0.0077775014967538	62
-0.0829179812656931	0.137608683457343	62
0.0191529053882822	0.0237650751788659	62
0.0570284358291989	0.0597866341326421	32
0.105811905365495	0.131147786543354	32
-0.0478626220932037	0.0654563503932103	32
-0.108030396979126	0.160751389265315	32
-0.00391559180856866	0.0041737222292788	32
0.0314080895333372	0.0301584202629943	73
0.0757448979895154	0.111019582756195	32
0.0665012967628858	0.0766619999001725	32
-0.0636737146002591	0.0691549889941503	32
-0.0507731127177928	0.0542110887470259	32
0.0573284115499576	0.0572821970331038	32
-0.0386613959724606	0.0328001624633017	32
0.114176527563577	0.127668881424343	32
0.0463936732508644	0.0406221712716139	32
-0.0543167882954926	0.0555246349018222	22
0.0874942166263067	0.11095340588615	88
0.0137245021577324	0.0179451050535448	9
-0.029766735284798	0.0325165437264846	16
-0.0634084490740965	0.0744924512077573	312
0.00110375264048924	0.00071052885871026	16
-0.0768565741184406	0.0968003592365286	18
-0.00335629109046469	0.00415141510732333	18
-0.0690374725375243	0.0858289587167478	18
0.0409665911949025	0.0336024646867367	18
0.0704354526900843	0.0601428716200697	18
0.0119180399963299	0.0275626871160328	62
0.103352687733044	0.244623128848519	62
-0.0222755560107061	0.0409842439824866	62
0.116252255966224	0.243203771545907	62
-0.111006513713831	0.198554156320224	62
-0.112011804397023	0.129318064830671	62
-0.0618851679255405	0.100588109429786	32
0.02876964166173	0.0347813975288979	32
-0.0169709289493087	0.0212284962557243	32
0.0427578213226621	0.0526172101971958	32
0.0405525143337226	0.0509572910504615	32
-0.0358452685582244	0.047368795140375	32
-0.0479086108103422	0.0615602231653817	32
0.0685078814267722	0.054442314006746	32
0.00588611864146118	0.00473985831279404	32
0.0722954803985211	0.055541419841004	32
0.0546370651627445	0.0533898324687839	32
0.0582484043682431	0.0434121016544515	32
0.0419778243698999	0.0293328302383045	32
0.0792025861108413	0.0987591400488108	9
0.0842977172517451	0.100482906692664	9
0.1178506915382	0.134856869153475	9
0.0964338681839541	0.138622913197215	9
0.114957785224978	0.174449636363094	9
0.0697651121170035	0.0768369251951544	22
0.099480772857125	0.137877761443903	16
0.0701882349177564	0.0731936406530782	16
-0.0430486202167998	0.0508976189035878	312
0.116716310575272	0.123489560727508	16
0.00514391292204882	0.00470263895098315	16
0.0711191011638861	0.0592755804244784	16
-0.124712950220895	0.118206838038662	18
-0.0679560544970804	0.0917988360245446	18
0.0637041261587268	0.416725233022211	62
-0.0354023179497231	0.182563354349901	62
-0.114509401183926	0.266097470754732	62
-0.0983486782845137	0.194886087213416	62
0.0467964922016371	0.0642249589360129	32
-0.0615747998959738	0.0791814135146576	62
-0.0322111583427148	0.0483918550102391	32
-0.0313339723486405	0.0372145376379755	32
0.035292361166611	0.050439690035906	32
0.0380233448981371	0.0499244235908952	32
-0.0710890297517578	0.101943554165601	32
0.0644704680703286	0.0918330830050222	32
-0.0241719829300298	0.0320675389425553	32
-0.0714619523729346	0.0846160179880978	32
0.0684877025813649	0.0699655996457754	32
0.0531066000614426	0.0585277280898564	73
-0.0872537566783793	0.14510359569305	32
0.114957902249483	0.148441190804734	32
0.0374928088578052	0.0430384049403671	32
0.0601697245395644	0.0606510230592316	32
0.0542668239502331	0.0571224303120368	32
0.122795489553294	0.12668223007197	32
-0.0435634854180571	0.043659070575302	32
-0.102868106026336	0.0902741363703727	32
0.109378093184493	0.114526381007457	32
0.0601013804180295	0.0479765409937657	32
0.051771079709329	0.0480740364793864	32
-0.0281525779859409	0.0268307935280301	22
0.0224641213139253	0.0189583593014328	22
0.109526072238357	0.111387404110217	9
-0.00717835717809014	0.00904676589675583	9
-0.10652294132182	0.149282113975361	9
0.11535576314451	0.14969302867168	9
0.0738234251049789	0.104746507201351	9
0.079808838963053	0.101684237744011	9
0.0695510910518531	0.0969167884586791	9
-0.0651736166807509	0.0885867257028291	22
0.0335416573655537	0.0428571808596439	16
0.0493909428745446	0.0570230084218642	312
0.0770070234636439	0.0837006180475201	16
0.0581854809729258	0.0760142180442507	18
0.0814862164628656	0.103818769983878	18
-0.0663934857801367	0.081501824146288	18
0.0293973958875269	0.165330481329219	62
-0.0977717487477698	0.271745793989699	62
-0.0987027266831994	0.228262276925793	62
0.107938153703129	0.133244160513169	32
0.0756684810311879	0.0809054596101459	32
0.0328240644162704	0.0397523386679131	32
-0.0189979167442769	0.0285688856001038	32
0.00850948741875397	0.0119636171179055	32
-0.10029785208168	0.168819519203316	32
-0.0684393760562435	0.102607028715371	32
0.00852810034384955	0.0105665058835123	32
0.0237215245718531	0.0245060167251882	32
0.00429753803352709	0.00619856440046287	32
-0.0549217817349436	0.0789295897365901	32
-0.0156582875787042	0.020759651628795	32
0.0679007823986702	0.0961658717927578	32
-0.0718185712970088	0.123747426203065	32
-0.0667959161788747	0.0933067156725495	32
-0.0800582122938489	0.120749864503212	32
0.068238942293623	0.086639195006003	32
-0.0445533020866957	0.0555008616307494	32
-0.0328581455762435	0.0225453153352249	32
-0.0908820980479253	0.0723076008639654	32
0.00734034096058029	0.0072866027793254	22
0.0401041724422107	0.0430293689281008	22
0.061156642392012	0.0583605165026842	22
-0.0365664740375598	0.0501613401423792	22
-0.0651626323506835	0.0891498191004165	22
0.00731856388008624	0.00879962102254081	9
-0.0822493552177883	0.12223486632614	9
0.124193102995153	0.153167062160193	22
0.0540547850081125	0.0754519138215726	16
0.0443038623711951	0.0518475048059856	16
0.111013913665615	0.107039354097837	16
-0.112201324192219	0.0880092835366141	16
0.102968463492704	0.124433576699201	18
-0.0518656616244647	0.0654294494734204	18
0.0642780441196623	0.081051902931041	18
-0.0277401741768758	0.0241453986384751	18
0.106447765145005	0.78398730002985	62
0.0418879081539362	0.188949336374317	62
0.0948517644543626	0.375507087538796	62
-0.0396049440003956	0.0287021716059918	32
0.0933760120810772	0.171384191605711	32
0.106083330420073	0.186518023832585	32
0.123568037190082	0.14010770700746	32
0.113486023618269	0.149529652910092	32
-0.016500728883919	0.0259553148499868	32
-0.0612537706990485	0.100509160898392	32
0.0161853204336501	0.0146986779974777	32
0.0511525848527991	0.0381070861026384	32
-0.106557830649048	0.0831555167693154	32
-0.0276384843045655	0.041656637805058	32
0.0185082840942104	0.0219883764555921	32
0.0930172490163467	0.112779915584453	32
0.0789965448976807	0.0783723061892952	32
-0.0212205123542429	0.0235165636086721	32
0.0749942582151275	0.116141534777389	73
0.0513040733262963	0.0790789747433217	73
-0.00158085531144673	0.00218591858591642	22
-0.00902587491567132	0.0142209718215575	22
0.0780416608698617	0.0664973361492551	32
0.0154506882815435	0.00710949022271569	32
0.0238785314407411	0.0109268369229341	22
0.106296311411311	0.16161243996044	22
-0.0584699859234077	0.0831897554581456	22
0.114420964995888	0.176837653672356	22
0.0660056178385369	0.0813879662709329	9
-0.0954210156078956	0.129680979532277	165
-0.0875930864414959	0.0542064683339348	18
0.0468205212589419	0.054935274616713	18
0.0955947920344792	0.0878426247306043	18
-0.117532923812073	0.101937436457389	32
0.0581044831216788	0.0421556665565498	32
-0.0219471642300107	0.0213162793291499	32
-0.00261037246782755	0.00417751412450358	32
0.114724975968195	0.234055126149936	32
0.0910859546496923	0.144841450290183	462
-0.00729660687450148	0.00996531329564696	462
-0.0541887894005038	0.0591314586356072	32
-0.0876101744359081	0.0681213384398475	32
0.105044301598127	0.155695350661729	32
-0.087736807852295	0.157052714706804	32
-0.05244533855219	0.0594848670310832	32
0.124811725000337	0.199863449492507	73
0.0909006748837022	0.132085577904831	73
0.0227869523225102	0.0312638465216726	73
-0.0209705936392955	0.0339269313784289	22
-0.0984990593919939	0.180303393741361	22
0.0301999582164059	0.016189571656408	32
-0.110435525598953	0.0635105428013791	32
0.0166942329908975	0.00762146011461037	22
-0.00898744945594354	0.00288182366636155	22
0.0377190294317198	0.0201775890389794	22
0.0365259180422024	0.0211848025795671	22
-0.00775496617394025	0.010391120674666	22
0.0505038083657218	0.0725236507146314	22
-0.0403210300949191	0.05985185593315	9
0.0508203673596558	0.0354333073159178	9
0.00780428993716459	0.00700428222145172	9
0.0176091676728762	0.0207949640086248	22
0.0197068238304254	0.0209510065708474	22
-0.0316130271170573	0.0273912440809	22
0.0762290296354731	0.074689816817996	16
0.0235827375317118	0.0228905936784217	18
0.00100892782886278	0.00137047479158795	18
0.0613750498164643	0.385217666813823	62
0.0643349198575345	0.182511859646833	62
0.0111435342543788	0.0301393937885559	62
0.119203705852678	0.266312593599537	32
-0.122770036081828	0.21204170860598	462
0.0788655333494803	0.110040028095418	462
-0.0862662161008338	0.160530785190521	462
-0.0662902749254917	0.0926322666923907	32
-0.0763525722806892	0.119982400695145	32
0.0301375364486535	0.0251028862443073	32
-0.0144877237368757	0.0215637747370406	73
-0.0322019037307041	0.04578382636788	73
0.0770730285442919	0.152837944770421	22
-0.0660631237435101	0.0947843417864328	32
0.00616635537497224	0.00213982986419534	251
0.0475332566345743	0.0299698725496943	32
0.0119904520466442	0.00478021412257505	22
0.0387106397918854	0.0250004831201026	22
-0.112676106089684	0.196665330566684	22
0.0552670276331845	0.0866653870513627	9
0.0856987142110745	0.147455114800493	9
0.00325727670663127	0.00264735638363445	9
0.0531664282769311	0.0635015229742767	22
-0.0600148539230819	0.0485120243280285	22
0.12458332933173	0.146718144256601	16
-0.0679317854067637	0.041798579120942	16
0.0183366081443984	0.00810512112804122	16
-0.0166776611422611	0.0120848746995624	18
-0.0378525962027658	0.111471662320833	216
-0.0597811248834095	0.0591498487094415	216
0.120817502339483	0.130919364799508	32
-0.0158442117440118	0.0249118480908948	32
-0.107765628253782	0.255289892045521	462
-0.0573346251636293	0.118024387476325	462
-0.0448968454875328	0.0804995094874737	462
-0.0141485468005012	0.0224373030652282	462
-0.021711518850338	0.0434012355755615	462
0.0895616185689759	0.12344919008618	32
-0.0101388543969544	0.0155248606639546	32
0.095934810176579	0.166543666621991	32
-0.0718903510244467	0.124590280187766	32
-0.0355385033275457	0.0479430075465692	32
-0.0635333076264372	0.069251552061427	73
0.070746875040267	0.110710122086441	73
-0.0560066194268709	0.0915431754847882	22
-0.0689170270005256	0.0991768876030243	22
0.0368395138378537	0.021072520034941	182
0.0389417914535327	0.0214384125893128	22
-0.0691969671109451	0.0978425991980354	22
-0.0983179366851821	0.0900384034723803	22
-0.101597560102935	0.152471743493428	22
-0.0563389983593324	0.0937495062522036	22
-0.0454607321887806	0.0636855515702733	22
0.101861509320699	0.190889737303964	9
-0.00527611717138135	0.0053886741350486	9
0.0943975537610258	0.13953811148131	9
-0.12294363398357	0.178853542495521	22
-0.0826066570507874	0.116392113764748	22
-0.00369956826963241	0.00470787928574668	16
0.0992082766253446	0.135054442073072	16
0.0641407701205024	0.0633295719722065	16
0.0568055618079013	0.0553326422632484	18
0.123878168392744	0.168964968076428	18
0.0763929465616192	0.0683831256483217	18
-0.0128985033174216	0.0632319277674609	62
-0.110618655466159	0.599818192277626	62
0.0510395638611223	0.101893707518692	32
0.077340875719639	0.12726366256024	462
-0.0960003809334813	0.161109480068465	462
-0.0276883285935824	0.0575363040141846	462
0.115538095500005	0.234448377974155	108
0.106542960169517	0.222477891172867	32
-0.0334959057308124	0.0499417514512446	32
0.00244401592449645	0.00359896286742056	32
-0.022789783801605	0.0379512632906943	32
0.0434150818466151	0.0708374483286177	32
0.0649749062270608	0.0967646426413044	32
-0.0272146521661962	0.0427762437938185	32
-0.0170498399165584	0.0298401511231933	32
0.0304480965030141	0.0334424279674717	73
0.0816811391951855	0.145326230473977	22
-0.0845094943000589	0.114355604117143	22
0.0081745807628875	0.0073102163780442	238
-0.1040994344343	0.103628096481989	159
0.0525066636386752	0.0502910948274943	22
-0.0427349313059433	0.0397479899561131	22
0.0439492517755736	0.0408867302781623	22
-0.123637981947665	0.109570421315446	22
-0.00941067488541719	0.00930477457049535	22
-0.0353340680465421	0.0366105670929274	22
0.10691601785837	0.104257880621886	22
0.00647546172673017	0.00694007668022136	22
-0.10894140691233	0.183359710011013	22
0.0842442859402417	0.11905864676326	9
0.113754664981641	0.190081756532634	16
-0.0118445322815929	0.0135759619114529	16
-0.111963972116768	0.166830172462655	22
-0.0677321835677787	0.0995287822855573	22
-0.062796429710276	0.0796336072712293	22
0.0562769357999356	0.0662371019385141	16
-0.0449705137648975	0.044948326896482	16
0.00942507964102339	0.0101448234326282	16
0.0438705027089766	0.0513487873665933	16
0.0962157110666226	0.112457945176347	16
0.0529440585436876	0.0694197874859347	18
-0.00188785928743419	0.00249284031383889	18
-0.0842285015678646	0.118570204971893	18
0.0594438440530171	0.0871219225680672	18
0.0995055316840949	0.144088080249329	18
-0.0848430583887553	0.0824773337004297	18
0.106992016798492	0.125133846112304	18
-0.0067781041144596	0.032546560489686	62
0.0436206265216764	0.0821328778233984	32
-0.122310957175989	0.274237842080812	32
-0.0870915202970985	0.158604230722581	462
-0.0561161728114953	0.092031302115225	462
0.0630557321681714	0.121108809345171	108
0.0893313629977447	0.141572803302904	108
-0.0573485068969845	0.0870764802472159	32
0.0475785923116649	0.0724065274226136	32
-0.103068348285196	0.191174108601308	32
-0.094369806314449	0.15828065579039	32
0.12024288480942	0.1195634890295	32
-0.00385958652338539	0.00584992080342895	32
0.0591338729156034	0.0833521176472688	73
0.0336436948179763	0.0349551925979316	73
0.0776470715300114	0.127010519751675	22
0.088462000917658	0.129263810714638	22
0.0709490244857102	0.102286519913438	22
-0.0784223656403223	0.0846137302086808	22
0.0728707382593474	0.0779926373502804	238
0.0398013343908818	0.0402450346794905	159
-0.0454442782673304	0.0426089310211129	22
-0.115122918391244	0.129764183155185	22
-0.046010539537961	0.0374830636526362	22
-0.000799968952832993	0.000737966568583642	22
-0.0402167383752563	0.0418849735484276	22
-0.100466859949398	0.107144960446231	22
-0.0635590273368684	0.102719718530348	22
0.0305768477595951	0.0385898391570747	22
-0.0102211445848443	0.0137031127706992	22
-0.00308285117119602	0.00375017097419627	22
-0.0208302509307965	0.0291832563210567	22
0.0425711419977306	0.0607338768321666	16
0.112797853949203	0.124155022187869	16
-0.00633636231396114	0.00669710809571506	16
-0.0700243910566793	0.0938229087849747	18
0.0742596465905601	0.0978089517808677	18
0.0227801301496182	0.0314275811056644	18
0.114855800322648	0.136839400338655	18
0.0476882653814494	0.0541705491412006	18
-0.0761557424029899	0.0612756146064771	18
0.0334574544476601	0.19109853974986	32
0.0638248099877251	0.367885184706362	32
0.00247076168879003	0.00413474314337335	32
-0.0298492185757295	0.0556599153475798	32
-0.108602632674532	0.212017370892592	462
-0.122628558115839	0.281541031129537	32
0.0119001748360505	0.0200711419615829	108
-0.00448509543766549	0.00670018911444479	32
0.0329161808530768	0.0495010018014436	32
-0.0614128586613535	0.10529691196043	32
-0.0281682311057949	0.0389201914550583	32
0.0255019562892029	0.0420465397234529	32
-0.0528177317654464	0.0806404735139595	32
-0.102485453682244	0.154396868362674	32
0.122532919722126	0.177014095894353	73
-0.0093531275120315	0.0117287027413438	22
0.106942585757899	0.10564016979346	238
0.0862550631099356	0.0816177635759214	22
0.0239880090968166	0.0196117330648513	22
0.117984412850372	0.125274433340423	22
0.0970131361600607	0.0989607644286536	22
0.105838988756373	0.122764377700448	22
-0.0534268468576559	0.061461965395089	22
-0.0466022861884483	0.0561094852757368	22
0.00973241616697399	0.0104451841033779	22
-0.0989282700109016	0.149359255765384	22
-0.0945947476529432	0.122642286060118	22
0.0983183468417837	0.130870571545139	16
0.0439730686448441	0.0581610169819532	22
-0.0968267747075277	0.12565745156974	16
-0.0658566510119417	0.0768944350246084	18
0.0138988504356873	0.0177770781278171	18
0.0711189963192065	0.0937438387017409	18
-0.00654895700712379	0.00877824342196005	18
0.116529258089797	0.930816585758676	32
0.0753196988735996	0.405540474514124	32
0.116751659075999	0.427834604297149	32
0.0300450508322498	0.0534056650909876	32
-0.0683790339382698	0.133360752890529	32
0.0255508155776776	0.0493904757511457	32
-0.0213976872094349	0.0406456750901755	462
-0.12125786989581	0.272967022433689	462
0.0562903631897875	0.106683859905214	108
-0.0586214656115462	0.103894292037607	32
-0.00899081009887299	0.0148779654751448	32
-0.0570896783269998	0.100583895805615	32
0.0179326617018946	0.0284282003173606	32
0.0597065241113518	0.091042454321319	32
-0.0442886145517378	0.0688077716056443	32
0.0264275999591911	0.0436139877117223	32
0.0624514912395897	0.0928853555325225	32
0.0272498435035006	0.0357425211658244	32
-0.110571093117869	0.151790658438872	32
0.105730175966745	0.129257395075454	73
-0.118010173239246	0.154296908747498	22
-0.0389321217477251	0.0457959997040223	22
0.0574128269328346	0.0942461361966183	22
-0.0235328655605718	0.0200115327083859	159
-0.0775673365008627	0.0689849126649484	159
-0.0161234279022656	0.0143136519204133	22
-0.104343405881182	0.0802263743760386	22
-0.101950145378761	0.081355769636077	22
-0.0698791864332458	0.0641762773441734	22
-0.0176795050248712	0.015342895373791	22
0.0906602168434126	0.108988675092836	22
0.0689548087982672	0.0922921486494229	22
0.0090169101381481	0.0114240851689013	22
0.00213322302809117	0.00263907827232005	22
0.00746463077885514	0.0093672568967107	22
-0.0499512774166014	0.0675152623379629	22
0.0168530349167334	0.0217514324777649	22
-0.038367818866496	0.0467750750279949	22
0.0580651745376933	0.0641115044913939	18
-0.0728436089829342	0.0925002043207841	18
0.0171318524845158	0.0219551362786359	18
-0.0455661275521352	0.0642064160015701	18
-0.0796702374819994	0.0925433611816816	18
0.0165877203760669	0.0217112509358811	18
-0.0859590361486631	0.118135593282438	18
0.00923285543228104	0.0431525505860701	32
-0.0709170860867365	0.366189126782496	32
-0.104472774487996	0.318769094881218	32
-0.117304593898733	0.343339383461952	32
-0.0306659946980269	0.0740873421092095	462
-0.0114724299251834	0.0173782106448139	108
-0.0693110645637457	0.145704506939838	32
-0.0386622991162324	0.0743475235372071	32
0.0071346228594067	0.0127396689774721	32
-0.0147614913977361	0.0262763246947294	32
-0.0655377221042107	0.124198721781309	32
-0.0997276934895129	0.212839864968706	32
0.00301102458626992	0.00226004047353336	73
0.0553230734906666	0.0387867754772342	22
-0.104786507109427	0.195432959649464	22
0.102877833127257	0.130769798739384	22
-0.104272088895512	0.167938311389094	22
0.0311776506200484	0.0381293478759573	22
0.112972457338065	0.134708861509715	22
-0.0244367266299906	0.0223561451180234	22
-0.0856106324400326	0.110049445153519	22
0.119524690422177	0.159333662218521	22
-0.0268733218598784	0.0347972325288666	22
-0.0840183945858158	0.0692847554363195	22
0.0891393310874343	0.149497425037416	22
0.050391008187441	0.0877248560648139	22
-0.0784042481760111	0.110319225694023	22
0.0859698343590355	0.108884472672052	22
0.0772485863034087	0.0981451045213441	18
0.0565352218928654	0.0761184477502636	18
0.0671336736216179	0.0942788709622148	18
-0.0160850492571308	0.0222143731983282	18
0.0676839537285479	0.0707830285418548	18
0.0763037808782424	0.495642288634088	32
-0.108961431802887	0.282032613390015	462
-0.00882350767695859	0.0171524214883846	32
0.0780865480089829	0.153509255459575	108
-0.0879780061237233	0.157472740245423	32
-0.046315197013942	0.0855824600368852	32
0.115355375070465	0.225917799497065	108
-0.0300923250583607	0.0513597535997756	108
-0.0365159102977807	0.0549838329553493	32
0.0743325625924072	0.102090345249943	22
0.0167971929064805	0.0228778899305062	22
-0.0376853243816498	0.0647368831102801	22
-0.00741099367133471	0.0107886779488881	22
0.0742446081267827	0.0632503346796554	22
-0.0363702914752162	0.0255044711387175	22
0.0475420835813022	0.0327645837783257	22
-0.0529176863619832	0.0639731846043383	22
-0.0523594812408302	0.0784666135963898	22
0.0844286816380268	0.14050026373565	56
0.0112912759290673	0.0155917983069485	22
0.0300693860116206	0.0480485847279818	22
0.0748620833716998	0.123438521315872	22
0.0115529706957606	0.0150600432922314	22
-0.0630593922037904	0.0862028689214542	22
-0.00641515664153539	0.00866366791792678	22
0.0131272415774385	0.0179323330820023	22
-0.12382050635303	0.197209216989137	22
0.0324170485483233	0.0336089823781025	18
0.0129458979127818	0.0130774000213609	18
0.111591142198672	0.114815310155133	18
-0.0669723590695829	0.0946101531342724	18
-0.0524694128855128	0.0796119337080225	18
-0.0910183695580817	0.140007497235158	18
-0.0349135627641555	0.0506892972994185	18
0.068028850954394	0.389840071942772	32
-0.0574326488186634	0.277265866613858	32
0.0630995965983123	0.167781166039052	462
0.105833370492595	0.219309005264735	108
0.0978939379807231	0.181902279377073	108
0.0174362306832525	0.0304914771682963	108
0.113482013177459	0.214959926225164	108
-0.0439535254875152	0.0723253506575333	108
0.000776446106760768	0.00112794540280152	108
0.0425874541042788	0.0656646102459854	32
0.106583055025507	0.174655197670101	32
0.0642951652613918	0.0698269124683227	22
0.0145687346182087	0.0138056002398852	22
-0.118239101606225	0.188789504850297	22
0.12271862663909	0.169176995783795	22
-0.0164641299132086	0.0160021199101148	22
-0.0113987790813194	0.0148976196875157	22
-0.00312442956291249	0.00344148723556601	22
-0.074849930161818	0.0807808566144767	22
0.123338342853157	0.192399939252316	22
0.0260802262710006	0.0327183831103178	22
0.0805894116441117	0.107372573446524	22
0.0993240700087527	0.151485665581498	22
-0.11556468051977	0.148656109737937	22
-0.0394662753498489	0.0551590495990223	18
-0.0108589886849332	0.0149298816929714	18
0.00418272868434628	0.00581057859766485	18
0.0704985677953245	0.102682506240409	18
-0.0653179990337183	0.069493645491495	18
-0.0235963009246671	0.117031105819268	32
0.0192054601182473	0.0764160675743623	32
-0.0204409667968194	0.0382173505732266	108
0.12226092872688	0.356193873042245	108
-0.0221245894273895	0.0244596711526222	108
-0.0325044499325005	0.0489090133638409	108
-0.023930426698903	0.0392386177831908	108
-0.0987900458952199	0.1308399547268	108
-0.0676233101331587	0.0433089770782308	32
0.0133854037415239	0.0133494480343549	32
0.109054753902161	0.164282063262922	32
0.00615383401435165	0.00490279085329023	32
-0.108414102647899	0.146930549476644	22
-0.0148914141383201	0.0195419837548131	22
0.0405276156227942	0.0502184280354287	22
-0.0779546968666958	0.126063243232853	22
0.0702387695753868	0.109360750795096	22
-0.0889806069533053	0.136063225774433	22
0.0634946879729317	0.0872114776637766	238
-0.0197035127910536	0.0261973502663718	22
0.0730281721523716	0.0995848316505821	332
-0.00843835848213838	0.00938510160153296	332
-0.118724717715105	0.183461198680723	22
-0.0447784874719697	0.030389635510423	56
-0.0567608927618801	0.0703492427524922	22
-0.0640476291824012	0.0853866289675149	22
-0.00908759330284039	0.00922999092834041	22
0.109900466477986	0.178905670547517	18
0.034677614762947	0.048529475899946	18
-0.124488920971028	0.175196352664085	18
-0.120623049115789	0.180889252540229	18
-0.0278205452557467	0.0308437686250178	18
-0.0248382100032469	0.031931857645887	18
0.0675552937768236	0.0513307165590543	18
-0.0220533032540565	0.101652230102172	32
0.0637268788885831	0.313632651980613	32
0.0736073911314164	0.13129651355	108
-0.0124231729484419	0.0173504515567487	108
0.0519668449504154	0.0534298062507034	108
-0.0157427014735972	0.0118870335563794	32
-0.0877234861102832	0.105682427239077	22
-0.0336588497523395	0.0445495293171996	22
-0.0888544062001256	0.128133389106228	22
-0.105337783637943	0.157062710848973	22
-0.0449458851236712	0.0509983615231116	22
0.0509491452501783	0.0519366976590137	22
-0.0878692752728994	0.0809449495939209	332
0.11144792388213	0.129968133644004	22
0.106984124714966	0.14730686492688	56
0.055789436538988	0.044690475943897	56
-0.108431271515725	0.115309356944163	22
-0.0255208532073249	0.0189202510180705	22
-0.0638301000137056	0.0598086823258698	22
-0.117185638383731	0.154543410998491	22
-0.0937586085840944	0.130890705469985	18
-0.0840804026004003	0.102991943587472	18
-0.00555423206078428	0.00548686411666522	18
0.119320889581681	0.131232579579812	18
0.0226905946606868	0.111814947563607	32
-0.101869619118471	0.583129634345839	32
-0.0703897189513467	0.145315476851725	108
0.0780650827059609	0.13044665558378	108
0.0561102517773068	0.098325449343259	108
0.124437263460436	0.24631639697252	108
0.00863563516994535	0.0111356760069547	32
-0.0566056516151511	0.0715185499464908	22
0.0865023903176173	0.0981328679060693	22
0.0819920282166561	0.128377908592182	22
0.0153384877626826	0.0218811057791027	22
0.072278282569211	0.107390216009022	22
-0.0113976949940928	0.0155227996778275	22
-0.0745521319634468	0.10872388456059	22
0.0823781634651489	0.112952682446943	22
0.084781862610585	0.104180569103383	332
0.0682526842171213	0.0844556203685839	332
-0.0510557575692037	0.0645546221286263	332
0.0465335212625245	0.0596303389826688	22
-0.0322587141750124	0.0382594259703801	22
0.0815627035824686	0.115806810008176	56
0.00456061415570356	0.00491601923943121	56
0.051114439059901	0.0480905470950087	56
0.103847534603821	0.107215424176531	56
-0.020594877712233	0.025908549068506	22
0.0763010875365314	0.116590314017189	18
-0.0665954580139375	0.100691363271905	18
0.110703010332631	0.152955336465278	18
0.00107023618002517	0.00116959183340074	18
0.0426355973527692	0.0539558828842364	18
0.066120241196803	0.0779822821440551	18
0.0724129341679237	0.0904153275107855	18
-0.107740111307632	0.149333161327448	18
0.0108268239293492	0.0490287511916524	32
-0.0657228543666437	0.333827156367572	32
-0.101596352694411	0.253556088207784	108
0.0293559402638906	0.0670384257725681	108
0.0557315085238503	0.0968320264608437	108
0.0466050739773878	0.0353653866421965	32
0.0475227012567958	0.0334382431415444	22
0.037051490462309	0.0197833294331688	22
-0.0498441713916542	0.0683177539276705	22
-0.0710270525381037	0.0901044002038081	22
-0.0226785125099882	0.0298978990206212	22
-0.0917734462825611	0.129393697495301	22
0.0969870428816352	0.119437400937538	22
-0.00242379206102126	0.00194598702544205	332
0.112848388546163	0.138269829065557	22
-0.100226497581817	0.0797848951192933	22
-0.0400564061053102	0.0280818786605464	56
0.0591129628193869	0.0910843479633589	56
-0.0566824015581338	0.0629305075949725	22
-0.0362814058957369	0.0383391295851344	22
-0.0161887509631728	0.0202846350628761	18
-0.0781704974813677	0.0996207624070787	18
-0.0193385933237243	0.0265110324548449	18
-0.0868514494706826	0.115275424487996	18
-0.00234544088215354	0.00175693985970257	18
0.0514118479914801	0.286322857255143	32
0.123312442474266	0.254399104442673	108
0.00804528454565302	0.0108022814455402	22
-0.0985348687825701	0.16036124719041	22
0.102490818426689	0.162990084555911	32
0.0408320049877658	0.0247216223958976	22
0.0523292666541811	0.0391702018466337	22
-0.0218137394153222	0.0226639337632261	22
0.100369046281019	0.165845748931517	22
0.0761340288148244	0.112001010582134	22
0.0894956078940662	0.122532277574241	22
-0.0770084819977134	0.093694161781255	22
-0.0839561834419977	0.106072682226682	22
0.0855015856996774	0.106034703486728	22
0.0399703280440232	0.0489162923372936	22
0.0476269693539764	0.0505137092618663	22
-0.119607314670358	0.128435860894622	22
0.118118238979859	0.156117663779014	22
0.0931125444588962	0.125419730701524	22
0.0303496028200264	0.0360938869406718	22
0.0101576811983413	0.0114393060912457	22
-0.100389843901889	0.118789236165925	22
0.0867380969226662	0.113420623710049	22
0.0309817889544686	0.0183453905069364	56
-0.00347374295325447	0.0037823950044754	56
0.0680006396375092	0.0970084212762535	56
0.00753958523995939	0.0104590932921206	56
0.0882692234990661	0.0975196585140314	56
-0.0602563091961158	0.069561213613263	56
0.122452540006635	0.166132689230858	56
0.0419788756399672	0.047567983041072	22
-0.00793782959533899	0.00935364685969494	22
0.106957237541639	0.158496592701355	18
-0.0913726257272792	0.117995322879033	18
-0.0110262293385161	0.0142718838843562	18
-0.0245144213237506	0.0338594427923657	18
-0.00206216248386261	0.00213904443086767	18
0.0788189952930604	0.0662697296095763	18
0.124199540156762	0.963568952135537	32
0.0171330559615211	0.0361882028127404	108
0.012188315092401	0.0225768465047344	22
-0.109663577025873	0.195761850780124	22
0.111827169576742	0.191423527137429	22
-0.0972576101183405	0.164052799301391	22
-0.124322283637221	0.127090064573727	22
-0.044878169364865	0.0380954650620231	22
-0.0324573513929344	0.0319717080942413	22
-0.0406895606532033	0.0424456861646333	22
0.00479683002748754	0.0073202592307279	22
-0.108825807480421	0.158056333248312	22
-0.124196810219559	0.163738451550661	22
-0.0262758657457033	0.0312813984732062	22
-0.0887176342270395	0.103162025850706	22
-0.119770030949637	0.134828895220183	22
0.0821856266009329	0.0816788641493702	22
-0.121076646048425	0.126543357669621	22
0.111978984545827	0.115559464190055	56
-0.123807765457708	0.18671553983171	56
-0.0781677578735672	0.107085945585084	56
0.109629034437396	0.166421563445281	56
0.0622659765823077	0.0715589687925634	56
-0.0195173433108604	0.023504800766298	56
0.000660200839076264	0.000850869741516897	22
-0.0531779271181425	0.0646417215674723	18
0.0293101482391178	0.034608438116675	18
0.0512297066115839	0.0679609849389981	18
-0.122601994820856	0.194639066064124	18
-0.0774247119778596	0.118122865026927	18
-0.000726154842734004	0.000792257381892483	18
0.0236689521655856	0.0310960391144102	18
0.116603872195942	0.166655861027533	18
-0.103323597178492	0.153781956812878	18
-0.0148889911170575	0.0142769488754559	18
-0.0695154221557981	0.0759561621315033	18
-0.0303844260384649	0.16941844865013	108
0.11632832940113	0.349667344112847	108
0.120515663112114	0.331902290673269	108
-0.00629501642923397	0.0113896960678369	108
-0.057671402872863	0.100993191100602	108
-0.0419927112127408	0.0539061211508205	22
-0.00244968141890278	0.00375114180283847	22
-0.118667350444103	0.242050360750151	22
-0.116864781807763	0.233010630433616	22
-0.0345469976951166	0.0369455199271612	22
0.0895116660018777	0.153244952863161	79
-0.056730897751866	0.080448304514258	79
0.123236033832708	0.211175353016912	79
0.0250251269162609	0.0364187996020493	22
-0.0760798356848318	0.10917990280669	22
0.0843561917824027	0.130288339968257	22
-0.105366193047541	0.150584110384101	22
0.0529828849035828	0.0383925271458524	22
0.0411285654567655	0.0275989090187828	22
0.0688917539740127	0.071229535038858	22
-0.0590200528931436	0.0769413259398321	22
-0.124807924125529	0.210767528780109	22
0.0648230802415979	0.0768079870649655	56
0.0563982622620577	0.0876932169084107	56
0.075740570002308	0.117308703965008	56
0.0638881184182248	0.0776796762724318	56
-0.00207551788639352	0.00251485565737532	18
0.0471048140350131	0.0528521549732895	18
0.024351055579138	0.0251502408876266	18
0.000350175512307615	0.000275577037683508	18
-0.0529407589446872	0.0802627716644817	18
0.00832369858459002	0.00783526977952572	18
0.115883387181642	1.00521052011942	108
-0.122541393381465	0.354523955158947	108
-0.0139889661536807	0.0236877177309228	108
-0.0640749732293306	0.129930546927857	22
-0.0647087519379513	0.112537334629675	22
0.115202593950971	0.206375095451269	22
-0.0399292621812935	0.0576938475098943	22
0.0473619095233278	0.0724446800650545	79
-0.000542455532844328	0.000817954692635215	79
0.110267390457803	0.178615000691248	79
-0.0480940847877083	0.0739244587250236	22
0.110033649797724	0.186409424799313	22
0.0486310802770568	0.084785697049298	22
-0.0937061750840432	0.135598855711187	22
-0.0835304029047967	0.0531306312628676	22
-0.105944085024803	0.160707121586114	22
-0.0943283730978803	0.119966985722822	22
-0.121544526949516	0.19116942458565	22
-0.0615038333758446	0.0653264763368034	22
-0.00722331965342766	0.00944259296233203	56
-0.0401003698579179	0.0502475639602447	56
0.0442339184439642	0.0556323319379008	22
-0.0160323342500275	0.0120105955938112	18
0.0629590009129671	0.0620656973800432	18
-0.0825235100296301	0.117092842344947	18
-0.110358561000019	0.114198021592774	273
-0.111145649690554	0.124182064279122	18
-0.0458768559553975	0.0589285514554164	18
0.00748539277113734	0.0380243221632671	491
0.108449648421884	0.591744433017072	108
0.0166783500072348	0.0513764003606976	108
0.0643948282315878	0.133396994906041	108
0.121424265554378	0.309529822685253	108
0.0581529766823302	0.122495440128557	22
-0.104509581237119	0.228910716846582	22
0.0391082359641831	0.0676587093366978	22
-0.0162157054292244	0.0311441382914567	22
-0.122754399348713	0.234709315393665	22
0.0215049732729586	0.0305967111044565	79
-0.0131472763857781	0.0152957942329005	22
-0.0312715365558332	0.048989496595508	22
0.0363365318320954	0.0463375343702157	22
-0.0457988367491483	0.0322632383527166	22
-0.0000549726308835226	0.00014639789347332	241
-0.100555621118533	0.0609467525072173	22
-0.0554624595635273	0.0342244404369084	22
0.0969164893027566	0.128139757990789	28
-0.103678982024073	0.188508032839509	22
-0.0612952159256399	0.0852681330231279	22
0.0614126820099417	0.100375203616907	22
-0.106136526865335	0.12886988466054	22
0.0430760440577391	0.0617721451834504	22
0.0817778969634647	0.119517735846198	56
0.0982155765203167	0.154301659808198	56
0.0811228876733658	0.106789063709382	56
-0.0178656414147168	0.0171984511468493	22
0.0952938340981552	0.109686303547657	22
-0.0210345873140385	0.0201942859206908	22
0.000321479810030754	0.0000104268997373915	18
-0.00884381440744453	0.00953879249954478	18
0.115065419736038	0.169007425494373	18
0.044975222566296	0.0574011085957601	273
0.0504644036095371	0.0801170461174734	18
0.111112500811423	0.108690536355792	18
-0.0262030769139864	0.129704438486273	22
0.0958976102411549	0.292869466379772	108
0.102903961421267	0.238928709624304	108
0.0287172977145661	0.0633601359114546	108
0.101071553701704	0.228044781402544	22
-0.0434420916192205	0.085672615203319	22
-0.113362436454945	0.246883454680517	22
0.0256752241925513	0.0522215516001152	22
-0.0850964775648538	0.144857602112485	22
-0.102248482555089	0.100028233562825	22
-0.0767098611537677	0.0694852104096364	22
-0.00742787348453544	0.0117113560939925	22
-0.00728352439718663	0.00804109554422163	241
0.0115052595671072	0.0122084992867794	241
0.0739705250191762	0.0649917044803723	22
0.030810529765227	0.0263568710793068	22
0.0509005482478097	0.0542995268689354	28
0.100340170680135	0.134423295370036	28
-0.0411187977824284	0.039089821218007	22
-0.103902160757881	0.100955659232713	22
0.0347699220924538	0.0484241197606343	22
-0.0166525670384432	0.0196025824907715	22
0.0926309707978373	0.132983313961543	56
-0.0123701867500912	0.0173609425673111	56
-0.0174948876101086	0.0188583050238215	56
-0.0933315432887812	0.130641012385468	22
-0.0733367186894693	0.106879785370796	22
-0.100260050014316	0.14485072220147	22
-0.0541728814736528	0.0618997288637465	22
0.0855301071165933	0.128090425503237	18
0.0630142735689914	0.0925624820772402	18
0.0317418541378734	0.180244817675541	22
0.0946243800932436	0.625288363802178	22
-0.121253600861211	0.78662977853399	22
0.0690131930135604	0.259667228469032	108
0.0756027575286543	0.279297211259774	108
-0.04416533538277	0.118958306973099	108
0.111038401051434	0.301202158643817	108
-0.0171447139913848	0.0344381340727458	22
-0.0843313320260759	0.165341576134019	22
-0.0269984323810905	0.0401234361684549	22
0.0227840223403006	0.030049435817285	22
-0.0747919330951972	0.106538947411495	22
0.0993483398550191	0.147438337828616	22
0.116999273190272	0.219702833034558	22
-0.109816046340286	0.191618797698422	22
0.0471035153630382	0.0491863132815361	22
0.0299149132940332	0.0265758305939816	22
-0.0865776783489709	0.0861721118018739	22
0.0973589920268093	0.0946200793405249	22
-0.0320547574300914	0.0222565929672776	22
0.0516630409697083	0.0347165456476835	28
-0.0834130898761231	0.0670466748574047	691
0.0350613461189055	0.0359259445346834	28
-0.0753234367459886	0.116819407942287	22
0.115652373039333	0.156749724091539	22
-0.0919754356447298	0.147288300477371	22
0.0514955159112485	0.0791541523813911	22
0.0462215504501818	0.0616938419592348	56
0.088428362385499	0.129280560705228	56
-0.118142929625907	0.14589563620672	22
0.111159978499506	0.14415825684688	18
0.107299453790292	0.142966507763095	18
0.104327527077565	0.148316592901359	18
0.0472847976312863	0.0656337975660822	18
-0.02299544961528	0.0323539386277231	18
0.0702037458081773	0.468383894716	22
0.0181141760534853	0.0737189215692455	108
0.101416593597645	0.417868131211098	108
0.106606788734048	0.2965791686341	108
-0.121878413178513	0.29417608957353	22
0.100844188466476	0.216251288916231	22
-0.0822185782150737	0.149449914105293	22
-0.0838482696804947	0.160653391395456	22
-0.0234332374350607	0.0417781203906279	22
-0.0348370789726896	0.0460260447257638	22
0.0798566387224888	0.123271890306921	22
0.0454000949389487	0.0702977333616827	22
0.0000372975840083148	0.0000955208852984898	22
-0.0882855508790931	0.125127175111249	22
0.0629812339257051	0.102296518231246	22
-0.0632333404265905	0.0929388760019203	22
0.038385772819628	0.0251691263071361	22
0.0516146772453836	0.0375141924327408	22
-0.0470720307373143	0.033175765645225	691
0.0567013775161586	0.0741449092140754	28
0.0712476497683954	0.0970581463300729	22
-0.0980482814294541	0.143930182050358	22
0.0577541668819633	0.0818832211298985	22
0.0766970721774849	0.0877770653145877	22
0.0798342981135483	0.0853320855116726	22
0.0311542595501211	0.0382685575304386	22
-0.0859861107248798	0.104377754788603	22
0.0308499297054341	0.0373084754461338	56
-0.00666721854495252	0.00590754249910393	56
-0.0827946389512971	0.0950721556484141	18
-0.102422659974263	0.114343618728115	18
0.0138473490289987	0.0126453332190028	18
0.0241656313821203	0.0287140597059846	18
0.117116251017696	0.127965882158324	18
0.027785631271906	0.151682554088126	22
0.11044523071004	0.579925935377213	108
0.0224462064305851	0.0475365167277583	22
-0.0758222697633274	0.114018985770538	22
-0.120277030348596	0.262746882934646	22
0.00346906822390512	0.00654523238949323	22
0.0718872476469853	0.132128954340042	22
-0.0952420503369723	0.145824668189712	22
-0.0735076628190515	0.114208014924535	22
-0.0275462110900158	0.0382760332996264	22
0.0444149954577564	0.0394395322818162	22
-0.0508114924031929	0.0481499422381615	22
-0.117009259287255	0.0913997254998295	22
-0.118088523856097	0.104362533160095	22
-0.0291801414242568	0.0199910518361919	28
0.110019911381152	0.117059662257856	28
0.124562638857566	0.136133612396909	28
-0.0170151283453806	0.0223964961049923	22
-0.0239880017675536	0.031211848616379	22
-0.00149655513123418	0.00196229893228342	22
-0.0946581846968372	0.137227511356343	22
0.112312111320438	0.15807028005707	22
0.0613771778754479	0.0794651149278101	56
-0.0560233265032547	0.0714313667995262	56
0.0768951131902162	0.0688160605414966	56
0.0351542864355871	0.0436450865708459	18
0.0645861190909643	0.0752202456053481	18
-0.119219139271512	0.153222933719429	18
0.0913312562712247	0.128864279433302	18
-0.0466988526096838	0.0576311902669627	18
0.0286220127029064	0.153095945635023	22
0.0349876162989638	0.0514870408897719	22
-0.0206656132820486	0.0456880374814717	22
-0.120207160973537	0.322330067490155	22
0.0486788327874867	0.102299274410742	22
-0.0559672611627531	0.141457681414303	22
0.0350840229422549	0.061438453559698	22
-0.0140975592227114	0.0202962218522146	22
0.0304247076717592	0.0532577533984814	22
0.0889952283753155	0.156738332566778	22
-0.121789581668983	0.251601991403745	22
-0.112209190691677	0.213122382853468	22
-0.0768935646700818	0.167703123628605	22
-0.0202067318910567	0.0233083394769587	22
-0.031715168877911	0.0501121693480264	22
0.0301393342066895	0.0169564727938256	22
-0.101039053069826	0.061581544082556	22
0.0268842068435378	0.0152706275229026	22
0.0251956064760568	0.0135487096971303	22
-0.0514294057793922	0.0821637313163335	28
0.0777966714951803	0.0668353663098963	22
-0.00774288477807654	0.0106665005744338	22
0.0554901485941969	0.0703117927920367	22
-0.0336033183665814	0.0414997393198906	22
0.0712792257297852	0.0981363953445516	22
-0.0490835682129112	0.060117836284468	56
-0.0521430030162672	0.0485225236321731	18
-0.070789007104668	0.506387005871556	22
0.0917841902782292	0.613847559086186	22
-0.0901889863470882	0.283198963550305	22
-0.0726924856510563	0.178692001368975	22
-0.109490813178635	0.314690043140753	22
-0.0362225926414342	0.0885369052767824	22
0.119400498027946	0.20846395989196	22
-0.0316689355247955	0.0521488740898737	22
-0.0557452094185462	0.108127979497067	22
-0.103155797608285	0.196999939410566	22
-0.00862915529733437	0.0139159678061615	22
0.0796377777004882	0.124467672569847	22
0.0529621030608416	0.0381424065401034	22
-0.116117510509728	0.0664848405666085	22
-0.123713076897301	0.187085023063856	22
-0.00789253074194111	0.00948354505174039	22
-0.0523834031825976	0.0792641193077846	22
-0.0811844103452167	0.0869274485464237	22
0.116830725078243	0.12553958595837	56
0.0545119597410851	0.0380869262181695	56
-0.0418264028353721	0.0291737439755602	56
-0.0214004421350189	0.0159733075091069	56
0.0720801906745601	0.0757961857599287	56
0.0457881220203986	0.0411639096306299	22
0.0880952392651058	0.140291787558833	22
-0.0150537797997973	0.0803728556095947	22
0.0890123676644895	0.547771445154621	22
-0.103954605709323	0.5497788431653	22
-0.0390011356614296	0.111027065362105	22
-0.112753922120085	0.258207201161786	22
-0.0553331815446512	0.136039607830201	22
0.0427123663516626	0.111641112471789	51
-0.0997524717609332	0.177948160230436	22
0.00598654951665927	0.00856920538114648	22
0.072147404906699	0.118119479793442	22
0.0920293799327182	0.165842199606835	22
-0.00082101951836881	0.00112708394971133	22
-0.00942688854020778	0.0123856860813001	22
-0.120066198041521	0.199438270374923	22
-0.0378541039803637	0.0610448375709731	22
0.0617176559299466	0.0699763096701739	22
0.0597979632792706	0.0564997957526002	22
-0.077104106157075	0.071135730256591	22
0.052566004094268	0.0400733699069709	22
0.000277327038983299	0.0000709382947939721	22
0.0138795810296843	0.0112477803872334	22
-0.0127302174516444	0.0124407575090599	22
0.0196525396082837	0.0229016352598969	22
0.0621371185915176	0.0916723044460851	22
-0.0333056190520716	0.0459231374401308	22
-0.0993584329666978	0.15350284660938	22
-0.047410717034397	0.0665264803794246	22
0.0399521333311679	0.0636074189270256	22
-0.0301868234902489	0.042633909406557	22
0.102575877370524	0.161651845344287	22
0.0968616658344206	0.169571839182179	22
0.00678580265459361	0.00718784753202255	22
0.119915982959718	0.131809162834014	56
-0.0166015756058088	0.0210009890475868	22
0.0719259331485371	0.0993690021871569	22
-0.101650203589905	0.151881730372253	22
-0.0760637641461088	0.0985292874380698	22
0.0262583628718984	0.143115014509462	22
-0.0802107984781959	0.503103397290982	22
0.0747882473329471	0.380087087359235	22
-0.0583851878344292	0.191777226362093	22
-0.0616039915400846	0.174394015976607	22
0.0991717228906555	0.251625212038617	51
-0.0594490186974205	0.0929386714009088	22
-0.0440283525409564	0.0530925367454427	22
-0.102517239705854	0.230668876414455	22
0.0124212469398163	0.0229349439177034	22
-0.0465868303352653	0.0643184966409371	22
-0.0530384461969612	0.0620202204412182	22
0.0928921864566979	0.0925158995447574	22
-0.0789731897697683	0.092878118176498	22
-0.00613016817841184	0.00633878140509694	22
-0.00854083466570906	0.00756338419087984	22
-0.0850861974918965	0.0739073010294771	22
0.0240934332089969	0.0262131745949289	28
-0.00269485282613743	0.00253913801773647	22
-0.105678345950316	0.112078404783555	22
-0.0324890592674426	0.0359350644907938	22
-0.00697431421266036	0.00998365312586551	22
-0.0337896372699863	0.0478137105754858	22
0.0289071697076395	0.0418101854110601	22
0.0638131925098376	0.101078398908528	22
0.063775517670855	0.0654185656345711	22
-0.0228495267627688	0.0281367399282009	22
-0.106177304840328	0.157297597782275	22
0.0287764140130879	0.0392645172674598	22
-0.100681421517252	0.122342374827543	22
-0.0724660527099026	0.0642436681055032	22
0.0251286132184128	0.137097246493665	22
-0.0934509537777056	0.374871052088996	22
-0.121614784451333	0.480481382655458	22
-0.0865370324778849	0.294259845451686	22
0.0858511206432429	0.191590319639532	51
0.095661005547554	0.182890261643872	51
-0.0184262561936619	0.0273695236810858	22
-0.0289580507154586	0.0423268592330003	22
-0.0758807791307844	0.0619973924841421	22
-0.0782688378319306	0.079403441806464	22
0.0857546789219729	0.0744702042840552	22
-0.0736267968823092	0.0609070515349787	22
0.0731504968587879	0.0648061490466201	22
0.00553761505013587	0.00642152408399332	28
0.117418876153951	0.133224754571094	28
-0.0160406744081591	0.0206773116981775	28
-0.102330436197006	0.135492070367893	22
-0.0964007821310827	0.13504734498734	22
0.00900491707877173	0.0113425087885038	22
-0.0111613524300991	0.0139198809371657	22
-0.0861735602345434	0.120257930770731	22
0.0390941150704679	0.0570613823601426	22
-0.0719277312212547	0.0978031917210173	22
-0.0330492232833414	0.0421886507971803	22
0.0332567379440518	0.0359633561630796	22
0.00170444858506839	0.00171965300981526	22
-0.0392865745636972	0.0404170644179609	22
-0.05131676540649	0.0535186200606842	22
0.0199356544506294	0.0223454597163	22
0.0516358856865231	0.0571880955487852	22
0.112530756225272	0.834876188456256	22
-0.103359069567339	0.37722908135733	22
-0.0116316024700366	0.0320234246679334	22
0.0883351908199624	0.171071843119593	51
0.0677955484369257	0.182939464265866	51
-0.0115125250894632	0.0155737038726814	51
-0.0215568312779099	0.02426633167314	51
0.0331357085290986	0.0377928473424749	51
0.00000535040479879826	0.0000248246884140438	22
-0.0269582642089934	0.0378810802905854	22
-0.0399092002547748	0.0443639704161627	22
0.107961494181613	0.116792893714068	22
-0.113700732076704	0.127406033172907	22
-0.029154100208029	0.0249167475929179	22
-0.102772542800716	0.114566129345142	22
-0.0991847525381829	0.113801594902541	28
-0.0770865156486483	0.0768860704632383	28
0.0888162839647058	0.0834490747110037	28
0.0703052326584893	0.0689130334955632	22
0.0793495445836869	0.126321284016574	22
0.0706158663203077	0.0981240397882766	22
-0.0186470693308636	0.0215934982077269	22
-0.124381270999712	0.177046011400985	22
-0.0387359621047732	0.0471981891652286	22
0.0954342307237384	0.0938493759638022	22
-0.0635655283094759	0.0749149199549823	22
-0.0855123213354569	0.115487715717744	22
-0.0526362266954534	0.070256641562263	22
0.0180074953115992	0.0209573560547994	22
0.083855574546679	0.0736674131292755	22
0.00505548467322191	0.0231040303680427	22
0.0153152283970231	0.0176136970211054	51
0.072544342528745	0.0791972538834384	51
0.098438260394751	0.088034359959532	22
0.0760809014821383	0.0806854417487234	22
-0.0154837403095918	0.0137471211963941	22
0.0838198705094299	0.116612950156305	22
-0.110404879351946	0.132567042407675	265
-0.0446520006569959	0.0547595301038502	22
-0.0581589716481402	0.0722990348028378	14
0.00100211421849655	0.00131204674179704	14
0.0909187845678976	0.11251728826328	22
-0.115264508851027	0.146406878659086	22
0.034831303075728	0.0481808798301798	22
0.115314726149891	0.166016331724218	22
-0.11524256641549	0.160575504980446	22
0.0711716441904323	0.050698998475912	14
0.0536395322513655	0.0414367045675202	14
0.0912647000251512	0.63208628127675	51
0.101001859451972	0.629161375326147	51
0.0000900666158027525	0.000213071504850382	22
-0.0615133455228314	0.105174855904533	22
0.0546672378804067	0.074617649487571	22
0.00279598581429487	0.00341824449293936	82
0.0727513535424709	0.0889105064826084	22
0.114842438905146	0.145759616703758	22
0.114335264620198	0.135633838657254	22
-0.0766903031618499	0.0696290169199107	28
0.0215713554471436	0.0310620518159256	22
-0.113793349320567	0.112180924304602	22
-0.0116372640706062	0.013326960532038	22
-0.0426221956227096	0.0541915285197153	22
-0.0170574338408785	0.0193268416973702	22
0.0548705419304066	0.0715562629963901	14
-0.0123937037722726	0.0132141244785497	14
0.110909464941272	0.739001756029509	51
-0.0132369905079095	0.0499084004272978	51
-0.0221525197876925	0.0350154491552998	22
0.100755892091721	0.179720764409829	22
0.112064233001442	0.207270102507732	22
-0.124947708051209	0.122264772178322	22
0.100494202934054	0.0891416307790965	22
-0.109691337189292	0.0855627853431678	22
0.0492005351214251	0.0349551939166696	22
-0.121372164074912	0.145862606711351	28
0.111565768583262	0.113625232003305	28
0.116210249867752	0.179262539199336	28
0.0584106058960437	0.0697726860626358	22
-0.0070416157941905	0.00685235535010515	22
0.0376935732722792	0.0458319581575874	22
-0.0972400273233035	0.130655708797577	22
0.104937007846933	0.129008927026152	14
-0.00391650353943269	0.00335562452726819	22
0.0856241105592825	0.126184970154008	14
0.0368133162679291	0.0385750220806567	14
0.0381747671924254	0.0433742521049933	14
-0.0308929666224145	0.0298841886701924	14
-0.101592554941038	0.815248386240917	51
-0.0447861349133788	0.218552563018768	51
-0.0174941011950598	0.056280424085653	51
-0.0182934237510363	0.0313543597283424	51
0.0804644037985007	0.143551170850963	22
-0.0486573846019179	0.0833762066953404	22
-0.0530112759479133	0.0925895353840542	22
0.00272796435853783	0.00471424826696267	22
0.120543766409669	0.225973340630531	22
0.0668252662323057	0.0640838705134687	22
-0.0332640034951003	0.0279517328495379	22
-0.0398127038919132	0.050770511481963	28
-0.00113979324570033	0.00113659505138598	22
0.00162451361270648	0.00203304893119328	22
0.0973054547845469	0.143351830519246	14
-0.0794149244435885	0.107713277602556	22
0.0777238593887681	0.106920030260486	22
0.0383170067340587	0.0452721961681805	14
-0.0101954660067964	0.00855551124876059	14
-0.0653182115517106	0.102002172452159	14
0.0816953468194489	0.104475523053152	14
-0.0401980779212548	0.0423814517067278	14
0.0257193520722637	0.143410545249586	51
-0.00810295485669674	0.012282822026274	22
0.0333900890001038	0.0579803312477305	22
0.0199663144969497	0.0216284630289444	22
-0.0909457437034918	0.0909107621472005	22
0.113459087556221	0.120298181679938	22
-0.0439444083330366	0.0428724780354792	22
-0.112554907185814	0.0993230403911519	22
-0.00562157869884391	0.00430819426975703	22
-0.0487158123007455	0.0673269191108946	22
0.0578434422539516	0.0719930961514302	22
0.0603590341798232	0.0747901162213922	22
-0.0192707809318099	0.0243650050496412	22
0.00503299625299042	0.00646365217492413	22
-0.00293476071720155	0.00359609615358744	22
0.0691390853652079	0.0935936567548328	14
-0.0749053644967256	0.104325559508299	22
0.00864842591015522	0.0112208814589812	14
0.0700282428989081	0.0892030744864513	14
-0.0817532986634464	0.10577285172871	14
0.0698199552714742	0.0941517714814436	14
0.0132109974775412	0.0138142811245473	14
-0.102201590189114	0.14223194705018	14
-0.00746440179566062	0.00952113616638772	14
-0.109089575027383	0.125360414194811	14
-0.0141121096706483	0.074887746782201	51
0.0862733785084094	0.175607905153619	51
-0.0295031168583979	0.05521590721534	51
0.0591565449962977	0.104540297888041	51
-0.0185818047657467	0.0353315984656184	22
-0.00872324623195444	0.0155137628862554	22
0.0477478722825106	0.0837857667594288	22
0.0989079284572398	0.191971080140883	22
0.0465907590384313	0.0603884091262445	22
-0.0533429897216182	0.0479745111618459	22
0.0410761725360069	0.036081491908711	22
-0.0539368013985114	0.0505732393952176	22
0.0831854138117965	0.0739481928793404	22
-0.00782868161712417	0.00684886358806399	22
0.0829435170401513	0.0724042210384064	22
0.100056282533773	0.096578773212017	348
-0.0771755866486965	0.0968808818305189	348
0.01781190262404	0.0236557679931005	22
0.0615419931073588	0.0818006031672605	22
0.0665426653686919	0.0760310723794922	22
-0.0177493663253252	0.0221183183765638	22
0.109142026937506	0.154807472684055	14
-0.0403805452557113	0.0536777035720521	22
-0.119163819010994	0.161594534745748	14
0.0830989324177369	0.071119157171248	14
0.00467887009469876	0.00468210610571577	14
0.0300871092255986	0.0293952512593783	14
-0.0665698535983781	0.0688606962552135	14
0.0759984482409773	0.476911881572645	148
-0.106413384239399	0.758253675333018	148
0.120914385656402	0.291309376097599	148
0.123033914115729	0.33664908389608	51
0.0946973035283421	0.238853755803297	22
-0.0780966023066954	0.194078695453681	22
0.0676215298571565	0.0824532422946878	22
-0.0160973590062903	0.0228704949251576	22
0.0497912527175722	0.0330567833243154	22
0.043279746054606	0.0239185436267133	22
0.0308908760992196	0.0152121128152087	28
-0.0494167388105915	0.0414107888066002	28
-0.0853354920917178	0.09417201689483	28
-0.0895305538808963	0.0544005062033624	28
0.0486662687247244	0.0439457791726575	22
-0.0739119328907086	0.0994583178938422	22
0.019059827355593	0.0149569226827721	14
-0.0622919987686495	0.0700021747453821	14
-0.0750253944635062	0.136137229292599	14
-0.0121650736603342	0.0643487679402901	148
0.0886495032586198	0.54763509534654	148
0.0761171862817712	0.264345833341739	148
0.0980788383430777	0.313964353198561	148
-0.088495795118406	0.233977627358983	148
-0.0741147174455377	0.139364037294601	22
0.0413026936120909	0.0781782644350322	22
0.0427598921918436	0.0666623910933779	22
0.0332175362477657	0.0292788561748031	22
-0.0851038140010267	0.0780395795401539	28
0.0305850690483563	0.0183905480489303	715
-0.00382064958182743	0.00409167362267801	22
-0.0719528620954935	0.0906578003686199	22
0.0780957222303366	0.104095037997369	14
0.0999184116894447	0.122134739443854	14
0.0700431938179878	0.0860346200215256	14
0.0693213236751867	0.0689041324534657	14
0.032309295742826	0.0321929304405898	14
0.0790527834015368	0.558831784451517	148
0.0196157467663012	0.0667630480252609	148
0.0367962208407089	0.102913309133275	148
-0.0274138464667785	0.0644396331734616	148
0.0814050014612512	0.196929838672052	148
0.0220442417101753	0.034127120996235	22
-0.0374626872179765	0.0598956790899661	22
-0.0573240418977397	0.133725521626123	22
-0.0186570624115979	0.0283788478459618	51
0.0183196746011244	0.0175969126643185	22
0.00816964161751729	0.00828499292235493	28
-0.0994534576836063	0.114300096893867	28
-0.0190121910028253	0.0212826694950058	348
0.0553422713930916	0.0646354798758758	28
0.010239793105039	0.0133985554988349	14
0.101891589704605	0.0967162240363746	14
-0.00163324120440021	0.0015809544876408	14
-0.0461187330050346	0.0475907461195215	14
0.0772877575688421	0.0733273227590109	14
0.0243813229373157	0.0257842707395414	14
0.0956978651005474	0.147704810712845	14
-0.0976412976250206	0.114093435650071	14
0.122690729812532	0.195048040082605	14
-0.0511807841968914	0.0603811076261231	14
0.081006921077009	0.100109936150259	14
-0.0117980748144116	0.0585289877442198	148
0.0777184832655672	0.432335929867221	148
-0.00521121671178541	0.0119469325084871	148
0.029267345595614	0.065086504029073	22
0.0472283295938768	0.102479828523471	22
-0.0356453463152165	0.044159044464263	22
-0.113440599950241	0.149505919941403	22
0.0665674483001496	0.0665880023110644	22
0.0530609935837151	0.0418443233296745	28
0.019013812384319	0.0182910337360281	28
-0.0595657174167821	0.0664691426544873	28
-0.0319667605019542	0.0327831275669322	348
-0.0280229059364252	0.0444297266156299	22
0.107176678764263	0.170535255372711	22
0.0846521781577914	0.129471159012431	22
-0.105841958472419	0.18179393999043	22
-0.103920224826784	0.133638728981419	22
0.0622577259406033	0.0952436433448504	14
-0.0695031077576185	0.107877041193284	14
-0.0522507390467781	0.0701543808919287	14
-0.0408092671431907	0.0572392026050989	14
-0.115345187652693	0.169628022529654	14
-0.0988640828299003	0.128288330043551	14
0.0225440008285701	0.027113860292727	14
0.0824278148282274	0.133702286040013	14
-0.0846753961318591	0.0987506070724816	14
0.00817322674271042	0.0413767495537846	148
-0.110307544272921	0.739523993671276	148
-0.0020827208366374	0.00752756105065285	148
-0.0292334130297673	0.115017531077088	148
0.0416245108020959	0.0263396249192616	28
-0.0876840859814865	0.110253656702153	28
0.000526712512316006	0.000333614052613601	28
0.0628527212621266	0.0467797723584551	28
-0.0696141481203949	0.0801553696461723	22
0.0675877873780616	0.0686871222091431	14
0.0687031514306016	0.0569288002954076	14
-0.0142837994899581	0.0148145238959181	14
0.00615668308255925	0.00809404849496984	14
0.0483176356403875	0.04561986139825	14
0.02737421812832	0.0458471900495074	14
0.119532648092455	0.176331830004928	14
-0.065310067531201	0.427693621841764	148
-0.0962325928340211	0.445689938645525	148
-0.00232583787616063	0.0017875270713486	11
-0.0813528072863853	0.0632548419743579	11
-0.0535230186744487	0.0372475942920733	11
0.0285059782814202	0.014592568321587	126
0.0456718902768043	0.0485464046680801	28
-0.0779985932524103	0.0826434231349878	28
0.0312557271425274	0.0367508272619804	28
-0.0602125219993193	0.0731991047815452	22
-0.0628862476271549	0.0819043504766341	22
0.0860722913263935	0.119437680774488	14
0.0426626539169414	0.0531167124691259	14
0.105904863545849	0.110327889048069	14
0.0741646429002768	0.0800732119147685	14
-0.00712001704535661	0.00693185595455222	14
0.061449983629924	0.0684896590214472	14
-0.104218547188736	0.0780396738424202	22
-0.0383255225445943	0.0264133085728816	22
0.0373434223242176	0.0250447862878144	22
-0.0934160493692425	0.0571156351036266	11
-0.0591748076509256	0.036369119063585	11
-0.118224094384508	0.160119481204047	28
0.0162039476859938	0.013373268775705	28
0.0627310178362423	0.0872273857207667	28
0.0657573087172603	0.0985491224402856	14
-0.0920937176456395	0.1128161892779	14
0.011626506632739	0.0110676607510713	14
-0.112670385106987	0.0624485047345545	14
-0.0346606881429619	0.0382423862378715	14
0.0571458152963385	0.0650584290785194	14
-0.112207530960604	0.110985965606558	14
0.0257409378044198	0.141602061159882	148
-0.0864722012708408	0.557620113370962	148
-0.0510207999553911	0.244828431550999	148
0.0336220510828731	0.0193622620945904	22
0.0140262508191207	0.00626667588608151	126
0.0528665981911963	0.0346947599472481	28
0.058812494119341	0.0624801207115049	22
-0.0283269427546178	0.0206013013893495	22
0.118931283013316	0.154495321406859	14
-0.086271552523824	0.0679212242166834	14
0.0294155976847765	0.0153089039968462	14
-0.0978588736778133	0.0964126915739452	14
0.0161457674266027	0.0127086789512113	14
0.0429840872046265	0.0254755422575704	14
0.108691341606082	0.178800502078287	14
0.0425665626542662	0.245140288294311	148
0.0293696550742891	0.0147164245157717	126
-0.0701112582965445	0.0864498234058419	22
-0.11023143006501	0.0978829483117362	22
-0.0977982310880335	0.0938038409236168	22
-0.083073360297568	0.0911618865215011	22
-0.0220099715295534	0.0277749641593207	14
-0.0544505706473142	0.0508969699544326	100
0.084364618041909	0.0756981079435224	14
0.0437074579438248	0.0307573385878159	14
-0.0862845654379994	0.0882939672037493	14
0.109929282083166	0.171861016774903	14
0.0777049730604617	0.0672951291034916	14
0.0282313596032452	0.144631748675805	148
-0.099013308134258	0.056488877049874	11
-0.120358658491722	0.0700629857081289	11
0.0412146464288268	0.0257657820618453	28
0.0556624082800055	0.0785026733983596	22
0.104778313938594	0.142371263690131	22
0.0575943865637697	0.045954277071315	22
0.1062879741887	0.142789073740632	22
-0.106440804788406	0.132909724548629	22
-0.027638939435694	0.0301188632106187	22
0.115392347440649	0.123248566173163	22
0.119760439115865	0.1148787688286	22
0.0291769613423853	0.0315748344222451	14
-0.0991472614939355	0.0609206414691575	100
0.0160439445055644	0.00726015114593835	100
-0.102091393955966	0.0819605538937742	14
-0.0157787733160301	0.0114940060293166	14
0.00844154471471814	0.0430071109692469	148
-0.122380857427937	0.0921483012264508	22
-0.0939967758215673	0.0579458519196798	46
0.113560035718227	0.120311744115063	28
0.0577775197487358	0.0772734510348215	22
0.0145698907259258	0.0203083180894087	22
-0.0842829099449741	0.126060816143321	22
0.061682537515743	0.0487473696924688	22
0.118383123820206	0.127233606906182	22
-0.103304153133857	0.126251230315356	22
0.0929655796297527	0.117343249279779	22
-0.0955220724306029	0.0867391051699296	14
-0.0972171275298116	0.0597646763724973	100
0.0581403932366695	0.0460205103214263	14
-0.00820312157668158	0.00908620878773107	14
0.00585830640614711	0.00743837249986146	14
0.120724797951437	0.168391591110349	14
-0.0918923161870971	0.0757846411463907	14
-0.0216017961211447	0.116986899310231	148
0.108860796914808	0.773932504404555	148
0.042407658720499	0.0200024573374594	46
0.0306053808464938	0.0159277969098207	7
0.0347030785961573	0.0190201111883918	7
0.0119207941779527	0.00469438022157049	24
-0.0437427109792416	0.0286769067876496	24
0.00566309176649214	0.00833059516494736	22
-0.0180437299835401	0.0301115939445344	22
-0.0688596527323072	0.110469033864226	22
-0.0745944303212824	0.0468778341857121	22
0.123313713684304	0.171412405992176	22
-0.0808207116227095	0.113921022533937	22
-0.021947592651643	0.0153093512611128	100
0.0244588815301666	0.0131735014690848	14
0.00470159587495182	0.00494472202610375	14
0.040551045626529	0.235897774333184	148
-0.0579693427850079	0.0393499696858477	39
0.0265617093631631	0.013273712835426	46
0.0221094980426782	0.0102581775754626	24
-0.0998065403001408	0.174963122744194	24
-0.0616866813383732	0.0959913583189235	22
0.00337174653600526	0.00546316085173134	22
-0.0571186931855752	0.05890059506971	22
-0.00315923151884332	0.00371194366060788	22
0.0309681361952025	0.0340900292908898	22
-0.105909318006813	0.111422508107708	22
0.0994658946568366	0.146017995593479	14
-0.116324045800106	0.155851781488441	22
-0.0951504144504889	0.0765528994994642	14
0.0364385750917639	0.0195016812838498	14
0.121280579364223	0.131659924364907	14
-0.0794132031378502	0.0515476839511609	14
-0.115818698604559	0.141164659874613	14
0.112425572394821	0.924603974203351	148
0.0482976594854545	0.147921657633704	148
0.0240281257207916	0.0103869244509334	24
-0.0988086626224368	0.0606073664224018	24
0.100601816304354	0.131676700453917	24
-0.0592399435340051	0.108331888337317	22
-0.0787664732953229	0.128186086816462	22
0.119000732345008	0.235430525827849	22
-0.00100727089126214	0.000585264857644492	22
0.0778257650119586	0.111564958973278	22
0.00106460911518917	0.00137166999346727	14
0.0978166893740446	0.14386756333863	14
-0.0433124728074011	0.0368440185849886	14
0.0126006695367457	0.00507660563413471	100
-0.0658507553547444	0.0686967886081388	14
-0.0272511775876051	0.0360950523584899	14
0.0223478702063891	0.0285655159452434	14
0.0866293934135988	0.596558618924556	148
-0.0177785617862957	0.0198173017381894	39
0.0396040034660554	0.0335974550813527	46
0.0345720202411059	0.0216360483287055	46
0.0430884850161934	0.0401820066810645	24
-0.0307537204790394	0.059127998703441	22
-0.0241395167658272	0.0270544840927684	22
-0.0969692195593232	0.190522182359412	22
0.11514158686004	0.209647529875952	22
0.102921562916726	0.12196297493331	14
-0.0540675186779696	0.0700354043596892	100
0.0991442583491702	0.154474340118002	14
0.0112729930264941	0.0556907574725076	39
-0.0751668967366091	0.301049804897443	39
-0.115236680903016	0.24073233968744	46
0.0647903407547544	0.110646572555048	46
-0.0909546812584913	0.148142182724911	46
0.0656719170686857	0.104289227922176	46
0.0835365225787806	0.117685888545966	46
0.071803374172555	0.0844788038009211	46
-0.116407990658375	0.152229785534797	46
0.051168978596624	0.0598811471685162	46
-0.113473255990364	0.187169824381156	22
-0.0296315462898596	0.0403097510247449	22
-0.0397849144273466	0.0656247895306438	22
0.0256934357933458	0.0375210691131762	100
-0.123800786041023	0.187370761164465	100
-0.0869910603791308	0.159953901440369	14
0.0951138459522796	0.639806749735982	46
0.0213282314180013	0.0980885033538097	46
-0.0871737796924099	0.295304032256553	46
0.0169897709420744	0.0444102728700486	46
0.0179207488108856	0.0405263544294263	46
-0.0957575214269994	0.142248398997698	46
-0.0735939772529769	0.109324485116614	46
-0.054337442079491	0.082762662402208	22
0.0666767056797003	0.107683639925741	22
-0.0283619654566368	0.0405852714537461	22
-0.0911163815222672	0.169158834463159	22
-0.094919004103551	0.170529900707142	22
0.0460410490308341	0.0736582930773959	22
-0.0393882116860495	0.0613650572077187	22
-0.0937392971499686	0.140927830442388	100
0.0708880750269354	0.0990397162510185	100
-0.0539465712930576	0.343307167695909	46
-0.0762013113465894	0.161856900682949	46
-0.0829416310660871	0.136640726047321	46
0.0681559723818573	0.103473975075245	46
-0.0420729223078049	0.0600882841628195	46
0.0859601813535232	0.124199357213782	46
-0.0670195551336325	0.0712467720988939	46
0.0431744293764451	0.0556722739926335	46
-0.0887904398749055	0.134890380173941	24
0.046558136046594	0.0740248231285444	24
-0.032094560209905	0.0529988152404605	22
0.024807538951396	0.0334387592337033	22
0.119615131066452	0.168967400764273	22
-0.000622830412757592	0.000994649743318055	22
-0.0572951966737266	0.0937013272276785	22
-0.0392445931110047	0.0575616521310116	22
0.0627236652779439	0.109596964285954	14
0.034786630454875	0.0543147105639064	14
-0.0642064188616016	0.0916386814563792	14
-0.122016382524987	0.182330804816158	100
-0.0977823149764687	0.128561483296837	100
-0.0938347493453823	0.0986261063489203	100
0.0316611853760715	0.032448146723866	14
-0.00690057445269896	0.00984364533492462	14
-0.0611879424497013	0.110270934835539	14
0.00168786615554234	0.00218126481364884	14
0.068448306602192	0.121191649366906	14
-0.0611236151121299	0.106218131272929	100
-0.0577609228972119	0.101561870952057	100
0.0755890486816238	0.508906625486482	46
0.0727064886986549	0.303733568357242	46
0.0588747505584054	0.190911776858324	46
-0.115100901696403	0.290627328047105	46
0.0418500813067818	0.0730280882186515	46
-0.0166554638304916	0.0250167705327715	46
-0.0420887169335839	0.0683183693181861	46
-0.0401343867739643	0.0507443125555462	22
-0.0292078674848556	0.0413862467024743	22
0.0263059292824305	0.0411623259289043	22
0.108536730899163	0.183131127762225	22
0.108625802291531	0.181170695900704	22
-0.0142943758064829	0.0195618502971713	14
-0.0749147696348672	0.120732139922185	14
-0.0649348748142795	0.110929660091305	14
-0.113279891568119	0.185089351283133	14
0.0197936926347313	0.0283517429942317	14
0.00824320496855861	0.0120726958113358	14
-0.0383664566477651	0.0645687131305954	14
-0.112713597601211	0.214454591343741	14
0.0404522924936414	0.0589754558275476	14
0.0493651063891509	0.0776145766469556	14
0.121504850451827	0.224583855456442	14
0.110023947604254	0.189073918506213	14
0.0177772557828551	0.0918225124327947	46
-0.120124864498004	0.836398074331997	46
-0.104672969148341	0.274871249116248	46
-0.104902157606426	0.255979847958122	46
-0.0469785426174533	0.0985945734242767	46
0.0077524191362107	0.0109214387573077	46
0.0976821006643065	0.164757296214592	22
0.0375831753162328	0.0587571594210743	22
0.0465180294413943	0.04927847217633	14
-0.102618589351448	0.16858653256251	14
0.0147630632928432	0.0218080691637988	14
0.0399972681137274	0.0518150219209321	14
-0.117230832025088	0.277618895978973	100
-0.0111065121808697	0.0186085071413626	14
0.0815137642157941	0.12895943267548	14
0.0809290549724174	0.134900855601924	14
-0.0251680490563788	0.0349124158660599	14
-0.0852113079854412	0.138897632707907	14
0.00491658956526457	0.00646588565569048	14
-0.00908420674524637	0.012381907628064	14
-0.0271508090331015	0.148335828747186	46
-0.0353677893866612	0.17737332819924	46
-0.0930279296515099	0.349143421885501	46
-0.0635976080657793	0.201271599010506	46
-0.087919322788716	0.219123663521859	46
-0.0340532814183071	0.0751913335885964	46
-0.00796585725644944	0.0156006217337688	46
0.0900241651664476	0.214608384916747	46
-0.0409966736391909	0.0908428118872113	46
0.0518169755890763	0.117574188078797	46
0.0141381795140498	0.0268348376507202	46
-0.0770745661375872	0.157741087684669	46
0.0392644491667179	0.0543552557427323	14
0.0646956567169266	0.0834208822222283	14
0.0911546813139207	0.133885021618237	14
0.0687952789831596	0.151158113112183	14
-0.0720011788326733	0.14882451354633	14
0.00962286097999677	0.0170771044431073	14
0.0753059396194204	0.132918390649552	14
0.0595213887473203	0.0834192440921584	14
0.0308892934225193	0.0375916164881862	14
0.0650979768493498	0.102365664738237	14
-0.00636487045392735	0.0313673928468966	46
-0.0763014341933802	0.455117596356486	46
-0.116706720228315	0.655152001479825	46
-0.0670645816696376	0.265894234652208	46
-0.1153248856184	0.331660377579454	46
-0.0181030446604422	0.0402356938284325	46
0.00845725635027625	0.0177076753110247	46
0.0445274363983125	0.0933019430676373	46
-0.0751616304157976	0.166427300253118	46
-0.0129900439495682	0.0215766742667568	46
0.0747534417051027	0.109029133121505	46
-0.0660172330664452	0.128658934323454	46
0.0412266713228896	0.0284029900588448	22
0.0261902245248406	0.0230939307316613	22
-0.0864103315195873	0.0513252808595751	22
-0.106737937770682	0.0832124614418388	22
0.034010039135061	0.034713070735857	14
0.0569494412241941	0.0730771633011159	14
0.0355597811786087	0.0513732843737894	14
0.117685309812684	0.118415833921424	14
-0.0350919830670266	0.0496710459624264	14
-0.0348475053345825	0.0475616699292193	14
0.0273909092901271	0.0334756861897836	14
0.0636553087480638	0.137943924097	14
-0.0329520226057158	0.0650819253583995	14
-0.0116514800226406	0.0209197112896924	14
0.0672518398166221	0.132084311152608	14
-0.0247522179386518	0.0373598186472866	14
-0.0469777472155374	0.0687678148194858	14
0.0509077897297723	0.0670008553236356	14
0.0239171091049339	0.0277608680513107	14
-0.103152992542912	0.0818777216249301	146
-0.00132331739152659	0.00125443191004121	14
0.0502446803740759	0.0485649505157182	14
0.055673868453031	0.356765812088767	46
-0.0280655364601023	0.134471341726166	46
0.00616243542564583	0.0214512780194062	46
-0.0858805225580577	0.240993289386995	46
0.0686322464814728	0.183144282022669	46
0.0493284323785667	0.115535256281472	46
0.118007105738724	0.320497958912605	46
0.00987364106531675	0.0214685849704932	46
0.0585767944225915	0.136151751561801	46
0.0814252893444695	0.195839377013843	46
0.0537236682267109	0.11321787799624	46
-0.0856358383213113	0.161718707648827	46
-0.0901946308036906	0.0935450062021128	14
0.106247011924529	0.14406853680263	14
0.0691506675941432	0.0984427192730341	14
-0.0626552820922015	0.0712007136758304	199
0.00266052873264711	0.00353797005689425	14
-0.092922684941903	0.143878554283314	14
0.0884172042852918	0.196896916373778	14
-0.0118786241083047	0.0164660242902602	14
0.104154033592008	0.174013867399007	14
-0.0425934742240138	0.0303274506224693	146
0.115368477431897	0.138804278306244	14
0.0522021303831093	0.0511544076070411	14
0.0279940126309074	0.153282152033203	46
-0.0585821988300521	0.30931248438009	46
0.00439588472438862	0.0141358504266206	46
-0.0321923809126474	0.0795834313504796	46
-0.059199836019386	0.145685629242765	46
-0.0899275719426398	0.237241077182487	46
-0.0990479811878096	0.233924167590291	46
0.100374523026904	0.207819473669898	46
-0.0479181386964528	0.0788074669967948	46
0.0432400057864624	0.0789448119364401	46
-0.106017851343077	0.240842290040238	46
-0.086507640133522	0.0817023709763527	24
0.108401689797911	0.194880478526343	50
0.00813716207920376	0.00818639123370888	14
-0.0757255363795795	0.0701995525602586	14
0.00137939379917228	0.00136668604201106	14
0.0759572502892969	0.0830751466191975	199
0.0948483789092487	0.145305771851421	14
-0.0308425056815735	0.033941551495067	14
0.00936336647826366	0.0170859969075089	14
-0.101975345267902	0.194860207300414	14
-0.0464595962614912	0.0659423779895274	14
-0.030322920679899	0.0410028257731828	14
0.110249623721016	0.161895142970036	14
0.111262460911481	0.143787258953257	146
0.0735658674384548	0.481811606212583	46
-0.000937993564374599	0.00374871704786705	46
-0.0546910457321213	0.22312132612661	46
-0.090568153396137	0.368217256614273	46
0.0377502033287273	0.0928975099382369	46
0.0286871974650592	0.0642992903063504	46
0.0991253424590136	0.265582497510212	46
0.0247078734488785	0.0556566161648318	46
-0.0663265410535534	0.147536519536692	46
0.0557698852125397	0.0868366501622021	46
0.0966594499859541	0.185338787340548	46
-0.0736373406351296	0.0684084854776548	14
0.049170381266489	0.0443074394872822	199
0.0251903984816539	0.0271673799392877	199
-0.0961193970939422	0.128102292459405	199
-0.103968533799443	0.140487943444924	199
-0.0568160269074751	0.0968482661591942	14
-0.0892377434391954	0.155162016297737	14
-0.0647934944773154	0.0910679293629755	14
0.0369069988587026	0.0551987408747791	14
0.0808738015991269	0.117769851043018	14
0.0166283662586545	0.0828749797897867	46
-0.0782952382781872	0.435327472079565	46
-0.0592967862484506	0.244590811522687	46
0.0563544924492856	0.162255468886668	46
0.0257421694382229	0.0604870983563415	46
0.0692781067388554	0.169120236937019	46
0.0780767990704084	0.174489546469578	46
-0.00612806562948977	0.0116345488712373	46
0.0128339220282667	0.0229315039579577	46
0.0415964421754264	0.0369642524282984	50
-0.0549388743695294	0.0613697166800539	14
0.00975808264534427	0.0162474770702301	14
0.0979305992914331	0.170132327030923	14
-0.105657663453468	0.155477549715314	14
-0.00173612429781771	0.00219997960675041	14
0.0355355022697667	0.031634083818265	14
-0.00216998192830267	0.0101204662396495	46
-0.0767234647713923	0.414067789180767	46
-0.085447014439232	0.393946587647259	46
0.0265519438718636	0.0750237177683258	46
-0.00477576044085341	0.0093401367636405	46
0.0565977362072508	0.110694346972816	46
-0.0541834919431633	0.0364333660848806	50
0.114858563353749	0.206777858987781	50
-0.0052061995485721	0.00396260256476482	14
-0.021747312545311	0.0257072460542776	199
-0.0517439176444745	0.0778718255889219	199
-0.10661221024327	0.214349299372168	199
-0.0372100059881637	0.0509307804084714	14
0.0948899289871186	0.156816764816147	14
0.0995500931083631	0.151377313828769	14
-0.0666784422760852	0.0847707592137973	14
0.0707884891484796	0.109955129411096	14
0.0683335555718905	0.0881048682487475	14
0.0739110526745459	0.487086646039756	46
0.0184325907754994	0.0830275003029674	46
-0.0426744756772858	0.160408267635516	46
0.0908615502284038	0.266601163329221	46
-0.00502351700523732	0.0112448955642203	46
-0.0103765433976678	0.0219788795848468	46
0.0352741236452372	0.0724993213563769	46
-0.0199060038197844	0.033515755397341	46
0.0290178820829163	0.0283565959451262	50
0.10810338631044	0.108906672256252	50
0.0446517266175384	0.039312467170511	50
0.0884866369154021	0.0997719746175852	14
0.0890957323996276	0.127622717867071	199
0.0270100301151303	0.037537579424664	199
-0.00310047753758221	0.0056316554595014	199
-0.120625311695588	0.272492122420105	199
-0.10557332894814	0.148987436806185	14
0.104216987569344	0.159620956311394	14
-0.0996555119695303	0.132668278699374	199
0.0188918551908341	0.0961351360376114	46
0.0418992543472438	0.199521961614115	46
-0.0594315995469534	0.168704322094119	46
-0.0424799757299361	0.104051537288999	46
-0.00953731109179388	0.0169234284064251	46
0.00834691844498649	0.00791272294862615	50
-0.0359363829889145	0.0314182948958472	50
-0.0267601095855084	0.0339098582632439	14
0.0913863796902845	0.108096310760522	14
0.0432289295793448	0.048857024784172	14
-0.0514517187413268	0.0697414792017231	199
-0.00487450155577899	0.0041780457511414	199
0.0761664135504598	0.153292226121143	199
0.0150338938277555	0.0275880626075366	199
-0.115050750814576	0.188812037396215	199
-0.0982166323351415	0.141430679630131	199
-0.106536838023118	0.172759500948025	199
-0.118316598477312	0.161704470657724	199
0.058076832911641	0.351501900423072	46
-0.0862662318073134	0.2835703998782	46
-0.0328538616595817	0.0652409064678052	46
-0.119372784538223	0.234087890866318	46
0.0805366314213877	0.0815975554678592	50
0.113354897714985	0.187345169733191	14
0.0537413048143623	0.0808613967159841	14
0.0529181141686831	0.055937023852128	14
0.0372367173023269	0.0382929336549544	199
-0.0463719777132307	0.0638439925412544	199
0.0593109762969453	0.0721766118736835	199
0.0169318610607346	0.0216671729577983	199
-0.0966754240109827	0.173297498435904	199
-0.124686060706632	0.250361492408441	199
-0.0510495879712734	0.0783706919100026	199
-0.0810384618081879	0.128651572635279	199
-0.110744285672395	0.133994568432802	199
0.032162495429664	0.0328524147828362	14
-0.071631178086869	0.318273035993871	46
0.0881987899295215	0.135639934142906	50
-0.120277223853801	0.205561073640698	14
-0.0543989539166821	0.0735525441087686	14
-0.0388285928549107	0.0481880550408476	199
-0.0787286951591029	0.129229916813832	199
-0.115496371192806	0.160319807032774	199
-0.0468302677911664	0.0682899553997697	199
0.0429505279098012	0.0686955874731579	199
0.0703387396298044	0.129638582359456	199
-0.109785270100541	0.212322344274806	199
0.000631480929438152	0.00104015126685195	199
-0.107983901921859	0.192340767863232	199
-0.0554363268945419	0.0779533017234309	199
-0.117848297887469	0.189736228115299	199
-0.0336463815500626	0.04547610914112	199
0.0367636558258504	0.204854311001698	46
-0.0716890615326441	0.0969481348279888	50
-0.0573934838965809	0.0543668307115303	50
-0.10997970771234	0.115134934950483	50
0.0254736950136889	0.0327774478233657	50
-0.0678911144722713	0.0835734118295227	14
-0.103444099635493	0.111422533647878	14
-0.0567583509005879	0.0690788582754756	14
-0.0447959143391222	0.0656436985467574	199
0.0629643238071081	0.0841952479448362	199
0.00223063608533395	0.00293500756665713	199
-0.0348068535060663	0.0633766399720264	199
0.00371176578070142	0.00469217257749206	199
0.0477375486847179	0.0604468155680374	199
-0.0697125706935442	0.0991031341924333	199
-0.0845893531570184	0.118505235826387	199
-0.0919602220735255	0.084371216871931	199
-0.00705706229677783	0.032804824349144	46
-0.0695375513913844	0.36153219263613	46
0.0904041503056703	0.104360110348833	50
0.045095351086183	0.0600897395989589	50
0.0661145156848352	0.0670378300893867	14
-0.0524015249033042	0.0682903480042214	199
0.0195292048607758	0.0276474288212715	199
0.0833719638558255	0.537353635318941	46
-0.107752944386195	0.626965971847131	46
-0.0558589861885566	0.0589884913073593	50
0.0571211667089771	0.042799075997768	50
-0.0257226007917573	0.0245685270877965	14
0.0741809249554501	0.0868369305975548	199
0.0571955607187746	0.0717800908046784	199
0.102411154925905	0.161196191313678	199
0.0641664997446622	0.117399405551549	199
-0.0040148662775287	0.00617505921078125	199
-0.061193784183528	0.0748465296967961	14
0.062909635527694	0.0924783029697955	14
0.00828655909613009	0.00819439443672409	199
0.0382915679742162	0.0493140345367433	199
-0.0196426355319229	0.020670021860564	199
-0.0804622408706168	0.0721648132729082	14
-0.014546988254409	0.0706736658549215	46
-0.0733305045428192	0.397975118358388	46
-0.0141938068334774	0.0479454421809822	46
-0.058713569779247	0.184968877330378	46
0.0987433959449651	0.16154364684665	50
-0.111174400221131	0.133249778742438	50
0.0101393711338392	0.0137659354433997	199
0.123454800391642	0.187492476864992	199
0.0914914506107514	0.158909367228362	199
0.0027636318019465	0.00448535777042248	199
-0.0132241892577416	0.0227598096218783	199
-0.102441576454929	0.151354929619914	14
0.0679328939657112	0.0887435018304802	14
0.0884605593761619	0.137291479339894	14
-0.0526362266954534	0.070256641562263	14
0.0799779955823786	0.105968250721785	199
0.036808753585755	0.204195937063719	46
-0.0241513171723688	0.109802525422943	46
-0.104334613321851	0.512489879038328	46
-0.0602573029463639	0.224068147007892	46
0.115775347403056	0.22399750951809	50
0.0528969639986226	0.0573679393611844	14
0.114507682145681	0.182652314343067	199
0.123984383346535	0.203007026983337	199
0.0616189281785862	0.110753885142043	199
-0.0112394918639049	0.0201836116274396	199
-0.0143801061023406	0.0183306328226784	14
0.0443780054844029	0.0690426887316984	14
0.110070562420584	0.828187672657841	46
-0.053559542951399	0.27041878471876	46
-0.0334490497112525	0.125199700760959	46
0.0179922258578882	0.0170844852217752	50
-0.048053518186772	0.0568937595296324	14
0.066869875291016	0.0789234664411828	14
0.0363770314675739	0.0499804496969801	199
-0.039082290478707	0.0654995155711953	199
0.0147791133219436	0.0263664431091264	199
0.117176976767759	0.234239331346213	14
-0.0999895651941888	0.146680066943945	14
0.0514478969762437	0.0822706480190974	14
0.114408045812371	0.160311388021152	14
-0.00239308104129154	0.00180297841507756	199
0.0435149087774414	0.242644239983079	46
-0.0221248126304263	0.097852089150555	46
0.118817217139983	0.436805807383929	46
-0.084079041932625	0.270495944422813	46
0.122561354950306	0.143328170293581	14
-0.0342258541926657	0.0464294231026939	199
-0.107391712189925	0.162970263988727	199
0.0282909142452325	0.0340390138175914	199
-0.112569134608983	0.171460390972031	199
0.0842144188401751	0.11118674611408	199
0.0552891935165505	0.323244229606005	46
-0.0665448239855198	0.338723404724788	46
-0.102398887452724	0.484039990863344	46
-0.0718280920625892	0.103234353830827	14
-0.102762353045327	0.101538174079609	14
-0.0688687181487493	0.0725119350009214	14
0.116186928599063	0.154625460567444	14
0.0383057867965029	0.0546840996764342	14
0.0281271707270161	0.0364675751764275	199
0.0208316562453061	0.0308848509763694	199
0.0854854051122133	0.125366148732406	199
0.0195508458976764	0.0250225796473845	199
0.0243407915391715	0.029202703618202	199
0.0017496805826143	0.00203912180399642	199
0.121253935929604	0.0896619275611097	199
-0.0952599865033042	0.0870485874250702	199
0.11628885485863	0.826505013381432	46
0.0952336460213835	0.527974940529743	46
-0.0413635149505171	0.172945434454314	46
-0.0502641123527566	0.229218630203602	46
-0.0588898172011727	0.0759829423668216	50
-0.101635283970812	0.139403059784872	199
-0.0495828847199474	0.0781022649153996	199
-0.0177806458339612	0.0254070274341638	199
-0.00221757352268376	0.00290681752837548	199
0.0563854447533138	0.0831208422919141	199
-0.0165278433049492	0.0218194233043198	199
0.0486644668798312	0.0565610391893407	199
-0.0810381174721754	0.118257113581412	199
0.115430210383816	0.129179619532986	199
0.0423361581659647	0.242934542524722	46
0.00263394797145561	0.0115785104627586	46
-0.1019447128841	0.588262521430633	46
-0.101619060195387	0.16502600579242	14
0.00858519652488365	0.0119945999580852	14
-0.110097141040229	0.167673559854764	199
-0.00361068822889805	0.00447746466510415	199
0.0436574218950424	0.0664558205015289	199
0.0552542690994277	0.0882281093156813	14
0.0692052059361009	0.10627623305799	14
-0.0129249879135036	0.0171899302337901	199
0.113238396547599	0.158618877917148	199
-0.100199886929578	0.142933978702043	199
-0.0885994452449605	0.133388594122822	199
-0.00364015399400508	0.00452716682324904	199
0.0490213610069102	0.292126343689522	46
-0.0906256953268934	0.555858010818693	46
-0.00917638617106652	0.0302529628199459	46
-0.0328572282876292	0.0570679061797495	14
-0.103628447625575	0.206366310965035	14
0.0900327661035527	0.151528770913621	14
-0.0828961974670524	0.139628296041407	14
0.0674099106967527	0.11524214160154	199
0.115275867864217	0.198159838545097	199
-0.0640312186154155	0.094149349347348	199
-0.0795517022113195	0.0984472409457099	199
0.119506384320423	0.142755062274792	199
0.0749453307372477	0.126570970991019	14
-0.015373483207299	0.0225626159665224	199
-0.103761983318737	0.129930025231726	199
0.048804416596982	0.284586789854877	46
-0.0148028212831137	0.064064453131188	46
0.0706559099774334	0.290688986192268	46
-0.0341478108339133	0.0550436258162567	14
-0.089105007001381	0.143668905120341	199
0.0849661985661803	0.136606710605467	199
0.083247547697327	0.129696767300971	199
0.0865122057416251	0.145635136511299	199
0.0192680771706338	0.0294173463252678	199
-0.0146974439087825	0.0228501602954	199
0.0658438618903849	0.108286300801677	14
0.106464695149094	0.180447289272789	199
0.0978266419311261	0.679679260877077	46
0.11713969514457	0.241217405872372	14
-0.0181691069887463	0.0295041084694599	14
0.101659284418537	0.178318825543204	14
0.037255788016826	0.0524918674256896	199
0.120633929017692	0.228744707924102	619
0.0375181876116236	0.0667796857650498	199
0.0716141138114134	0.117596537474174	14
0.101193891113653	0.172343561524624	199
-0.0161588078242247	0.0259048235775281	199
0.110327865459559	0.875632135432339	46
0.00631029072458205	0.0302880091251989	46
0.0754785220799566	0.381989438454873	46
-0.100162520822306	0.239436689772313	167
-0.0803397350923856	0.214359155040255	167
0.0755174900600419	0.168134145403611	167
-0.00725446479000022	0.0130563501051894	167
-0.0632612482142664	0.115530044749247	167
0.0590246699289636	0.104560303893825	167
-0.0836446369685919	0.136846474464204	167
0.0327374444168782	0.0586522602871004	14
-0.0739803786636988	0.125667203559371	199
-0.122817751042139	0.169554315718954	199
-0.100511634993476	0.21553904949807	199
0.032725807765563	0.0375917605336927	199
0.0223493580563036	0.121075668883516	46
-0.0729111507227764	0.159312585800723	167
0.0263824377408237	0.0535328521829921	167
-0.0789821960354448	0.150886831350976	167
-0.113079054530562	0.199764398313517	199
-0.103292942426047	0.161591046402481	199
-0.0670873342461459	0.089474175070574	199
0.121544886852525	0.1616652747661	619
0.0708216212870927	0.0594453295769439	619
0.116129026792021	0.199036898907634	619
0.0762239787315269	0.120840921695955	619
0.0100389708253345	0.0161697626962955	619
-0.0642986674767188	0.0601142712013985	619
-0.107229422634934	0.128813983996539	199
-0.07965331219067	0.138095675507023	199
0.0618671016271582	0.370426168837249	46
-0.103994505528583	0.220077151543798	46
0.0463987966162131	0.0584221917488853	14
-0.0364356608908428	0.0505969648436418	619
-0.0234897266904272	0.0403209653528583	619
0.0118778319664648	0.0127542339749263	199
0.113905355041984	0.187942268901616	199
0.0493367008160768	0.0526359513570076	619
-0.104321035933342	0.152931790837012	199
0.0703004336307586	0.0707939677646551	619
0.0760035867801039	0.0663946329762189	619
-0.0838834540181251	0.132262477276074	619
-0.0337381911373995	0.0550264215914019	619
0.0662103788330173	0.0854325481857988	199
0.0492872749761205	0.0737573361181775	619
0.0105619597236411	0.0540229924126026	46
-0.0650605572483943	0.383558216687079	46
-0.114816118309323	0.346673963831013	46
-0.0167184303301268	0.030897362900824	46
-0.12178855345864	0.210054706729594	46
-0.0152657015136706	0.0112351156983035	619
0.0736203253089972	0.101499433711317	619
0.0258889998897904	0.0391524756561576	619
-0.0269500242738067	0.0225735342817681	619
-0.106476464737219	0.120993077190306	199
0.0203886949067368	0.0398439286771825	619
0.100235045747624	0.171895333736454	619
0.0513198644834666	0.123054426557312	46
-0.0707654738336797	0.16437216620995	46
-0.0420356098778419	0.0910589975429977	46
-0.121458413375558	0.197569694332807	46
0.0015804388928075	0.00233412475715798	619
-0.121681155946417	0.15463263501361	199
0.0227753190181389	0.118351649298354	46
-0.0335313193678822	0.0803340514553572	46
-0.0477778796130901	0.122328791922295	46
-0.10072485488653	0.235872705169551	46
0.082531481458638	0.177576973600861	46
0.0366910062328065	0.0759956890483364	46
-0.0580524221517425	0.119757612606045	46
0.0354813816317654	0.0685428783305137	46
-0.101901082552057	0.162598071143555	619
0.0543818656998368	0.0931253040658314	619
-0.0654761190494858	0.11604425704207	619
0.0450751234412896	0.260328593291948	46
-0.0437237194820176	0.111970643702523	46
0.0752959474303867	0.218889250960584	46
0.0404139385655356	0.115868483092534	46
-0.0494571119862906	0.100623238508098	46
0.0619139166333063	0.144404642114222	46
0.0473367341218758	0.0907910710178204	46
-0.0180123199787407	0.0286223606753685	46
0.0355095724421038	0.0699870326217039	619
0.124564375561547	0.284456058406103	619
0.0100505454471646	0.017586745885986	619
0.0831025077315638	0.153761050936286	619
-0.0118543407022748	0.0556714243974293	46
-0.0503361466534645	0.12668227874879	46
-0.0968081061225302	0.276436345297723	46
-0.0888941152076625	0.272235138657083	46
-0.0049878108414769	0.00895077426378121	46
0.0245799183821717	0.0468473343337194	46
-0.0769217576892443	0.17310953317926	46
0.0744804825366787	0.179583287315872	46
-0.0652346150775829	0.122318175067197	619
-0.092254141198477	0.114238964034102	619
-0.0185007617860623	0.0899089450578021	46
0.059499852860542	0.184776552121574	46
0.0743183983957951	0.160507599666818	46
0.0756905810905422	0.188926551018447	46
0.0374614129409093	0.0685972042291485	46
-0.000981139055946724	0.0016834003994389	46
0.0630744926504545	0.126699372711791	619
0.0918636218445261	0.196474943853195	619
0.0884412238703848	0.187095749229339	619
-0.0897336021239584	0.158539833612188	619
0.0637442425253961	0.0711194103816999	619
0.0615375814548071	0.387372307739134	46
-0.0109799354570284	0.019707353444244	619
0.116859156837179	0.245539934049784	619
0.116869167806803	0.223061933046784	619
-0.0680703936262686	0.133822625384916	619
-0.0930842352514647	0.142142558891002	619
-0.0431954253551474	0.261976700907983	46
0.110538055509158	0.427240710924689	92
0.0721175067678284	0.106383159681664	92
0.0399794053258365	0.0732641295070957	619
-0.0518275301835837	0.0614978070882785	619
0.0601673100390448	0.146853237438433	92
0.0806907177050102	0.188356617330822	92
-0.0342322767005752	0.0658616196477973	92
-0.0273476541851458	0.0410647396132086	619
0.0318531746852096	0.0535043074491604	619
-0.0748754257182381	0.128753890333279	619
0.0365876450591667	0.0586914532627636	619
0.033023703557103	0.190801332443874	92
-0.065921391236759	0.332543719301886	92
0.0620178868227982	0.108224409481654	619
0.0443187640593013	0.0737105759008155	619
0.0889823480057487	0.171432282579366	619
0.0812941097314383	0.558086850113789	92
-0.0367954547590075	0.192902304290793	92
0.117432904294151	0.189858873677496	92
-0.00756610850956296	0.0109900758926656	619
-0.0631251165129802	0.0889373981092998	619
-0.00800138712894523	0.00910646821419427	619
0.00988771540237245	0.0481811778236061	92
-0.0573978037155837	0.104995309808724	92
0.0504285642441966	0.0933186037902407	619
0.0766301825206787	0.158086958969219	619
0.0187448655523569	0.0321164725316059	619
0.0629837857726261	0.0745549763592726	619
0.048681003645362	0.275790074907161	92
-0.0518652506368174	0.129025163714901	63
0.118473646132242	0.249348098086397	63
0.0882241086187778	0.188266454306307	63
-0.0746269414566291	0.175205710934381	619
0.0972681563583552	0.226825376248339	619
0.0710877131468527	0.473035397906094	63
0.0160318929077998	0.0259982291178528	63
-0.0131913907178064	0.0171640364766793	63
-0.0483096227228804	0.0817532633576135	63
0.0562753569314252	0.120146366961666	619
-0.11614746125021	0.202385841424193	619
0.0403007721295592	0.0585392727457088	619
0.0699632968098281	0.107088985834071	619
0.0472268221290384	0.0807639272634225	619
-0.112674342720646	0.148903832707313	63
-0.0130927136571492	0.0686364062471173	63
-0.0110721177157155	0.0394089218367457	63
-0.0387841124490763	0.0997172492449753	63
0.086764324698978	0.209964142776346	63
0.0688971876266558	0.133374141767619	619
0.0296838344167989	0.0589252475052691	619
-0.052993430419723	0.0872648414188559	619
0.0213914518625454	0.114035654763934	63
-0.0323392051914517	0.141237392945839	63
-0.106436083801883	0.468699261203495	63
0.0751176210786614	0.186541401163011	63
0.064803400017988	0.144937266265107	63
0.0676061102673587	0.175782940545102	63
-0.0739765347067632	0.189074872298143	63
-0.013667599195927	0.0307829348562086	63
0.073416490736287	0.151920617532236	63
0.060233986185532	0.119098408163591	63
-0.00599818626307264	0.0107647678716788	63
-0.0963685017060054	0.221159458154265	63
-0.0948409590526052	0.201641617032105	63
0.0743713686910335	0.440794477399224	63
0.0362537982113525	0.161334989235705	63
-0.0317008376586849	0.0784429510671769	63
-0.010193276012693	0.024837862318369	63
0.033150487776903	0.0874268607239487	63
-0.0293393888964101	0.0749773454268459	63
0.0212805903141818	0.050425281578563	63
0.114915004492935	0.292910798057827	63
0.102011498905666	0.238206057073793	63
0.0683189287037605	0.103996600014389	63
-0.0461421395642915	0.248911432891746	63
0.100254937375864	0.3372557904411	63
-0.00797357122320402	0.0214437724830341	63
-0.0869679990453896	0.285107508688438	63
-0.0600628467438149	0.144768370257663	63
-0.11593067249018	0.3509862460351	63
-0.00501355716156757	0.00894571270355589	63
0.121695634462282	0.157778978068247	63
-0.0371032667552911	0.21054404872239	63
-0.0530069356899602	0.160620175214368	63
0.0260862597334965	0.0682460870596518	63
0.0668534029077345	0.151903474833466	63
0.0687236813530174	0.152795286249863	63
-0.12069187473408	0.20380553458472	63
0.00515019086893816	0.0172917839034046	63
0.0715607344829215	0.167170967249917	63
0.023218214190076	0.0449084629747366	63
-0.0811816529205551	0.138831155816427	63
0.0268030530472757	0.139464935546951	63
-0.0758488960347459	0.434673909115749	63
-0.0398481970811956	0.0909310863416082	63
0.0241519752560427	0.0463969265411764	63
-0.0372408539556092	0.0670771058225464	63
-0.0289582397328924	0.158003294473475	63
-0.0638763563261889	0.141419268845927	63
-0.0118789437349995	0.0158540065047127	63
-0.0330686759215065	0.187038191508181	63
-0.0577574841125616	0.182950858112776	63
-0.00625117153398765	0.0168313575331986	63
0.0739980990082779	0.188790720508621	63
-0.0505483552787703	0.092675824789345	63
-0.0622374520937594	0.0784775442722161	63
0.100372723115637	0.144967079540839	63
-0.0416874754240363	0.241309246980134	63
-0.0512718445879456	0.262077777110292	63
-0.0272986537046254	0.102622081823912	63
0.119585302602064	0.455388759535431	63
-0.0674074529823068	0.118272949387102	63
0.0184175248285637	0.0936079415704839	63
0.0292766905854468	0.137606461385389	63
0.0837042369080128	0.335204080979244	63
-0.0358304167147734	0.0780844466512886	63
0.0975688612418041	0.280811547917266	63
0.118950865305458	0.194043944770346	63
0.0846168129387757	0.118890837120224	63
0.0101418270436066	0.0472476760408745	63
0.0950831683683242	0.575540590390717	63
0.110057299543923	0.359233052381797	63
-0.0510308593113807	0.138910673846641	63
-0.00480005172223062	0.0124116772350333	63
0.065136678055336	0.150123357755283	63
0.0586924506982613	0.0837352071812247	63
0.0201620284714259	0.0299454271362502	63
0.063769497156691	0.0838282618175978	63
0.0101342360897983	0.0485110727666985	63
0.101714304768682	0.301439808797608	63
0.0733442778294032	0.117780745196355	63
-0.00072561712109275	0.00323183116423696	63
-0.00473035363762294	0.00952135749523891	63
-0.0582710557586682	0.307654867074851	63
0.0299235907534553	0.0782674688233865	63
0.0306306232941659	0.0697255399024415	63
-0.037802207042808	0.200185974193204	63
0.0872638516791621	0.554806179322431	63
0.10893670707097	0.500021824950032	63
-0.0183308610208289	0.0514885674709467	63
0.0463036114616977	0.0779353517032779	63
-0.030259525597699	0.151860630713799	63
0.0372588514138115	0.208918650807752	63
0.0162494470885356	0.0792230084107641	63
0.0346800092844221	0.161926152439586	63
0.0202481495270251	0.104326948556432	63
0.124956492517321	0.818352307364392	63
-0.0307950162022899	0.101193126260337	63
0.0827637820733017	0.51307721225979	63
-0.0925012255082969	0.503012361259536	63
0.0672136558190061	0.45789879443851	63
-0.0208969974346116	0.103965719933737	63
