x	y	clickSelects
0.063959329526294	0.0885654576249752	169
-0.07347640774089	0.361278975518081	169
0.060617486771913	0.171140584162256	169
0.016043838967517	0.260276212718295	358
-0.013554106164135	0.332009366923315	358
-0.030317812056771	0.168220496811622	358
-0.065095720391723	0.367762346109456	40
-0.077490988312789	0.564148088520133	40
0.053317065777424	0.255328826692862	40
-0.005147691325052	0.340989240450338	40
-0.076706572452307	0.398516428404976	40
-0.071821082752172	0.448672633026982	40
0.011730798969163	0.331819491987233	40
-0.060541670206692	0.271099503170826	40
-0.061841633413403	0.262182726895537	40
-0.000554241881047024	0.201043141363268	40
-0.092599964737732	0.475400562499373	40
0.054112479838408	0.222170938412884	40
0.081570940878423	0.155198207544334	40
-0.049413611286473	0.335114508776424	40
0.021055400099098	0.295317228137119	40
0.01643378020729	0.280642838182281	40
-0.095726163353073	0.409839362857379	40
-0.069033511127933	0.446291297606778	40
-0.089491347327763	0.52299597642196	40
0.055587053090132	0.222603769033947	57
0.053530863525875	0.181414116062082	57
-0.049848376780129	0.377073650167684	57
-0.015995383072896	0.335135416698839	57
-0.091739040351901	0.476468977920073	57
0.047126813176365	0.1885729200819	57
-0.020003098210067	0.381031688587231	57
0.066601152818412	0.198333212041171	57
0.073551529195335	0.195277424788203	57
-0.12063007927288	0.207379417967549	57
-0.014279034988943	0.223275592644814	57
0.076844725322201	0.200240011709318	52
0.012857718352837	0.242180245670398	52
-0.115041872931501	0.263476888894443	52
0.104469265085119	0.151708711192787	52
-0.00178635559649698	0.1626372250019	250
0.053337034158394	0.130809927651294	250
0.066924325415956	0.170969814234753	2
-0.036611937138764	0.279401244844565	2
0.043569349551938	0.191381543882516	2
-0.050970351534641	0.337306175297864	2
0.073157288303815	0.181949871536097	2
0.029684838875384	0.172121258844152	2
-0.100191104169064	0.387011180150542	2
-0.028269528519564	0.260135478900543	2
-0.116131690336841	0.379051402601772	2
-0.110936653031296	0.280703022416683	2
-0.114588874253736	0.251241032769247	115
-0.109474913899988	0.551985223033476	752
-0.09017718994573	0.473807611473602	752
-0.017419983834785	0.278247502230575	115
-0.102448541152432	0.389470058930395	115
0.072546281747383	0.177343559158861	470
0.110992230975417	0.134207830473115	470
0.040057631368547	0.202392935298477	35
0.103317376044538	0.138397888379494	35
-0.042402551286506	0.220111241886182	35
0.102989750208217	0.126001901844798	35
-0.0055342778543	0.272098812810685	35
0.00772523665361999	0.244392932326626	35
0.076554193354156	0.149249367830986	35
-0.067518901228852	0.346532783677154	35
-0.102997445599463	0.336120216896217	35
0.069025692656726	1.68209823655484	128
0.012783308315951	0.660290173821438	169
0.028428639794735	0.567308898192368	169
0.063917913759446	0.366237629084964	169
-0.038438842496148	0.634632279192793	169
-0.075802822275402	0.547256137549238	169
-0.070199116988177	0.543914059187161	169
0.096224869687704	0.334389953500625	169
-0.110119881390102	1.12678629764681	169
0.123258775152631	0.192029855016676	358
0.051763994456954	0.445319446604969	358
0.020529916275872	0.408019912149306	358
-0.036080373673057	0.633233749549183	358
0.043039569877389	0.450808914048164	358
-0.00749914156868298	0.404905843780705	40
0.058334416407324	0.344207038690802	40
-0.079795770324639	0.607390859771468	40
0.037696254040858	0.255990466847464	40
0.066695241404582	0.192240209607635	40
0.06554008469991	0.255802944648435	40
0.086763903900611	0.176602082826757	40
-0.013752664420587	0.32588445920359	40
0.063482639216757	0.205337546609557	40
-0.032216739275012	0.669552702232305	40
-0.07787224431102	0.702970731114523	40
0.029568737531519	0.365150827424112	40
0.041691584289884	0.441515802803459	40
0.122211623330511	0.217532345586214	40
-0.066309350764344	0.571638731491994	40
0.073462370073103	0.251073269323946	40
-0.056017615740596	0.547718514750846	40
0.091032207828783	0.198230540286927	40
0.113659302423562	0.205444509791616	40
-0.045168540009951	0.336931355681975	40
0.022440811879198	0.269556334702708	40
-0.022673478439234	0.406333339463426	40
0.013374530323933	0.402847690311163	40
-0.052526843097255	0.422667614599096	40
0.05060694015958	0.326663640174808	40
-0.112085600611665	0.925616333908579	40
0.026876819387818	0.35101053313828	40
0.00157118776139301	0.306288885847632	40
0.003659945977464	0.553153159294798	47
-0.059834449121418	0.616293993658125	57
-0.021653936474944	0.487967430298903	57
-0.040347345812324	0.742511391255812	57
0.075569262762829	0.307905542186851	57
-0.010682511386555	0.42330856202233	57
0.119181097072554	0.225512812505897	57
-0.072424207475086	0.675983646229678	57
0.054548241079887	0.351146901183719	57
0.075310798493321	0.290711666342013	57
-0.028458421237498	0.544989995439715	57
-0.045729070927352	0.521738004664172	52
0.089820373015543	0.248231216015442	52
-0.090830648608473	0.687545763626807	52
-0.096228840732694	0.700801607152209	52
0.092323242527427	0.226951929208418	52
0.100150631687972	0.277201254813444	250
-0.051133354387842	0.5648825048911	2
-0.087289866695019	0.663722554849088	2
0.075256507789033	0.300785051072923	2
0.052098272439149	0.315784309291044	2
0.104671785226178	0.272756548851865	2
0.016781390370116	0.497811835472186	2
0.021343303847488	0.409305139981096	2
-0.091975460627413	0.811141140254729	2
-0.073770730822872	0.661880351334832	2
0.00131833337201601	0.358412780537213	2
0.085128628684622	0.301927858356182	2
-0.063677877791719	0.558652417166165	2
0.09376063459157	0.272194262353836	2
-0.021049389054252	0.461153261928174	115
0.034643830606468	0.383362204701251	153
0.00653430136436301	0.448273327458833	153
-0.058229607841118	0.28855536366194	115
0.084124565489857	0.155869660861343	115
0.092351193374455	0.142399227486287	115
0.077678888836413	0.175750300136976	115
0.024802976310378	0.207795097345148	42
0.085551200001753	0.141728794035259	42
-0.00481550123848801	0.51835170544514	42
0.096168660257039	0.233865062640344	42
0.034958348996825	0.363557127878894	42
-0.034564268725826	0.572996697015941	42
0.034988763822171	0.229908442899623	35
-0.04410633756304	0.405525436073393	35
-0.027024646886358	0.527524552969755	35
0.097615760477319	0.21739000514812	35
0.083577192797904	0.240384340056748	35
0.117505019300725	0.174031208823958	35
0.090930375576351	0.150300163689381	49
0.077126541770752	0.237684780624062	35
-0.019315597536513	0.306027579440436	35
0.00161641754887201	0.430775623693115	35
-0.017778232563284	0.487388828191424	35
0.057097496093317	0.280781363752054	35
0.053803879603719	0.568284883925233	169
0.118518187304988	0.233130966465521	169
-0.003716189826866	0.580194560959279	169
0.00588443315404399	0.472180506225044	169
-0.089589342707189	1.05499517653179	169
0.085555158291446	0.410555380455248	169
0.069039551873923	0.236265823497586	358
-0.014859975784055	0.663487373750783	358
0.02693789383697	0.353822892009577	358
0.020938738958977	0.547149853217701	358
0.029613442298252	0.534588301045966	358
-0.024675391501415	0.615029115798999	40
-0.069463915520803	0.764668976901159	40
-0.016406411945184	0.673545560174142	40
0.068834575180496	0.310099125604538	40
0.00108489247756499	0.291339275721604	40
0.039275598439293	0.447408088533221	40
0.049257171516851	0.403672405637099	40
-0.051982008457638	0.459419934838312	40
0.10915561350254	0.169040033110492	40
0.122787161741004	0.240078652712006	40
0.024970844168025	0.266254222440697	40
0.031274428925791	0.398102819801238	40
-0.019804305205029	0.329920307689183	40
-0.107493205655964	0.576308020408137	40
-0.082471299163301	0.618900310551231	57
-0.00247090411158302	0.424676662344774	57
0.096100301679681	0.279931668415063	57
0.077612479847416	0.164172618266083	57
0.12184843119751	0.184440098011554	57
-0.023742312511103	0.413293021617317	57
0.036076424919039	0.479195235563146	57
0.06349837147706	0.391561671533508	57
-0.061709515351699	0.857473701820158	57
0.044489180159059	0.279126227194039	57
0.072632604299227	0.311449891816782	57
0.051125247090251	0.211009338696097	52
-0.024980955343638	0.357416994353241	52
0.010059747285785	0.467763434450713	250
-0.048613678345354	0.473690916501895	2
0.007912784308481	0.405956267341024	2
-0.077072429938303	0.73272360945754	2
0.074556306205448	0.296378982375889	2
-0.078477488719779	0.707628778979905	2
0.034643714706072	0.421117053866684	2
0.042486936074401	0.193984419641032	2
0.082953044457603	0.172748579976663	2
0.017449189244059	0.384471104165909	2
-0.100721957068168	0.839561925466452	2
0.041607697165348	0.3696454259283	2
-0.060688957382503	0.660806240171245	2
-0.094086522529425	0.831899069905417	2
-0.115563337475126	0.848067704929684	2
-0.107654632075684	0.614810091104761	2
-0.084664242742719	0.418346227275717	2
0.058387413416683	0.245017713190778	2
0.01761337464086	0.477510489804919	2
0.040026635336758	0.433499789431639	2
-0.073962189395444	0.781704663747119	2
-0.022602775181367	0.574769045647218	2
-0.036735484138841	0.692203999690956	2
-0.095525482218019	0.708983122819565	2
0.063511765661543	0.296587289353949	2
-0.085814338603966	0.73916120780327	115
0.015022390356147	0.44226429888179	115
-0.036182987699963	0.739075612263888	153
0.098358562631662	0.270867412569518	153
-0.054927444373529	0.760189812629123	153
0.044016732295067	0.164870708824947	115
0.043118827431784	0.169472068867048	42
0.08149943624087	0.19960671876282	42
0.105974020274846	0.256981410641418	42
0.03208449396254	0.235711634481451	35
0.103511314174081	0.191763835385768	35
-0.035317020984166	0.539506190079417	35
0.114306402903843	0.233447647727088	35
0.035956013366346	0.312905220277979	35
-0.05458875153202	0.554990268533095	35
-0.00758565937029998	1.1827562921406	169
-0.116353878774165	1.65659839157729	169
-0.038976775650194	1.01432821466704	169
0.072090122060697	0.31288486891421	169
-0.076311984711766	0.725999350307573	169
0.123180641257055	0.247832872139897	169
-0.114449106397666	1.21217765473516	169
0.06929919247675	0.348287718450873	169
0.01229918264802	0.40013202259036	169
-0.096273732616461	1.0969827744981	169
-0.04220693152813	0.704554752947397	358
0.087506347590969	0.279922191164388	358
-0.039782237812879	0.674429007549299	358
-0.060005506384587	0.644242770224454	358
-0.016615632631685	0.522275983174991	40
0.046315510928009	0.374272460029193	40
0.06025416059235	0.325902195898761	40
0.092810123854647	0.247573604248804	40
0.114928949415225	0.144431088484341	40
0.025879510389332	0.250614265047851	40
-0.121467231058223	0.681257682006992	57
0.044246762596967	0.318382115846076	57
-0.00124881632194701	0.471286109067183	57
0.068901389666347	0.148181123492407	57
-0.042686137984401	0.443484508488804	57
-0.099815806349638	0.638843037968934	57
-0.087473076973985	0.666849439938041	30
0.095223672347611	0.1879423373365	57
0.09027394446682	0.230191625269403	57
0.065402981689398	0.29604520494013	57
0.010795486353087	0.427264352411329	57
0.066154214919858	0.308451577665531	57
0.095343584472504	0.243732240610208	250
-0.115482341685997	0.622999452756176	2
0.0268251958525	0.37521156417059	2
0.051349725130673	0.311513873937188	2
0.041449722963574	0.389241554876392	2
0.049448212387322	0.348424643593382	250
-0.048708526549592	0.575326364903906	2
0.082652774481218	0.31406531047144	2
0.038531893688258	0.366086960232931	2
0.085275667896578	0.234912973654838	115
0.045838199884901	0.384616659088411	2
0.023542890131552	0.443028964642528	2
0.040580918392777	0.404268812900912	2
-0.089759544168345	0.781891949794289	2
0.110512521569652	0.229978820053653	115
0.006843731398228	0.459727528316465	115
0.063850780418016	0.199397159034447	115
-0.053641170577374	0.262378337034355	113
-0.00437908265509002	0.227749141542354	113
-0.014343490505629	0.300764002246811	180
0.119405860636113	0.186132845973961	42
-0.041508581609555	0.563083616590653	42
0.041465616099192	0.349164737420133	42
-0.090371712253755	0.698258567951595	35
0.077149113214463	0.299686847457016	35
0.071751541314147	0.211249931673991	35
0.122965767788884	0.160872446011803	35
0.115090426534807	0.166658550607198	35
-0.020783275486039	0.333846602405957	35
-0.092759115929283	0.645918458105168	35
0.032827936853545	0.575473551661493	169
0.060631949447078	0.493168367398347	169
0.014163664763867	0.595576678381979	169
-0.065280113288057	0.606299308077277	169
-0.027709514677027	0.742200688879746	169
0.111435895285564	0.147795021228238	65
0.075971029963874	0.163789868429084	178
0.08103789308069	0.251422890217709	40
-0.037495581366831	0.453771880471616	40
0.041664116235221	0.1357012906098	314
0.0392836492431	0.193194877623715	40
0.110954250592049	0.165637181727418	47
0.043139795387575	0.376068194775175	57
0.048945489557225	0.263956653543173	57
-0.072366450154773	0.235832771674975	57
-0.054523128765746	0.259518994520224	57
0.047538552119485	0.340543411895218	57
-0.073356536148566	0.632335035445253	52
-0.00241846515305699	0.292301431605989	250
-0.036404826661798	0.61769832554392	2
-0.041681058130468	0.217727515422253	250
0.12298120077118	0.188982829561767	2
0.10094600953559	0.235818033970178	2
-0.118323642626952	0.574018399560957	2
0.097938016474142	0.222785090939244	2
-0.051386001323523	0.533612215468881	2
0.085632867927868	0.335867061058992	2
0.019179136336647	0.402644017409238	2
-0.123146745626951	0.697461971029761	115
-0.083063113257356	0.694666510577461	2
0.00238291328999499	0.391599159327902	2
0.078512701077608	0.286423509466295	115
0.045573074217981	0.33729662609682	115
0.037564786927765	0.326874060370949	115
-0.067065413131898	0.498970684488709	115
-0.034168319050094	0.465471045118409	35
-0.11685846962755	0.208044659540278	35
-0.051714730701352	0.378447277709946	35
-0.078688826488236	0.241304480497066	744
-0.020836805398316	0.364042685144194	35
-0.108062161985427	0.555212720372737	35
0.060014584482063	0.929154358923475	169
0.051605756744091	0.829011407802831	169
0.058765410283028	0.408384741213009	358
0.096094264518729	0.166420582683806	65
0.11187700544384	0.332238936670908	358
0.118289969269123	0.0742896017093868	254
0.00956474749142799	0.15803883322239	254
0.034916101385237	0.146054497477643	254
-0.07733754685333	0.401419945801243	40
0.100419572891534	0.0781175733333941	40
0.073894505279635	0.126688806851311	40
0.032410056756324	0.409774930343958	47
0.104991316863436	0.125541162563651	47
0.117792323947167	0.0748444967812598	314
-0.070840626429018	0.192577955139296	314
-0.092872132694299	0.364483653889039	47
-0.018551694906538	0.225229895138674	47
-0.032518020616239	0.169018837952424	47
0.059294517270957	0.095233639708843	57
0.118428089277469	0.228425340664455	57
0.120267761627967	0.205419275420399	250
-0.053808583995418	0.438086653395078	250
0.073100286272724	0.192689404404582	250
-0.100587953592303	0.334622389016546	2
0.124642989488303	0.153609612425481	250
-0.066466616722162	0.220915149584659	250
0.11665338505521	0.0749003357625637	250
-0.034521652625047	0.120035011026752	250
-0.036049168080072	0.323183046668711	2
0.072447326092932	0.26403521663718	2
-0.040119454232989	0.679083632898968	2
0.080107195571023	0.269292533088128	2
-0.01054199006462	0.487680824864285	2
-0.031697094057294	0.740101829157619	2
-0.020219353913946	0.475453204079779	2
0.104679913922971	0.236365665501375	115
0.088497593263405	0.302137724381125	115
-0.030285502750877	0.676172951700104	153
0.073657756957152	0.425435852080101	115
0.00656497538789999	0.457260939317201	115
-0.040048455050488	0.126617025403403	180
0.075472152159381	0.12294467982653	49
-0.072129102568045	0.374946266601114	49
0.042191491007014	0.213678765887789	35
0.048025551918133	0.31663601960079	35
-0.00101786666579701	0.193545616118674	49
0.017565951691606	0.108710755165279	49
0.099903962433333	0.0775647947248962	213
0.029850858272466	2.18765908421363	128
0.045914761209926	1.39928968229246	169
-0.002658984567246	1.49599697806593	169
-0.091949912260167	1.21707654917763	65
-0.067535912742886	0.896939765153604	65
0.014472370535926	0.400488498706011	65
0.021074376755206	0.559989494990079	65
0.030826003616454	0.149435191897537	40
0.12390626605422	0.0682111062441847	47
-0.069934828597429	0.19268458216663	314
-0.066192677949606	0.17928519958145	314
0.095282119586923	0.113558419749394	47
0.010399860964081	0.109965889027185	57
0.032251837877887	0.146002831383844	30
0.120696935369431	0.205153294804482	183
0.066740495817848	0.203847307070067	30
-0.038830436412188	0.523838233662403	57
0.049243930347469	0.347720703620817	250
0.083099601007411	0.297217031439648	2
-0.017979861045959	0.495972924531863	2
-0.03746299087832	0.425025078022838	2
-0.015076000921099	0.501124291094087	2
-0.081091071014126	0.861453442578013	2
0.124883407570706	0.225101465296051	115
0.057332708319189	0.0940965384872514	225
-0.124915933478958	0.2050379951499	122
0.001345920987567	0.285483058800472	35
0.06704091345197	0.177403652662399	49
0.00741134315247699	0.152737809701835	35
0.110637383511393	0.141910792306291	213
0.124479006960609	1.01735516392688	128
-0.098860188801133	1.10519181901491	65
0.067822124812613	0.555360463682152	65
-0.00200350366809299	0.557325571283167	65
0.090541816209645	0.386453670470651	65
-0.00482463483294399	0.51842296931828	358
0.075589630374016	0.185866611280405	40
0.010567882377064	0.415932779191049	47
-0.010868755327014	0.347950002854062	47
0.022022647850426	0.206018662283785	314
0.034456557865274	0.226655868698166	47
0.118358789163505	0.167987871402491	47
-0.038641280509689	0.325264813668507	76
0.089699876083781	0.244223877459218	30
-0.097001617724959	0.467540558875896	30
0.104562617260586	0.164427849506355	57
0.062879942540756	0.274543524346337	250
-0.083005859141137	0.286882557579595	250
0.080539296619825	0.255682938288628	250
-0.059124572990234	0.525209964063973	2
0.104737300616566	0.227507939710935	2
-0.067079630808937	0.622716469480531	2
0.03526994093408	0.425397699686186	2
-0.057977391617381	0.644587442129597	2
-0.00097183095860498	0.507998952304483	115
0.00379091431897999	0.435137835094004	115
0.105771278520696	0.241344262249266	115
-0.079232309198156	0.548751158497012	115
0.061295425548277	0.341518942027179	225
0.037067533608593	0.389699925908673	225
0.088001932808896	0.148852424882846	225
0.061540573386796	0.170232901911019	225
0.029688792502048	0.192839328879404	180
-0.078075356233132	0.227687576526086	413
0.065623248662721	0.25574729931667	49
-0.123040265742836	0.635478617043445	35
-0.030969257524739	0.214617823747779	34
0.012302437726183	0.211910022698043	744
0.121976826826159	0.12381334579032	744
-0.11971086056703	0.506710071186183	744
0.040207781121466	0.299685738526898	67
-0.016214795219471	0.907349279439955	65
0.106705732781422	0.131975475877821	47
0.042737765056725	0.304532278348743	47
0.116723620897252	0.11250885497354	5
0.054529338952486	0.26565109934827	30
0.084860238194167	0.238896586959621	183
-0.059676118907203	0.506468129366523	220
0.109740596983766	0.17841721486681	250
-0.06121785724831	0.536473214239175	2
0.043180116431216	0.326588573708842	2
0.073765860683795	0.299722065458422	2
0.023945734764446	0.356264599504702	115
-0.114015306084399	0.353297540964478	225
-0.00162794934949501	0.200374238242901	225
-0.045142268612176	0.223589924718183	413
-0.054564279147845	0.337583938434343	42
-0.024617868908399	0.230858798990709	42
-0.071864754433116	0.602533388296216	42
-0.085101931911059	0.498320972122003	49
0.025682307733198	0.381284869626992	49
-0.067419222416141	0.298501535769088	34
0.083405545982228	0.227762687212768	67
0.100483725125295	0.425229883758541	65
0.101771272133785	0.326635763958938	65
0.042303022279884	0.338683921044042	65
0.090292249693392	0.195773021909748	65
-0.016573781957463	0.240455802824087	427
-0.071285699077858	0.43019285063301	40
-0.06019969025961	0.221609763930747	40
-0.101108315439266	0.53145974453701	40
0.013983648292852	0.212173837517184	40
-0.03244382969015	0.446148831084673	40
0.117792323947167	0.0748444967812598	314
0.037185548497294	0.142650055062613	314
-0.106770129228493	0.295250887881045	161
-0.05153533282179	0.293506514291832	161
-0.093060120337089	0.441094782511443	501
-0.08872900490214	0.403595047927185	501
-0.017685701080581	0.348509905333694	47
0.087307090292583	0.0869655493643506	5
0.032308862245543	0.146423834502911	5
0.077556658190582	0.257571689168084	183
0.063465897296308	0.155050011907864	355
0.118428120052108	0.147384783165591	30
0.124232201861799	0.163456764513719	4
-0.108873224090727	0.30494166260881	74
0.0857070592103	0.226598049422085	250
0.06899513275875	0.198449747548233	8
0.087880851759625	0.168280488001001	8
0.060396229423403	0.262572443372913	250
-0.076781340080037	0.326525908197694	101
0.107945129286547	0.227182905283505	101
-0.098834392377999	0.387558406313238	2
0.087440715159406	0.260641005302656	2
-0.063692324822068	0.46838016344392	2
0.108326632649403	0.231616483397861	2
0.042252031399405	0.326449291851288	115
0.031869259001931	0.301309314831688	225
-0.081489988693388	0.74736462212307	225
0.028344077445252	0.441298957249633	115
0.124266852915327	0.222296297683404	115
-0.00651130801350702	0.433795588731225	225
-0.066144102542935	0.756659604571748	225
0.085820065927755	0.0861289701897738	225
-0.065452884434443	0.172292536772824	180
0.033619724874994	0.141792898451142	122
-0.046489749716425	0.129984189371986	122
-0.118396904210332	0.256598894739954	42
-0.089226987247052	0.599348148367206	42
-0.080655533956503	0.607521734928346	42
-0.001267172042202	0.405018889120889	49
-0.101993457780076	0.330691549341768	49
-0.042654231008932	0.270564764498827	34
-0.051365705791919	0.229722478685524	213
0.085570996832309	0.403846985937482	65
0.093028552121617	0.294991868420543	65
0.095721026408191	0.32150124472008	65
0.037448738555628	0.262061261915704	65
-0.021732150764749	0.242098217218559	65
-0.109541125042656	0.301495995414553	427
-0.01211418319531	0.480744139729373	40
-0.078884397051807	0.419587501443137	47
-0.107001584554296	0.249966491395595	357
-0.046975331237801	0.219491099344312	357
0.031680015722972	0.147915521164672	357
0.063042736177341	0.156005250726024	47
0.022907439459231	0.178348535677661	161
0.041885202527883	0.160219766740047	161
0.021604119237673	0.107511123489543	161
0.047037714611263	0.18541785838154	161
-0.019903647522511	0.210138584363271	501
-0.037049401285805	0.127347335579349	5
0.092733279088117	0.14223860626589	5
-0.060085334598837	0.315627928367658	5
0.101121297142082	0.111040404573446	183
-0.113549767887698	0.201872682652587	183
-0.018228018546327	0.31507095949256	355
0.107020438299546	0.206041421878956	4
0.118462468794143	0.0968402269491209	250
-0.035792700086842	0.352356434115442	8
0.092077446990592	0.256216585111256	250
0.045297561259679	0.217308174043144	101
-0.037714686855127	0.231531988518767	101
0.018737742162154	0.395413116887118	2
0.073585768713973	0.251236659653335	2
-0.078941305157572	0.724272096163342	2
-0.107589662430996	0.626313344802193	2
-0.054003950463704	0.343159626610623	115
-0.10345555578188	0.644249621185402	225
-0.114236684849762	0.897961222827478	225
0.086457230380714	0.240818201714028	225
-0.069421142641939	0.396002032698524	225
-0.00335100314081999	0.460052868771781	225
-0.090610976000741	0.74320758136614	225
0.083114546777419	0.30092581621537	225
0.008275659178411	0.521608575766712	225
-0.056491008137591	0.69950818360043	225
-0.03243146469266	0.649584450104693	225
-0.11206790768884	0.462951376226918	225
-0.093850211692488	0.374841644473633	225
0.118972472708399	0.0735037801357112	180
0.094529202980797	0.0811419461003309	122
-0.078221403867724	0.190086498546638	122
-0.1226053745371	0.203637389225679	42
-0.00519982277312298	0.446095474617083	42
-0.105547670124904	0.674450108516712	42
0.037852117749746	0.139305010404476	29
0.08847872067071	0.163635573622731	49
0.119624643566594	0.072267651827493	34
-0.066379106273593	0.324546293825549	65
0.097307558947009	0.25624009666988	65
0.000321154950652991	0.157699704317258	65
-0.00557485496075899	0.587166183858978	65
0.064561819342023	0.251121110402339	65
0.050157951264093	0.298341361366653	65
-0.112556399246208	0.394850391224689	353
-0.044172606705604	0.221085583565485	40
0.022410017886981	0.379794008641983	40
-0.115097716607582	0.205810539850974	314
-0.078685184164552	0.238600672117982	314
0.12190834302783	0.155155017318325	47
0.086690491060549	0.114282788544685	161
-0.099604878805685	0.312669225988359	501
-0.012366723561577	0.232337489976774	501
-0.115651816396771	0.257086798870222	5
0.059384288547323	0.0956973119740009	47
0.070954781116946	0.142745689378171	5
0.095743369704575	0.0811538876935556	5
-0.06981380025312	0.194317435066024	30
-0.075853968110128	0.56005225587064	4
0.005407100383687	0.401401882435655	4
-0.10395647531759	0.560834682695496	4
-0.033878031609481	0.401682299548776	4
0.121673424422152	0.162190634149138	250
0.00420824297157499	0.308590434933156	8
-0.060656492840526	0.346742835404765	8
0.101374745915255	0.135967050561862	8
-0.011503168767649	0.276663471943707	8
-0.033469793441994	0.590102282433955	250
0.022274664127132	0.373091664568363	250
-0.011399372805178	0.371632154702061	101
0.04414823549111	0.16901698905388	2
0.091393236896589	0.228628098600291	2
-0.062485813905554	0.472533766863964	2
-0.113380887031873	0.711865950635613	2
0.025803424920226	0.298155842631618	2
0.031026719823405	0.407040721142825	2
0.020584003928859	0.321199241237549	2
-0.118044641711428	0.576589299395589	225
-0.056243002976222	0.712149062050146	225
0.036523155242052	0.264848289077779	225
0.056482317901319	0.329216105902441	225
-0.078472787147186	0.774910521509699	225
0.042423263039876	0.377907078576403	225
0.085458211204632	0.285486577473757	225
-0.047062091722107	0.355604833047439	225
-0.111892972120891	0.435599462936114	225
0.116677737561669	0.0742601987742676	180
-0.040915406561553	0.126788961562502	122
-0.12138119379452	0.20542244648149	42
0.042034713407832	0.132670502375232	42
-0.102511660016765	0.70043227915692	42
-0.120260300443963	0.216729452354316	29
-0.110580989889031	0.395140028755892	49
-0.045591907235562	0.299390752449678	49
-0.07909054555584	0.228068686824444	49
0.099353756634963	0.127173030073908	34
-0.108707948337289	0.295088913450995	34
0.091433943459586	0.135712403696782	263
0.069290696830816	0.209092290862934	67
-0.029771746120894	0.359348608084499	67
-0.045106262983882	0.78280155479816	65
0.072663220799147	0.351860822184159	65
0.006937777999932	0.185463699712513	65
-0.076226774298179	0.226130160717473	40
0.091530094947844	0.137619336363178	47
0.114253962280496	0.0734105400370259	357
-0.115187266700445	0.208411394366127	71
0.042580522543802	0.163501006674529	161
0.016080105950747	0.106638810165644	5
0.122170536739887	0.108827857806645	183
0.006561419847956	0.15926839504625	183
0.023339357031616	0.174493852766312	527
-0.056123104530657	0.353891611734596	4
-0.092020688411713	0.617041982827582	4
0.066698169210478	0.261440641582118	4
0.117902226297594	0.0753946324684374	250
0.113178879075137	0.131442256492074	8
0.062175501558902	0.202607558171364	8
0.080264885645452	0.320422295097712	250
-0.052212576021658	0.225470914214661	101
-0.079366211329232	0.442084286179945	101
-0.043143195036016	0.409503582642873	2
0.039727453917799	0.195686278359151	115
0.040745920312281	0.372905910252575	2
0.106908393299435	0.12376589201543	115
-0.033411014229082	0.464408588563841	225
0.105058040943865	0.235079076738542	225
-0.016634234422742	0.362108966753461	225
-0.011591877870081	0.510429387704212	225
0.015866168835837	0.478995918932726	225
-0.101107182778563	0.818222946685445	225
0.084819384879383	0.2215995710231	106
0.055153170589639	0.0948511104594695	180
-0.080044879875002	0.538079224304415	42
-0.027893611306097	0.168900036982009	29
0.119713935360211	0.0696949969355459	29
-0.05425836416016	0.373407310710256	49
-0.026845437203185	0.272625809844933	34
0.081870372865039	0.120175390154747	34
-0.081396879298672	0.419571252789349	67
0.095265869060698	0.184426687754377	65
-0.00745289399818699	0.613565116486952	65
-0.000221854618067008	0.19921146538832	65
-0.015880008625826	0.259213195086206	65
0.044921069590319	0.151488355606984	65
0.060110711764941	0.0967561510259772	353
-0.123630671675852	0.145998059311787	40
0.093037533465291	0.0832386715913109	40
-0.113130643486672	0.37270910730954	40
0.049289033547237	0.273876632947137	40
-0.039374174737555	0.131170003979919	357
-0.020958223838104	0.166773577445554	71
0.084121929159917	0.113530968977142	71
0.041590591283833	0.207977036497937	5
-0.070840626429018	0.192577955139296	5
-0.093354714614025	0.312519260752774	183
0.012047171750208	0.356143659946292	183
0.044840245397653	0.273313408733262	183
-0.075667893190221	0.2723453652748	30
0.056514723996546	0.0995235570179241	250
0.086157835649765	0.242455287015316	250
0.121187281301736	0.217661091156195	250
0.107974831251413	0.102218488012683	115
0.037932635579425	0.288586125982869	225
-0.121005303387456	0.881428604979188	225
0.084066471162661	0.229536693037925	225
-0.070321440223469	0.760773489417852	225
0.097640532703543	0.155517800303491	106
0.01962058974238	0.104679952997392	180
0.103887606508705	0.168085719846978	42
0.093917994665903	0.15815800862453	49
0.094169247053056	0.111918269875805	67
0.110072224210419	1.08529871735829	65
-0.121800508149889	0.211363526431298	65
0.035381200088949	0.172060971024359	65
0.00785293885503399	0.288639362690829	65
-0.114027205899936	0.353214729461151	65
-0.051859180904745	0.295981433726001	65
-0.04550167946722	0.12406353826285	65
-0.049083571611396	0.299444029568214	353
-0.062403394428598	0.313030139082705	40
0.01858371191049	0.105820208476389	71
0.09208246395091	0.0815809254763617	71
-0.02679279563468	0.207656096205045	71
0.114599418160897	0.153266480124263	5
-0.041044660592862	0.124817662274839	5
-0.066487550126238	0.187604656363946	5
-0.037087805793803	0.121753604765487	5
0.040521298252331	0.174079060157372	4
-0.033900233244656	0.45175153848646	250
0.010012680548461	0.231697265171522	8
0.083508483453595	0.117809269584476	8
0.062807773118455	0.308394524054579	250
0.101140551074445	0.310356360941084	250
-0.00248393871652303	0.401238436486325	87
0.053124961180057	0.331019906446141	87
-0.092462852839201	0.436652429820764	2
-0.026985749286499	0.60684474981703	115
-0.00543404614952597	0.303773862501433	225
0.054562893114445	0.25626786659616	225
0.095370863054742	0.132997704327156	115
-0.063311221700084	0.620395529938988	225
0.013079575189907	0.113146146785699	225
0.021947764381181	0.108423780698815	29
0.110150065890563	0.103368746192422	29
0.096321674811517	0.127608353818836	29
-0.094785649757309	0.324370651646717	34
-0.023888866040936	0.163297436048359	34
0.017331649120386	0.106926650304936	29
0.032501381531525	0.147849352237534	166
0.078429611565201	0.159776848599956	67
0.077136362844961	0.173974369546965	47
-0.09160750537954	0.345885783892161	626
0.048224415528954	0.31557521899419	626
-0.026712487768307	0.165718238614895	357
0.078640542355138	0.22548770334793	47
-0.049357258219936	0.221582386085879	71
0.024062853540348	0.17141555713711	71
0.065283618998373	0.123608655856943	71
-0.061232887876081	0.296678859472043	71
0.044217469949133	0.20824763877202	71
0.046611752086277	0.166423493569904	357
0.014539636861569	0.105826819641016	357
0.086100078484654	0.23620523495832	47
-0.035769063356489	0.126106144198921	5
0.051020193964634	0.0985840995086623	5
0.014655208087188	0.227624082487965	5
0.054837316275934	0.132233517231837	183
0.1010216285797	0.25004813961559	183
0.015190066208859	0.369864433284998	183
-0.045278465915506	0.252567384069801	5
-0.051860037046831	0.223756546237661	5
0.047025172163206	0.220672356171113	5
0.079015923851892	0.119094959293726	5
0.114554861684736	0.099485856768745	5
0.066831459071379	0.304516829895824	4
-0.074829135792434	0.191713371899604	4
-0.112175390827105	0.251733645702423	74
-0.045976440128447	0.519936596999126	250
0.086740728379333	0.171803296561305	8
-0.112225746580849	0.425801596534652	8
0.122988206231938	0.123590214981285	4
0.034924134636756	0.316963410624074	2
-0.000255766690803017	0.287566724722293	2
-0.085320522130224	0.525640536734759	2
0.027568002660343	0.219053522741884	115
0.045307753887509	0.20750555721515	115
0.109563848698943	0.171979263258986	225
-0.079531072508212	0.829660831288892	225
0.118284554579614	0.20575902176001	225
0.124816658260026	0.21003053802814	225
-0.077206009472707	0.724841007591133	225
0.013455099645295	0.143833946252083	225
-0.027260533910525	0.209707966612821	42
0.034412449986731	0.316408816834404	42
-0.018652053620015	0.531941368581551	42
-0.099430733294356	0.384181340860923	29
-0.081806508431327	0.307598345767239	49
-0.02716050452729	0.204221247604924	29
0.068889346526717	0.3177630935596	67
-0.036185036151056	0.534706508011338	23
0.098216445047969	0.357600145001477	23
0.065818739507881	0.223984013489679	65
-0.112152567268845	0.412587671815839	580
-0.07624699584062	0.238209298116139	65
0.065337712784868	0.0881118957512126	353
-0.022819189511571	0.170079055607669	47
-0.098245202636659	0.661486456732534	626
-0.027039886001329	0.38382509004268	357
0.046071613776104	0.210938832416803	357
-0.046555161799876	0.215757809626503	357
0.090568431606481	0.116321184135199	47
-0.04971404084578	0.320793343330982	71
-0.05885192374265	0.170779648240312	357
-0.036883543826085	0.300754006827858	5
0.010513473883921	0.151988543132824	183
0.049343994395251	0.135697125083834	5
-0.016045175852302	0.354161062065287	5
0.000812986656199	0.225176770402725	5
-0.059571333823801	0.323802564410417	5
0.00711042105443899	0.390856815323905	4
-0.096634029912875	0.447165919066153	4
0.062728195701493	0.171886631029331	250
-0.049753128787266	0.490099525711432	250
-0.104719370219371	0.681937302239147	443
0.068249247101332	0.291824662637451	2
-0.091321261762811	0.665321430650023	2
-0.120936718737478	0.387010494748199	2
-0.017864513207474	0.399277532210406	2
-0.063872884022055	0.766095190901023	2
0.00203595234110601	0.515473628809779	2
-0.124803023205407	0.840017029277867	225
0.088995172872996	0.299302490569938	225
0.079995363640745	0.333329091799218	225
0.065876378679733	0.0923627847654248	42
0.084170234484164	0.112385874906011	42
-0.049861001668739	0.574924456967266	42
0.102084551038755	0.245413806693327	49
-0.021412242062593	0.258827426038224	42
0.033377219038274	0.278177467031412	29
-0.08610614664986	0.401190443387402	29
0.092880614882069	0.084516722382312	166
-0.00334230382266898	0.22684886779644	67
-0.00884056878047401	0.333446196534437	67
0.091815844700304	0.112297738808759	67
-0.086437139512363	0.281221469823876	67
-0.121814370948476	0.51964020444399	67
0.086619690582303	1.41160535682183	65
-0.023711983471048	0.590220560723092	23
0.105689090989635	0.282804033462628	65
-0.029518135305537	0.421840877172644	65
0.014152485814963	0.383734718176302	23
0.026240197153927	0.344489991677238	23
0.00226316347518099	0.334537676089528	23
0.039587327936508	0.211435643490802	65
-0.060220730375366	0.269456764679398	353
-0.051435005208043	0.291316401210917	353
0.011630286880684	0.318824472719746	47
-0.109907506682086	0.505181644113631	626
0.116989437019572	0.137059196512819	626
0.123304927945252	0.140251387094334	357
-0.022766101692023	0.375791971310358	357
-0.052611897431179	0.295987014992242	357
-0.058247898775249	0.30952041455468	357
0.023654821761924	0.199008605496056	357
0.085087989270739	0.155338384309592	357
0.106221386110337	0.184900641750604	357
0.02898218594414	0.196209913899369	5
0.052970167347962	0.244168109137812	5
-0.020672441996315	0.350665365578014	5
-0.013118796022872	0.335469737210418	5
-0.124894079014269	0.496307163599598	5
0.106099089475288	0.188509243044178	5
-0.044970095481414	0.419616804160863	5
0.067757143789982	0.19143548024107	5
-0.111117799724073	0.494801278708368	5
-0.080433824671088	0.476501162613087	5
0.060245553034706	0.221395458443907	4
-0.00967996580809199	0.251530012573852	4
-0.091618634989161	0.371982261365423	4
0.03641462652854	0.260642866879665	250
-0.086557420989718	0.521842899593808	250
-0.049637160603914	0.290888550396587	8
-0.00615246605222902	0.374092781959163	250
0.116173287256191	0.174715967860984	250
0.077531176183446	0.247994452913587	4
0.082092525093508	0.171647385265307	2
0.083495140488952	0.208345449403304	2
-0.043647238946144	0.518439462567878	2
-0.090887407178553	0.655564196686157	2
0.012108011074606	0.457980688528716	2
-0.120467884131831	0.73787238784298	2
-0.084627206362689	0.539649644189857	2
-0.089618427627024	0.507360228590393	225
0.072488653399676	0.242913951060211	225
-0.070116664873259	0.631437260039636	225
0.099412603635163	0.259870235127708	225
-0.00159876087528199	0.494283993737325	225
-0.101234809625204	0.772509519690286	225
0.081229581347725	0.28995105378234	225
0.070562448686015	0.277092930718383	106
0.013430420404442	0.274455453410195	106
-0.00982777796083401	0.229431286943198	106
0.12005751035008	0.0940874946452441	363
0.090064106897445	0.11778461650216	363
-0.083950564979752	0.245148593831365	42
-0.01901517061429	0.208734589067731	42
0.106976170613491	0.161280915622072	141
-0.082958553306776	0.49331489462616	42
-0.1006974171423	0.523805640159514	42
-0.046742369428596	0.397194954549461	42
-0.02323928215306	0.447060498380993	29
0.040099219957682	0.256743634380622	29
-0.010025161369047	0.328816003270342	29
0.071860310944305	0.226559311515093	29
0.019022027695442	0.31983972524873	29
0.015012572740457	0.286103588785718	49
-0.099941618673923	0.313810223121443	67
0.015734610416173	0.23811882085743	67
-0.079197790311304	0.410055313611122	67
0.063536282634779	0.231619776514049	67
-0.028557278528535	0.390955254179517	67
0.069709907350684	0.224752968703269	67
0.043150052473658	0.729153949402674	65
0.053565293107657	0.26206342653168	65
0.014380122744287	0.235940468965492	23
0.093550814762031	0.114635183750923	65
0.099458408326686	0.110968714855713	47
0.057495681139869	0.0971126109343235	47
0.070275750115807	0.0818316242913245	47
0.006561419847956	0.15926839504625	47
0.030833584430274	0.176649325240772	357
0.108611823633102	0.106352418201682	357
0.075080147942626	0.126803589270208	357
-0.025250920406064	0.224345498523089	357
-0.027016451707452	0.174846717679484	357
-0.028241692529244	0.261814150191827	357
-0.101587860878317	0.340025414408155	357
-0.023708024982178	0.211240136009005	357
0.00952342451565399	0.155741409326243	5
-0.091349903750506	0.23905943521071	451
-0.046779597354118	0.221977583838917	5
-0.078668545751449	0.281626652105098	5
-0.022641791180267	0.201533636239379	5
0.080356426676119	0.135820959200373	5
-0.063501813252075	0.325009978705202	5
-0.035994755859081	0.278833742499207	4
0.068665535554907	0.169431388097078	4
-0.080235062412525	0.30525668787873	4
0.102632744564793	0.11070303214804	250
0.010276331558381	0.151959870382412	250
-0.12036592759032	0.407849890119638	443
-0.039163910309813	0.369908307142185	443
-0.042982527366508	0.302485085562478	4
-0.00628947203929597	0.22701898573647	4
0.010308019489906	0.180916341691057	4
-0.077596053572942	0.279365958890458	2
-0.00573668361414997	0.26955897983579	2
0.056219515113113	0.209736550653117	2
-0.023551251053819	0.364989694146671	2
-0.055184152319452	0.295784447611409	225
0.108130484502478	0.173957548515869	225
0.000439603634328989	0.349698306692214	225
-0.025518305147593	0.394105689509353	225
0.015758594886517	0.269874931732314	225
-0.098189661692358	0.386650712476474	225
-0.054058639873308	0.316602522960843	225
-0.019658374484062	0.297054548837245	106
0.057750702724275	0.0997608734229363	106
-0.045807040616862	0.131261630116352	106
0.09663230462419	0.0767235637713668	106
-0.114778667329908	0.20513653001636	239
-0.117065149153043	0.325939807154197	42
-0.082755175631876	0.354633396769813	29
-0.038510815638936	0.325557803125744	29
0.041238760810628	0.212130502085748	6
-0.113549767887698	0.201872682652587	67
0.00607216735430399	0.160567441166843	67
0.016051016163864	0.209592915248153	67
0.025340749704555	0.175115164961279	67
-0.084010910368598	0.307501401534621	67
0.078309137067648	0.121658459967053	67
0.034694186972376	0.24757464447466	23
-0.109928375595372	0.292972957018003	65
0.050299685910189	0.164111809342906	47
-0.066487550126238	0.187604656363946	47
-0.119621724676345	0.477910175847529	626
0.088160057728274	0.0850911864720153	47
0.03088169861596	0.141953580299583	71
-0.065871192063544	0.369538699142743	357
-0.123902235986392	0.201581538748427	357
0.110913991168026	0.118431596528928	357
0.061837652484699	0.273328124568542	357
0.107534490776123	0.107485279532462	43
0.085212221790728	0.0867518582433992	5
-0.050288349001323	0.21655565414517	5
0.098737043736672	0.175025444783096	5
0.036043862905376	0.337864845162367	5
-0.00420975576589899	0.196538783435496	4
0.111626806810579	0.145716867161554	4
-0.094492848356213	0.283892717338701	443
-0.089459029140253	0.340415611381591	443
-0.111344079092192	0.25607551275371	250
0.020524668316258	0.286858581588998	2
0.072224308284559	0.207471636193803	2
-0.029592035950109	0.269717230452598	2
-0.023577048932165	0.428259832174913	2
0.00988381079127601	0.240291388733408	2
0.070648475696016	0.184052311353043	2
0.027639955441006	0.266617886121781	225
-0.044860075914524	0.439308837971459	225
0.099694552266584	0.248728455501199	225
0.089049555593742	0.164254533815742	106
-0.049458131952126	0.123589475463067	106
-0.122320705880722	0.144374216462514	42
0.093061647002483	0.186587928001474	42
0.09249309024639	0.133419593271865	29
-0.109956778906025	0.306323096193108	6
0.080641637666377	0.153501787884659	6
0.067580028057086	0.154713977567036	6
0.062584165808182	0.1747663248743	29
-0.121163269622417	0.213182274194501	67
-0.051973648187219	0.261430741279717	29
-0.12138119379452	0.20542244648149	29
0.022242696400168	0.180365491447142	67
-0.100945733618803	2.45448218153063	65
0.057092828726971	0.738353976973356	65
-0.097407400886753	0.813232886495805	65
0.028558199482834	0.711818941093771	23
0.077846857367238	0.377608150173511	23
0.00879727724898499	0.33193074591026	23
0.040072027205116	0.490280558618744	65
-0.07343389364876	0.44995755028647	65
0.031292480960355	0.176500721458269	65
0.009929841582725	0.188749132768793	65
0.123626841584586	0.216912626042192	47
0.011465876594435	0.325368556411807	47
-0.075360998258429	0.23825049336836	127
0.062420377925181	0.0943201093270976	127
0.092698058899716	0.0782495679606906	47
-0.09049566260356	0.645362047656743	357
0.03716465271953	0.193452993986946	357
0.065649381027809	0.187011903749037	357
0.115913698512843	0.231222962409856	357
0.106805004974368	0.156320865491428	357
0.081547308595708	0.224134300544958	357
-0.052622587608253	0.655687967868568	357
0.02459652271641	0.248865255426553	43
-0.030558393173266	0.293455679544374	43
-0.01228989652854	0.192823452905873	43
-0.026524711401687	0.359560760220284	43
-0.033844662959252	0.620417250110607	5
0.106364816528589	0.190551127975796	31
0.024607015098373	0.2180872780456	31
0.075396937175582	0.186389472973014	4
-0.111675019249782	0.771999339864833	4
-0.022998589051041	0.508787836117233	4
0.118038466002881	0.0946517127630373	250
0.047092639661327	0.199791167301782	250
0.025987141095618	0.281386962971097	250
0.102383514940743	0.171628623439095	250
-0.024768028997297	0.361411699087831	443
0.034368716596198	0.402258099948983	250
0.090924776434505	0.117728223904378	2
-0.014411504134293	0.268785306936555	2
0.024285245283689	0.480652606082727	2
0.090005382011395	0.298187969270044	2
-0.084999592071804	0.985075721099006	2
0.068231650598593	0.24883707508559	2
0.020452819917296	0.387485576044119	2
-0.030011207344085	0.411849865268451	2
-0.008154637044817	0.514087419121699	225
-0.082462032307489	0.997062611500495	225
-0.075184042435235	0.666007182859817	225
-0.082455047909478	0.493961463460048	225
0.0710348043602	0.2574522745933	106
-0.050647276535193	0.596320302237743	106
0.055068984065651	0.375334730800564	106
0.016217956353601	0.514235234639786	225
0.059451657622671	0.363447105593248	225
0.066797866470908	0.389391198213156	225
0.02595664292555	0.473692985606649	225
0.092558377900696	0.303324701746336	106
0.067003490121262	0.233988122245541	106
-0.021711467792413	0.196454297142925	106
0.060268313739686	0.0908407924982377	106
0.120012374331623	0.0738224027879737	106
-0.119609058545295	0.26253365251263	239
-0.026515965910079	0.1747271370872	239
-0.065242068032591	0.191755026066353	42
0.043583482096679	0.192604028636737	42
-0.091284212744159	0.34267583396046	42
-0.024237975870651	0.608228712300964	42
-0.116709246979212	0.891094715086569	6
-0.030838537612745	0.387370817881633	29
0.003245163011107	0.441049128463422	29
0.097565917894698	0.184806461561538	29
0.013021643819567	0.377082267848311	6
0.045994604901582	0.222859100022027	6
0.03685979072717	0.312379604411373	29
0.087445811497919	0.178698417844746	29
0.043511642967524	0.136013302474642	29
0.051741542123281	0.226567639736087	29
-0.021591452155356	0.347145485492243	67
0.111458071303176	1.15602075837219	65
-0.037918848236684	0.71338592670353	65
-0.095456768209952	0.811207186179646	23
0.055525486721729	0.42014047656859	65
0.038075631404606	0.22399517851411	65
0.00295791773683601	0.247262906701367	23
-0.123868171573017	0.803654465769233	357
0.039582492975276	0.213389033627839	357
-0.077516636123471	0.262926015925175	127
-0.008134270005898	0.193828694151029	47
0.092509148200442	0.173270813537123	71
0.07947102908797	0.143552044180081	357
-0.10479751491474	0.330263939151158	357
-0.108953308211572	0.458983971782105	43
0.000407482923125008	0.262077424655561	43
0.086675911417689	0.167817919621989	43
0.080891340181291	0.275122025784739	5
0.035062731057533	0.200977946221755	5
-0.01208628400029	0.297575770526529	5
0.10993178327202	0.224599883137711	4
0.102766952027467	0.274664704091922	4
0.050246424365137	0.31051105001365	4
-0.024280189924172	0.326427330469341	4
0.01746096272189	0.335974158350843	4
0.069574851165039	0.322678582621059	4
0.041714254933314	0.224219692794927	4
0.00517298373893599	0.480023313171677	4
-0.044185370097816	0.612745198540671	4
0.123442966752528	0.200637724663863	4
-0.020911510742277	0.39629042593318	4
-0.075271045687221	0.308004362173847	4
-0.062431106459617	0.185667856306385	4
0.019581405852202	0.499591539040145	2
-0.047881194522007	0.572791020114975	2
0.024225054019123	0.382904190717898	2
0.032089596952517	0.500821391539919	2
0.035572953367339	0.431723478063965	2
-0.120261708700817	0.646226793372152	2
-0.053840033725733	0.551383228317709	2
-0.062421924403081	0.38717038585843	204
0.109177659134991	0.243774591889337	225
0.010961972174195	0.460594207957988	225
-0.029979869807095	0.562039792021094	225
0.086064325395262	0.299593703135968	225
-0.017542986053419	0.695677591466109	225
0.021505242755792	0.423638088102963	106
0.064448175407441	0.334447804089649	106
-0.069491556265208	0.663224425281064	106
-0.084384993589183	0.710401147492531	225
0.100611730955338	0.299962112503331	106
-0.050264918869146	0.579479156451237	106
0.032153136230664	0.282742644066575	106
0.025802464693544	0.147747119563625	377
-0.107195207020998	0.254472023539903	239
-0.068218271974804	0.227478151067846	239
0.057236152145794	0.242415079186949	42
0.048882020242343	0.356367631510581	42
-0.098271653664538	0.599799564820403	29
-0.101323139499309	0.646125083641112	29
0.00825805033048499	0.40121710275731	29
-0.039708585118413	0.419410100490161	6
-0.00817991223172798	0.502073888654626	6
-0.098728397408927	0.342333840821053	29
-0.028177440018428	0.350722897107736	29
0.016688573520501	0.240785148909414	67
0.074749591326385	0.251770944186974	67
0.022424743481348	0.333633215361098	67
-0.026851849947353	0.477752385689452	67
0.038853574272998	0.675692825600732	23
0.107929066492412	0.306862191768313	23
0.000619257586111005	0.8719188771097	23
0.1036698668282	0.185666343073081	65
-0.018649180558448	0.385063528351062	23
0.064146562014476	0.168637101649182	23
0.074549465213112	0.296698055412396	23
0.047933854733825	0.369287939861412	23
-0.060652397562757	0.62434127797516	23
0.044670195339341	0.249842171552706	357
0.074729299634178	0.17605435294442	357
-0.00391722331050698	0.341835016519145	357
0.117319103245389	0.241198205772253	357
-0.048911233382065	0.675202118923274	357
0.005678799026649	0.253341012624735	357
0.121459764634069	0.135892379953397	357
-0.00893260227864601	0.620924288062217	357
0.03542730531422	0.320502093245611	357
-0.024707577330876	0.387239196144104	357
0.088880702107037	0.250193572846099	357
0.098246280963042	0.288740078491589	357
-0.070956837540198	0.478334841736818	43
-0.064500631696503	0.22090224479273	43
-0.071052568869999	0.193572823363465	43
0.04623571397615	0.321233460999575	5
-0.00960237317707902	0.453244677958385	5
-0.113176445566539	0.396382536091651	5
-0.041553469163992	0.616968276671485	4
-0.10637245378329	0.505234430146618	4
-0.088064475232297	0.488936392070758	4
0.105584750775521	0.202467395754061	4
-0.016910867675079	0.509389230843797	4
-0.124912637168362	0.465499203935798	4
0.032817856713071	0.470789729848661	250
0.098000696050164	0.268987386137731	4
0.123139429657635	0.234156576358694	4
0.021139455844891	0.304918653921164	4
-0.047139559260527	0.551054055382081	4
0.016209808122546	0.459609126159073	2
0.031599593017228	0.370978838083636	2
-0.097549046724403	0.963734463560087	2
0.046273611603956	0.442433274848411	2
0.091114057436817	0.30107504865972	204
-0.070626017591689	0.739880417516342	225
-0.013120548065326	0.57176982016283	225
-0.105511928282282	0.650015806420825	225
-0.032242576776822	0.741790279645755	225
0.078694025620535	0.270819707010794	106
0.074751755589611	0.303209185929169	106
0.008767992398062	0.407261181342534	106
0.087261954135971	0.301453033203387	106
-0.065413865119558	0.710658471832088	106
0.046236226307838	0.312477919735579	106
0.078130660340868	0.34404842640975	106
0.088572779390966	0.195895183311158	42
-0.102451463729754	0.662124326640077	42
0.049341243416591	0.381349779448352	42
0.020011860714864	0.502930301643197	6
-0.019813038230746	0.590604531525469	29
0.114058723843044	0.17898432586449	6
0.089126389006054	0.223756896834573	29
-0.115664565765173	0.611771535598563	29
0.060855324561765	0.242881743670111	29
0.044201530059835	0.209663895010871	67
0.013909116300253	0.392844785877002	67
0.010879951505054	0.447190505247114	67
0.106713990782096	0.727613958825847	65
-0.048231554471608	1.0992954896983	23
0.111931452501041	0.234793238682526	23
-0.0981836502656	0.852283947181203	23
-0.072011364011902	0.807838383221585	23
0.044703569087882	0.543729232203749	23
0.0945930057401	0.236979452055812	23
0.037906545680802	0.394095691718699	23
0.011165819107934	0.48032834720153	23
0.041549468646914	0.400410750709835	23
0.068580171599549	0.354496789589142	23
-0.00408502378720199	0.546058093246893	23
0.01274864895693	0.351344909407873	357
-0.00777452218693803	0.377230043933432	357
-0.123217333323024	0.803728605109915	357
-0.117063026459251	0.870140381997153	357
-0.007607181414719	0.31115693232931	357
0.049928564462647	0.313817635131262	47
-0.019026970039771	0.501218453792326	357
-0.016784266542373	0.388133186013729	357
0.021674821904765	0.345267500806852	357
-0.030096643108901	0.494212504933912	357
0.034460740571306	0.396124812318156	357
-0.042748223156199	0.498376038056873	357
-0.034632221604946	0.610428383611079	357
-0.124082995825048	0.897164384095956	357
0.029535521929899	0.408698073438748	357
0.056323951220475	0.330686694021202	43
0.097966521830039	0.18125485573333	43
-0.06820409024294	0.43570828981522	4
0.024378007821324	0.325909204677592	4
-0.116544123890949	0.794609042737345	5
0.114144743767512	0.235213637865131	4
0.103968484822798	0.171112395817333	4
-0.031704572684551	0.50949492553548	4
-0.043895638685016	0.558163307278117	4
-0.070853378452856	0.547858081405863	4
-0.072286440685895	0.637830812266771	4
0.120726411266733	0.160580744068871	4
0.110536883263385	0.137905420776491	250
0.065055175707258	0.290442526304876	4
0.03054039012746	0.409777338216309	4
-0.029226060715881	0.633694210858399	4
-0.032736254603761	0.459772695397918	250
-0.112669275098715	0.43747816067123	250
0.072200448525272	0.304066969671547	4
0.090288230331034	0.1385977234266	250
-0.050945501373968	0.454707733799305	4
-0.056328329480571	0.672199561764041	4
-0.062862084915437	0.718183041078802	4
0.072237981667482	0.301723401301166	4
-0.124877623708939	0.85924845662135	718
-0.047809835924201	0.598858100793192	2
-0.093149557221616	0.63053387543313	2
-0.068315322028986	0.546428137046321	2
-0.080098140315423	0.786372860839392	2
0.051919315019791	0.343396679941363	2
-0.042221707626171	0.628695863023384	2
0.107021178781221	0.243278760511044	204
-0.081151952782412	0.679057797081392	225
0.063538292020186	0.153012951195291	106
0.01442300220818	0.266654605313393	106
0.117408968291996	0.232117339285004	106
-0.110810774680898	0.73313400110095	106
0.123069251744201	0.195736932624203	106
0.048619314851376	0.237498607047709	106
-0.00310929192611797	0.304944959774808	106
0.010498010573317	0.28487411126134	42
-0.111512565957758	0.612172677982866	42
0.02109737108023	0.410777385430123	6
-0.102314520114554	0.779535532275495	41
-0.116721607048103	0.505677427880433	41
0.031139676601296	0.3409199747778	41
-0.100446850342213	0.701803025091727	41
-0.011667839703963	0.511086800017279	41
-0.121460824799607	0.648692648745514	29
0.068670275023312	0.286434038793076	67
-0.01883092312091	0.477137839148972	67
0.092736033784113	0.255333432474283	67
-0.094135663709012	0.668426736171129	67
-0.026624355703731	0.941821730170582	23
0.077921737130141	0.449807190488604	23
0.106528908088913	0.359489446842158	23
0.115460850737012	0.30241509455361	23
-0.087538486241283	0.772762674126609	23
0.076068793694937	0.28073689095265	23
0.044518279061722	0.407840142836794	23
-0.113417646519117	0.861498238434119	23
-0.045065726682368	0.576637084787881	23
-0.122525612751952	0.728296499087914	23
-0.039230048913252	0.558705228768744	357
0.047312043592058	0.304537900360071	357
0.014434892527574	0.31420640145913	357
-0.025789121388549	0.473652670004662	357
-0.00405583627266198	0.439448807001729	357
-0.00993575348655301	0.436942511054564	357
0.050701380089353	0.369319584503262	357
0.114282106645258	0.178864922840706	4
-0.05461894318723	0.552614091611375	4
0.024643147971327	0.33298582712761	4
0.119936335975421	0.17453663974477	4
0.046043439660954	0.219121730803489	4
0.082915021531451	0.168544252262282	4
-0.08202052397397	0.286394500693097	4
0.057232606630894	0.306773756555016	4
-0.04720687129056	0.548438982653964	4
-0.080281144995803	0.622458302268818	4
-0.014807958715119	0.316183986383353	4
0.047085222728948	0.249152200521973	4
0.117457888889941	0.192700033860538	4
0.028192818977801	0.425627885411219	4
0.116658721094048	0.208112798377893	4
0.083509943838292	0.248609149908493	4
-0.064918121747645	0.567797728383097	4
-0.064375340911063	0.526528465549498	2
-0.032287673168536	0.484416595749539	2
-0.122570296966659	0.514474577035202	225
0.083269948531567	0.160234353713041	225
0.042801570019448	0.318144123374232	225
-0.072144276878595	0.644704922844801	225
0.094818107611432	0.113755451203732	617
0.014838840734054	0.11166405967004	106
-0.078370267162463	0.557508473633833	106
-0.027649175877394	0.506621838855804	106
-0.025436524362309	0.437123925586266	42
0.023961934396337	0.292944421514794	42
-0.038613575572746	0.352540593173942	42
0.085404911960148	0.194589922863945	6
0.058804227718279	0.284643911759527	6
0.050608981942402	0.230987622034098	6
-0.109615924568397	0.491404702253818	41
0.045275634948604	0.321796271486549	41
-0.020143726220599	0.491096564870468	41
-0.093344953727423	0.684411884433512	94
0.066137950453415	0.257893846433027	67
0.111200822315054	0.297120428144193	23
0.107210295704146	0.295074878322257	23
-0.00612363294385399	0.464108159899606	23
0.091608987415326	0.24244017914802	23
-0.06795850353755	0.604917140678269	23
0.0637774460462	0.316177061260381	23
0.121295965006584	0.18456533761842	23
-0.105272687949005	0.631011634127458	23
0.086847942785855	0.202257806149144	357
0.038921367437488	0.247234878515364	357
0.017377173210276	0.311554067949306	357
0.035637830378058	0.360885985137292	357
0.090699664118953	0.226468516551987	357
-0.014366516005765	0.426119589877318	357
0.041540697763171	0.277807035229539	357
0.037872342818509	0.358257450619372	357
-0.015071572038978	0.432657436185033	357
0.051666815525097	0.210869881358489	357
0.088610411633468	0.25205821051408	43
-0.108606659096858	0.604186587495783	4
0.040565131982321	0.318254907095434	4
-0.043141181446765	0.403649512788687	4
-0.010029822110332	0.429159350969495	4
0.002936373011168	0.379392159712178	4
-0.032131556837242	0.46120218387447	4
0.059772948271097	0.266308820693837	4
0.026473698751304	0.398895423866613	4
0.022659268180156	0.28832322995996	4
0.05927424115905	0.261364376069791	4
-0.089288915558778	0.574076468615407	4
0.1099554070142	0.189576838615624	4
0.013768066159725	0.3489660628188	4
-0.036621808709685	0.413195649849285	4
0.052923983274087	0.253511258614084	4
0.00718279583127901	0.374082689668748	4
0.06935727247199	0.245672144742886	2
-0.007585222684379	0.424794599933718	204
-0.032025394442345	0.404736419920363	225
0.124059843248168	0.140026355022726	225
0.047528045746587	0.289673768683876	225
-0.026763823098697	0.328220886620452	617
0.03070686441612	0.138717909381638	106
0.053860781870709	0.241844966016478	106
0.120846716534142	0.160873645221118	42
-0.091701963533837	0.51499217682133	42
0.076715475656927	0.220368671914693	42
-0.015583975888432	0.323378699917344	42
-0.080490656652832	0.418418909634901	6
0.082836777445794	0.200457061740171	6
0.030733702979868	0.234961983302903	6
0.062457587954718	0.172714893485484	41
0.037351624405351	0.262261525464942	333
-0.00238317670993399	0.39669991680127	333
-0.080308179071998	0.587715338758859	333
0.081312847647735	0.243546846380996	333
-0.078948569784575	0.43845214738229	67
0.011449494403163	0.368808577184467	67
-0.100745352346419	0.385789545747985	67
-0.018326621521788	0.341989314607041	67
0.020745582298269	0.203517283824142	67
0.107911057248967	0.362907944646749	23
0.06299229376761	0.416074541283647	23
0.06115198303089	0.38610356373615	23
0.034277282972495	0.327883970539779	23
0.00148097702064101	0.413457135024155	23
0.081847219962904	0.256207568857124	23
-0.066406945167025	0.629731146822264	23
-0.045546169442612	0.591368781983142	23
-0.113242960962388	0.775628048465237	23
0.06277131129419	0.273692449433577	23
0.037556023449647	0.203292115009507	175
0.037163993921856	0.228379347780187	357
-0.079909533224789	0.65918275148203	357
0.099156778412643	0.201664680885586	47
0.034748535797799	0.299108220691834	47
0.104223647865724	0.209203331583024	357
0.041432203390178	0.273285789898918	357
0.058673619660253	0.190200960738796	357
-0.015145745156124	0.426102726559734	357
0.11192720231359	0.20746605277813	357
0.048701316768837	0.370426572250926	357
-0.077344219794065	0.535416599988265	4
0.100820202131614	0.204935792231809	4
0.115395609122409	0.16194744236119	4
0.080936307709936	0.219295511284065	4
0.072393101432891	0.269490849084667	4
0.062189237969572	0.291984564574081	4
-0.025840046144824	0.505739446388807	4
-0.120689696515781	0.612845651372289	4
0.00767284342777699	0.311271094426306	4
0.050862111813865	0.229867015830123	4
-0.084387507261021	0.247547519298118	4
0.059558943889858	0.173147482746767	4
0.082395006083541	0.26363891194315	4
0.077062370942464	0.235055717318237	4
0.084888585071883	0.166790135348445	4
-0.072470828647028	0.188764490644381	4
0.072615447016483	0.230617788796199	4
0.074331429528415	0.216235545960458	4
-0.060482855166881	0.499462596965255	4
-0.042539022130361	0.300207331448864	2
-0.093568789311946	0.665561892763431	2
-0.061879209330585	0.211486607319626	42
0.055058481099051	0.127505885387365	42
0.031840328432731	0.143607310395385	42
-0.059034117946379	0.513491637448813	42
-0.084167529868197	0.631672996961978	106
0.066246319824116	0.31157838935193	106
-0.07742653296592	0.564262933596393	42
0.123798965493513	0.153767400278453	42
0.016958085063297	0.316689899486956	42
-0.029028229368203	0.399199979928103	42
0.055163366383838	0.232074385419305	6
0.061486793285026	0.242397216425417	6
-0.115836949860942	0.637375528326497	6
-0.105296926621095	0.235897114272116	6
0.079306506142577	0.114502910204654	6
0.02157388325223	0.298534055892633	6
0.083152895331451	0.184124819265452	41
0.061240840418225	0.219075048441677	41
-0.038038450030846	0.436867775646228	41
0.078957954393754	0.191471867379274	333
0.040419123775546	0.262788860345816	333
0.110054317336376	0.157912213429265	333
-0.038896888806812	1.10014922767061	23
0.094916606044789	0.480738357865772	23
-0.068175816993758	0.968441463733855	23
0.023274281136965	0.547945044490413	23
0.030778951344884	0.4498074424137	23
0.03045447601995	0.507771615677949	23
0.102301783630803	0.237509709821662	23
-0.116947259180773	0.710297700925904	23
-0.106958394644447	0.625307871002103	23
0.084877938588337	0.21094099663885	23
-0.084871630469323	0.59751017331677	23
0.120006105966495	0.18899120200228	23
-0.109330981434412	0.824906008348579	23
-0.108834746136931	0.434560154233969	175
0.018509096106097	0.379433683923722	357
0.010396765613969	0.391401928359294	357
0.084820517567513	0.220791368665281	47
-0.053428504874822	0.355051042647839	357
-0.037505643592866	0.384876720140962	357
-0.08688360607235	0.518607421804865	357
-0.041364935216641	0.491036212328978	357
-0.047391125709343	0.518191830995255	357
0.013893476264989	0.383154897160875	357
0.038533332491419	0.294531029285237	4
0.12218366273887	0.142115179457485	4
-0.119179559596452	0.54048227970774	4
0.074784345240585	0.181628901938165	4
0.071407371138256	0.231670469063562	4
0.105308713703959	0.167672796342544	4
-0.05241677510287	0.563359814609609	4
-0.058507512192595	0.548170107507297	4
0.08954411697244	0.225941448711056	4
0.115625576931021	0.161437138609522	4
0.080705580662418	0.120320398083845	4
0.033140275013525	0.337359773063203	4
-0.100825191493774	0.335368704598846	4
0.04164852505191	0.250056048476352	4
-0.053911884686167	0.555737599396593	4
-0.077616383390933	0.438909647797398	103
0.102459646477416	0.222469710657114	103
-0.017394587834969	0.430441583440785	2
-0.030830913198378	0.507200672265555	2
-0.00177232454422899	0.347460079691813	2
-0.007103867796943	0.393127683144303	2
-0.081307808708247	0.244640253914183	2
0.042042427275116	0.341160233827597	617
0.057157611981031	0.211790389253944	617
-0.108903462832419	0.286405334426628	42
0.010420283828432	0.153736454942804	42
0.013472936168415	0.344509668739906	42
0.074138282147636	0.203851613793921	42
-0.086679329156557	0.536048655116606	42
-0.080213228645239	0.406315538199448	42
0.068119944453627	0.184534845199982	6
0.100367720491623	0.166602797993073	6
0.107943576261047	0.15842190636568	6
-0.066171069671598	0.511654825134163	6
-0.012247530054855	0.338837473374049	6
-0.039641204499292	0.382375535547051	41
-0.031717019581579	0.389684015273726	41
-0.101141523165208	0.562789911245964	41
0.090951496800923	0.186728938554297	333
-0.070669594718391	0.45403052799202	333
-0.083377373943394	0.583209273923572	94
-0.072503895025494	0.498979268666405	94
-0.082522502462717	0.602802358479493	67
-0.112418820392765	0.632915205128597	67
-0.019564522659552	0.386423068020715	67
0.111244315748617	0.128555936220241	67
0.045453905588793	1.56366664568069	606
0.111152382389303	0.282845842070992	23
-0.045282675285647	1.52663284103326	23
0.010900074206263	1.05346926656918	23
0.024037374237347	0.813377456322701	23
0.098977035412988	0.489913737947504	23
0.111634666551501	0.384075147522207	23
0.03306888849246	0.50267375786998	23
0.012896766881009	0.645124260085233	23
0.036580630435455	0.351626318944641	23
-0.075773649639978	0.821658570572162	23
0.073725241816764	0.264215741526834	23
0.006125801588033	0.220858540492863	23
0.099364506346904	0.15460494103309	23
-0.091548525000582	0.402021119629121	23
0.100566319786183	0.304237586739996	23
-0.026967238498267	0.460487328348778	23
0.118574029251998	0.236395436712685	175
0.086249737866237	0.27694768962562	175
0.066791284207808	0.305080672043672	175
0.087475519027421	0.189535424919526	357
-0.043354528261479	0.566819412058547	357
0.110939518485213	0.235752163168661	357
0.040360219066341	0.264576674287922	357
0.039070032266083	0.237511021791032	357
0.054363434326285	0.298260614811432	449
-0.036073984766183	0.497514946739807	357
0.018278673838527	0.398405611347924	357
0.108782606507137	0.187655995116904	4
-0.035648928247064	0.274700941769375	4
0.044611227825696	0.177937458534056	4
0.068491591818677	0.258301037463143	289
-0.117921747095632	0.752381817840369	4
0.089409635708808	0.16323040693059	4
0.103552040875988	0.209297925402073	4
-0.023063775371884	0.519109306548309	4
0.044319331205948	0.361324145771367	4
-0.055182103053377	0.477200954849722	4
-0.049326366113994	0.407689388106724	4
0.064285119603279	0.295656791877988	4
0.098693512481721	0.185305498424201	4
0.079897465671806	0.251707613845518	4
0.052774724643389	0.333751273237241	4
-0.051771278161527	0.337671927419137	4
-0.020087936715368	0.283650958039825	4
0.123860000636102	0.177461050557768	4
0.026290202288998	0.335357800249528	4
0.040932499160288	0.280613251451952	4
0.011319250587218	0.389326505520292	4
0.077985717975776	0.296239908458959	4
0.041578225105173	0.422457623546013	4
-0.035555728643225	0.659908486875505	4
0.006442255682789	0.312813924637466	2
-0.069877496683281	0.366214085131723	2
-0.10833578987432	0.656469001031668	2
0.05393362405581	0.357890871722962	103
-0.00863012033338301	0.395611036171463	103
-0.112982960026892	0.765301835020054	103
0.066232124026883	0.364656278742758	103
0.064215078614639	0.350972280218674	103
0.107558110930465	0.220731208975837	103
0.08354207245871	0.195796574802798	103
-0.109494853890271	0.86443147652164	2
-0.030946228547089	0.594462930872485	2
0.045902173980332	0.355669044275941	2
-0.093470264062571	0.66172673354271	2
-0.075968093387663	0.742754434129758	103
0.046389391988413	0.313515764479299	42
-0.069844425159197	0.466467339365316	42
-0.032409999832679	0.573701805583588	42
-0.070801820838438	0.590506836842824	383
-0.0273801496113	0.555047476902482	6
0.067857262654891	0.324386199977241	41
-0.088746239645282	0.598583151771368	41
0.02405647905083	0.382318280328547	41
0.00498411686452799	0.460406072608124	41
0.111428706488374	0.152821110930476	333
-0.116105595655074	0.365813255849178	94
-0.101770383709431	0.385785124928409	94
-0.054950703122355	0.32201385734814	67
-0.07293566609902	0.470342510076086	67
0.089166910193107	0.244973944942534	67
0.108972818983583	0.163566066167746	67
0.10299951792007	0.263589307776368	67
-0.120880015386288	0.715673868162822	67
0.006073121313316	1.26496545733125	23
0.015089328611232	0.34928853314827	23
-0.061774901213507	0.73375083766744	23
-0.025080819326153	0.24244650202298	23
-0.026015395514806	0.171111993092987	357
-0.105170708521013	0.266483660906942	86
-0.048485132094635	0.258959445762803	357
0.100675454385884	0.216630736652965	81
-0.11685846962755	0.208044659540278	4
-0.088305746205682	0.39879235343076	4
0.060803701195509	0.201734842860913	4
-0.032633517533031	0.341374159012694	289
0.120510216835992	0.0722554162503988	4
0.053510804081548	0.376526873111725	4
-0.02750947036154	0.172331736131123	4
0.100908896469417	0.266451412591221	4
0.068101619221979	0.320445904613554	4
0.085739025759492	0.0864017387494902	4
0.121689522234854	0.0724421632433239	4
0.015506259525028	0.389331881733469	4
0.081160515089132	0.269982936440177	4
-0.081473509358859	0.403126682854051	4
0.037504839751562	0.410872043969968	4
0.105478769609498	0.109323681308231	103
0.073667529187605	0.317476142468508	103
-0.034636106712265	0.617719675290958	103
0.077296390573999	0.149010074174269	103
0.061255800695939	0.446838297254609	103
0.022606538358758	0.50270537660919	103
0.110973310942192	0.19034840402501	103
0.059987008238702	0.33834453138326	103
-0.010220226709048	0.703114448161326	2
-0.107273436479553	0.681154465542723	2
-0.119466965144097	0.521776183257891	2
0.085861622706355	0.300584638201603	42
0.017356888127803	0.470311927522526	42
-0.072370007874994	0.667773455554702	42
-0.032772227122912	0.352785155205395	42
-0.013425326344666	0.304994454032472	42
0.051332765862334	0.367848833694949	42
0.01460665328409	0.104982288770194	42
0.08620922979016	0.2132005313152	6
-0.014309715250013	0.580300976834653	383
-0.106354105867098	0.918293076825429	383
0.078472783595003	0.336933392599784	6
-0.108313959057011	0.372411062994978	6
-0.050626400145184	0.260819995342301	6
-0.112733577261047	0.249726370504371	6
-0.112559377665356	0.696837857943271	41
-0.011147779035782	0.434134411252242	41
0.092052045510182	0.192202195744977	67
-0.024473968347892	0.171347988775984	67
-0.073184478104091	0.23614372751083	67
0.016155401993548	0.319690077082199	67
0.076322648857644	0.178972512169125	67
0.049599528548026	0.490373319125454	23
0.110977482828169	0.134998909889686	23
0.08447938810562	0.121551763578381	23
-0.114892456462298	0.842111375922036	175
-0.020893063252636	0.534199356738976	175
0.098565417655252	0.153436051571386	311
0.031904786049917	0.497818104532781	357
-0.078750415758142	0.276308041502337	357
0.00922248986941199	0.489186639842048	357
-0.120337723128766	0.632794878367085	81
0.111718746953855	0.0756888945452043	4
-0.029278103825917	0.173636971240956	4
-0.064325852858331	0.188211717823991	4
0.044206859908861	0.259548826029577	4
-0.020828242234507	0.305833108678318	4
0.098081814064805	0.178001193496958	4
0.065708173817906	0.229982985327043	4
-0.00129279815362598	0.507637414741687	4
-0.107250097120675	0.576135689678962	4
-0.058407997447819	0.448584050981541	4
-0.099720279148494	0.423045034824191	4
-0.108476285738443	0.546710298377008	4
-0.054306351004934	0.6586245648022	4
0.103020853487109	0.251499972644665	4
0.083372991791276	0.185969563322284	4
0.007765542282306	0.447604608451439	4
-0.081946090155742	0.515661184790629	4
0.088768343913048	0.320932690445573	4
0.050423711433284	0.215032093710399	4
0.072166729337643	0.232494156727351	2
0.107129370136665	0.121785902601551	103
-0.060106920832668	0.670358574136278	2
-0.062319365653166	0.424058134539492	2
0.024286219608812	0.551546344490246	103
-0.025371526928233	0.490148018251426	242
0.087155734985825	0.252739038182739	103
0.099353424933539	0.232623568977371	103
0.122819304038061	0.183153218775933	103
0.032124443442286	0.394405671863085	2
-0.042185655072436	0.706748129473214	2
0.038061914763992	0.240315279047431	103
0.088962974026155	0.244735254154626	617
0.006158722491132	0.398621253108081	42
-0.063122365050196	0.189165749723077	106
0.091385522138821	0.0811246183828209	42
-0.059692193600345	0.678943103331869	269
-0.079923641077083	0.814783732716679	269
-0.058552209215747	0.705463685818939	269
-0.03020864880589	0.393435926795421	41
-0.037437303061234	0.50568538286675	41
-0.087038161875809	0.611112572929156	333
-0.032668564650275	0.272013878794971	333
0.02623631474561	0.224154736000601	333
0.101097449626427	0.141559712083448	333
0.111980190022561	0.121812518664028	333
-0.052310051589648	0.441440921591335	171
-0.057308181807045	0.759481830274551	67
0.089071671952671	0.947249423914301	23
-0.00478529348345902	0.618223343873292	23
0.102377979719785	0.336418148103299	23
0.119640590951011	0.227743702288971	23
-0.03815084044017	0.497656219355599	23
-0.092796663968192	0.759822299529307	23
0.02175563550599	0.404438155687982	23
-0.124896028143533	0.755780287883894	23
0.038162482478566	0.372361650016587	175
0.051737212824161	0.377205487772203	175
0.025582536054698	0.339256887540026	311
-0.110743034516615	0.599562001670667	357
0.080511718449826	0.18490226218497	357
0.059098422664001	0.218371678671121	357
-0.050034611793244	0.431834599859707	357
0.06782409006299	0.204118270760487	357
-0.029903415727348	0.328934750311479	357
-0.101826377382691	0.54729125221312	357
-0.071279174479347	0.570272869968004	357
-0.02171835945282	0.473248349168383	357
0.11055766137899	0.189434995704695	81
-0.010678592892478	0.341401735605409	4
0.035117058463197	0.233179220601299	4
0.027961573225259	0.317331348205126	4
-0.050061617443385	0.424997198972648	4
0.094166913145222	0.203291536927485	4
0.014097287998043	0.319838907798178	4
-0.003555773661094	0.369316891549857	4
0.030547324272266	0.203840459600819	208
-0.041115237176899	0.339958015738602	4
-0.060086547665112	0.403342004642548	4
-0.09637852437319	0.571403253737275	4
0.07232475923192	0.220231297401717	4
0.05430591448765	0.292472818761919	4
0.00317656685017101	0.325119623249322	4
0.054096236704069	0.16318817375385	4
0.028548842071908	0.292988301768032	4
0.08672787155186	0.146761439704026	4
0.00592394826661599	0.194563861933061	4
-0.031931860737458	0.526977164239065	4
0.069781631252313	0.284571716193008	4
-0.05605569075315	0.413183017623468	2
-0.100224541784655	0.663817325445167	2
-0.107308979087953	0.624721480565494	2
-0.096127478376229	0.735051661876807	242
-0.050809112241241	0.560867429108181	242
-0.099599526632225	0.60855683435577	242
-0.050593105375229	0.483435126994084	242
0.108814213250345	0.205217523379862	103
0.00493336829514299	0.386851916690468	2
0.03345932565184	0.376706539347819	103
0.105652199511778	0.236410741347411	103
0.101663969583012	0.155373199291144	103
0.029751011675358	0.293133875329062	103
-0.025544257607748	0.23477364362537	42
0.030016097603761	0.387287132448123	42
0.094324645307617	0.173087098742367	106
-0.065445883594766	0.439818057103236	42
-0.020326592034127	0.324829717387714	42
-0.011058007246143	0.273778374074741	42
-0.074832310014839	0.311158337259199	6
0.024830279389259	0.279423844559621	6
-0.020141397585411	0.305189439655556	269
-0.046530292501925	0.391901405086308	41
-0.040670134050006	0.478372980282302	41
-0.069673042918548	0.474492206484369	333
-0.022016250141631	0.425930312441376	333
-0.064204342900315	0.531013576783188	94
0.080132968726691	0.236022256937068	67
0.112290490681442	0.197685544509851	94
-0.01087750039281	0.660679710909057	23
0.070236761363677	0.270721074629431	23
0.112146520218576	0.195539227088504	23
-0.077997516923719	0.568172948003831	23
0.119038614920891	0.196206823086246	23
0.042372415294282	0.316298106352845	175
0.032923230429474	0.269415347120489	175
-0.005031663524318	0.212396411863224	175
-0.078507922954486	0.430816917398932	311
-0.110813844673191	0.655898622047854	311
-0.014492732283272	0.431727819246408	311
-0.061314632076539	0.472672680956482	311
0.00908988657374499	0.322475841696976	311
0.044472226516569	0.226926346158824	357
-0.017960825627666	0.374582373042164	357
-0.115638600883826	0.522941848637897	357
-0.116233953538755	0.566011454607702	357
0.092801188645165	0.188377054458308	357
0.114786657412808	0.164804861864093	357
0.05259383124022	0.232377338271491	357
-0.052820134884154	0.428250876500627	357
0.015693215978522	0.309354166853464	357
0.058895504290422	0.219829113913656	4
-0.081558205342992	0.497139044573909	4
0.080412236700189	0.224356572166283	4
0.123494252591821	0.158435524934461	4
0.042316841743036	0.264004865917925	4
0.052703165494943	0.210066489494388	4
0.011662206188571	0.3062252068541	267
0.060302848647343	0.18414355870525	4
-0.011099139119343	0.364100486397944	4
0.015405944844114	0.32844106421611	4
0.056063576303617	0.132887506502592	663
-0.05188105960425	0.383671060165269	4
0.00785298919924199	0.259137147594928	2
-0.105338728493691	0.525481366962731	2
-0.057099821488474	0.450873037077579	2
-0.105999301305153	0.339145394669894	2
0.056795083605989	0.263671948303596	2
0.100595490044672	0.180016634837641	103
-0.100421937466581	0.640952305389389	242
-0.080642361352954	0.417944131561824	242
0.094060694972785	0.13474186409134	103
0.066272396284168	0.0915004725854038	42
0.00555857934121901	0.191331335013487	42
0.088842516998601	0.228907677943823	42
-0.041996571882479	0.319974967634123	106
0.104190478429478	0.158656561277009	106
-0.105095197759653	0.561193430451243	106
0.091067221575326	0.205696728164161	106
-0.094975262152266	0.481493000641558	42
-0.060010540560683	0.422447439855665	42
-0.060053611845369	0.464760557790222	41
-0.033400287527526	0.322367082036902	41
0.002196715888867	0.269777673886288	333
0.070492494338727	0.223176756262384	333
-0.11352296848019	0.472935910684403	94
-0.031918774655755	0.400650229943804	94
0.008306901127973	0.308200825618506	94
0.028750068677319	0.60685387179215	23
0.055442210937767	0.368484441596988	23
-0.106875273758673	0.785944391489829	23
0.116200573458627	0.170243545843451	23
-0.042587655546327	0.439248293554127	23
-0.121763297594009	0.613232944548103	23
-0.112016010520646	0.652930790648298	23
0.124745137355183	0.165092542284232	175
-0.122764710217276	0.52238274052983	262
0.032069643249419	0.322530500258264	175
-0.073094420436822	0.290058422589056	311
0.034275952956553	0.280161823530009	311
0.00923712418117001	0.300619817182877	311
-0.032742998894384	0.342117985597998	311
-0.039791101470777	0.301504544363874	357
0.00249113662273201	0.276979366559673	357
-0.095559228282509	0.405693625934335	357
-0.115353761882076	0.446311259924214	357
0.022053802855764	0.306954926256401	357
0.00839282760870999	0.209226096423934	357
-0.123256540750143	0.533437326154187	357
0.067032603805651	0.167825030770019	253
-0.120891788178038	0.452534445016829	253
-0.026640457271035	0.258030694343497	253
0.094154067684431	0.131539468441952	4
-0.060170234175881	0.343198801011321	4
0.123622795591467	0.0971742768811433	4
0.124670310210031	0.124985040407455	267
0.05982427937068	0.217727640922154	267
-0.00208890123899302	0.259843143297508	4
-0.122707155271044	0.330460666163859	4
0.060935002341656	0.0926621077601322	4
0.100167563566827	0.155333186934496	4
-0.040714296876243	0.471008543476552	4
-0.093384765550035	0.420139617304219	2
0.051569370880206	0.238344608228975	2
-0.017295352070303	0.333896639618606	242
-0.030247665422152	0.321718102708137	242
-0.075041351179236	0.30110104907506	103
0.00397827182532501	0.248163363778879	103
0.019836293661041	0.103438137089216	42
0.06421733251226	0.0931940416631409	42
0.111409557668773	0.157965513793141	42
0.00616951403923799	0.237343866315058	106
-0.057001536074175	0.313830302198526	42
-0.000742237036062021	0.283465394541944	42
-0.015643484171626	0.266361774967795	42
0.073754439155004	0.168049378565453	6
0.079095636999695	0.172204261700887	6
-0.11464097301407	0.25850113254017	6
-0.100713847095049	0.521148225904219	6
-0.107400573442037	0.536150546355998	41
-0.083129952976754	0.291312475711446	38
0.013307988086916	0.270936935866975	94
-0.11984553055469	0.543144618801344	94
-0.029932889373174	0.296526506164488	94
0.041492431976405	0.248549912967435	94
0.00545935369328601	0.153332611323803	38
0.032989080432652	0.217182378613023	38
-0.059422420916094	1.50488941041369	23
-0.071369985101793	1.20223898716339	23
0.051129405093156	0.550615474162905	23
0.069712442226525	0.469628473249763	23
0.078723886247829	0.334462881385472	23
0.039257883798369	0.390490699174342	23
-0.077004907473237	0.714174786924779	23
0.113151886584974	0.210532628734596	23
0.036881028606762	0.435644371374296	262
-0.100688047697464	0.624593620431221	311
0.04166430490685	0.345863834765424	311
0.099169848682356	0.192531297689785	311
-0.06688154607734	0.352508831469543	311
-0.11284382345637	0.570733007303233	311
-0.040046247867566	0.49467400134592	357
-0.115411673360911	0.605874506681577	357
-0.065734461105201	0.474012166052935	357
-0.07503382033648	0.490800172472291	357
-0.074583228341301	0.579598155114701	357
-0.023397784471382	0.464895856539189	357
-0.043306721603728	0.54222447900882	357
-0.060932834755948	0.312349317408215	253
-0.025606678334892	0.239263984312949	253
-0.02115368425996	0.399828953195545	253
0.058432015119209	0.2784778426787	253
0.118635031162912	0.182348522547477	58
0.103305706625334	0.19662621079602	4
0.058344805723033	0.260933459932473	4
-0.011424633010404	0.428032699616865	4
-0.024782012193582	0.456760660859549	4
-0.113425389275773	0.574672724845838	4
0.054109727935651	0.290252169554324	4
0.015967769692918	0.34989113782626	267
-0.107215320479017	0.569015133296342	267
0.118676786281748	0.173637085541074	4
0.030306739536783	0.265795322944606	4
0.079920781277498	0.177383966672964	208
0.058120386040036	0.242893894840396	20
0.062638712661869	0.250822325486765	4
0.00937274176175301	0.367077822560892	4
0.050479091343951	0.226630823763757	4
0.049428794347117	0.322172728325491	4
0.03680709876166	0.318195540637567	4
0.01442849450045	0.393765995365998	4
-0.113670748076424	0.495090082803577	103
0.085446253502194	0.214553247463545	103
-0.02825675631579	0.463370023396764	2
0.071569584128911	0.251103302098295	103
0.109593794748532	0.203007686717851	103
-0.112724606755743	0.760299298105056	242
0.029098838755201	0.339369025611196	242
-0.016378452958454	0.435196414153473	242
-0.017776919329409	0.353326859717312	103
0.106102112732667	0.230309351223715	103
-0.00159927652756098	0.275890437506998	103
0.057537406658176	0.213593937290456	103
0.110509165708957	0.231279835459243	42
0.112746634974566	0.163866135974084	106
-0.06688488949237	0.353086914473712	42
-0.086081689618006	0.306777312358966	42
-0.071553373878483	0.461556878901952	42
-0.034327168427984	0.432877527744281	6
0.092906086335277	0.223923468485207	6
0.064640041825522	0.275279709617176	6
0.00391237612291501	0.360058181932193	6
0.033957291254884	0.296206361869199	38
0.119193052385464	0.161553739424452	38
-0.00566164843040401	0.368887604219723	94
0.082778528544718	0.269380131902979	38
-0.053837429306752	0.470186656642637	38
0.03487611934867	0.328706802934717	38
-0.00189922528511399	0.341378615282968	38
0.072576140167294	1.61434602123591	23
0.100183347241291	0.291470503928129	23
-0.063574828125833	0.551856131477384	23
0.094927419437243	0.270654807982162	23
0.050063095890506	0.371235653529867	23
-0.02061954959715	0.27494428424333	23
0.109839187237569	0.123843981377437	175
-0.033205553011828	0.637672941745993	262
0.079230795803899	0.283447709060327	175
0.029593794860767	0.578145423488293	311
0.047410807190453	0.202308952691397	311
-0.064132500430894	0.18633155923554	311
-0.119725178296322	0.216865259790432	311
0.003204662716881	0.259111855561181	357
0.057389888123278	0.151231125846316	357
0.124604410853795	0.133035438054045	357
0.012186143559134	0.553525642449481	357
0.041690956147154	0.412135626501982	357
-0.043401165856445	0.302022548394224	357
0.035207112778219	0.407985883529171	357
-0.045894673720524	0.39879666411642	253
-0.034633294838241	0.251179856438789	4
-0.085940378975642	0.348599867153742	4
0.122087147792319	0.195467310588391	4
0.029946303479409	0.312495038387898	4
0.0306859494212	0.492466737865578	208
-0.090508124039516	0.840467692860771	208
0.009699613569219	0.536841894307528	20
0.091413060684025	0.242739594258531	20
0.001067311640957	0.190743194691853	417
0.120419329762826	0.149408423444954	20
0.043425967646176	0.299089244797023	4
0.036064064093399	0.397120427065736	4
-0.123811133920987	0.57857799860377	4
0.098524785395317	0.256867972762701	4
-0.084233148462055	0.518921042825558	2
0.064645433526058	0.125582938815511	103
0.091722881951631	0.305176773825524	103
0.026643319197214	0.468394364198927	2
-0.062310177093265	0.411051109751682	2
-0.00730965440771297	0.675488129265101	103
0.05077090971923	0.446376517324611	103
0.109804282452355	0.235472960709523	103
0.112461370963648	0.124405389895169	103
0.017951019962209	0.43037912152088	103
-0.050327961538398	0.614000709759107	103
0.042584805895999	0.523993503548945	103
0.056977321725605	0.337287039469545	103
0.045475099366433	0.269004747642441	103
-0.016907528962548	0.338988379497038	103
0.104116074509685	0.234554713804013	103
-0.037497374470573	0.585461032716012	103
-0.041980330926091	0.779059340172641	42
-0.00344501968238697	0.432487341543967	42
-0.026515965910079	0.1747271370872	42
0.062733376859842	0.0906712856690506	6
0.05654209826494	0.213008328221125	42
0.057664325173771	0.134493160890212	42
0.025097760069839	0.492218488553362	42
-0.037008476756228	0.716117656146687	42
0.098635545701663	0.111102137694116	6
-0.000395552515089992	0.529549487553522	38
-0.124826759455737	0.741723349159608	38
0.00272230417928401	0.373281149291715	38
-0.044690290695813	0.433373250632092	38
0.089410722759345	0.138434152044771	38
-0.034758056473001	0.447149367043586	94
0.102425960203994	0.134459719047951	38
0.080417909639559	0.244828898726319	38
-0.00353234815587999	0.388022465377648	38
0.010484912590557	1.75139282086262	23
-0.00368528239077498	1.75248159091563	23
0.039552565461945	1.16846626940365	23
-0.030860280222612	0.443892994426207	23
0.114243706139321	0.154635032651436	23
0.032703571734161	0.464992940506983	262
0.022666474022843	0.444464480736808	262
0.025773654904202	0.380448335175166	262
0.062702365473645	0.254337899274403	311
0.113738664847766	0.153338296694429	175
-0.10165810020348	0.342000345829017	311
-0.087963594901758	0.501300820316812	357
-0.041978781403456	0.54944488847362	357
-0.000933633966714975	0.298364883630734	357
-0.00337583022565402	0.397776326365383	357
-0.074623279849912	0.660392066117457	357
0.074087135872438	0.294860010400343	357
0.061540927851115	0.32406534452556	357
-0.057030111081899	0.553229120947621	357
-0.036425321560754	0.612098369829687	357
0.070002816839693	0.292234390666649	357
-0.056661728875634	0.25886108465604	58
0.071873625403729	0.252681357257313	58
0.019123248450666	0.388324397525654	4
0.061689272240244	0.29696239617434	4
-0.013777161201419	0.440890731819664	4
-0.00225691747092799	0.337611477923051	4
0.105367034411317	0.198172969602143	4
0.10986200955787	0.187619039493388	208
0.028363140826088	0.36082769929349	417
-0.110068751493025	0.733395245624668	417
-0.056495945681945	0.615117396650192	417
-0.061795860295822	0.375255287566739	20
-0.051803510905859	0.529931626995163	4
0.018285518434405	0.413265969843859	20
0.07682147712548	0.306675802083638	20
0.093943548175743	0.263200669252435	4
0.016586347911227	0.425008696952421	4
0.084664542179171	0.292816103036356	4
0.01263230775648	0.237097349075312	4
-0.017015009855578	0.494246623114095	2
0.056816583689023	0.321581696625729	2
0.014084311758911	0.451686709112496	2
-0.122103023834765	0.826965695395286	2
-0.010728003676761	0.592521367900461	103
0.011951164347149	0.352995891538308	103
-0.068736653350844	0.729464991891225	242
-0.035699770481237	0.559066488951281	103
0.087800407290466	0.262492600164487	103
0.097130360144023	0.242209420116519	103
0.00738179972727801	0.418503624574633	103
-0.103680231181939	0.793974392724752	42
-0.032941407353001	0.265353873670299	42
0.043902142100438	0.194022766907596	42
0.027704926947582	0.178773767186409	42
0.092049670436116	0.10951026405589	42
-0.029166032502813	0.249205344547416	6
-0.071831754557464	0.388469798977409	42
-0.085257190581894	0.613056064015539	42
-0.089989681245166	0.662135518489666	42
0.015677916445146	0.426007009154851	42
0.00927222731523899	0.44392253900925	42
0.113095388667565	0.20902677952694	6
0.03886041255929	0.384197889608377	38
0.017077670713435	0.403897214431252	38
0.050528562920304	0.331883956360585	38
0.048271209253024	0.336379959208724	38
-0.089859178811181	0.672729427569372	94
-0.010080375280757	0.482345610517398	94
-0.118244244361177	0.658081311085635	94
-0.107419991404505	0.462402618813791	38
-0.052789641145563	0.584530479183292	38
-0.044801284448723	0.578130274151824	38
0.037787256743566	0.400025942937539	38
0.078330615394664	1.1462061517263	23
0.064361611001983	0.372438810155238	13
0.117745111163874	0.209536359477629	262
-0.046045148216387	0.547474499055653	262
0.019652151151974	0.408981100479675	262
-0.053726166845798	0.608896404351182	262
0.024683644817302	0.428508991931269	175
-0.041776661530193	0.642394124738487	311
0.107962163593046	0.182445272296517	357
-0.067991118079302	0.663722388936266	357
-0.108867066911331	0.763285178787893	357
-0.105990458026726	0.7322711997648	357
0.079458921348567	0.287641668291562	357
0.086046456686401	0.147338679242193	58
-0.055354634457761	0.606462019408553	4
0.122458664999052	0.133563198635538	58
-0.08472061422799	0.480788701451145	4
0.107271920392486	0.209602678635373	4
-0.051600727068405	0.557257164153717	4
0.079507453857756	0.256576819914747	4
0.018370660774516	0.331876537440909	4
0.088929648812944	0.232976611425645	4
-0.082530454740237	0.511853877357268	208
-0.116550153551982	0.709074413777083	20
0.071289871528251	0.275537198089601	20
-0.078708525772536	0.405837050798362	417
-0.035612789932676	0.338394851807726	417
0.101478642410146	0.137476995584655	20
-0.056747237796997	0.603285550135888	4
0.007304789544372	0.439718876038315	4
0.051968435591031	0.205549313575869	20
-0.038153036444871	0.681154754416548	4
-0.071930572348725	0.698868888015819	4
0.114818398287463	0.264839784275574	4
-0.056355582341716	0.354019654170828	4
-0.083130666239836	0.47265632294984	4
0.040291070726571	0.371298201369008	103
-0.085071170023189	0.60764685152547	2
-0.092497574267081	0.804225069025974	2
-0.098088763460485	0.569803646145832	2
-0.012219830096145	0.582106589218848	2
0.090578238374333	0.262773777022412	103
0.036944866853954	0.387711411257228	103
0.036202910998739	0.511268910654131	103
0.087625802100758	0.364461976031775	103
0.044051630363265	0.303310069168054	103
0.000304139454142011	0.35083183088109	103
0.040679231303383	0.226955805367144	103
0.00613522326955901	0.493225391877594	42
0.090119030403148	0.270422637250983	42
0.041897019228375	0.283555515231841	42
-0.033810521438669	0.387784442033423	42
0.07633899342031	0.224460079563309	42
0.076764161410042	0.212539876437672	42
-0.067315593119288	0.629486461314161	6
0.090995646980065	0.283884292005936	6
0.056265124134126	0.359019574890768	38
0.005622135125606	0.451559875633591	38
0.107504948280619	0.184115488975846	38
0.000473217219445987	0.415204321840819	38
-0.013551649191349	0.476781710259041	38
0.034987196388405	0.361289268906421	38
-0.020049789030331	0.517302447536458	38
0.039602672920217	0.36183732586381	38
-0.117480444298327	0.606136247456763	38
-0.095887319983029	0.320571421347478	175
0.043958650351631	0.369587708662541	175
0.057524598918637	0.414350978644201	262
-0.016230431139354	0.334567416922987	175
-0.025340300885761	0.236348644325462	175
-0.020139792839636	0.569200972323579	357
0.065759999252615	0.153819863766976	357
0.114827950202335	0.097870170080917	256
0.012952395360876	0.307820425890339	357
-0.022720167345264	0.161337628563457	58
0.116409557118366	0.176797362245295	174
0.085393393835098	0.246058763590604	58
0.046006417218392	0.341807848656968	58
0.07949174200308	0.338408097034656	58
0.004932145432823	0.413916752322417	4
0.035016022070939	0.19662545624067	4
0.106282846558242	0.134442347869041	4
-0.102462961129472	0.57558908196885	4
0.035759010921865	0.436981456528123	208
0.095200031301833	0.26167289677863	20
0.101080621548866	0.271924216050885	20
0.033174235836326	0.186987099513134	20
-0.029764397387184	0.617094916984129	20
0.033277340483325	0.282273306784534	20
-0.057253758932662	0.553917978730497	4
0.070388839834331	0.249262379873654	4
0.074058887478556	0.254356324191631	4
-0.094930947810896	0.924060696383924	4
0.113209787078542	0.0759542625755524	4
0.012910795239775	0.149753800057117	4
-0.011697128394301	0.568292829960722	2
0.011535988856421	0.321853166745024	2
0.046235543094183	0.314400454418179	2
-0.015880332030873	0.670070136112894	2
-0.000282329146713001	0.384632697846781	103
-0.00364508848332901	0.543784346051983	103
0.099171566114721	0.247009460020563	103
0.088073047365755	0.255054703621634	103
-0.087934100814611	0.624577786360312	103
0.01049584620004	0.500377629434148	103
0.032792874850542	0.428691550891331	103
0.041742090181385	0.136467950725709	42
-0.071047667902673	0.228335456644917	42
-0.098726780840784	0.879930588311512	42
-0.041006758806339	0.675435438596183	42
-0.060528782111657	0.293692898964643	6
0.057012378617439	0.321480432842696	38
0.032433405177563	0.390659956368831	38
-0.101015342954678	0.3286408204136	38
0.067233400203145	0.236183371243769	38
-0.00526411903659901	0.443018355863075	38
0.038725929098939	0.501643698162101	38
0.041747261607014	0.333486437035238	38
-0.00761694367601401	0.506931143539869	175
0.023685540489918	0.391270777966367	175
0.096603062366371	0.263804339911562	175
0.069804296353725	0.361116199100211	175
0.099503754208381	0.225975488728525	175
-0.116369564297698	0.656120300047072	440
0.111556792414482	0.226694005994099	175
0.111388946335175	0.204926976079002	175
0.114631225474474	0.123286879334305	175
-0.043507164737035	0.445418488759911	357
-0.011083922041427	0.391975373160125	357
0.083888938352511	0.217053251220575	357
0.00814064104534201	0.308485751859029	357
-0.056244833250569	0.530041564704109	357
0.076370516437842	0.29827186223227	174
0.076800922262818	0.298641863172909	357
-0.06199010777363	0.59547889290566	357
-0.124703537794784	0.7701799220796	58
0.085278531468658	0.13715045799844	58
0.123128956132773	0.141086765141253	174
-0.043737289988171	0.537205666692408	58
-0.107988585300315	0.594024846295796	58
0.074119053476771	0.257431925281596	4
0.099832436377311	0.220304037936138	4
-0.039397312447445	0.407170607600043	4
-0.037946507186143	0.50062721146746	4
0.100688203383571	0.173300926453245	208
0.072497904891744	0.248079301837899	20
-0.00501838824585499	0.360944679651564	20
0.102010124915629	0.223833246370469	20
0.066258676461027	0.301686871871171	20
-0.01034961414082	0.395601419369811	20
0.111045377057602	0.200758303904452	20
-0.057465845397254	0.686151768113183	4
-0.118906813559456	0.779911933705503	4
-0.014065644234838	0.550309907965401	4
-0.00900750227373698	0.499124258823691	4
-0.123741023917634	0.802052438853238	4
-0.108025937831865	0.485231323230263	4
-0.090135429649487	0.654376866898288	103
-0.042139717750565	0.580793889087655	2
0.034218546599042	0.348486888455424	103
0.028303652866408	0.415406978837005	103
0.107281505043338	0.265399816709143	103
0.109859622470124	0.224349796857439	103
0.035771561782759	0.262333398918288	103
0.018819806053287	0.379402847671924	103
-0.096096604130947	0.398164233202619	42
0.089048240680451	0.176365185688812	42
-0.038731414629323	0.299563852452283	42
-0.091467183003619	0.317750021748654	6
-0.106028921081278	0.299548259144708	42
0.093780282703587	0.116145250834518	42
0.045956556501512	0.158398794545583	42
0.022656020381065	0.24807555948396	42
0.073294353814324	0.245868580980543	42
-0.093495588184436	0.725326488021835	6
0.122058301823888	0.204267476804706	38
0.069611383074212	0.301447302551577	38
-0.011957515442495	0.487129874470658	38
0.057759926185672	0.315578299514213	38
-0.00225254828912103	0.33127137714027	38
-0.05093245003543	0.425161574326379	38
-0.11166765301252	0.710234673858419	38
0.066941779427386	0.267460723748306	38
0.114942671531678	0.152016191111107	38
0.119301649586836	0.241052302728529	175
-0.100500405401937	1.00819966582431	175
-0.064777213064458	0.625550236978959	440
-0.090217014258595	0.801164540578651	440
-0.046665307135025	0.63338372080523	440
-0.019006074146579	0.544599260034022	440
0.092755828395461	0.261099629431504	175
0.083346119763009	0.253566808078434	175
-0.076089983478222	0.561492332348826	357
-0.047563278123864	0.510396191612036	357
-0.027767105686372	0.582015306720726	357
-0.119570644729479	0.87973960598555	357
-0.051439149474371	0.629498660506152	357
0.04811210708077	0.412279391784334	357
-0.00208412982735401	0.45379283778521	357
-0.00960122255173901	0.466908179461332	58
-0.097059043644767	0.40443604074372	4
-0.020052163691009	0.347150657452623	4
-0.012676058007389	0.448472173915166	4
-0.00709282218952201	0.400184457253079	4
0.070722602845624	0.27519917608366	20
0.01508083648176	0.403665121533039	20
-0.0853402320389	0.366360886001311	208
0.099792256950155	0.127826550519131	208
0.111165435805048	0.233372923144751	20
0.108532787159284	0.266892263090154	4
0.082136947327178	0.270598384848964	4
0.005063660951552	0.414938862476843	4
0.093623433085776	0.239565064602514	4
-0.093970884394932	0.767542544139035	103
-0.00588454383145198	0.47738986313112	2
-0.00527200608712702	0.581070723175416	103
-0.060324293793156	0.670689833910268	103
-0.008746045995154	0.506269812830956	103
0.018657485211221	0.373836069190354	103
0.023245571358019	0.430398829433316	103
0.099537804150038	0.141911941806726	103
0.112034085226513	0.1205671543699	103
0.105151065046513	0.267286111805147	103
-0.00428185805361703	0.364867086137593	42
-0.074921069967801	0.490244845243648	42
-0.112880254880911	0.488102631316395	6
0.027298024422549	0.31439355070056	42
0.018217079210531	0.226784731896929	42
-0.090939026126181	0.683276195315413	6
-0.118055636557509	0.653683099397886	6
-0.084378169596803	0.624237187386235	38
0.108825099306821	0.203326729625464	38
0.021873515108769	0.352250471946793	38
-0.076145046526439	0.636298312199396	38
0.068346111813576	0.261699260537281	38
-0.122845939501293	0.770466799707975	38
0.108913191801382	0.22953666905434	38
-0.085347872405129	0.654662818119276	38
0.007787782329084	0.402777503508559	38
0.011565833564124	0.298674786693096	38
0.085192489001555	0.56521228583351	175
0.11934179217418	0.303334126712932	175
0.10520544907752	0.290137184950877	175
-0.105592562416934	0.903331215444266	175
0.035439741518597	0.499540658428496	175
0.020077431528154	0.351257563360973	175
0.124973384658068	0.212608235601068	175
0.092085355693979	0.315842294131267	175
0.041657777614324	0.312706835868844	175
-0.06838900126761	0.482556062168002	175
-0.063322681647912	0.571433510713734	175
0.044095106561924	0.357276864554301	175
0.06693684535139	0.167738632586943	357
0.00490138881410099	0.305622176341612	357
-0.098968338704677	0.439175747941984	357
0.041755438575754	0.38177843872963	174
-0.0827022470611	0.447349433333682	357
0.058415005773056	0.325813668815801	174
-0.109613262773318	0.903420892499355	357
0.120379269675639	0.213046113666396	357
-0.01660050913022	0.53813423618846	357
-0.070644092500658	0.463294582999672	357
0.108510156893887	0.18356576640835	174
0.118795121392225	0.168802335535388	174
-0.061773049660222	0.545185520127463	174
0.000582722863466001	0.471354468983371	174
0.030012984656493	0.442722847781505	174
-0.035111709382191	0.536668745779463	174
0.078229975482535	0.287623810838831	58
-0.002202086159594	0.504058883112645	58
0.114261754954891	0.102963709572074	4
0.015909776568339	0.420463878850136	4
0.113071400066418	0.171906683414491	4
0.059070599149038	0.327602848251781	208
-0.00459688095512201	0.355804511834492	208
0.036507910983724	0.206352894694693	579
0.089624231192397	0.226887156184575	20
-0.117123663767931	0.751593037414502	208
0.112912548088107	0.216682991680923	20
0.053794267723871	0.381481775859815	208
0.068407318814364	0.336482909230339	208
0.019596605488939	0.414216996850258	208
0.111309686076097	0.220868845442554	20
-0.115607822774297	0.687885188113875	4
0.05183453314715	0.329785788668293	4
-0.00176913176586302	0.473587508641433	4
-0.066241882897098	0.488512811465173	2
0.012816107108931	0.380793551795919	2
-0.025683829726589	0.480549816987641	103
0.058674160962811	0.335182838073416	103
0.109011179719651	0.175949509540209	103
0.032787185828388	0.276098221494437	103
-0.063685912802879	0.695211486420015	103
-0.025694596052082	0.461148890826342	103
-0.047252713374118	0.48304315703404	42
0.08186549969823	0.185785854374149	42
0.0000712634159829861	0.309075873111394	42
-0.010803891350097	0.330006642506411	42
0.057338712641946	0.262615533840205	42
0.091614184236034	0.151877505020414	6
0.062528907718312	0.158507194156976	672
0.069136494873002	0.322857309339886	38
0.00139520527755499	0.447486100210463	38
0.029111617488935	0.454861845736808	38
0.01280640827828	0.37734131943645	38
-0.08675233487677	0.466004087200998	38
0.003126034037643	0.428126585626956	38
0.062009946575887	0.30887570015338	38
-0.010647559073514	0.38882951942689	38
0.005493361930371	0.241068736716638	38
0.041104953356795	0.847367558387418	175
0.085825758199096	0.525925905936312	175
0.044904858408963	0.52248283076873	175
0.088347943964235	0.364029822267438	175
0.083486187962472	0.346947068550356	175
-0.084801843790993	0.904215045361618	26
0.066086670654588	0.389072585165613	175
0.039375664381243	0.453713259533833	175
-0.00149809661080902	0.403182018020803	440
-0.00193804618745003	0.513648856273857	440
0.039310942240125	0.335087879255602	175
0.108682752971608	0.183326554261798	175
0.122254228939006	0.201017420761796	174
-0.057343663918102	0.660349986111642	357
0.00452433939984501	0.450159404103271	357
-0.074678874721151	0.643768574811015	357
-0.063181520823169	0.421668876919407	357
0.040263380248701	0.324544007889777	4
0.024072716962327	0.404889111603412	4
-0.095203022126524	0.703754700857676	4
0.110793520005261	0.185665074725504	4
-0.077080003667789	0.57060601483147	208
-0.065602155405793	0.537909377832193	208
-0.074420473296272	0.632893763605037	208
0.024037773815033	0.200881511642803	689
0.10400377959481	0.229901330962901	4
0.05796773896532	0.348013670326383	4
0.081352527015156	0.196692577582262	4
0.088574653973407	0.236494723973976	4
0.124338712559089	0.182395858068416	4
-0.060896970125872	0.567713551464988	4
-0.057329201640042	0.456225691216128	2
0.030694826227081	0.351946849890565	2
0.013783051087222	0.435688530071342	103
-0.00930603350026599	0.494573737643225	103
-0.093111022648907	0.617980158088103	103
0.042771222903252	0.322344726274109	103
0.067570396734156	0.293438918981212	103
0.00764791294515901	0.453430584036649	103
-0.047110591378443	0.425535692451723	103
-0.04291734564712	0.407448649654722	103
-0.026586485393013	0.557778676171905	103
-0.11462292409848	0.586574377423986	103
0.110029849999356	0.184134049410624	42
0.060470402226967	0.259625529697021	42
0.038098621756259	0.310971417815223	42
-0.079533549726981	0.531472887346155	42
-0.03093881482635	0.402501081477154	42
0.096885744104239	0.184228281067206	42
-0.050552632291428	0.347018468304059	42
0.102368549172123	0.149520057517847	672
-0.095079449438949	0.586093728343982	672
-0.001802681189155	0.480327329855161	38
0.0896156883944	0.210490715275585	38
0.077261469173749	0.288253219427124	38
0.03933006820959	0.296004004470023	38
0.07503299418808	0.259251636139448	38
0.029461763448257	0.324339501290317	38
0.069752063391551	0.240324087346223	38
0.00509520884916701	0.348903935946701	38
-0.077881581532119	0.597331218503551	38
-0.03512158858018	0.498229737948713	38
-0.058087103501662	0.536099404525382	38
0.025992819571651	0.385080863524743	38
-0.075749460156791	0.601756159295372	38
0.000877117262761989	0.281566583484099	38
0.097777774566569	0.168240706171523	38
-0.047205793428783	1.52642245863296	175
0.115279894275973	0.417378809153005	175
-0.035094713850595	0.760256606654042	175
-0.021059067662264	0.46851015104714	175
0.033260111087207	0.362747314959024	175
-0.019739838713829	0.478741426213149	175
0.115392369000654	0.213573633007727	175
0.038473258119653	0.375173022705167	175
-0.038862591243008	0.46944458982629	440
0.052129778346314	0.413646402647374	440
0.117825352413388	0.116953112780785	175
-0.113242164988735	0.329736173622316	175
-0.058208740604127	0.568251148532333	357
0.118315117226469	0.189089742132957	357
-0.113045611485407	0.555496871344116	174
-0.052183386187708	0.449024409281082	357
-0.039929648990152	0.452363803520669	357
-0.07725913028669	0.364652591867481	357
0.06995289014442	0.146698183624622	357
-0.048707916832138	0.424414300311951	174
-0.081050077640727	0.423074954250092	58
-0.113043728536646	0.732971752138026	4
-0.083164078483833	0.649338751739971	4
0.040316281430647	0.353295703089102	4
0.071899640250551	0.218811942300146	4
0.025576196544007	0.296585853378207	208
0.019039263618124	0.358333378027761	208
0.110000363305935	0.220998275538786	208
0.058076068268839	0.280865802565411	208
-0.101365378701625	0.631290560597243	208
0.024784624148043	0.313436113079125	208
-0.114381739593127	0.526550357250284	208
-0.012076745946181	0.456086308197972	208
0.062988714861276	0.262322597693909	20
0.033433347995484	0.336629735416846	20
0.08041005150845	0.271229821172895	4
0.124515102801365	0.174239774344131	4
0.04352688387439	0.313693979142128	103
-0.047709642653266	0.520248998807168	2
-0.065819894977825	0.523798456654732	2
0.078016116060635	0.240816908093111	103
-0.101628223178263	0.664219069905404	103
-0.050482271087009	0.497163012089281	103
0.10977560125424	0.177003562977479	103
0.056306911934794	0.259961605539226	103
0.069626007953258	0.262756239070563	103
-0.051794643983341	0.34056645916601	42
0.00917768751456799	0.251368090367349	42
-0.00285094633161098	0.229595989483288	42
-0.095518010119837	0.322658295520786	42
-0.011518602288075	0.278171092044134	42
0.027248615422037	0.207256004972999	42
0.011675893397149	0.393044572327578	42
0.017279404507505	0.320708762931978	6
0.124504425335497	0.146294784011818	6
-0.00885333447648801	0.3087908664453	38
0.00899207921512701	0.263714778197275	38
-0.119185914809148	0.608350341310351	38
-0.122648093115937	0.660473283321147	38
0.02808410660286	0.308772445439393	38
0.103928457551657	0.188685989462156	38
-0.00236204613792101	0.363831026118999	38
0.103430045105518	0.156157636372018	38
-0.041112516370486	0.364362771798098	38
0.045528087423824	0.319339408989767	38
-0.02365518607101	1.18758110300695	175
0.056526340088552	0.75810690700759	175
0.106466460506418	0.293601382559935	175
-0.08670716365845	0.968437128033135	26
-0.018098956123993	0.578286194442754	26
0.118067498350594	0.221352563847098	175
0.119966886724027	0.219286718669307	175
0.059988482357339	0.284393069665351	440
-0.066061630587866	0.598560751447048	440
-0.034188663893798	0.394365978525133	440
-0.056853587037247	0.709252751203278	440
0.094269125565007	0.22552456131047	440
-0.096983956600298	0.448145519603972	175
0.121645020707586	0.136402970048685	175
-0.00625077767965199	0.420098429349605	357
0.111168061329841	0.199117531563522	357
-0.119228467741896	0.688115698934636	357
-0.026253729894701	0.540975309709052	357
0.081526523764093	0.27344307268829	357
-0.106760219064796	0.814537482038532	174
0.085044020179554	0.285460454927681	357
0.049951942805271	0.304852654156474	357
0.025473894517448	0.297295059616389	357
0.008965774512251	0.240936910773222	357
0.118924413145528	0.157774825912857	174
0.085955912181011	0.199327514014976	174
-0.074602447873305	0.463877105020686	4
0.084964806763277	0.24992784680872	4
-0.061652923501737	0.449197180865481	4
0.112915019366312	0.160717263245597	4
0.095053047236375	0.220763291807801	4
0.061239292308447	0.232954066021913	4
-0.072873365393804	0.468628629086467	208
0.076352025711848	0.248801385834319	208
0.00199601445301001	0.397591975276379	208
-0.00842945162211101	0.34216183529991	208
-0.021465492840377	0.344441848088517	208
0.00801231768124899	0.229930651269876	208
0.106022869976293	0.143373823406147	20
0.038176640501425	0.417296340947789	4
0.105929711301268	0.194464030252106	103
0.067506087695456	0.251165997918728	103
0.105093617251292	0.194474631607566	103
0.059288842420483	0.289676368954903	103
0.096062394149843	0.181523640166259	103
-0.061122771457204	0.564250337085114	103
0.067141646026914	0.164626524909787	42
-0.026430363921404	0.302013802286624	42
0.05006407367962	0.232954237129637	42
-0.035783619865503	0.27885486869114	42
-0.039390530676555	0.395338884809458	42
0.002174798108176	0.311198143245284	38
-0.018748195394718	0.45788024815322	38
0.045883271816983	0.321339742508898	38
0.12274929214596	0.148172863157757	38
0.010912840339447	0.351930621934421	38
-0.027119346337647	0.34747086950547	38
0.061622909147285	0.221980584647295	38
-0.084688440365649	0.430082535066776	38
-0.00284401602458201	0.36706856322341	38
0.118684705072728	0.184547575209235	38
-0.027758277029475	0.334644571913449	38
-0.12001813684384	0.666721939102985	38
-0.075021795849286	0.540986581772925	38
0.098500919167175	0.223249483363607	38
-0.066665430092046	0.41264994493058	38
-0.020029966836946	0.660174414089805	26
-0.054488805926787	0.998314290997142	26
0.116198874521422	0.312727855470052	26
-0.00779030577058798	0.612397511853987	440
0.012640074558535	0.411911074597451	440
-0.00779529052102501	0.464456849786208	440
0.028932936583751	0.238799894430582	357
0.027828857545169	0.331040018928818	175
0.109051034281104	0.21426729118594	175
0.085037252851074	0.281241638406625	357
-0.030044222459457	0.442196695572908	175
-0.017367572576616	0.482367504405687	174
-0.018571350509319	0.37599013782982	174
-0.026883996961046	0.4832217792248	174
0.096146461189328	0.286597846313512	174
0.095737800524447	0.23101126833238	58
0.075604265477191	0.298375014205106	4
0.099038549558355	0.208202030925315	208
0.02293519164715	0.369875849140893	208
0.00253115084344099	0.336729539154992	208
-0.054784842668177	0.554389569758998	208
0.017551643680395	0.379188959678023	208
0.109375287370623	0.182702720713484	208
0.097886191209876	0.165254581118931	208
0.027430356720855	0.337804863508913	208
-0.124153378163653	0.745749521683802	208
-0.077975381926711	0.587379844113433	689
0.109592093703088	0.191059371099722	20
-0.003892318095014	0.444615651544764	4
-0.119013316610467	0.712921455120555	4
0.124630642281875	0.183272178607245	103
0.00402831187172201	0.489506611604162	103
-0.070121478194591	0.500584800798502	103
0.067392980469006	0.306648469921439	103
0.017194941885881	0.415481926266138	103
0.104343746774779	0.202454774835404	103
0.103173317260725	0.262317236640579	103
-0.026477613177927	0.600734460482284	103
-0.037583633720539	0.581549088245651	103
-0.00419046414936902	0.474740416526228	103
0.00770592104708701	0.318640651608451	103
-0.114807933461302	0.504465591651601	42
-0.025285956956047	0.381942032237772	42
0.000368658095572988	0.279439872967882	42
0.051072721976797	0.214421781674858	42
0.070587975933705	0.202027375475743	42
-0.085820385080854	0.531222423777161	42
0.102213327289569	0.222445206909362	672
-0.00487549342653398	0.427325721042191	672
-0.04152580053767	0.409966532227096	38
0.121873354301368	0.154835737165851	38
-0.070235617393203	0.470503296401778	38
0.090752452035498	0.178028065620504	38
0.018001050458879	0.342490269897371	38
-0.060882789684843	0.594829217793259	38
0.00819876612916601	0.464633326138922	38
0.058681681229592	0.294555524702638	38
0.045299852350873	0.312116875823389	38
-0.00499689057576802	0.981868246849627	26
0.088886479034559	0.509755693000014	26
-0.011802892225367	0.939805385361422	26
0.03633404599846	0.588695200082499	26
-0.00500751896561802	0.757094914368333	26
0.090835596219993	0.285896042450575	175
0.013872992975825	0.496420923980936	440
0.00279436834145799	0.660506580480006	440
-0.00646731138671702	0.727889374232135	440
0.082802465862302	0.400208615849598	440
0.084965906872905	0.280123118300945	440
-0.113219976652552	1.00745750846465	440
0.065648191179808	0.473750398194891	175
0.047333552617634	0.443570874971616	357
0.111780451944628	0.237855481280853	357
-0.033672599105169	0.395319988209125	357
-0.114735893127053	0.940816330355219	174
0.024131918680673	0.486339219925363	174
-0.048808699587834	0.725929637626868	174
-0.011120378253404	0.409770475595388	174
0.083097321927795	0.277264670837313	174
0.013504258461518	0.576429394259962	174
-0.024592767460428	0.548989794760212	174
0.092543605588425	0.11435850864398	4
-0.081111941631029	0.314585697092046	4
-0.00986660170748399	0.291205254526389	4
0.06062324335352	0.266891538073663	4
0.099737934038893	0.273481408425159	4
0.06138748498772	0.400224627842434	4
0.000118366912676998	0.199611458433087	208
-0.025613468862948	0.341494209620569	208
0.12493392393835	0.208035722965382	208
-0.025341718473395	0.59523910536744	208
-0.078322355349572	0.791220090004456	208
0.055314152600849	0.345724619684428	208
-0.00956469476898503	0.234125156999164	208
-0.054680854922688	0.376433205351888	20
0.10053756306288	0.238233016561343	4
-0.04836397651786	0.573769280108256	4
0.077077650380264	0.258238011586207	4
-0.106752226522076	1.01987837340035	4
-0.038490011442513	0.294189874709096	103
0.101108150195442	0.260037994283279	103
-0.016024291326368	0.442705848827903	103
-0.063291962364321	0.531722545544819	103
0.01947830901776	0.405938420970943	103
0.052833256448494	0.128403554142928	103
0.001934606077371	0.156691591238105	103
0.059646088505058	0.128898516381813	103
-0.120002856417155	0.941551169903277	103
0.113579626344119	0.255587064548406	42
-0.072118880461746	0.723996043851589	42
0.088725078014626	0.25938284862939	42
0.000562802007104013	0.484167739611612	42
-0.063525748273507	0.700310309020403	42
0.061567488458754	0.219587987619356	6
0.092587451756708	0.229885466165862	38
-0.06620399978196	0.661925015140664	38
-0.064280514590253	0.645571178206384	38
-0.097109612099982	0.661089579605585	38
-0.040962969753326	0.679512171700046	38
0.060239767981887	0.311748750823657	38
0.040731432299749	0.355506200116243	38
0.017276603249713	0.231484510342638	38
0.120802226091767	0.622845621112147	175
0.074901866941028	0.836151703892534	175
-0.124272787904176	2.49935251598722	175
0.058549763588658	0.657307160590316	26
-0.015418669312076	0.988134934473785	26
-0.026641346558965	0.92182054548661	26
-0.082548654610009	0.855690969380613	26
0.04482878859717	0.372431944254206	440
-0.00688384239452999	0.521711844313199	440
-0.105334411239231	0.838905103583285	440
0.109831780317154	0.217897365667162	175
-0.046579203890765	0.525174356982884	175
0.064984188700314	0.297212305028922	357
-0.036408982988813	0.515391076380408	357
0.116548166007413	0.174842173096935	174
-0.072633263864423	0.710514568274522	174
0.063176418911581	0.317176274090608	174
-0.112052541213616	0.70463937980454	174
-0.089745340295148	0.656996170681883	174
-0.00846776508230301	0.377442846595708	174
0.123701915904117	0.192476019646653	174
0.072570359857277	0.225369862520135	174
-0.071186467004474	0.508819895388768	58
-0.032556268470367	0.516022031620549	4
-0.00741890488753899	0.403921876214024	44
0.070062427420335	0.225155294857034	208
-0.115046412843067	0.450020819049014	208
0.089933436969446	0.166459495815149	208
-0.084222740434097	0.542718864947679	208
-0.043393738572742	0.491437576077278	208
-0.114726439387752	0.530945265020252	689
-0.073077045613136	0.45158381769488	689
0.068855189144481	0.259348787412327	20
0.013265297056137	0.349573520050141	4
0.039924321651512	0.312991798445391	103
0.008921143887792	0.276889885786509	103
-0.111975589886483	0.603764545507862	103
0.114814411460317	0.142739086960813	103
0.067244779971438	0.240605180864573	103
0.069136127356693	0.150441337726201	103
0.051924055617066	0.185934050024524	103
0.080894888789432	0.239504432904107	103
-0.00343932184231199	0.432905575356886	103
0.118743269703478	0.208875035442564	103
0.070386651938352	0.267100800067861	42
0.086955577928469	0.230386482445606	42
0.069452119957938	0.243265631801482	42
0.114081956907585	0.172240294856006	42
-0.039699818352076	0.507887172419632	42
0.093709284609128	0.170875906156049	42
-0.044857025603813	0.496835103306665	42
0.074356256987762	0.242520491308447	6
0.089598333254317	0.19556549272609	38
0.057741947195725	0.29917389422924	38
0.097145569507388	0.15812543642312	38
-0.07093614072166	0.472991822377248	38
-0.00296717161312599	0.369192346211466	38
0.061969183696883	0.224572604184509	38
0.071625340019081	0.291146223957692	38
-0.113030613650134	0.601150437096094	38
0.086960816992079	1.31037946247816	175
0.10226392981109	0.860264789968197	175
0.033508918844079	1.21548432626115	175
-0.082475840046751	1.51914022622491	175
0.014507106385684	0.927893016482188	26
0.072584062056626	0.490467820390295	26
-0.082323265104977	0.950024790206247	26
-0.085888394044877	1.08879729078364	26
0.051882402443088	0.3762355834115	175
0.123629992075899	0.216189205008735	175
-0.00853661450537502	0.595933420835046	175
0.096141928938516	0.26449764521122	440
-0.010681733586117	0.559898620729594	440
-0.039585528036331	0.602560519859589	440
-0.123750669480836	0.897102303062886	440
0.072691324570905	0.228523480831816	175
0.107715317654551	0.205215771043728	357
-0.094178628908182	0.667742912918773	357
-0.083255578120141	0.567874825947263	175
-0.020982037635503	0.463770472918399	175
0.02293296676868	0.403561020031991	174
0.10095237421599	0.22770181650269	174
0.088046947281655	0.267184571420371	174
0.012076072158768	0.404671549183815	174
-0.0388966298236	0.513012071163968	174
0.091806448507437	0.266000772001357	174
0.068424475751069	0.228056715676456	174
0.124723122854189	0.132610884340138	174
-0.012737980451758	0.382649887760185	4
0.099817296239885	0.187197896178898	4
-0.038362375571304	0.419857891157215	208
0.052593000788576	0.27842171523103	208
-0.00909722842086802	0.259761604687773	20
0.054850776845842	0.183845253799254	20
0.061889623422028	0.189011888355767	20
0.101054546781959	0.177228410918767	20
-0.084592625739122	0.379337077151716	4
-0.115514438730491	0.538765505666739	4
-0.078190239622228	0.526265387539511	4
0.018125420695579	0.366889012533984	103
-0.109581767651382	0.601121659668519	103
0.038125294094972	0.286830296380416	103
0.00167899030678101	0.252710892696925	103
0.026207708289837	0.274091728685037	103
0.10073195592725	0.244488963742501	103
0.040538994369332	0.319110030568668	103
-0.054961925499779	0.449540383781346	42
0.04011697247731	0.275344374037071	42
-0.027352009707135	0.328619671990265	42
-0.094269557463514	0.557746021710533	42
0.084465489757542	0.173717062315306	42
-0.026714456379012	0.29364786732606	42
0.080841895549996	0.208713274761153	42
0.05896585647204	0.205062600123771	6
-0.055092101870508	0.509616286468064	38
0.058697152097099	0.25868716553903	38
0.062125004345903	0.227883831485392	38
0.069513408795525	0.244622690357231	38
-0.029254638180244	0.407959745982093	38
0.044093379142869	0.2879552166011	38
0.061928717761941	0.247889339544486	38
0.068867469223125	0.202316017532512	21
0.01004229246242	0.360540168379934	38
-0.084328506324964	2.20761621218142	175
0.070205928948054	0.375841645468948	26
-0.058569531080055	0.642550832060543	175
0.005033775459201	0.321704644687282	175
0.121576397726313	0.155071401475118	175
-0.030940338092856	0.339206712607915	175
0.102959144101627	0.19931037404322	357
0.056559457325381	0.29733623469541	357
0.04780289993167	0.259704420769705	175
-0.04371967629628	0.604372334377267	174
0.044127555176231	0.353082558463573	174
0.112584056495295	0.235296671205221	174
0.09065194046554	0.16815788151576	174
0.04332780411549	0.333951599847695	174
-0.071841277023613	0.488797372378057	44
-0.110035702013699	0.554800556805193	208
0.023417074108647	0.292749485261793	20
0.011988805827354	0.362081939251577	20
-0.094927176368219	0.545017516014413	20
0.06060017316039	0.264229860813212	4
0.006867750140792	0.441903452440238	104
-0.012001307078479	0.361493682898838	103
0.002711554983644	0.313799809357861	103
0.079883991503701	0.249862632404034	103
0.074979365725701	0.236406488626592	103
0.037670904301489	0.304562195890259	103
0.04307878435374	0.297178832997285	103
0.092236808547173	0.177828183089289	103
0.033956727573875	0.308447826121603	103
0.051195210589998	0.186329652582263	200
-0.029010243236957	0.314181709281985	200
0.111997021502245	0.197620152476773	103
-0.016131793748052	0.408877850548704	103
0.0968915658181	0.234790801214316	103
0.00514362780911101	0.2763857409663	103
-0.00411315577723098	0.288678197934553	42
-0.079442014031098	0.391242740301635	42
0.043674369111306	0.190959304575922	42
0.019872816540539	0.241446707831929	42
-0.017932071199127	0.306749686744509	42
0.100583454982447	0.197814938288766	42
0.041953354451401	0.338393610763891	42
-0.065528629074843	0.494581345968535	42
0.068862321670642	0.212092733593985	42
0.05754299894831	0.2641087681587	6
0.028440864999829	0.289382799456142	6
0.109980682731776	0.169311901365452	38
0.042502802573525	0.270934839506763	38
-0.025968206386421	0.293824312795117	21
-0.113625156369739	0.486841423666382	21
0.074823015291886	0.254441631106826	21
0.0394623832886	1.54601037501017	175
0.018391606537117	1.48760559370752	175
0.083544558710296	0.442668134801167	175
0.029064844783521	0.588569729539562	26
0.024602614766237	0.591758458969815	26
-0.028309726260885	0.778307834040108	26
-0.077020139861248	0.830341496071128	26
0.065330980870753	0.281960994076298	175
0.00760567400835099	0.373223419834473	175
-0.052972703567033	0.526721143219043	175
0.091271456560962	0.26474489699637	175
-0.056600205354645	0.649185366575514	175
0.055855567089976	0.307333569290513	357
0.094903985007892	0.184786549078653	175
-0.097007174667306	0.542961701540059	175
-0.00281882804212902	0.428367698702671	174
-0.064204558992032	0.54076583194707	174
-0.00839744247060598	0.400126303019423	174
-0.099548674020581	0.542677074523879	174
-0.114458605128075	0.542095770327421	44
-0.097974807213987	0.479285952208353	174
0.095049327551758	0.22141637170189	58
-0.061189373876284	0.499856289231637	58
0.074848860433548	0.123483731333572	58
-0.036479137323822	0.30709060088651	4
-0.016884583814324	0.355149451472594	4
0.117925931256469	0.175059883239029	4
-0.00576722455606799	0.348811130285137	4
-0.07805853368485	0.350696630662612	217
0.065311756721212	0.168101864776672	44
0.00867803700319	0.35133921387045	208
0.020981573199921	0.218964485780449	20
0.04537102997338	0.243136685170339	4
0.011898532541271	0.310641918257112	4
-0.00654942112880302	0.330383275066852	4
-0.047839408371514	0.378304537258725	103
0.011862497925527	0.37589424274193	103
-0.028522803762906	0.365314782556706	103
0.090091377446318	0.166935963052552	103
-0.107964802870908	0.29023121133308	103
-0.02626738623364	0.454563680888225	103
0.057635083111376	0.236384229798816	103
0.090695273428199	0.230915915033739	103
0.110535645143062	0.197498325623198	42
0.070307592161711	0.234468097647201	42
0.078544377535761	0.199436808495317	42
-0.015018181863241	0.380462608218883	42
0.005160715134015	0.347554648710793	42
-0.044001528294982	0.385026065758041	42
0.12292623862145	0.0934076248869955	6
0.096646063164308	0.198010317023809	21
-0.068843417102042	0.420290564283204	38
-0.062069044956931	0.449435769239421	12
0.045655752255569	0.249887389352443	21
-0.084529606584745	2.35414112824679	175
0.022568032351124	0.438228804436967	26
0.09114375475246	0.238518220617935	175
0.047680245416265	0.30470674317953	174
0.038921622322359	0.318439803634575	174
-0.064492470828359	0.501635080300121	174
0.01193797501381	0.339539280280206	44
0.081531836791501	0.222231988989392	174
-0.022242064087057	0.376174529311998	4
0.10152535731966	0.144917965492526	217
0.086572257635202	0.170497220175854	208
0.035983976150746	0.226103237055638	346
-0.022609877621267	0.327070477437756	4
0.100388911120514	0.153603954318832	103
0.069189944732886	0.168479293246565	103
0.073099590148552	0.203096277286837	556
-0.076717669906412	0.377809156442485	103
0.090898395776618	0.141039794842489	103
-0.037026719288624	0.3370650700834	200
0.076903676133995	0.146939547857082	103
-0.013003196683093	0.328343498572308	103
0.124988805517009	0.179423894926559	103
-0.124566329967345	0.705298487330867	103
0.090394366916775	0.228987238546714	42
0.01421071975521	0.329487935019083	42
0.09660993342796	0.181182029058307	42
-0.119458227769044	0.4249268813634	38
0.012830673019725	0.254993478562708	38
-0.00666084378947701	0.255648773263802	38
0.104268864601695	0.155401240889346	38
-0.053615210198133	0.355967883835585	38
0.085472089502861	0.193420634600262	38
-0.05901673748068	0.337435686977663	38
-0.10227825607015	0.601692598836402	38
0.070439534045979	0.25715438756967	12
0.099018433925438	0.193804054565821	12
-0.093219278306808	0.522752791226332	21
0.058029884918389	1.56937547782658	175
0.100162971756259	0.857179154192196	175
-0.101450247103063	0.525229138762179	175
-0.080514655398004	0.720494221324783	27
0.119891886599131	0.137667071585971	174
0.007533165598852	0.356582194279393	174
0.016295720633694	0.385083619903267	174
-0.06724513015859	0.589965374448051	174
-0.00612537614395697	0.40516212693759	44
0.042605046581482	0.242467771179335	174
-0.053513482508396	0.367323533484758	4
-0.00534516596443002	0.34695000135376	44
0.022653614877566	0.286828878896695	44
0.00782043205071201	0.322090507087511	208
-0.024432905627811	0.164662215241793	4
-0.119218566536836	0.257838349555661	4
0.104789046546317	0.191757149789397	104
0.058304717593905	0.262222317406964	103
-0.055853072296116	0.226296532545578	103
-0.072394698006756	0.483296406888165	556
0.066714664890587	0.16917426752814	556
0.046302378897512	0.192064466095889	104
-0.030276784459381	0.274374885126271	103
0.055777895584921	0.154007941324983	103
0.011912263481042	0.44451488430445	103
0.071917399579416	0.171334879633954	38
-0.052189565604736	0.288791561894333	38
-0.11077030597054	0.334833948541778	38
0.114661315320013	0.123889151866506	38
0.045351160971575	0.2481495691024	12
0.098474928852441	0.161010955924025	21
0.04674459517598	0.178454891010178	21
0.064370134597327	0.520067583413701	175
0.016725168931525	0.566591454386593	175
-0.075866482159592	0.762683451193296	175
-0.022965892568028	0.457424040622033	27
0.030810027812293	0.432811521145529	27
-0.122444310367236	0.523487501178938	27
0.018185577934644	0.497267808398164	175
-0.038941595044978	0.554795069975109	175
0.096716425952821	0.195453980155147	175
0.051620183721221	0.345656428884343	44
0.116657337090562	0.186143273652926	58
-0.088507761677573	0.401112473839765	4
-0.022791842475371	0.397536868936628	44
0.079579227706604	0.18432712278209	44
0.02022340168047	0.295662917222479	20
0.088481582552116	0.243881411414796	20
-0.103460227095715	0.630511379002611	346
-0.114642375983592	0.377353985133649	4
0.018226557674906	0.273069436166508	4
-0.118923670067647	0.292328342884049	4
0.027034625769315	0.342731457863743	103
-0.010020830947189	0.413787737255217	103
-0.049248041671039	0.251277112563382	103
0.116954230769633	0.166897267029754	103
0.087197448461317	0.304471993801466	103
-0.035378861752922	0.51863804768861	21
-0.031514755599551	0.485484597089813	21
0.014618450120946	0.416993048242297	21
0.067528694404497	0.303879151793118	21
0.00021763217623999	0.219398511210508	284
0.03847104438503	0.309093598046594	55
-0.024205929506294	0.327371809844248	38
-0.00401996613453298	0.26607030041385	38
-0.053865458214208	0.579947618980573	38
-0.083014912415078	0.437158680654153	12
-0.000391359264531987	0.361683759129917	12
-0.070321861827034	0.437304846208503	21
0.029795224783397	0.903266254570188	175
0.081154776935597	0.384255416412446	175
-0.110173272802934	1.16479426338264	27
-0.068799048162624	0.46473259107011	27
-0.121604872926727	0.69760119337124	27
0.00736563283066499	0.500257202702012	27
0.065447526324595	0.391758290580232	175
-0.036850177344962	0.678343201243077	175
0.077142515102418	0.257918747505765	44
-0.119689620952837	0.689570826923839	174
0.04040003314678	0.195977687463995	174
0.059919283349203	0.274275308183152	174
-0.041443495934925	0.630736656087962	174
0.08062119095563	0.202399200383333	174
0.106172243809968	0.21256576294389	58
-0.037680754438478	0.274608133388673	58
0.009286646206037	0.153250792003967	4
-0.090921822118192	0.405157356701402	4
0.047685197254505	0.279269142310707	44
-0.083407886541425	0.399402638673869	217
-0.032195454626572	0.373108624729182	346
0.039724020349316	0.141128934513835	20
0.03379394920061	0.281055033621463	4
0.109621375149569	0.101316595245142	4
-0.059353775025617	0.430784074195724	4
0.066024208289924	0.231636999691451	4
0.00036893367232399	0.34070213027457	103
-0.113602963885398	0.455611330056465	556
0.051848809530205	0.0950039769611912	228
0.064323467652815	0.332737184178038	103
-0.019136411026062	0.50896977705095	103
0.01619993931421	0.473603654360316	21
0.091670516779173	0.255446906535123	21
0.011574776315896	0.403966746880481	21
0.036986616494816	0.299388242918322	21
-0.112543618157068	0.286205011001728	55
-0.106779781614939	0.240243600297594	285
-0.0000872046471179777	0.26429427482029	21
0.020110950221192	0.183219795311528	38
-0.053972671900448	0.411211311126162	38
-0.039413202304267	0.545413350724199	12
0.014678677015599	1.47353579293441	27
-0.077033061075354	0.542456489771178	27
0.064620251645264	0.288340884850951	27
-0.119111711660145	0.746239083699326	27
-0.059004603723718	0.700610889816101	27
0.043353394183458	0.440779015281481	27
0.121347674398306	0.156807973533209	27
-0.083691631353912	0.818008313235224	27
-0.074164567643914	0.770002785497027	27
0.104382980689566	0.278573905410877	175
-0.035560251018396	0.508360011848727	175
0.118886075812607	0.221592421275382	175
0.055299237798617	0.318202267690428	44
0.119995061566648	0.176700578363268	44
-0.09429127766317	0.680093306721102	174
0.053317600615432	0.346080845168474	174
0.039246723242884	0.35206267858469	44
0.029846433878516	0.414152884032048	44
0.116485296474275	0.205077561700981	44
0.105628305243579	0.135081026205442	58
0.020963853935089	0.107754091256896	58
-0.079510295490384	0.378005727431115	4
0.019004565036526	0.337535674543836	4
-0.072710882700854	0.194228154917333	217
-0.018951454821656	0.163390011765692	217
0.00667807704051801	0.150684647033143	20
-0.009781374211976	0.437745662849732	20
-0.011303025635124	0.338801388184143	346
0.116305491951256	0.0737289793987834	4
0.105791007359076	0.18704231318205	4
-0.092886929054104	0.419275856601052	4
-0.096911219242271	0.265660586483263	104
0.124222531071108	0.0976778161897594	104
0.01194199370566	0.294811567603272	248
-0.096528205239191	0.47068194236288	248
0.096019462869104	0.146994247792083	556
0.00365695567143001	0.259911475638912	197
0.103159426794931	0.16067593447151	197
-0.065333848401972	0.444859337271677	103
0.043619227257585	0.326554852130852	21
0.074878961628565	0.119083459956381	55
-0.028096209302769	0.174800863911889	285
0.101319570053961	0.188483584659768	38
0.022896465978346	0.271976046121354	38
0.022898923841659	0.275780445295358	38
0.022270592178629	0.373425382341345	12
0.102823100163161	0.200601221886551	21
-0.015081018127307	0.37294331216097	21
0.124387945342615	0.813312534073	27
0.00425701731589101	1.62863842916881	27
0.102757238529828	0.625747822726118	27
-0.0000503067470690177	1.24119089510621	27
0.054873619522273	0.343593457646902	27
-0.101893209903633	0.702886620974886	27
0.076736124263322	0.388514042491372	27
-0.011597477482387	0.632140798687004	175
-0.052386265573493	0.557881420310095	175
-0.032145321608124	0.293257305939314	175
0.073649985592729	0.18187307175399	175
0.027147129808473	0.373992231156455	175
0.096729170789285	0.271955820003609	175
0.028263332014513	0.396952766131918	44
0.061993969159017	0.314703699296095	44
-0.090385235790648	0.342047811049862	217
0.005394027598942	0.149920194189221	217
0.011530486999606	0.235778598359803	20
0.121343253147978	0.200652696881451	20
0.112324804822439	0.0946870526079519	346
0.109909663366754	0.0778491661552909	20
-0.097916037768312	0.361250072109419	4
-0.124214658283541	0.344552872000852	4
0.05794980669954	0.254791268452138	4
0.070441205878398	0.30094989308327	103
0.020436705554976	0.321654568254404	104
0.121889976965831	0.124126851714943	104
0.121443375139441	0.0922428049956108	104
-0.075705178557281	0.453160999558858	248
-0.029989947812816	0.391775906431142	248
0.12026396445492	0.168849175855286	248
0.016827390239264	0.114359060265416	197
-0.046787055562709	0.310334790791017	197
-0.017932071199127	0.306749686744509	197
0.116392786695635	0.160792017585344	197
0.114998759532545	0.0762025696511883	401
0.058982506093783	0.131176205910459	401
0.037266046397552	0.268738245031267	103
0.095882269082831	0.257948321229579	103
0.022172913834792	0.414153867408205	103
0.123721058787228	0.199188964112373	21
0.068332548555391	0.264123977666333	21
-0.122480377307968	0.674396642830079	21
-0.07796772551681	0.597384735301908	21
0.075868116204096	0.119326725788411	55
-0.113616349885321	0.390809932413045	590
0.014256229306352	0.230326803903886	38
-0.097531071792056	0.512808701184229	38
0.015912093133266	0.328838282494289	38
-0.096039420784773	0.486403719958254	38
0.093508724466524	0.87554511327592	27
-0.058210256779456	2.09193199748947	27
-0.095810535331325	2.02021566957495	27
-0.00175357419371502	0.889252590176997	27
0.114549670780862	0.258514161144181	27
0.119825392264681	0.311761259908935	27
-0.00152363943549699	0.635886017109514	27
-0.085919747301048	0.954461553617853	27
0.028621406361479	0.428582813914601	44
0.07431189163233	0.269558483977095	44
-0.023713735305784	0.504991777991497	174
-0.028327518542301	0.348488396645683	4
-0.088784954719922	0.524349265580581	4
-0.036671343991504	0.486106601338923	217
-0.044323880163557	0.388514278859593	217
-0.018872357102667	0.469890072000161	20
-0.00279858492197999	0.400246807879438	346
0.071336190947519	0.257640598843924	4
0.054586438484106	0.209952685189614	4
0.0502977323832	0.180951082269606	4
0.069901023549655	0.274994749406909	4
-0.040008893300334	0.571287246647731	4
-0.023130773183519	0.478726235602312	4
0.00274145241524701	0.354720673369059	4
-0.000980308297264976	0.362936610705586	197
0.057387696660978	0.303471757561395	197
-0.073660718387271	0.424270521155338	19
-0.017064491857124	0.264606598321247	19
0.065903843235154	0.227745646513984	21
-0.049478780721524	0.442039123975861	21
0.015564901987824	0.362264245842214	55
0.107885231224416	0.155078587444974	55
-0.032107217385334	0.380295937167829	38
0.081204506663122	0.23518963964612	21
-0.058389030573254	0.502759803749896	201
0.103301043992357	0.737392994288747	27
-0.055327614643295	1.56005784978612	27
0.058159048043462	0.546912506215999	27
0.105340706005897	0.356248605662521	27
-0.084554037958058	0.977071164847099	27
-0.082778050793594	0.914298345012871	27
0.089834418536807	0.312612607934008	27
-0.078710131076608	0.72220180694001	175
0.004074998987773	0.448030636881616	175
0.112883323869777	0.210651581323214	175
0.043518472138297	0.36669122884573	175
0.031648169051125	0.39399058779424	44
0.010160055882058	0.311095655207415	44
0.10490522461045	0.184717185730741	44
-0.004161761794515	0.328563909160299	4
-0.00274345222521	0.414285208794563	4
0.012623859384884	0.427437922367517	4
-0.105092800125297	0.653654271260398	20
0.098357249166222	0.206784035128576	20
0.023375343196798	0.387418570564901	4
0.11582394427924	0.134304377004868	4
0.07401820159381	0.222755729940195	4
0.019697763373361	0.379806256906381	4
-0.047582287089793	0.544915260137907	190
-0.014188743917823	0.486826419926431	248
0.023790041031957	0.345820666666573	248
0.017117225354957	0.400169501819587	197
-0.082927436566127	0.607409842546374	197
-0.121893478196885	0.659928267267028	197
0.068853526058979	0.211531950276069	19
0.109930403996476	0.160005841223729	103
-0.035550563694914	0.454769812375129	21
-0.013322102114019	0.263679746240724	21
0.048090092872539	0.234070678522665	55
-0.016109061748672	0.470251235604083	55
-0.06744485407686	0.48493839658685	55
0.00848543382429801	0.355999829355327	55
0.044024509850609	0.290467633974725	38
0.015896566046082	0.402821756680576	12
-0.119168933032619	0.716483766471064	12
0.040774098857789	0.340308789674075	12
0.071812034354234	0.202561176208269	201
0.111689185093357	0.169772773267257	201
0.081945706288736	0.857516088626154	27
-0.098805695576358	1.66860455012711	27
0.028675854027349	0.4576087034759	27
0.114816836386037	0.339771259758039	27
-0.058567202372661	0.880402751377204	27
0.015676343429434	0.529610762084493	27
0.112486260795975	0.208768922218305	175
0.094008161208564	0.162273398385372	44
-0.051576198829677	0.223396932799565	20
0.026074232521477	0.376957168638905	20
0.073936849557296	0.300780560513879	20
0.107335432502038	0.124447952648175	20
-0.063193174049756	0.441249655921542	4
-0.036748828567653	0.590164824711481	104
0.027624906814868	0.385852125160157	190
0.072409785494339	0.165735885544163	190
0.061667526091509	0.298361564303133	248
0.096326941263223	0.227341187451234	248
-0.088919367994497	0.671830975714792	248
0.124150568793813	0.160428485765569	197
0.109590219383704	0.106708464502357	19
0.100055999533983	0.0772205619520853	19
0.007833907685382	0.409661886679647	21
0.122280485710746	0.162867668436527	21
0.079222529219415	0.143344144610376	55
-0.085118171175963	0.561314074056737	21
0.120265466988357	0.131953536858398	21
0.108687938115808	0.196637428743857	12
0.107836641237959	0.194140813440364	12
0.108384324778867	0.224086182463947	12
-0.00309065242471401	0.45336750777359	12
0.063213549185843	0.278213123712637	12
0.060492239525655	0.312489905188028	12
0.076640398839184	1.02934587894172	27
0.115487242074197	0.242980923460981	27
0.00538845075906599	0.694905471653227	27
0.124811120205491	0.303700667743242	27
0.04311042742079	0.211066059368847	175
0.111639975813907	0.243535896100576	175
0.094008230280162	0.143236019152945	175
0.105740479541525	0.215354508290083	4
-0.025585781282285	0.283140759889688	4
0.109347595074462	0.143307394200803	4
-0.065238268946094	0.262541496619094	44
-0.095695069920455	0.272279292709186	20
-0.121770250257188	0.591973219241228	20
-0.00638115713871601	0.342681140879365	4
-0.041452106630282	0.218276349098683	277
0.028635387542965	0.149051803848364	277
-0.057909114192336	0.634073172120167	190
0.083827740169242	0.22667008161719	190
-0.078569067213745	0.40150931131163	19
0.040200205019461	0.310705560210143	248
0.00205296095479099	0.275826784802579	197
0.102339430301829	0.103501761737614	197
-0.10443429914929	0.296008276449866	19
0.026458027311182	0.284243857986428	542
0.039119140706354	0.284741582018654	542
0.031942810336961	0.219881769602772	542
-0.027446552065799	0.520143638226665	21
-0.107800266919599	0.669300318299865	55
0.080386525331012	0.179289039511337	21
0.044564142001147	0.27297288757373	12
0.114796717802098	0.209958305248514	12
-0.045667854982421	0.4464672037285	12
0.089600810417721	0.260545749415602	12
-0.094708953349229	0.587857214336719	12
0.113824638896185	0.166605439248217	12
0.080058745220679	0.607999440891782	27
0.030628638356559	0.477266438876235	27
0.09755510545141	0.36306240159346	27
0.054343721669702	0.304956335591067	601
0.076862636284199	0.278846973781142	44
-0.124126343339804	0.851036873404038	44
0.072050785698991	0.280251230372385	27
0.10784300541976	0.240431166380044	27
0.084834707739845	0.318748841600564	27
0.100582330666849	0.228713401625215	4
0.019926762508145	0.186444223693575	4
0.123046340062493	0.160634674300068	4
0.00865626061531499	0.228824359563788	4
-0.065054376285492	0.525197097252437	4
0.117691245986427	0.0960801236811929	248
-0.023422714229336	0.493772067380466	248
-0.062314553634026	0.21470302401657	197
-0.10283233148217	0.236248205851724	542
0.11945891029412	0.17807689696537	103
-0.071356712192791	0.765331401954923	103
-0.077970321521671	0.465352083601068	55
-0.060148585353572	0.449436319510797	55
0.112385360231441	0.206842372128495	21
-0.00424426067433797	0.32929224117515	12
0.001915143591394	0.246893409967127	21
-0.05740301998004	0.545402964317908	12
0.113037080487199	0.191976253695652	12
-0.089747168016488	0.558542917777878	12
-0.036381122676275	0.247007189434689	201
0.00564518434784	1.58883555581368	27
0.012508469020536	0.612398963832465	27
0.096261118414584	0.257801311849076	44
0.034448867092935	0.379637010031537	44
0.048310689671628	0.384148687349656	27
-0.072913412766663	0.221727807572368	324
-0.064739900770031	0.608373010676566	324
0.018508075751802	0.413916727143164	4
-0.114222469397834	0.260747618233832	721
0.057225027343142	0.134804706806719	277
0.114947913148057	0.191072075457245	190
-0.099428477346939	0.361348752305845	190
0.107387316273015	0.10652290184802	248
0.093068144271207	0.25276398060964	248
0.00609403357456201	0.214956720545509	19
0.114982624654615	0.0990822726680122	19
-0.017705671374358	0.160950076470213	542
-0.055273812107406	0.561841555636493	542
-0.057073213096202	0.479226830983262	21
0.0952996058987	0.235360237358557	12
0.036172281168437	0.369197327579426	12
0.085156041751366	0.265843912067586	12
0.123379218014582	0.841480922840269	27
-0.054025246283245	0.439189937554699	175
-0.00526407771711002	0.528355911609701	175
-0.088808468002049	0.540772217496213	27
0.015398488385719	0.413924935488506	27
-0.057717179994223	0.473657733441577	27
-0.033811348455193	0.318509091126197	44
0.035736339783081	0.374598361219781	4
0.080962272683106	0.242615097038125	4
-0.054555641740088	0.587578259858922	4
-0.019342645717826	0.341782407962919	4
-0.076263744051479	0.241257886530318	4
0.050812232677595	0.200931166908807	190
-0.056492438032989	0.225852808698693	19
0.045478067718309	0.298114146781659	103
0.015739710815616	0.267880667477275	66
-0.029981634414889	0.335137280019468	66
-0.010846700454884	0.311800728241118	66
0.121882854621776	0.151218910797086	66
0.115181778715586	0.126262687425797	66
0.053697695837792	0.235810691885389	12
-0.039446198169493	0.388577646504458	12
0.043843929152001	0.358099050450781	12
0.00117431096319101	0.408154973067241	12
0.002351367945751	0.435353840737577	12
0.019252894643312	0.402605904855237	12
-0.112331206575604	0.605501740831175	12
0.001129097648777	0.191129879993144	12
-0.031454558484716	0.788594228081054	27
0.106573507744386	0.248320746336706	175
0.012918758036724	0.453897824738405	27
0.043019366036701	0.403935319975174	27
-0.038593240743853	0.531479974401902	175
0.069892756601579	0.31252237736482	175
0.04063314537981	0.364377915829254	175
-0.037813335487952	0.524953025926146	175
-0.095706354848659	0.880518254605822	175
0.120545548759548	0.238684869513836	175
0.01502943775722	0.482073262749587	175
0.036969051158177	0.402206341423502	44
0.113532351162513	0.25235364426549	44
-0.072865856825508	0.679294934005657	44
0.06383851510071	0.189643080985868	44
-0.080745550334624	0.42561386682305	44
0.101744634954054	0.14879466252818	44
0.111940760367677	0.194675063338653	27
0.065742611212276	0.343689322395297	27
-0.113878750497012	0.825611469050025	27
0.089098566957235	0.269561850075526	44
-0.047759600194104	0.523603358902867	44
-0.07665234616685	0.593263668162219	4
0.064661469463772	0.25278533382082	4
0.057234945860435	0.297830982644408	324
0.105911054754066	0.203381638134454	4
0.030486412597642	0.359301616578181	4
0.007004633555528	0.437009452656001	4
0.00224757573395401	0.449682351172343	4
0.078428569236797	0.187971124512634	4
0.09542256592478	0.211150446071786	4
-0.065490259356489	0.455953962186831	4
0.04261396820955	0.334993807160883	4
0.020166672446812	0.416620142433425	190
-0.027402159104792	0.496293083909055	190
0.114354286494587	0.201869265859495	19
0.114511729834267	0.22076897456626	248
-0.120167140160728	0.781228696068013	248
0.053147997496964	0.339415231409492	248
0.118231151911848	0.206392173226681	248
0.109982058229371	0.214410387294531	248
-0.068696224204818	0.440493866650882	248
0.078855552057147	0.170222069051586	19
0.039999254774882	0.29301490907668	103
-0.004837228892556	0.298386041888827	103
-0.086349722013967	0.717433821746848	103
-0.104780492995421	0.46266863625998	21
0.078002872133492	0.203582008603074	66
0.017377190737258	0.250173226944421	66
-0.030580746880125	0.355018715605741	66
-0.08291773385109	0.401402459145695	66
-0.055287334590305	0.36032203986079	66
0.028900104718613	0.239498000863569	66
0.096842186102886	0.157489176742096	66
0.104843402255084	0.208920702911098	66
-0.090918945662154	0.534993823934529	3
-0.023629203339819	0.484581205140623	3
0.058685117107397	0.285674482295654	12
-0.00583377317127898	0.473182840958996	12
-0.011078789624933	0.465160954305641	12
0.04472580058031	0.369966137869436	12
0.067957749001588	0.227311046653828	12
0.106706678882479	0.166453256948347	12
-0.080960504204131	0.418574933650764	12
-0.073415844471438	0.473434325502185	12
-0.113439368765463	0.679597637433395	12
0.100766551505552	0.630886760724913	27
0.081870868504477	0.524592944054513	27
-0.048265482730269	0.603539882174028	119
-0.01077637635866	0.537345950313846	27
-0.068055155648402	0.687507010746297	175
0.114647948099757	0.256181801363731	44
0.048454106469475	0.401648078141273	44
0.000154705972873009	0.395681466065945	44
0.088107954726112	0.153630812343335	44
0.02187608530022	0.337812195344614	27
0.034821160087077	0.365241759670396	27
-0.111135346141824	0.723871937271972	27
0.090316376933764	0.257170377291521	44
-0.02756270560521	0.434799307077322	44
-0.046866320819525	0.524066858226884	4
-0.000377379499602981	0.342333481570438	4
0.110386341903297	0.19417113924861	4
-0.041284702566453	0.475123018426023	324
0.00608684340162799	0.222326870046872	4
0.085677913683158	0.218474034719892	4
-0.096766647099099	0.613009759476989	4
-0.027657701314123	0.328792217192931	4
0.090468342808626	0.218648153767205	4
0.025580511250416	0.355899316087609	4
0.110295131691846	0.209597756179194	4
-0.098173527895264	0.773197427483132	4
0.046436809668985	0.284950385715128	190
0.04661580329767	0.286988755648232	19
-0.044352490264942	0.540539199932759	248
-0.044049765474127	0.540571856134369	248
-0.00285464987679401	0.39221380534624	248
-0.054227293473621	0.507629878493741	248
0.04965639469394	0.311981807098201	248
-0.093532595040309	0.419630534513602	19
-0.04031483745659	0.373114020340309	103
0.084050757479535	0.283772999953047	103
0.020090335612857	0.390294461992546	103
0.030281205913877	0.235886790254409	66
0.022721695907248	0.211466710967102	66
-0.03709383684956	0.303556718762392	66
-0.123093585830764	0.641324488121302	66
-0.00703282299589803	0.345816806609766	66
-0.096175995891955	0.590083310496816	12
-0.111744064912549	0.723145491233171	12
-0.123392274978159	0.600491515288083	12
0.049903133383714	0.322277984126386	12
0.066907988723955	0.273573300457713	12
-0.060681892222046	0.490435683588698	12
-0.118249963316169	0.505522496153822	12
0.115431210354979	0.196413918887857	12
0.08254173197479	0.226125926698055	12
0.051141418451567	0.230529312922828	12
0.070411648962929	0.941103510154894	27
0.057137467990552	0.820336433461207	27
0.00297801940252401	0.966393310293126	27
-0.00764907010342197	0.826190263071278	27
-0.081209080156817	0.754220340922166	27
0.043666138136186	0.351275382623946	175
-0.015841990749195	0.524490395534405	175
-0.07000322562752	0.681510834219028	175
-0.062494715544807	0.67234725605493	645
0.091663239030018	0.217608939806923	27
-0.044727874577034	0.584544750329448	27
-0.063089595632121	0.541781842936864	27
0.020469195940355	0.383072382695597	27
-0.122189566389789	0.7768240988203	27
-0.07388492252281	0.356771282320258	44
0.006909934346364	0.464172211570948	44
0.083881385942338	0.237160399013887	44
0.100028934103	0.179677531366167	4
0.065348602799384	0.185588332454587	324
0.123918591733371	0.183112205051096	4
-0.051093317799512	0.330822134052671	4
-0.05521651466867	0.295458914462697	97
0.042544407630544	0.317750007365159	4
-0.014038873885968	0.349964562015452	4
0.015906881274118	0.229248600519818	4
-0.081779782838657	0.661255518747231	4
-0.062634128734696	0.564729375993308	4
-0.04264018700876	0.479487095093747	4
0.036369634323047	0.334733181089477	4
0.083532837669441	0.264881860199933	4
-0.013987726312196	0.516905493655986	248
0.072924768435054	0.261011982479027	248
-0.072615029229165	0.580693411416391	248
0.023896365579227	0.395856018435155	248
0.094930187887117	0.230019133534995	248
0.010085978110419	0.458665310906191	248
0.067284723911527	0.146835838798155	19
-0.07757720926588	0.232277322505828	103
0.03252697975429	0.207935798903027	103
-0.084579851673137	0.734685413918116	103
0.123883268076857	0.133088536015097	66
-0.101644741163443	0.482740109069378	66
0.111112581674106	0.156234672897575	66
-0.035157383118013	0.372710967837927	66
-0.079271018256979	0.359777982449622	66
0.00931016899498799	0.303023740434222	66
-0.120262735689547	0.457426203158578	66
0.088750348224843	0.192928919337815	66
0.10203248655917	0.151568535407203	3
0.068526160015873	0.191956038079735	3
-0.09620846715766	0.569589127646662	12
0.077408137618118	0.297677576069488	3
-0.00855168265756801	0.275713187265302	3
-0.050023038263572	0.415320105389641	12
-0.106220932331483	0.573420736809992	12
0.00955915845182101	0.40991058859614	12
-0.034324805766337	0.51900871901294	12
-0.073578700735957	0.560513274651415	12
0.070808366252558	1.70383333935423	27
0.017729115678131	1.68544929358204	27
-0.037016683266119	2.06194331809088	27
0.107785848989672	0.268784905706869	27
0.047812198649827	0.753383697328541	27
-0.056996640267272	0.378491407939048	175
0.051607396515308	0.336225603465967	27
-0.098433497719469	0.627135530693033	27
-0.024168043611404	0.633410371873872	27
0.059738080968643	0.285463429732042	27
0.103542384743954	0.206149237484673	27
-0.115515936045756	0.810330912534537	645
0.124915508036501	0.220455544276462	44
-0.080082364012426	0.713292606327936	44
0.040208863893223	0.200691431308203	44
0.005586953128499	0.362954263639926	44
0.00920675030833601	0.357328267375465	4
-0.021629141644389	0.528763436815734	4
-0.034895011137501	0.552012643881605	4
0.049117049130535	0.306366310157646	4
0.110111497851163	0.135765949755805	4
-0.101613054209411	0.415875194105139	4
0.100720613532903	0.166853542023168	4
-0.042171268996256	0.475662823136284	4
0.085978581195821	0.216438326196668	4
0.107527741936959	0.193035749962089	4
0.073380035095025	0.245406059063987	4
0.080054130539621	0.243598845272056	4
0.060274424127631	0.176877418409015	4
0.093917048590909	0.267481800594755	19
0.119126663009021	0.205930016054509	19
0.020483181287001	0.389459637839422	19
0.07948197824242	0.274606389381319	248
0.079840899177344	0.244448484078195	248
-0.116612577771106	0.624300105891919	19
0.003536951169548	0.396077215262872	103
-0.044634400446057	0.217094810529107	66
0.00112722954525499	0.19526325433877	66
-0.011821668112511	0.243584593932751	3
0.11610002660317	0.118274943859876	3
-0.069562722657293	0.653491774183694	3
0.028463673269924	0.388086526272954	3
-0.120987256127421	0.569077688021927	12
0.003615566041587	0.338273734455372	12
0.115960427322519	0.151864089577159	12
0.074997478577496	0.176481930541826	12
-0.00163291482425998	0.30245677939337	12
-0.070296809650679	0.647102172456189	12
0.015318455029271	0.268507458831847	12
-0.00305913071756198	2.49455537066479	27
0.078623445224299	0.357845940056711	27
0.00440527275527899	0.273402926212593	119
0.037926640034054	0.217472073536259	175
0.027728929746148	0.384750768955781	27
0.015951741553977	0.514385189804038	27
0.029137078433221	0.453080854896637	175
-0.028746641475663	0.647590298982656	27
-0.044301730560395	0.50533195151729	27
0.119141130939227	0.249891194662685	27
-0.031565974594647	0.523261430075842	645
0.00313137441043199	0.362518569565155	645
0.077240494177262	0.202239855226126	27
0.001851438783676	0.158120161005524	27
-0.03731673791401	0.372591921370625	44
0.121311750991505	0.190882350586005	4
0.121478601982028	0.18213432965624	4
0.114883928306732	0.199530663617843	4
-0.025673970527213	0.430976331401393	4
-0.119165362422314	0.62062086192767	4
0.019035986110868	0.244885044432133	4
-0.096588760496889	0.596881070890857	4
0.049341426273678	0.213654311375981	4
0.01737882265814	0.393353182525503	4
0.018729259516032	0.288809257521162	4
0.044933303291304	0.298320857134807	4
0.084094016442183	0.143235888238849	4
-0.005810612622135	0.254308216865953	4
-0.084859660977763	0.41262381836742	4
0.109027930560884	0.199878267751387	19
0.03345004049587	0.328998108358926	19
0.019310040769792	0.32199259746545	248
-0.064215409289666	0.470512127735992	248
-0.078032254126755	0.551621375492424	248
-0.093807569100517	0.556584031663578	248
0.049081477623999	0.25326845368748	103
-0.00894568763349202	0.409236597158105	103
0.095881747170665	0.16758910349028	103
-0.023262388264449	0.214532065750406	66
0.00595304864875801	0.190607629027761	66
-0.111737712395442	0.256922295682162	66
0.031578598570125	0.17301181917739	66
0.014071643892621	0.406722478221028	3
0.003227239296963	0.36075591094762	3
-0.087545380896344	0.585009727926428	3
0.118952497983773	0.158402738086195	3
-0.114850148011821	0.7073481833642	12
0.024849698116879	0.298693721956433	12
-0.058130839204428	0.483959157830437	12
0.098887684783311	0.183160640413813	12
-0.072350575075252	0.481529941050635	12
-0.066616647078261	0.39816945484168	12
0.112512676237476	0.132183606953677	12
0.029343595016734	0.24234919116189	12
0.113068356563761	0.163201708977374	12
-0.093088842646322	0.485111915965911	12
0.02209847402457	2.37647717331517	27
0.027893401541064	0.287096118283199	175
0.114437024918414	0.215052435314178	175
-0.094012240315376	0.581651520725345	27
0.045698502841485	0.391827816154458	27
0.015885667102013	0.264791352997968	27
-0.04208281452164	0.377982670785182	27
-0.0860324723394	0.590950295693754	27
0.037617124819999	0.433215421411776	27
-0.067735219100717	0.545226892488015	27
0.113652363570726	0.285858148193784	27
0.117740231982365	0.16591031621078	27
-0.010649721958351	0.308955047844622	27
0.10173975750839	0.192001310172485	44
0.118980925328146	0.154878805849208	44
0.102385076364326	0.242414625614918	44
0.027315184789416	0.27165455103674	44
0.033413485888381	0.233161138198303	44
0.084735215787233	0.208299798180851	450
0.03925826979034	0.26293547851213	4
-0.082054092026879	0.6693372396056	4
-0.029987086651663	0.479502667860224	4
-0.043053853624908	0.472688892810758	4
0.054465456478523	0.204000787547148	4
0.044274175020404	0.183242879516591	4
0.036175278552275	0.196332994026186	4
0.114713092034918	0.131043096246117	4
0.013943398264674	0.413908810329381	4
0.103068404726851	0.175447355841276	4
-0.043913541810164	0.381548880486983	4
-0.109396724606932	0.438160451620683	4
0.10422676882585	0.207637271993787	4
0.052414162728959	0.218335513817051	4
-0.116363840675063	0.51905844642054	4
0.117194014247684	0.175135298612593	19
-0.047732653120884	0.513678276410338	19
-0.12498139969342	0.440436446878094	248
-0.11887543313126	0.675985062539228	248
0.102404732910295	0.201930819799132	248
0.00612622756753001	0.370802012779279	248
0.097329544721957	0.161005795257276	248
-0.059200018369584	0.537420844748316	19
0.038180010692023	0.340215883191202	103
0.02644247911115	0.297750411491868	103
0.066679346079901	0.169694395595259	66
0.029465493801497	0.178014382377027	66
0.119213707010495	0.0990650504820579	66
0.118089350306939	0.173569652301265	66
0.00526981051834299	0.439173750624142	3
0.086566437146833	0.241439746513123	3
0.034976060794221	0.235489022300482	3
-0.00813360587108503	0.279971579408877	12
-0.040068832907131	0.436785664234101	12
-0.080786659794658	0.580780285546127	12
0.087052986249881	0.234875513787221	12
-0.020812809215345	0.411005314811379	12
-0.077230081462086	0.447136243546623	12
-0.097587187127282	0.650524145283417	12
-0.085384869304619	0.345457438681997	12
0.122164117363863	0.124352775594787	12
0.055255444510803	0.244502310134507	12
-0.000782467045754021	0.366000580298023	12
0.103247244552582	0.149161787045388	12
0.046233171426131	0.68529356103254	27
-0.115238651957334	2.02658135878597	278
-0.00057707865867801	0.347925866628207	175
0.06242402945036	0.358678797965249	27
0.095880750642382	0.278899014889015	175
0.093963837298344	0.267940420938164	27
-0.005176108974911	0.429574712550481	27
0.063107781313086	0.325670280164856	27
-0.049572870583401	0.632341315295945	27
0.011914986496598	0.500611408098547	27
-0.00138137612210398	0.220714035545931	27
0.100739079074009	0.136904096415883	27
0.1127928258549	0.132641470173107	44
-0.105140054756302	0.571140861595077	27
-0.013278334524617	0.456502816123065	27
0.015131156528272	0.386623682419966	44
-0.114173140592004	0.617063973481589	44
-0.079375506889608	0.471994716891332	44
0.049548904931565	0.24284887301618	450
-0.068769591460538	0.416970848089141	450
-0.0120389611862	0.364304905694513	4
-0.107057441106588	0.339985820244071	4
-0.121051391680886	0.627706312351075	4
0.029799324045483	0.286541130454936	4
-0.031915957334399	0.380516838648854	4
0.101358655207423	0.204722295093702	4
-0.105097991323796	0.497493340887883	4
0.107564633964269	0.204389470011369	4
0.110786402819681	0.154731172334643	4
0.096792768814671	0.220701989913482	19
-0.0943261239897	0.473025408364052	19
-0.097985998004328	0.658635754517249	248
0.12380332012775	0.171923047023256	248
0.055436531500037	0.251207171699589	248
0.028412916970655	0.271627075144173	19
0.028460031411369	0.26572061047857	103
0.064721990962864	0.196207409813587	103
0.041394296670343	0.306501697088227	103
-0.069531593300894	0.35712087977618	66
0.080963071728394	0.144547838635021	3
-0.049367428654798	0.262361084573301	3
0.106966905663296	0.168249820981186	66
-0.062345277438641	0.347279468236072	66
-0.046956350836698	0.338658568559914	3
0.037638380225393	0.231512292467454	3
0.107354525624569	0.194339688398238	12
-0.007222549873873	0.381800977604249	12
-0.043139031354174	0.440462822683613	12
-0.040965008219211	0.424049173448039	12
-0.045738464704509	0.398714092045045	12
-0.120236141877711	0.458106197313167	308
-0.0608888131609	0.292752087962442	308
0.047223250103008	0.22308048323941	12
-0.069668335371245	0.524914778298433	12
0.026593837371767	0.578462077008554	119
-0.00652193339895801	0.473624174643343	27
-0.00211570829167301	0.418575225842936	27
-0.00232617761577703	0.479988407417233	27
0.107751136296759	0.209104872848893	27
-0.044141408352704	0.578410815853473	27
0.057682827561823	0.338163992967461	27
-0.051402829853112	0.254427888935388	27
-0.0787581676638	0.314711611806518	27
-0.084329162461859	0.527675598880274	27
0.115353800466209	0.17894876833176	44
-0.00306190525093902	0.31719414648441	44
-0.10043836162345	0.442268651150862	4
-0.075954989612936	0.353421084769191	4
-0.092490640997969	0.509943382217283	19
0.032281869498529	0.200192594285029	19
-0.026505084797276	0.315490906620862	4
0.021703889403428	0.296490074555792	4
0.034515225147811	0.277399216503308	4
0.073552928504496	0.230813829099884	4
-0.008254257026313	0.400389680893569	4
-0.112391185564059	0.371900559356057	4
0.109307214180353	0.152839946986908	4
0.054648180107724	0.268853725408519	19
-0.112561742361804	0.564952974400211	248
0.071193980158222	0.218382556767598	248
0.092940193699605	0.184151144506203	248
-0.046885568231496	0.450496854850059	248
0.123302230615393	0.150782504059633	248
0.115705246863973	0.178259123935733	248
-0.034438488560264	0.558253634731902	66
-0.067150373996396	0.335094216601245	66
0.122239182388811	0.0932884702541511	3
0.076251049438083	0.14929125811133	3
-0.00394922078575	0.223329293618918	66
0.05106372950703	0.198641428908885	66
0.035082205003192	0.299549477659185	3
0.11520298298734	0.179071495567349	3
0.070206597679618	0.212674201572705	12
-0.082045993685591	0.525472449552984	12
-0.026827098786649	0.361210365536929	12
-0.100406869679165	0.332689376955856	308
-0.073648320431447	0.384360639278322	308
-0.078098111690464	0.410534486377289	12
0.09783172057756	0.177647275356247	12
0.00522057329234099	0.296698955051756	12
-0.103880126738882	0.330630910913943	12
0.069675950178257	0.335838852866159	27
-0.07731367193312	0.643955503720135	27
0.066469173053861	0.286166087653797	27
0.097244898860349	0.289342820964252	27
-0.082276138546307	0.783132075323922	27
-0.092274812494679	0.854184223106175	27
0.0823955757459	0.297592965979805	27
-0.013859544191849	0.538686395358149	27
0.023615889174322	0.422212382058583	27
0.108269059836698	0.283916086547561	27
-0.074012125148982	0.763474905321367	27
0.121492256969984	0.243925625785356	27
-0.031466170527978	0.637768800741948	27
0.093797876154364	0.30647230740797	27
0.051866811539266	0.216984613824406	27
-0.08291338386246	0.59180913989104	27
0.019584678501667	0.389387339806381	27
-0.03650882948582	0.504666232518513	44
-0.103278176590454	0.710124577505229	44
0.040403861385673	0.30832751251498	44
-0.018304995675282	0.439946003315526	450
-0.119219298700896	0.618173957819289	450
-0.090006804975866	0.572857029299144	450
0.06411372081474	0.218854571865334	450
-0.113627036505026	0.527441250361239	595
0.099838317587949	0.167879627542893	4
0.034526303129309	0.277213305601322	4
-0.105465254918754	0.5831003154681	4
0.01046739304161	0.338577830028229	4
0.064311318320602	0.26197170888018	4
-0.061750638280625	0.571794316168101	4
0.102224871099551	0.233260827720625	4
-0.123609249185319	0.555941668771299	4
0.055708325490626	0.226073193239042	4
0.115966605727354	0.201680007211911	4
0.046525580698846	0.336450268134426	19
0.045877876959321	0.304512086086033	248
-0.084641365091347	0.637059482692531	248
0.120937866672781	0.191722356395156	248
0.035610266275581	0.290076408353024	248
0.053938501301757	0.254136717675159	248
0.054355751226895	0.262821650891316	248
0.099882352646701	0.232442797292881	248
0.055473696650319	0.253086429204695	248
0.074919924563776	0.240870277160907	66
-0.029053980862704	0.517505841433915	66
0.073207915557729	0.305732272520516	66
0.114944724972077	0.132290117673389	66
0.000560309932823994	0.262545004255819	66
0.081305537207591	0.175078259372965	3
0.090763980319108	0.184731524550022	3
0.067428163314419	0.169481751415684	3
-0.076837299934228	0.444013857456285	3
0.092454207810737	0.194543188145155	12
-0.116193068043279	0.652579538337681	12
0.0287914915082	0.316465666966967	12
0.072471563858973	0.272415280911496	12
0.084270983403388	0.220456295004583	12
-0.054923464167609	0.436676670266849	12
0.044269930513287	0.280164017132652	12
0.083117794645686	0.159372217785458	12
-0.074947523343446	2.4953945851543	27
0.112527619087773	0.518919862831951	119
0.001548671002577	0.553876028791562	27
0.051132542039224	0.421939781068059	27
-0.034154533273304	0.48999704928048	27
-0.067828921694654	0.866530311304456	27
0.00976551147378299	0.595358818708889	27
0.025555500662853	0.586594055409467	27
0.10445542899848	0.21472814450614	27
0.122688407727504	0.146896262416485	27
0.054551246241747	0.297084902192549	27
-0.064093305535677	0.573569764617316	27
-0.080987679973382	0.713347322691385	27
0.115325609363529	0.194760946091995	44
-0.107532388929752	0.335754287089638	186
-0.106097015288955	0.799844615620901	44
-0.059395792038268	0.586285827034927	44
-0.035697124375477	0.392313280595548	450
0.116708943470464	0.0997883666935301	450
-0.079641271775983	0.313255795373361	595
0.080454143048237	0.259458265558526	4
-0.066463046735503	0.645918948841525	4
0.069616818480208	0.297950714499255	19
-0.01432730051454	0.223622234718485	19
-0.106400479501679	0.287048225860907	19
-0.075639204727296	0.26744497206257	19
0.07544329978789	0.238921837305669	4
-0.067756260002986	0.536530685377512	4
0.066244491739372	0.241108146572471	4
0.115406324294228	0.202660347196158	4
-0.086877312479628	0.706597265431021	4
0.036024369086512	0.373305330672545	4
0.052146343466928	0.205817527070589	4
-0.06137750876506	0.369699490217568	4
0.037750608213019	0.368664103257578	248
0.065568332461359	0.268949144727065	248
0.020321351431855	0.356273366529926	248
-0.090267604345116	0.697002121229205	248
-0.069019385344643	0.425065153295454	248
0.088097229992415	0.218644518014268	248
0.110960499942065	0.17900765118156	248
0.05261980728057	0.240688588055598	248
0.0239271985762	0.375659911661542	248
-0.097679458800827	0.709643137385161	66
-0.114421159451832	0.610806116426135	66
0.082263887866732	0.223426260589688	66
-0.064574899257918	0.462758816875217	66
-0.00192509862319301	0.339297585320474	66
-0.044538379019726	0.417477352003166	3
0.017451595178317	0.311296273530347	3
0.035723044150745	0.273965259554268	3
-0.001189484420203	0.267324554543127	3
-0.108835801921267	0.497203594027374	3
0.114527299223475	0.161737852744507	3
-0.045281929000194	0.357429470030734	3
-0.058822210300315	0.486950101146339	66
-0.014702024399893	0.259156535919165	66
0.049722110320001	0.293369649041662	3
-0.030695272603036	0.372362557807176	12
-0.00150799010687502	0.374868384875995	12
0.074142075522929	0.252353371198232	10
-0.112480380165333	0.648913748709046	12
-0.0125469655484	0.466320212979974	12
-0.014190518544375	0.347144752577051	12
0.071342447886278	0.225079225841011	12
-0.017008117109191	0.389249501918712	10
0.073564020234068	0.22955648133614	10
-0.068632720416651	0.554090181097834	308
0.000707401229334992	0.449374786786693	12
-0.06475859434943	0.594844596261146	12
-0.091083566189912	0.660340298876334	12
-0.034586782646809	0.502130886654234	12
0.101108679375778	0.855116223210233	27
-0.07380796940175	0.874474481426777	27
0.086653145339917	0.358489964449691	27
-0.083135595350217	0.753060488998184	27
0.03444479830752	0.471341227102661	27
0.052814894751696	0.408105226390487	168
0.077531380231161	0.28659650275052	168
0.00135993671697701	0.487095424620991	27
0.005187448290839	0.364102327373528	27
-0.018290968387127	0.365638843062208	27
-0.120445909966082	0.561265759039124	27
0.113212233823966	0.196859945550367	450
0.000274179107069006	0.367230875685656	450
0.085498621440919	0.247934658785702	450
-0.039732499691257	0.375005073423524	595
-0.00360525358410602	0.405180978849211	4
0.016272170731668	0.422961324738631	4
0.093715802432248	0.2702578001006	4
-0.060661317066809	0.533769431576215	19
0.092170269562275	0.179641291091222	19
-0.062424970724764	0.324664941452468	19
-0.113776172597246	0.744747497611665	4
0.070164364231368	0.268194007954556	4
0.046077560714948	0.343400638539686	4
0.045525049963675	0.369540495595224	4
-0.079601881813799	0.582746354979997	4
0.065474455140806	0.320722962624518	4
0.086170354104852	0.228696759067423	19
-0.020944973914085	0.435152683192056	248
0.106062818375396	0.185291695413442	248
0.049395448608302	0.314784531832503	248
-0.110165137258704	0.626422544859243	248
0.045085963167804	0.260896137568942	248
0.05994700489784	0.236277555860087	248
-0.023561554451424	0.266389944607558	19
-0.124841125727158	0.351722836582275	19
0.072820118502235	0.128029179441923	276
0.123162299260541	0.18594708056006	66
-0.063316926029004	0.573938409614857	66
0.124982721195679	0.168008995950415	66
0.064000072513142	0.242490335122149	66
0.064961942749095	0.253900378071716	66
0.069374244127047	0.252659263344523	66
0.067856076734388	0.241534196806955	3
-0.098485905602059	0.537134036803569	3
0.081000496770172	0.209439944295001	66
-0.040145413177095	0.539490768031224	3
-0.04889473541768	0.540344207258639	3
0.044776657141295	0.293555003148752	3
-0.00326276588640101	0.438078249751113	12
0.099522084692057	0.237940770997545	12
0.058234477636201	0.307291084942629	10
0.119407175391493	0.1722328814864	10
-0.048963986803367	0.541651303874559	12
0.051492088776476	0.322550228470679	12
0.032038291866182	0.314812080473367	12
0.051421707792815	0.298042915307738	12
-0.107204852315089	0.425004607128939	12
-0.00335462348695398	1.66660111173843	27
-0.055225607783852	1.92121638136104	27
-0.00230187824150702	0.618268502277843	27
0.088480225773636	0.322799477488478	27
0.077104127683598	0.335745417393212	27
-0.037010063996401	0.591919719556295	27
-0.06551418862864	0.738561294893553	27
-0.057623656727696	0.68110400013398	27
0.107298914162536	0.21886859848533	27
0.081954313864857	0.259911019023877	44
-0.042209962089887	0.277829945502162	186
0.106408790882376	0.202741179355945	450
-0.102765953088177	0.421231826433269	450
-0.020877970466541	0.212146639298122	44
-0.01689983088951	0.274246599384182	595
0.035695482844209	0.320853300691809	4
-0.070327288507025	0.195389064256827	19
0.019898407122931	0.44617823033816	4
0.024248444827169	0.302892444408862	4
0.124482294137105	0.194905878895036	4
0.120332777132921	0.0984335049416298	19
-0.033875726117754	0.320938483503407	19
-0.037797154072123	0.542143130872553	66
-0.057357084596637	0.480173514330494	66
0.10031869546465	0.186060270458596	3
0.004861291268768	0.279107310317448	3
0.043772880121879	0.221084141726465	3
0.025162609714862	0.147448198633675	3
-0.092631060221081	0.67903614694	3
0.075897508790187	0.188183882581084	3
0.052094264790948	0.226448158750468	12
-0.00181213232653099	0.24777013526597	12
0.038760749943646	0.272081282439028	10
0.023393611375514	0.319561291084607	10
-0.04040762517743	0.530859846136278	12
0.085196795865493	0.209053118725896	12
0.0420829822499	0.27124676646457	12
0.107977297925222	0.154435627911905	12
-0.048966077724128	0.212356926893021	12
-0.033685811499314	0.267251095799895	12
0.030349516383585	1.86201667669724	27
-0.045399890197262	1.84901067883079	27
0.111285149811399	0.33210104531019	27
0.124726328498761	0.295042988035064	27
-0.074435397353313	0.742201588174474	27
-0.108601108451046	0.917411101630403	27
0.114364237060344	0.230454620079692	27
-0.070590334324112	0.720322105749518	27
-0.022205468876424	0.564341542961607	44
-0.031514676411455	0.604719420774594	44
-0.091325067743546	0.732884066491793	186
0.105489964069829	0.143159852873946	450
0.092532701549847	0.112624277162138	44
-0.045693665084873	0.319043352339058	25
0.030647565407156	0.144458194256683	19
0.112668728857881	0.155502344248655	4
0.121646338811705	0.154017375616631	19
0.105288333024425	0.17519381765287	19
0.010652336186889	0.154894393531479	19
-0.110936168798096	0.195806930414632	19
0.05393385987558	0.136058868843155	19
0.023765679418387	0.15024408339875	66
0.080242464588426	0.200697552465945	3
0.123791566032463	0.158130799191079	3
0.073022880640541	0.269663161741341	3
0.049953713576035	0.21963845424491	3
-0.043009988269187	0.476701620292826	12
-0.121225591914763	0.726681112234483	12
0.100036972889268	0.15544315172768	12
-0.063137072686792	0.615855966524759	10
0.063623246374103	0.286988351947032	12
-0.072530538102521	0.63000539634081	12
0.082272526810322	0.243632085184706	12
-0.049441605922996	0.256725255778261	12
0.12428182362739	0.107505519157495	12
0.013034074587209	0.738691757107061	27
0.09113564788731	0.247759458044246	27
-0.062192599987839	0.828023563429819	27
0.096690751436175	0.297477014967426	27
0.00742758914136099	0.413153152691267	44
0.069630482489306	0.314354329568914	44
0.051334083985409	0.160950480752188	186
0.047817173399623	0.309206245863745	186
0.046261241469914	0.263539700274403	186
0.032077284626193	0.365739809083519	4
0.068443118241177	0.258769173470099	25
0.104716530373886	0.135224405055368	25
-0.059076764826455	0.444226585910024	4
-0.112760021630414	0.543088827514249	4
-0.110492617430427	0.370689880325129	19
0.032057727123239	0.363958641279069	91
0.054888745691252	0.251009465208128	19
0.105610085418782	0.169871888056322	19
0.109396137575234	0.191553588429092	19
0.042483610685867	0.307967966453755	19
0.00952342451565399	0.155741409326243	19
0.054246129870035	0.266860665069058	66
0.108499646392683	0.178768717686531	3
0.086870129170936	0.19632126914206	3
-0.117754374633147	0.496488607489575	3
-0.056742146926937	0.261191505707322	3
-0.090837609361062	0.538647810991755	10
0.108254830162935	0.213695486917893	10
0.074216724159852	0.252390474123132	10
-0.071918799892987	0.673612399536514	12
0.075304641519051	0.261082706855762	12
-0.097537193197164	0.533284536404606	12
-0.035253501942446	0.58624617085971	27
-0.037102618286624	0.683645520775364	27
-0.112753149921634	1.18247740152421	27
0.097142895461624	0.291168039697444	27
-0.049576057407002	0.873937516091825	27
0.08926769037725	0.384534465749661	27
0.051689648505822	0.584602436657568	27
-0.118678380712644	0.818459284024937	27
0.067489305851551	0.402243764724647	27
-0.053860158374686	0.721395762233766	27
0.01592447847906	0.576091587208294	27
-0.044707865986913	0.796043991370436	27
-0.069961918610141	0.689792505698429	27
-0.10625800874813	0.364033652544273	27
0.041382732316546	0.167025651485384	27
-0.109530136550379	0.740327565412243	27
-0.006205391228577	0.454857748811723	27
0.105536467909971	0.155877861355458	27
0.040567466818775	0.347423064828702	44
-0.012690950849061	0.428773007962842	44
-0.105819688882177	1.00656385423005	186
0.110753621185124	0.233288992786598	186
-0.029722374598073	0.395696793378548	186
-0.111189923970583	0.56574026361598	44
0.044619977087514	0.385474075621414	44
0.012921141082766	0.364534898048239	25
-0.073806303067518	0.831257660152548	25
-0.078704359589289	0.472761370931858	25
0.087552785834877	0.19007582828704	25
0.00789358683580199	0.345874853638241	4
-0.013356282603204	0.339243165130735	19
-0.094698321333905	0.644394247471201	4
-0.110695328620123	0.41833985060113	4
0.106922010258127	0.148226257399233	91
0.007883403292443	0.371019597683353	91
0.11360212167655	0.22298867714064	19
-0.048835884874281	0.554367337493493	19
-0.034836342921654	0.606052790541626	19
0.021896835114075	0.339362646191827	19
0.108853690978133	0.275568265560719	19
0.024825742028474	0.300105224281313	19
-0.034328159611298	0.623736966696872	66
-0.009779884233243	0.514683647667935	66
-0.011720548797636	0.609023025483759	66
-0.069886976508174	0.331748222951794	66
-0.04133619159964	0.48612887962765	3
-0.017141832067672	0.669589673684616	3
-0.01580122461543	0.331544852845733	3
0.102250923927559	0.221932490532209	12
0.044335395086847	0.268757036019966	12
0.122507489177129	0.218445657354746	12
0.10216494701949	0.162185190649888	10
-0.064579788023204	0.684585607834591	12
-0.043712277351238	0.410884388279662	12
0.060921212973228	0.245004320444924	12
-0.058155247064695	0.623703665561427	12
-0.120068317675632	0.619852859090868	12
0.028319440134369	0.362314874166556	12
-0.090960943763943	0.470277450779595	12
0.066090861658091	0.479529425306848	27
-0.092413584077634	1.30056290764579	80
-0.059677164088005	0.982248580782793	80
-0.063266043669511	0.716161047741718	27
0.018527635758667	0.651649392737744	27
-0.013900501965636	0.709325579256113	27
0.052159318714455	0.46895985156653	27
-0.007167282135496	0.653540754329379	27
-0.073717991991309	0.75616923075565	27
-0.108388183513705	0.627068075162599	27
0.034850170151648	0.380945778586543	27
0.08894109513885	0.292884884034082	27
0.093967597856507	0.193847549462217	44
0.053947905041421	0.195390605184162	186
0.077546966921598	0.283960688718709	186
0.00267898105358499	0.395293628449653	44
-0.011306803500815	0.235995188484345	595
0.040347763222809	0.346080416559901	595
0.000309721010683994	0.431932158543744	25
0.039658691458896	0.254054416287231	25
-0.08283964840143	0.276197996531855	25
-0.033357938875823	0.385226169667634	19
0.105629059030632	0.21264754976481	19
0.088552362180609	0.21587180414524	4
0.04271167618069	0.386165719859773	4
-0.000719178998576986	0.312744329905776	91
-0.090309251376204	0.576996167073164	19
0.081895398361312	0.15813261328582	19
-0.008139496680724	0.34482829931322	19
0.113176356498239	0.229573700957672	66
0.119711262886404	0.172267562741752	66
0.032559413086661	0.324987484621787	66
-0.066498611184918	0.524217572377982	66
0.076117519031387	0.24653145311613	66
0.005819560040834	0.309510492037478	3
-0.055518580181268	0.352023701973951	3
-0.120932761717959	0.563056214428451	3
0.04729508833303	0.244574354823633	3
0.086714037782895	0.169350880903908	3
0.120205942434304	0.105764082869381	3
-0.102617624429182	0.469745496831264	3
0.046648571468474	0.252298155362673	12
0.026409387933978	0.339421187216306	10
-0.015223303408379	0.370928678882003	10
0.043272244614134	0.270932956020707	10
0.115591790220791	0.178311085740381	10
0.111426565840308	0.677909215107779	27
-0.059907973000607	1.94352832167605	80
-0.094957182974366	1.83189038774931	80
0.027684273783782	0.771289069355211	80
-0.084008053587234	0.754693815209207	27
-0.119282021404139	1.38692650274882	27
0.104491982801933	0.222651107959412	27
-0.079438545524237	0.957802239371475	27
0.091270285701031	0.336420909575657	27
-0.00767530473149702	0.539838093096409	27
0.02597170480494	0.465440618166677	27
0.053269719703987	0.371030966906795	27
0.038381375319421	0.402784486348394	27
0.032036393071448	0.451422767089614	129
0.076063431754143	0.228549678273547	44
-0.030341203383859	0.520548885688627	44
0.110993911609189	0.167375392419666	44
-0.081859467363623	0.746094313553825	25
0.074598084503741	0.295157939956335	25
0.078184153948412	0.278617105181504	25
0.013489275871654	0.148974249038328	25
0.033874898471076	0.212673666245653	25
0.081942703841794	0.218177575514638	19
-0.091726141706045	0.354776678342423	620
-0.111875929403376	0.25227463208101	620
0.024412424620202	0.323650920501327	19
0.034686133914	0.318414108901806	19
0.085308895048408	0.285740902000344	4
0.00720439051545599	0.465773579498382	91
0.10150846090911	0.230325621729505	19
0.092450343986906	0.246482166231848	19
-0.074987719191477	0.453936481648333	19
-0.120141724439027	0.212208978853709	131
0.115752942206802	0.0936991495693222	131
0.122186489888209	0.0702432288960953	66
-0.073032893536546	0.22290722563482	66
0.015042813865949	0.383358466320219	66
0.065067271487578	0.196324135273798	66
-0.016563457939719	0.52024026482047	66
0.028381615139467	0.334543731265294	3
-0.00121870363202298	0.422402636775488	12
-0.106419075557851	0.699359648292002	12
-0.00362865009223901	0.222623328543092	3
0.087199244198698	0.212559800954382	12
0.060495956963588	0.267767569902592	10
-0.040597781088385	0.616922741253955	10
0.060865472932651	0.301923340109978	10
-0.027898529378234	0.628875703881497	10
0.017538021411314	0.391923583745535	12
-0.026482101290531	0.441486409814582	12
-0.111894020938892	2.16515847246911	80
-0.102116058833682	1.39905907778356	80
-0.010374730706916	0.823535588437524	80
0.082326930962922	0.243155990802595	27
0.083626392744578	0.355547110913649	27
0.118221106008292	0.27944131905216	27
0.107589185951463	0.242303126301728	27
0.108988492028603	0.134702680050226	27
-0.02508993544029	0.50961566057578	27
0.103745691060096	0.30927136373954	27
0.048883994469596	0.250146713226591	44
0.104546831620351	0.245490615590383	129
0.00634324209728199	0.297158919591901	129
-0.048145464909159	0.423330646032077	173
0.064692556597365	0.201081489114351	173
0.028284947039234	0.200114583318456	173
0.00233607812757899	0.362300683370126	25
-0.050278067207016	0.352991096734184	25
0.118333662866302	0.0746331927426234	25
-0.070395238733312	0.23440778640939	25
0.072365324658006	0.176641599166736	19
0.049381364036764	0.0970307160699984	620
0.05566782672353	0.223924902317543	19
-0.101958994404699	0.392337311018385	19
-0.024975347057298	0.269123945297458	19
-0.123227066589203	0.438326362764364	19
-0.00672481796442198	0.292177750306613	19
0.03567531382848	0.140585503011944	19
0.090872734079736	0.0818951277043857	66
0.123718051654879	0.14672688233995	66
0.03888155076506	0.414022509470174	66
0.032483468437967	0.423480833532584	66
0.120318490803474	0.210055032461237	3
-0.101268334366946	0.768416536945582	120
0.055163573565165	0.158533600965773	12
0.09018755256109	0.223591712170013	10
-0.101363788660091	0.763302258805899	10
-0.027153732000746	0.402457786067343	12
0.096791816765071	0.168934998318177	12
0.067929926912834	0.162456394720163	12
-0.113608302913568	2.47008514946406	80
-0.039923679720472	1.20818309214949	80
0.102989559661061	0.438521262163736	80
0.01262465030391	0.414836543493911	27
0.042226825710965	0.463060995150529	27
0.02605152893954	0.264554916892185	155
0.015096865647928	0.461528635412305	27
0.070355603947415	0.418936879812321	27
-0.029889860933934	0.458837708913158	129
0.011311004717963	0.235171219489391	129
-0.022813151836134	0.261915217896491	44
0.087652608888353	0.230337861897189	173
-0.076198358042316	0.414991402738936	173
0.06321817151202	0.188065339620988	44
0.014897215810056	0.149713375541418	160
0.065189196010838	0.290466024772339	25
0.108313068450155	0.212197806825279	25
-0.08699504369238	0.459770279777	19
0.120843246537138	0.195476864766503	91
0.049973682688581	0.242457587745468	91
0.058505246942598	0.133358369375586	91
-0.031154721732986	0.250097796917928	19
-0.124596563265849	0.153895225285867	66
0.010177205034989	0.268252279171111	66
-0.104322494236371	0.569385032249033	66
0.111272175815811	0.232818757747003	3
0.012581568083242	0.471837584148631	120
0.0805193846948	0.306688705361085	120
0.016160424554842	0.333294388179552	12
-0.114866684835468	0.298027422641362	12
-0.019703333380969	0.209539107622985	12
0.111867346370449	0.131005822884312	12
0.060551580865301	0.157736756154747	12
-0.121084306054822	0.922843151233781	10
-0.013821503733665	0.404986995079824	12
0.039402289774118	0.321161650851388	12
0.037500868862193	1.37104181905049	27
0.099320412503914	0.472365476291839	80
0.083211302606518	0.255665780545085	27
0.115228969345455	0.202341425871614	27
0.098273573793822	0.335422343269719	27
0.018850805085805	0.496511570012989	27
0.090608320221623	0.251015363033519	27
0.095504686656984	0.281272573763803	27
-0.072520712421578	0.489693374976404	129
0.096781447370934	0.0773487389611762	129
0.08203966413377	0.218136717018179	173
0.08321745391992	0.256791049293494	173
0.077470719482248	0.17885415408406	173
-0.104830167006058	0.482808972564084	173
-0.07283376012579	0.189947018531203	44
0.115967341649038	0.198820121920413	25
-0.09918305172213	0.705634068534873	25
0.033081771240689	0.141655960594581	25
-0.06195494496532	0.444195243793677	25
0.004261347054519	0.228725757834632	91
-0.014887656354053	0.36897978282353	91
0.00419139202768201	0.15709196842934	91
-0.019716117475856	0.334329553172207	19
-0.00524979782373702	0.193517855311727	131
0.090336464484299	0.0863766205881272	131
-0.121487005364903	0.218598026742726	66
0.018233375278776	0.476343053617175	120
0.101689125017035	0.257389846723047	120
0.00249702185388101	0.448599370189489	3
-0.019779468844367	0.507005260528535	3
-0.027654823477967	0.246160320279799	12
-0.033442760708521	0.270787715533926	12
0.044332169919822	0.170824891694784	12
-0.00872312606835202	0.291651601208118	10
0.01530018700652	0.438350437218701	10
-0.042495136489016	0.472449270328333	12
0.014401324271471	1.43215647888347	27
0.080046789793704	0.264266839907645	27
0.040319476829051	0.475412205622007	27
-0.078362292760688	0.717753427576322	27
0.018366318252584	0.107130978969033	129
0.094981914682604	0.133909605486739	44
-0.098004441554026	0.677130686917922	173
0.109409654398121	0.166209155286604	173
-0.094072569363811	0.691138542203821	25
-0.11517552058787	0.26197215071049	25
0.032456290093797	0.201157470870164	25
-0.00457197893157901	0.363208204352871	91
-0.110896377882923	0.580678125578492	91
-0.071276441888508	0.233930408562111	91
0.100677175881737	0.127781415658495	91
-0.112582661668689	0.260219258508966	91
0.119204515415181	0.136746390963376	19
-0.079163692920197	0.280367525730137	19
0.088788466058186	0.153418432844574	19
0.010679191951372	0.110633850158456	66
-0.121163269622417	0.213182274194501	66
0.03235699054347	0.456106409788531	131
0.077794134696544	0.234018537778784	12
0.049640639165454	0.274744835179074	12
0.042700634658849	0.221803708067292	12
0.037030576279798	0.134067379063522	110
-0.102334304351601	0.28892659873763	12
0.112365004390597	0.103640241639144	331
-0.10604549511808	0.48820736390344	12
-0.013308829511245	0.403108471150767	10
0.031199821577015	0.225241999951509	12
0.011443068909367	0.418628093878927	155
0.115271245796082	0.197389708647098	27
0.089350689466186	0.372552679339239	27
0.094624246768559	0.325407739770862	44
0.00584483105117401	0.385098058178954	44
-0.114563992732551	0.203187087599533	129
0.06542408392424	0.153703221794423	44
0.071105380713321	0.21276270924762	173
-0.023711169116543	0.171906157194456	25
-0.027188462289306	0.172240980934834	25
-0.000300830110861017	0.2408380487595	19
-0.10381953097443	0.338627465784012	91
0.058106034655455	0.247047903652604	91
0.09806828209564	0.226331799050323	91
0.033619724874994	0.141792898451142	91
0.078628319973434	0.169990606211141	91
0.092426941016975	0.109262689423274	91
0.117353438558629	0.0748660696015861	19
0.073225431078088	0.179656903080654	19
-0.03420684708094	0.248942717486675	131
0.097037859721264	0.0823872560681167	131
-0.020687229954516	0.166337707173475	131
0.020963853935089	0.107754091256896	131
-0.124518759879556	0.539406787809898	131
-0.070185317173234	0.724751136484705	131
0.110090002023899	0.244076127659144	131
0.074148425289141	0.314381143984471	3
0.018298946289172	0.397940222007176	3
0.042207552241549	0.167688237102671	12
0.114575344607583	0.0736782797477977	12
0.089039113045773	0.181320079359056	12
0.031238191251989	0.208814879849892	12
-0.108566226704352	0.501120559402419	12
0.111542841427343	0.236212893504692	10
0.00388526166966099	0.318987048625515	10
0.010539278029535	0.180622653807404	10
0.122564112778311	0.241661138699621	27
0.083225231993487	0.156991330337678	129
0.063929083186933	0.323588712882287	25
0.070483928524856	0.229299167158489	25
0.072820118502235	0.128029179441923	25
-0.091619567742288	0.448938352977745	19
-0.032449715466842	0.519359117978154	19
0.099133836480333	0.243850966976176	91
-0.044680368198484	0.533129825547347	91
0.01508243028281	0.343574753448485	91
0.035362907817608	0.208361863078569	131
-0.063044606895762	0.179933485230617	131
0.048405951834941	0.275153763662546	131
-0.019069658117082	0.495325449345871	3
0.082941055361752	0.295985299689631	12
0.076007406367131	0.293370125566681	12
-0.089528998030874	0.617275642107122	12
-0.123250580094996	0.218244038798259	243
0.089296086630055	0.206911268000629	110
0.078958784614246	0.213464277728368	10
-0.063595304255696	0.582122956103904	10
0.115939372468372	0.168853379269747	10
0.118878934003346	0.12758536447266	10
-0.075576411979178	0.328853212297066	10
0.10555427064476	1.0277067411019	27
0.043299814409268	0.423954265807562	155
0.038029122500559	0.510039346435626	27
0.006095742044959	0.538530276711588	27
-0.100055266861894	0.647532171800391	44
0.090051838428365	0.248251935326673	44
-0.013936689579823	0.474975889643117	44
0.029180330087374	0.346836183209438	129
0.017111370577708	0.184218965184928	129
0.108655627462599	0.103909732386556	83
-0.00941733139373602	0.256990018505462	83
0.00657767260314801	0.330170040371826	83
-0.080730473955177	0.341180190754595	25
-0.055108562657757	0.231516807250658	25
0.017822165028121	0.206390658437426	25
0.11749058146992	0.138811019253169	25
-0.075228463161762	0.380451965625494	25
-0.01463122562392	0.281082414909206	91
-0.047167534599155	0.354900327511138	91
0.098562718984707	0.156304708853815	91
-0.075091222153421	0.328082560926316	19
-0.085850925764494	0.541033489912915	19
-0.106012309785045	0.445498616028921	131
0.081510423327549	0.143472899782862	131
0.056324515262875	0.167160327480148	131
-0.064322067468415	0.300330213050675	131
-0.120279391894782	0.26117112288782	131
0.091401186942932	0.0801307411910539	131
0.019995993024219	0.340198830211286	131
-0.025577058534493	0.366282104291506	131
0.083695052576921	0.242961549876725	120
0.110615981384857	0.176423602681303	12
-0.07876975173621	0.456816935350225	12
0.038603846180613	0.28765585677702	12
0.096325383205278	0.168282107202895	12
-0.097678258385306	0.460064419974027	12
0.011623832574245	0.214778595948841	12
0.04256330745351	0.287398002861884	10
-0.012021278684475	0.395855690934463	10
0.049285652538969	0.235244054706927	10
0.074240421894019	0.63250509259569	27
0.114964817309685	0.45450917588081	27
0.089312243431683	0.3603893427369	27
0.00465839213942501	0.688037879286083	27
-0.035627135931822	0.799935508513756	27
-0.021835999493422	0.53284100560442	27
0.037404169200296	0.365625939416609	27
0.103276179942142	0.22804997779573	44
-0.091006443219327	0.653816290712837	129
-0.056587196375281	0.508213295975803	129
0.057849206305364	0.182821153799742	129
0.022383209375265	0.26090750635622	25
0.072623262434917	0.151698750326807	25
0.051320787274332	0.202733865539436	83
0.037255036469475	0.304653631832375	25
-0.111308810555468	0.373309606720588	25
0.075356774040166	0.224185909244462	25
-0.020648497688224	0.368614616351049	19
0.067037739998613	0.240571873118051	19
0.071782266356128	0.271881691662565	91
0.054313542761023	0.218710469968562	91
0.107173343106671	0.170311301360648	91
0.058314350624134	0.235656390800363	19
-0.043303791799431	0.381657390703787	19
-0.044497752707371	0.394812811667282	19
-0.112397799252567	0.60208758944767	19
0.017928123309946	0.295912109961969	19
0.044410477808753	0.168444402413564	131
-0.043642420681814	0.2102095615676	131
-0.066493167734561	0.491949033638623	131
-0.110059502157132	0.602931409329036	131
0.013916757346857	0.379159870608851	131
0.109661578055479	0.195354463836686	12
0.08541038880712	0.186590706970956	12
0.055772100840679	0.158695983213878	12
0.053668795067396	0.181609090430507	12
0.118268837937483	0.144539228950966	12
-0.082236264483263	0.56595441601728	12
0.063708017896356	0.210344371791295	12
0.111909853965202	0.179704225795169	10
0.061587154467012	0.21684427601706	10
0.094389601113212	0.222702945970629	10
-0.02131373729148	0.369691676701161	10
0.070173537822029	0.729033345083252	27
0.072293186870282	0.615838581880845	27
0.083577934893818	0.744709556713777	155
-0.039626783148863	0.706477381060861	27
-0.076200821883497	0.742321241111568	27
-0.014990757671029	0.677235028492636	27
-0.068749174841942	0.633007529878296	44
-0.01720829979774	0.4222192998012	129
0.027799784084268	0.342341693764897	25
0.102458332127456	0.110431378028433	25
0.086310463287377	0.253578012454187	25
0.107837474533648	0.208168807814024	25
-0.076081041037457	0.235291843569412	25
0.095361738644854	0.199691333885746	25
0.054285505123558	0.263996402071624	91
0.110302564794589	0.196899306804117	91
-0.055443361751972	0.2911078994037	131
-0.100735370508605	0.423534507855631	131
0.025278645954362	0.344099191441808	131
0.00826007662197001	0.390954903253606	131
0.116375755420042	0.195698065378274	131
0.048514790380884	0.270679236601802	131
0.067306663168545	0.238851284973298	131
0.039171373098472	0.164782347276647	12
-0.106932978724938	0.502255859386533	12
-0.087113249042777	0.40991190219462	12
0.02897948043315	0.281123601528595	12
0.032277747084457	0.229066983097073	12
-0.032933932214003	0.412635787605618	12
-0.113417016664909	0.486706128072075	12
0.043450519762636	0.279014848133511	10
0.056954189772832	0.231869475134575	10
-0.078332962868222	0.607423129891903	10
-0.01577191823543	0.351808980165901	10
0.044870525550103	0.275665587535871	10
0.095780754050582	1.27279223044903	27
0.085090859659651	0.957991092598024	27
-0.018356398013707	0.494146509842204	44
0.010532486345247	0.456207313866822	44
0.045723678050481	0.241213172630737	44
0.062093187127088	0.276653770048149	44
-0.034011310781818	0.474420074206533	44
0.067514961549861	0.310244538862249	44
-0.088576915230412	0.663268914759034	44
0.033505599009794	0.327471285943345	25
0.072300059824778	0.233341284599776	25
-0.029585899712662	0.317935135088221	25
0.104307662988309	0.151617924432094	25
-0.067485692101851	0.530421482277222	25
0.019611818985873	0.339794616285651	25
0.016393091466654	0.356355033478332	25
-0.031137864288337	0.378323409772087	25
-0.113907966269977	0.291902709738793	25
-0.035135700407876	0.329870544296207	25
0.059905417687282	0.245639771850314	19
-0.086496460615577	0.502405731414642	91
-0.094337689458821	0.423930827123029	91
0.014469596147284	0.267264230800031	91
0.010958789638274	0.321233599322473	91
0.101787767703206	0.167164367635539	91
0.062493742479939	0.244823806356061	19
-0.101934285974376	0.474450702289473	131
0.033970623012731	0.265579989726641	131
-0.121250860342783	0.359329356150542	131
0.091393342356857	0.145925728347503	131
0.034995496290498	0.349519723068162	131
0.051355147675207	0.217365501427055	131
0.124697182154219	0.139189657383001	120
-0.111772720458266	0.594695051187415	12
0.049850600279699	0.228441773213228	12
-0.06530178959699	0.510065943868351	12
-0.017833500172058	0.366245972667507	12
0.038315442517088	0.320235562479057	10
-0.073181432482462	0.540197011962324	10
0.04572367033828	0.31211621062261	10
0.084216294939774	0.409592053130368	27
0.004412514699696	0.678445793863055	27
-0.021488106161706	0.660254199422579	27
0.052554494102994	0.326799813469384	44
0.082254963454987	0.261753795464978	44
-0.024340850891684	0.514100569367711	44
-0.070485102944176	0.427015995382738	25
-0.055105603693989	0.286753429049042	25
0.07834038935333	0.204071293899137	25
-0.048423972687785	0.434554337793318	25
0.032421076168012	0.320316282087271	25
-0.117619843689608	0.700705836641426	91
0.020808453635199	0.364669023081035	91
-0.068508990592372	0.465214717430521	91
-0.049883496466478	0.380096592018849	91
0.098801083851594	0.212502575235644	91
0.025572366207334	0.255364419451968	91
0.047150626728885	0.252555542169636	91
0.038494939010965	0.281494081458676	19
0.021321304593356	0.311710451443507	131
-0.073644316742445	0.404267946800045	19
-0.077451497895091	0.401178105342807	131
0.035800067070102	0.231943949518658	131
-0.122598360633251	0.775680521640019	131
-0.017565364709259	0.325048252751387	131
0.066396881471632	0.23735167538292	131
-0.091486957539086	0.427155154681559	131
-0.072506683455065	0.440327136400051	120
-0.084623250583043	0.519461303794531	12
-0.088283007445352	0.490276503270266	12
-0.00427043592114601	0.322256337074699	12
0.076094548576628	0.206602308733286	110
0.03046701509056	0.307872097957653	12
0.12381938434845	0.159908248043721	12
0.099582777456086	0.165650586628319	12
-0.015257195652625	0.357858896453311	12
-0.120616486401581	0.689064696167028	12
0.015677377283348	0.379437857579177	12
-0.036092441088894	0.411227819257575	12
0.099259488062545	0.166914348749639	367
0.012442984062213	0.395832115320291	10
0.06825344568629	0.287106085303677	10
0.055099878636847	0.268239703856863	10
0.055388720671922	0.228158380855326	10
0.079282498605897	0.213075657175438	10
0.052725139396432	0.933550272941929	155
-0.084888999755771	0.890883801922642	27
0.026670820126521	0.257916190034843	44
-0.075794889702279	0.573678715635981	44
-0.048246938588809	0.344535867405024	44
-0.057784444314872	0.719083787547769	44
0.025421753218834	0.508984133366326	25
0.063478043500212	0.361978762720187	25
-0.00470749426758099	0.300164692553175	25
0.026524986021566	0.450414959256664	25
0.070334990423141	0.298441199605869	25
0.072998040364246	0.166360207689381	25
0.096055688745819	0.145840048386687	25
0.082021619982598	0.174904305167911	25
0.00388161903946499	0.420840529329916	25
0.00864575108919999	0.299163581180382	25
-0.101230450998163	0.455731105995158	25
0.121156816689886	0.136293749053593	25
0.07258463474127	0.286586700607264	25
-0.047394053154624	0.332767679806026	91
0.035234732221508	0.339810106048167	91
-0.015533989478804	0.426782509431369	19
0.095453042007381	0.253247900020544	131
0.010592493276105	0.36101481070807	131
-0.118677103949173	0.539395839685325	131
-0.074748178220967	0.548934339590004	131
0.031870816020746	0.36936988693793	131
-0.026316245426619	0.572453249440858	131
0.037292492093433	0.348584185251367	131
-0.02110849347373	0.452736763238684	131
0.07056808789288	0.125733565999538	131
-0.098131626279879	0.314415551738973	131
-0.065833537578987	0.295792978264866	131
0.043186258424702	0.169583363336454	131
0.028453233667746	0.294051245119572	12
0.100801265248368	0.279789850449176	12
-0.053250685454147	0.595972227746582	12
0.098668256835517	0.17444943838843	12
-0.121060901916506	0.605310107834605	12
-0.103618015501338	0.485793458610893	12
0.035318914500915	0.174764927167916	10
-0.067733296703875	0.49547343080866	10
-0.078452719175112	0.607687693290765	10
-0.069763669297677	1.4119867232047	27
0.10749770757834	0.368318170781271	27
-0.121862408035364	1.46431478324032	27
-0.0868037028922	1.22566597325578	27
0.018109457390584	0.945569154858903	27
0.028147520133895	0.65453655681012	27
-0.084144941510416	0.994904281934446	27
-0.034228381508944	0.626453112329203	27
-0.051250420812122	1.1284605605791	27
-0.046498650611148	0.541559922955719	27
0.090930375576351	0.150300163689381	27
-0.042256078103266	0.310934959866402	27
0.094282503384307	0.145855325143434	44
0.058065825707198	0.386674048365966	44
0.032206821149841	0.410900568338142	25
-0.017541107399761	0.353942778384653	44
0.082051342263098	0.22194762208947	25
-0.002492375722426	0.357496664950245	25
0.075700263959598	0.29258526787144	25
0.08099353025946	0.275982387395929	25
-0.087723725240416	0.334459852669088	25
0.118137375412596	0.174963421846991	25
0.10915211437057	0.162080747459833	25
0.123368087811868	0.147559478910175	25
0.029010563810158	0.358239978238671	25
0.046773736416861	0.290019781520523	91
0.028201435684844	0.432644145660255	91
0.112134232918975	0.199641391115697	91
-0.024536816796834	0.396944464601173	91
-0.02375244619448	0.491810222727956	91
0.007908644929526	0.318569641132824	91
-0.036780381528768	0.405159570174246	391
0.093914067387567	0.259051453861692	19
-0.107122614838823	0.579240999776591	131
0.057748560802548	0.292989392192457	131
-0.114913982698833	0.646958024907078	131
0.073314529055226	0.256439560815627	131
0.00429052068889199	0.391536227387023	131
-0.102673391320362	0.293051751460002	131
0.104355219412561	0.108267089471614	131
0.057628326902681	0.130991995627054	131
-0.077052359093158	0.268505590030908	131
0.056145799825119	0.162838029570003	131
-0.017350067162271	0.197198551897602	131
0.093598599380531	0.135730470563753	12
0.084978282328412	0.171544024036902	12
0.051521499717462	0.19664576537673	218
-0.023422039329247	0.415667200920889	12
0.051479092125074	0.299312040980233	12
0.112442886734588	0.162158753040077	12
-0.071378365590006	0.546797549916842	12
0.00744065617019801	0.256197727968861	10
0.017046287026209	0.354603737535847	10
0.032521996853014	0.218102778660767	10
-0.020448909504372	0.559877992729599	10
0.068114801117515	1.44967253718258	27
-0.020326216494734	0.957723730479308	27
-0.015192269993313	0.740784236930582	27
-0.075466027206233	0.926430577599444	27
0.108597577193094	0.260312953298705	27
0.044488626754516	0.389937610560625	44
-0.121942991569481	0.597334472423928	44
0.104266000676941	0.192687189149535	44
0.094236070208596	0.230953063271538	44
-0.013514278663931	0.448434224592408	25
-0.107587329384302	0.50970656173186	44
-0.011152551323138	0.423460586631732	25
0.113475690403449	0.204450398154498	25
0.026487132943807	0.267878539376775	25
0.100449526898593	0.162869803178045	25
0.075886276665128	0.277046765712872	25
0.035684445212692	0.331341879085857	91
-0.024527766853109	0.315484706698517	91
-0.080329044933006	0.350829952965053	91
0.04061416533398	0.387219789651068	91
-0.050357140450421	0.510426530147502	19
0.033629945217307	0.309368830290433	391
-0.000832812148214013	0.347065122311352	19
-0.018236458062376	0.446203939331767	19
-0.106406843369688	0.591260887171958	19
0.101880476757258	0.15718212792864	131
-0.02553829563328	0.453480949002366	131
-0.056175239112295	0.617801047089731	131
0.111988636162309	0.102608629280864	131
0.008777348569879	0.187772237114062	131
-0.082477532716017	0.318944460625166	131
0.068423484725812	0.127055193199204	131
-0.062251820157147	0.364791793976488	12
0.086724917105656	0.291016434370679	12
0.032765026576103	0.356765579111831	12
-0.109122784547493	0.628846697150309	110
0.090736270285808	0.224977034796729	12
-0.03004137438395	0.431431980337312	12
0.079607697712656	0.207223338857872	12
-0.02762666769405	0.287129274957917	12
0.095534313205422	0.219541963747883	10
-0.099813662543809	0.421652175660117	10
0.029458639182751	0.24454460922457	10
-0.087226029203707	0.41814776153969	10
-0.032684768386432	0.417347635777011	10
0.041459401974736	1.2504178470432	27
-0.0952176824361	1.2227288086992	27
0.118821806357601	0.405715413090944	27
0.08113051395434	0.530414310873029	27
-0.039134221245392	0.959899693832426	27
-0.069673254467762	1.17019807787181	27
-0.105133570570331	0.637224640073506	44
0.063807495206759	0.327917597936857	44
-0.096869878618818	0.707479708512477	44
0.007326881650292	0.19392758330712	25
0.118672056415104	0.198027397445014	44
-0.000903114281488982	0.406387601877807	25
-0.038566821521212	0.404312332007081	25
-0.068308691617271	0.40296864219546	25
0.085843782285821	0.181983713257783	25
-0.010595832784006	0.199017237882888	25
0.095951527427393	0.109942572534778	25
0.106031554858767	0.180604867261605	25
0.023232123954704	0.275525462465675	25
-0.00228547551450198	0.267912194618765	25
0.085874497272225	0.219191481396871	19
0.056690315000411	0.233369292508251	91
-0.067172607342472	0.412277122144408	91
0.066918963467845	0.243135988003582	91
-0.120810414939757	0.404520421746169	91
0.090633023336919	0.184024073309892	391
-0.090607815113075	0.453260531698169	19
-0.084409477583035	0.347542057324859	19
-0.033680758850282	0.281493176146465	131
0.075768204468724	0.124409887414623	131
-0.111611974435333	0.300961111442649	131
0.023451935502368	0.316787622389063	131
-0.067128271735078	0.493357713672585	131
-0.023374946350181	0.411666551131414	131
-0.121971994107537	0.605370139810323	131
0.052950112399304	0.237731359075448	131
0.027101401976746	0.258175952499537	131
0.119810836694157	0.158920222140374	218
0.027898039883476	0.287571709580488	12
-0.072014161916939	0.519631370162414	12
0.026788184334387	0.296587093385815	12
0.091464851148004	0.152039168881752	12
-0.026048676814906	0.421579048383575	12
0.027714203685762	0.292878761078034	12
-0.072466027998697	0.511068158160491	12
-0.111934283314729	1.36212533617254	27
0.014159802773001	0.888609834564959	27
-0.027781496616584	0.369559647204311	25
0.031589876905859	0.173905549288677	25
0.107742045093997	0.17996098536052	44
0.10777918915407	0.192822349032835	25
0.065485184300602	0.286173340476097	25
-0.059725745079512	0.224721208635221	25
-0.049253664345425	0.502586266887695	25
0.097613790143722	0.10740772027156	25
0.095246546639009	0.166723018785936	25
0.088759851961684	0.116927858816983	25
-0.068753684037427	0.188513463243054	131
0.109429960988595	0.21805698952803	131
0.072547537808612	0.211157119168104	131
0.083049134237228	0.204848212555264	131
0.041893237462338	0.247245090208757	12
-0.046693893567156	0.393473161102594	12
0.082676701534188	0.117727270206885	12
0.073433072277479	0.119346213367325	12
-0.015611391477183	0.406122367711697	110
0.092225566728725	0.17659397184944	110
0.091923834269453	0.195997874697772	12
0.05185297474857	0.234015178397431	12
0.095993652293554	0.194326016351787	12
0.017383565441746	0.350607834580855	12
-0.045326164370263	0.489948295050767	10
-0.123199714004235	0.261534794660853	10
0.032447294844312	0.140372323033583	10
-0.014635480165269	1.36722151745857	27
-0.00550725723069001	1.20345079554364	27
0.094498483043184	0.535796203161687	27
-0.083543955372288	1.72324894053018	27
-0.101273299092276	1.42184984975869	27
-0.013422063024927	0.50434172045702	27
0.103268779263031	0.392743949910915	27
0.072230026195701	0.350995403173304	44
0.078006965608737	0.332083457197544	44
0.052869966951029	0.346685004505302	25
-0.060929584639779	0.47845227145889	44
0.062123373594185	0.299507158799075	25
0.029554567330082	0.217059354938396	181
-0.016524828528845	0.228294901436013	181
0.120967245885943	0.165864652461391	25
0.115391271686364	0.168257156099526	25
-0.087320077175985	0.600866917449257	19
0.00341480704755401	0.390240358118798	19
-0.012745598045704	0.267131040229909	19
-0.037924650638222	0.377219745397117	19
0.038061980286683	0.192791033651836	391
0.012196357620834	0.360994875112821	391
0.04848376647269	0.323776504820348	19
0.073556207566975	0.188481713237547	19
0.048880077671913	0.162605812669372	131
-0.070020953807135	0.304178958947741	19
-0.123208965424016	0.209628337381005	131
-0.000888498909375979	0.159747437892614	131
0.058316467974847	0.195595360168771	131
0.063577392221028	0.317831699272206	131
0.016607920287593	0.378787693716215	131
0.097372272216155	0.203644088073579	131
0.077915361413424	0.230731284467782	131
0.060806058042827	0.247076935050778	131
0.000726902047577999	0.354983609316429	131
0.032372885500596	0.141010359809659	218
-0.03004291852599	0.496559141669707	12
0.058338872195542	0.188493211168842	12
0.031102117110654	0.380400938352782	12
-0.102018312821627	0.496414653922988	12
0.11435627257614	0.194797387328946	12
0.030057555785534	0.360349872692791	12
-0.120001520833847	0.613241235755042	10
-0.038277420368886	0.502201577065323	10
-0.018675018526272	0.351658597077692	10
-0.016032179884711	2.37490558368907	27
-0.065500427064377	1.6650510963103	27
0.090917844569288	0.775810155105095	27
-0.013830577501079	1.45283992940003	27
0.012218202890159	1.11519015924617	27
-0.025227868049693	1.05835765183843	27
-0.017366933018178	0.473261578055717	44
0.034411723510872	0.461415616839117	25
-0.041633925229939	0.347866534337334	25
-0.035804331310899	0.539397234955166	44
0.101681642768161	0.268958035558217	44
0.000759709901468009	0.21972449467804	25
0.088559173135055	0.277414867141125	247
-0.017210121844453	0.196867157280165	19
-0.031179021061368	0.565145609641741	112
-0.114827107462083	0.553877710189548	19
-0.075581181012009	0.277351965526278	391
0.120192756960002	0.163108488658284	19
0.093313867255929	0.110223612666943	131
0.124986229341999	0.0695261280633099	131
0.00455348599401201	0.193392593783006	131
-0.01756206076949	0.493361938963873	131
0.119217699266086	0.206701265810119	135
-0.095569751053017	0.5936591752386	135
0.103625373880528	0.193162082430868	131
0.038480298696131	0.255898223561083	131
0.084350900341483	0.206982297428006	12
0.054430575013618	0.296341193808765	12
0.074711788654351	0.219564985818197	12
0.010567911979887	0.287547552011288	12
0.096319397063429	0.232227660389656	12
0.022242867281742	0.388583287331415	10
0.124048218518514	0.604382293889673	27
0.032552473001195	1.13062603156612	27
-0.042218829501394	1.75307913500748	27
-0.00399522610039799	1.15686829684774	27
0.069552169945241	0.545296145964841	27
-0.016416397184937	0.261440824629539	25
0.086453524436429	0.153301213531289	25
0.10896021115398	0.253067071427634	44
0.112899106385586	0.102381686947011	25
0.033154846042144	0.201635749514362	25
-0.03059609346401	0.299889041612079	25
0.103790124692218	0.237600713132191	25
0.112133526561814	0.256294090317549	181
0.107109263955611	0.185907912948133	25
0.109454104990004	0.158228725003969	25
-0.084322384372172	0.812991335723001	112
-0.032744028530403	0.578620123746247	19
0.119335768408912	0.18697942331376	131
-0.114603552670845	0.234377489147752	131
0.113366705845331	0.100960267754338	131
0.121434174345956	0.206358359826972	131
0.042004773914237	0.379318162827389	131
0.124167722084792	0.168953341200061	131
0.00906339252225699	0.456302633637647	110
-0.003115268951911	0.334806407389231	12
0.124673314652574	0.196872551478037	12
0.077535294878368	0.264528961844492	12
0.00526510606374001	1.61583082308884	27
0.089597643245886	0.323860203917125	25
0.015915106287967	0.420026371169816	44
0.097644749085216	0.267599541571041	44
0.090344464951084	0.266009858823161	44
-0.066491885794806	0.602500587122355	25
-0.00408644900409899	0.30694771890616	25
0.050592196690807	0.322306358262126	181
-0.092472770200154	0.595759423575294	181
0.074802379746319	0.236539851478039	181
-0.110489836567462	0.570984960201154	25
0.076675355822112	0.217298335931657	25
-0.103703267074115	0.332697128463193	19
0.094197848336815	0.2479051404162	112
0.111326779509799	0.213773989522534	112
0.102372355020936	0.212355520607235	19
0.02447432832106	0.357052918088691	19
0.055944571611828	0.249969534429134	131
0.064651335788993	0.187214579574115	131
0.112396862874141	0.207880615641989	131
0.110615135003191	0.158045385879159	131
0.120131177596162	0.131880621130642	131
0.00641579530002201	0.221411360862795	195
0.030976399488767	0.378253889299561	131
0.010895311792677	0.258262617640168	131
-0.076034723197791	0.469392143746947	12
0.104548328233416	0.178532562783866	12
0.022811287079594	0.28835800597281	12
0.027167582397218	0.33392875904872	12
-0.088692300487686	0.500794888578785	12
0.113885339350988	0.204024030293181	10
-0.120314874191185	0.574291088102741	10
-0.111543930403708	0.650203816302187	10
0.025446372956042	1.14344859383866	27
-0.065337828133933	1.45486582296917	27
0.093365465780217	0.610050392943925	27
0.025467748339751	0.32806186928594	25
0.108083647012716	0.202356590567899	25
0.092912070629597	0.289863385409078	25
0.107899150166183	0.140333053152027	181
0.080907157534566	0.330549446856598	181
0.106549582769165	0.18687297163294	181
0.119589738042247	0.181626658368712	25
0.089723268850295	0.230014272821501	25
-0.069896043515709	0.721728200089759	112
0.060543837526908	0.287096405725192	112
0.055828318959292	0.207390569307897	19
0.033387205756973	0.307579822787932	19
-0.037991505662633	0.590319256934485	19
0.055984561576904	0.355992781761318	131
0.117252992903608	0.183470452445327	131
0.015574222835021	0.286720334631691	131
-0.06648897734625	0.678121536302596	131
0.019342659993121	0.346383389749249	131
0.07340355796502	0.295509857104736	131
0.101815465315989	0.282425446674692	131
0.107535427723837	0.22072122686917	131
0.039032852889025	0.137264811405721	481
0.00032755464800599	0.198885312040448	45
-0.082538171116791	0.361096418471485	110
-0.078472841667827	0.502382334138044	12
0.045832248670139	0.249712971491779	12
0.114118949014447	0.148197885929269	12
0.025377972716899	0.184592627590284	12
-0.084834048486429	0.274964980961289	10
0.023605186265263	1.5265423800126	27
-0.081743139989219	2.23921146010569	27
-0.000833589110774025	0.512373837648908	44
-0.027799981007755	0.485075824439112	25
-0.07915746073169	0.559835185707272	25
0.029505141469295	0.263126328637994	25
0.090698352266147	0.188682401574132	25
-0.017264998196552	0.428273742626962	25
0.069719843520706	0.160891818475857	181
0.059380304032222	0.195098774403459	25
0.015724583599675	0.415240152376785	25
0.083961827047213	0.228230622460969	19
0.025096845302476	0.306908196923224	112
0.035837305617712	0.302588797886877	19
-0.00475225561939402	0.369269414069314	19
-0.072829115713602	0.75596164180371	19
0.118684069568804	0.228222063983441	131
0.024923844236054	0.384777274211746	131
-0.064895539106237	0.368700122247909	131
-0.011704992376812	0.486051258352896	131
0.016601486437991	0.301902194006879	131
0.032095834745086	0.256172762445688	131
0.101402289741798	0.153296964854153	195
0.011795765553087	0.233521303043357	131
-0.044644836290385	0.608260936100494	131
0.074647912428499	0.239950166157935	135
0.084592233309682	0.247399019718555	135
0.029119831368376	0.277427570267886	131
0.107611412819801	0.196811978992772	131
0.093540168197126	0.202315912277601	12
0.099964190190821	0.143013782873892	12
-0.109908883228188	0.563718978848274	12
0.036438955999917	0.336433042090561	110
0.012591037282884	0.348181098699765	12
0.000165916242513997	0.430868284635013	12
0.00911483178158701	0.425541782531751	12
-0.042119750137597	0.437824096852534	12
-0.080192813458466	0.629985524439341	10
0.048163037030139	0.229135743361186	10
0.095371616185229	1.06714913410303	27
-0.091917825769001	0.736458321999055	25
0.013392769057275	0.466468622615018	44
0.048801760726299	0.290202221150911	25
0.024193384990195	0.370269658362461	25
0.118990896545979	0.129717963780589	25
-0.057233423859563	0.628790913935457	181
-0.034266512662537	0.572016819549788	181
-0.094953017774583	0.744609572853172	181
-0.113161941240411	0.822578703416904	181
-0.00148061409337502	0.445247081697753	25
-0.101390518549041	0.570335485456516	25
-0.09008485226461	0.671980220516744	112
0.013087529021888	0.396271541670796	112
-0.047720627131006	0.581567993332803	112
0.00908017649592999	0.449125488313265	62
0.04270415393151	0.301631241512843	19
0.086795150035698	0.219377398934416	131
0.12110389742051	0.161202679338801	131
-0.021431042668679	0.509727112544959	131
0.051243321810381	0.337438737942802	131
-0.114362627589658	0.706244916701571	131
-0.034605171852358	0.554220389940716	131
-0.049825211742756	0.337064097405398	131
0.07194264404221	0.169139947182114	131
-0.028579026901415	0.63077813733609	131
-0.075596652610074	0.635645930385242	131
0.014701283537993	0.449667818733577	131
0.048430799657792	0.286766064213424	131
-0.033305387971612	0.400994431708245	131
-0.060485267446435	0.40992965723071	45
0.00746712227301	0.371238817509886	12
0.05750481138363	0.216968809623686	12
0.107347174446115	0.23937761624364	110
-0.052208794530442	0.583900769572221	110
-0.06988315520474	0.584313242744522	12
0.0886399499909	0.201136966633041	12
-0.057679760691265	0.594204829564587	12
-0.084704946557258	0.639107045445953	10
0.044000816118567	0.33075337587642	10
-0.00442428394873301	0.320628592649788	10
0.096815161267689	1.03502036538514	27
0.089051368319486	0.343733676180637	25
0.037744358907379	0.389994497571403	25
-0.040530548934362	0.610952616677326	25
0.073379953711216	0.278848942771212	44
0.023956369159783	0.339742929845713	25
0.023051093772586	0.272593103070097	25
-0.099023190656177	0.429255496033565	25
-0.00622308133687199	0.367512355669398	25
0.103111177462135	0.263598035327844	181
-0.083627022230124	0.297403165787018	181
-0.028520460975023	0.493050770205245	25
-0.103015630392019	0.610593110294035	25
-0.023844952084571	0.385842710161969	112
0.115199541409143	0.2145919927138	112
0.102382953225638	0.225162698757717	62
-0.081007402984258	0.69597495121107	62
0.056527846737383	0.239019853606552	131
0.00291530329549999	0.427080089944752	131
0.12238453483322	0.113948762525956	131
0.063005900163959	0.322252879150594	131
0.109606968215333	0.104344683247802	131
0.010474190388726	0.233187047603973	131
0.094600759907763	0.258233165036599	131
-0.026898058797656	0.459850489016193	131
-0.044256091379104	0.48846056941921	135
-0.046054636544514	0.460159299921393	131
-0.012721727256746	0.334893195077222	131
-0.114158805659681	0.551904958183087	131
0.068465655703144	0.201815988727676	45
-0.02859938443539	0.34902275459447	45
-0.013257268898407	0.340996689422763	12
-0.0273707948732	0.444303357093441	12
-0.088363329920247	0.673085762668529	12
0.068038124364117	0.220338748022346	12
-0.00377391730284599	0.415100740019528	12
-0.114345538574147	0.63580462729546	12
-0.118313340698272	0.665003537122066	12
-0.044205385088652	0.496800298525194	12
-0.039233414029959	0.405026375916205	10
-0.011314069904554	0.730841338423594	25
0.092347795845737	0.397463857225335	25
-0.086219842538136	0.650841078778783	25
0.094031986529561	0.326367627120442	25
-0.029494592180028	0.64160311476699	25
0.00943123488794101	0.386775545190369	25
0.112801218850126	0.162048104522623	25
-0.074261956974834	0.838099452338097	181
0.034147758176047	0.400060677151639	181
0.122681973166513	0.118834347328657	181
0.06010815702937	0.180623287452587	84
-0.084720535458382	0.504611668847825	25
0.016086062195101	0.386478153757	112
-0.089853594050757	0.684387652968673	112
0.110487001289212	0.270018555345738	19
0.097816113065553	0.214272164113474	19
0.072229568559031	0.30387324980875	19
0.01981910037019	0.45507802024061	62
0.033501978682123	0.434727314793116	62
0.100953238481148	0.250217798008693	62
0.086991227409683	0.238717378003829	131
-0.036287205686617	0.475420028639392	131
0.020596408007768	0.328172397638507	131
0.114850815680912	0.172570459548938	131
0.013583380542293	0.383539777412118	131
0.00810601805346101	0.549703179577974	131
-0.056471782114491	0.453841018652667	131
-0.014098128700291	0.332317372250037	45
0.103404592278861	0.168646883397575	12
0.117766284244354	0.202348597362391	12
-0.012820495781467	0.236455817398374	12
-0.034189281895779	0.503420138746158	12
-0.107163254083353	0.659512590424808	12
-0.121393574235681	0.894421768118935	12
0.039716020826568	0.309607882266012	12
-0.018307939093216	0.403512321882088	12
-0.068610817245615	0.62787451689078	12
0.00741784695949499	0.436779494982937	12
0.043485319930286	0.401694694198175	12
-0.066251041618455	0.607841937245732	12
0.0897794589103	0.271040248133488	10
-0.070459188390976	0.699680690421233	10
0.074587382475514	0.176144847526217	10
0.048059559319951	1.70501162635738	27
-0.018054000624375	0.730315509945181	25
0.032579645494005	0.670894809500408	25
-0.013837581826289	0.72970395242681	25
0.118952443091012	0.2837437258384	25
-0.070875916400017	0.907035312381426	25
-0.09606464697627	0.903944200902349	25
0.108025683528368	0.219779056200169	25
-0.026567244324759	0.578302239582408	25
-0.110105933301558	0.883489768028976	25
-0.069017798190868	0.648782005077564	25
-0.027271423594598	0.530133061501125	25
-0.050932356478818	0.618192617350821	25
-0.057704415943348	0.664339966892226	25
0.121113505749301	0.195210947464604	25
-0.027833975247294	0.414733603131061	25
-0.025735188344411	0.400564366446624	25
-0.072973495911701	0.620470912639382	181
0.064023275685991	0.295362152319754	181
0.111591107510836	0.241341708958276	181
-0.034625033901851	0.59660714913448	181
-0.107148318897226	0.504417159034448	181
0.080919845479879	0.219654282781404	25
0.042399421898599	0.341759646873262	19
-0.068656568015221	0.418084996496686	25
0.074894247962571	0.207377225868703	25
-0.115522490497942	0.782626198514464	112
0.051163295639355	0.343548556497773	112
-0.080899409598919	0.712362794216449	19
-0.108226648244221	0.677482484350649	19
0.12493598249316	0.186030281597707	19
-0.110921467028549	0.626821647287296	62
0.013353243730278	0.4151139186069	62
-0.085875279825196	0.766355678787202	62
-0.017755913340493	0.459766424938969	62
0.029530687778414	0.372912857815095	62
-0.00792626197170998	0.37320918912365	131
-0.123752663556119	0.858428483023872	131
0.064306170026147	0.322528298456613	131
-0.030482138731971	0.516127056223555	131
-0.048202674095971	0.550587506119137	131
0.013863946313038	0.402145544686259	131
0.083447104483949	0.198324149529098	131
-0.102027206903277	0.85508224880391	131
0.079675775004949	0.309605675952343	131
-0.005688355156099	0.54131924497115	131
0.00835500200765499	0.307835921776861	135
-0.00327546061767398	0.396292180917361	135
-0.025188834828274	0.365226125761147	131
0.111729865599042	0.176091544201589	131
0.036447283938597	0.327865696281326	131
0.00698751539235701	0.294129677013909	45
0.016460453530988	0.227199902149471	32
-0.072043066978783	0.433613225369447	32
-0.093030891164773	0.670347867992466	12
-0.119792000850861	0.650625063581304	12
-0.110493990619138	0.565819054337753	12
0.027985546675795	0.400413804017389	12
0.094035050764392	0.253636132656587	12
0.00130273882474299	0.421864694077249	12
-0.108732898555416	0.6766391137947	12
-0.110716280342256	0.764770918826852	12
-0.00699454491847101	0.45985046831672	12
0.124932790729453	0.178548336594949	12
-0.042878111596965	0.428715423931369	12
-0.04507290050253	0.558105280611902	12
-0.097114649543069	0.736878502035227	12
0.00086540064016899	0.486176973710853	12
0.039944665784537	0.320816436650842	10
-0.024188536598771	0.402103869960973	10
-0.00323642151037501	0.759218371770289	25
0.10064447024199	0.318651372830071	25
0.068031412900687	0.362030410207366	25
0.022688865485269	0.589203770292011	25
-0.070959439619097	0.602953490118457	25
0.026798278744821	0.389807227661957	25
-0.109044976850339	1.21749935867874	25
-0.065533993854523	0.922062309190579	25
-0.00442405767241399	0.578424759163985	25
-0.082938205125799	0.606951561670133	25
-0.098306240215944	0.605224408208035	25
-0.110183197935256	0.974856526469084	25
-0.025293678510392	0.603616755299194	25
-0.071184232611863	0.726526671658308	181
0.024261542479208	0.439367731055818	181
0.082843803486694	0.153991590329458	181
-0.067450740288473	0.36390142770243	181
0.044766835109774	0.240711079523162	181
-0.10338411228119	0.553791536569454	181
-0.017149612843947	0.528528359730656	181
-0.00186027869543298	0.392171485660288	25
-0.070606996024828	0.616746853431935	25
-0.055680965046137	0.655944259140166	25
0.059640848874312	0.237118948278276	19
-0.039722958245921	0.66123589210738	19
-0.013766344670435	0.481685527205012	19
-0.083644576248007	0.385940525225854	62
0.061522450826556	0.388197997388173	62
0.10876178407096	0.270685055327096	62
-0.00317074576920301	0.612252090512883	62
-0.121607353080566	0.594653459826477	62
0.006048424637315	0.35070161951893	131
0.040826356890599	0.340407209600653	131
-0.097480272575442	0.571865611928032	131
-0.083318531785289	0.708206074660045	131
-0.00421869228663502	0.427684106410957	131
-0.041802829964308	0.38381337961017	131
0.075840604504477	0.353231733333456	131
-0.009510416682463	0.49108318052931	131
-0.022791309521449	0.694044830804199	131
-0.042402551286506	0.220111241886182	135
0.069210697005415	0.148808256641025	131
0.108918773852299	0.123983417828459	131
0.105478769609498	0.109323681308231	131
-0.060682375983868	0.29259583917056	32
0.00909057214609599	0.157259239039594	32
-0.065832341580253	0.268374228795132	32
-0.110570100520955	0.663529512477815	12
-0.067278600867721	0.636350082544777	12
0.037209204697742	0.49391312510371	12
0.117187949838499	0.281096487829388	12
0.035039065870193	0.338028691773871	12
0.086219905220006	0.24483837558999	12
0.081601385761264	0.304912718952743	12
-0.00159478857838402	0.377675506055036	12
0.045524557739825	0.313509262312638	10
0.001377139611971	0.286298644980738	10
0.060144729509114	1.3718538203433	27
-0.061347301729285	0.901149695793431	25
-0.070014723025752	1.10573164388625	25
-0.049488176294706	0.731910092727586	25
0.106201141354796	0.312335446581388	25
0.007086714766882	0.602595344021204	25
-0.017220285855215	0.718687077181405	25
-0.050212771453579	0.600046622886856	25
-0.124347573694895	0.78498067082222	25
-0.079266380058577	0.533528952541262	25
-0.040642415058872	0.502431711662618	25
0.030663232847926	0.324944598989627	181
0.011289738042138	0.405638463379189	181
-0.011704093516293	0.497479635677271	181
0.099045380843886	0.242479150368862	181
-0.020573991513025	0.404738020558606	181
0.076382075903285	0.18485527918477	181
0.002992735735106	0.401690527829266	19
-0.038205385646871	0.518385752985468	19
0.041559456539883	0.342736723487009	19
0.072089817683251	0.304272006353307	19
0.054150370021584	0.34528226740625	19
0.108782652564717	0.210007244564607	19
0.108745176012666	0.197525390025351	19
-0.02044329501493	0.495030402625264	62
-0.063901115787892	0.551290936689149	62
0.072651076439171	0.30157811518807	62
0.086290626296198	0.253111096425814	62
-0.040080722328131	0.46553292384504	131
0.080994338247907	0.267588739810688	131
0.054838354214965	0.306002405079107	131
0.10572469941947	0.165808174283564	131
0.062445939475381	0.210752304499444	131
0.114463371195354	0.225229115531188	131
-0.098391357398264	0.787836019530721	131
0.10411776819678	0.248275857283229	131
0.069027316967201	0.194361012375053	32
0.00982135082143701	0.224077124906299	131
-0.014872705773496	0.35949830947208	12
0.11741312125649	0.192285862655818	12
-0.001168811492684	0.416035718798726	12
0.088904608461557	0.228380319872524	12
0.112315668505863	0.193407958849737	12
0.03539585876553	0.372976284492118	12
-0.021462715756995	0.405304473826304	12
0.025345012539467	0.313899410683358	12
0.00683285425928101	0.325614194329958	12
0.101436231034426	0.211368626395605	12
-0.092341785156597	0.640534732358957	12
0.054425233468064	0.308928239007773	10
-0.0363088073644	0.536114531660884	10
0.032538406294805	0.382962194355233	10
-0.05617774955191	0.37405086583437	10
0.09866746624962	0.440144807836556	25
-0.096146882493107	1.4387865506837	25
-0.056093294313615	1.22782583664872	25
-0.10900513525453	1.3327122662787	25
-0.072925565573374	1.09993212174344	25
-0.062476238437771	1.02517532454321	25
-0.054538038604758	0.891743061494208	25
0.104751107702482	0.245048314139064	25
0.06342530881702	0.193437714376366	25
-0.091667720360253	0.487126771333054	25
-0.043000004385749	0.629872894811854	25
0.047042105475097	0.435837991482794	25
0.066012939551353	0.360321272781707	25
-0.057928732790167	0.627148255033314	25
0.022333787132834	0.345556835413685	25
0.058106888754293	0.198038785117683	25
-0.028248522378689	0.315931354903233	25
0.00685527134678501	0.466622503665476	181
-0.116773493719259	0.822448628197867	181
-0.068618184793225	0.689354602748481	181
-0.077791388619999	0.580614165429132	19
0.113790560466918	0.1664616040814	19
0.094146614168425	0.226875255904806	19
-0.016751383609904	0.54642203897701	19
-0.024657799993191	0.517192297705977	19
0.027178161819647	0.295111885951961	131
0.021821179217172	0.426774702198033	131
0.109866090172116	0.224911902510045	131
-0.062054133738431	0.628338460975881	131
-0.00382617314866202	0.444225997972041	131
-0.042859270696706	0.488276857614581	131
-0.107422902639442	0.429506992877033	131
0.062884154879723	0.213644616865802	131
0.043651514207499	0.167797443523127	131
-0.057753528148947	0.710019188079251	131
-0.057935042779697	0.541736106828047	32
0.050272126017579	0.323362374154547	32
0.034193116156425	0.31930260785929	32
-0.090135829853201	0.488137484126286	32
0.06703309665075	0.234478583801062	12
-0.112044773872917	0.666394256390173	12
0.122675210218096	0.142594204134899	12
0.069447687515363	0.269748042008924	12
0.043277779222432	0.369175162668139	12
0.017606573161485	0.303007819830595	12
0.082013831129635	0.281907806189523	12
-0.00381271786959903	0.483352704422285	12
-0.090698943397534	0.534665232181169	10
-0.120031589826976	0.764166871639838	10
-0.05136285630541	0.54098026875847	10
0.12449505710384	0.127986860880509	10
0.058403126344725	1.60599316478881	25
-0.017161336428308	0.730596488099641	25
-0.00837906885649098	0.719161068413177	25
-0.103788237263013	1.07791110655788	25
-0.123259819014151	1.15468935685779	25
0.082239869195715	0.290623792481877	25
0.097659483815343	0.139309267545833	25
-0.013067494320273	0.393076424393508	25
-0.021517154828266	0.579685603371623	25
-0.029248281793305	0.495611990825446	25
0.111186621759902	0.206793387392854	25
0.092266899046003	0.226714168145602	25
-0.109104273101291	0.649577668494409	25
-0.111921298931861	0.598420412655372	25
0.114697029556526	0.131872988157396	25
0.023417201436642	0.207901091164342	19
-0.000144716322205973	0.39403996948019	62
0.004985243948394	0.260183676200022	62
0.00997184466447701	0.332770824803541	131
-0.058789634559003	0.493002087528084	131
0.104942831108541	0.147599788915718	131
0.111169412589563	0.122685377228656	131
0.013002670192906	0.302464555020377	131
-0.00660760473509497	0.304324719738259	131
-0.00166667926581698	0.22461775717172	131
-0.076217031847035	0.585150885658554	131
0.029175114883091	0.370138265202272	131
0.031899613094645	0.468796570561456	32
0.080690005151996	0.353736169766845	32
-0.039395451738997	0.691294758520533	32
0.04986333817993	0.384572533978437	32
0.038573571997863	0.325321300354436	32
0.110254552182259	0.206754071298874	32
0.00896452170434101	0.266836648916941	12
-0.057905848689975	0.48838580405207	12
0.039153552642112	0.313630693456997	12
-0.00827912094689698	0.534138993593272	12
0.068115739947004	0.25931782324013	12
0.048308188393386	1.13198647594563	25
-0.086993373219003	2.34302694102308	25
-0.00336245060461399	1.3583529345643	25
0.048424802169622	0.733029415858007	25
-0.036748285725382	0.512351628930716	25
-0.026278840481865	0.288005326407263	25
0.049431884855609	0.227306734465838	25
0.03257651970918	0.267650969927854	181
0.108036463740107	0.222623403927496	181
0.052413181520761	0.138037874019552	19
-0.00211088638290202	0.238294918212283	19
-0.074030825270327	0.42324858895762	19
-0.039581888704719	0.467605634624621	19
0.045642173899504	0.234641209850064	62
-0.027063477897195	0.246261051758865	131
0.038707837148685	0.213131274386219	131
0.104521725862017	0.120529781321787	131
0.100912452192056	0.108526056151804	131
-0.016827335239323	0.161276013452335	131
-0.051754358803974	0.120892869360205	131
-0.091641147516215	0.52632383714721	131
0.020993574480272	0.327024097386224	32
0.032003671358799	0.497211531682748	32
0.098823076359997	0.327246735716463	32
0.058878967193948	0.394197223626694	32
0.030808951122786	0.381527509632155	32
-0.077052567926238	0.273887221407789	32
-0.022948272349658	0.166914952933873	323
-0.071288163413822	0.366345296515921	32
0.11883671273766	0.125578103580425	10
0.074420249469183	0.20216885754652	10
0.056125515799474	0.200987181785845	10
-0.100822185122689	0.50096335633733	10
0.105434110914555	0.244657139632111	10
0.114210320390626	0.280209420627343	10
0.107676583634904	0.174669928640253	10
0.105684383316074	0.136767434155258	10
0.010355691749997	0.188321559141681	10
0.110302245949696	0.771309997023232	25
0.031627567788117	1.30057817876937	25
-0.024827139575724	1.75413421073103	25
-0.094408081061625	1.80486608286594	25
-0.077582088147543	1.65151145333224	25
0.084710383064514	0.634927308234905	25
-0.000726944100462978	1.1533392156802	25
0.077360853614209	0.168049240888011	25
-0.061353941359946	0.554481580946457	25
-0.057104811020886	0.388829758854395	25
0.073015148332971	0.259103743140968	181
-0.074213851582209	0.486676505378851	19
0.055472070031271	0.21490091879359	19
-0.017106407623518	0.240186011731962	19
-0.00457233670047103	0.289894471960918	19
0.056836595529463	0.264102076516347	19
0.016921726003706	0.306102049432677	62
0.087478109916074	0.0859609573318627	62
0.086986778959737	0.120360719796567	62
-0.026325531470108	0.174717312107093	131
-0.073389386846069	0.311722681494476	365
0.050272562695748	0.179439820735031	131
0.119469076430207	0.0736714752138202	64
0.040106878422748	0.27316429464186	131
0.070117415292484	0.44117248816682	32
0.069797080185101	0.362365610466766	32
0.0762982555948	0.337472833809368	32
0.065994677166021	0.27663429994514	32
0.076082953615175	0.120117090776357	32
0.118833375005906	0.127252166997186	32
-0.00520557757137002	0.219068679697134	12
0.115987060920467	0.17444813791185	10
0.05823338212091	0.294281493297398	10
-0.066778744404296	0.325706461237449	10
-0.104589612756461	0.296270307285693	10
0.098895238955308	1.0953621719724	25
0.029236677666393	1.23714802423469	25
-0.059846099722169	1.53637437924323	25
0.00552111595160201	1.13713797751547	25
0.00845174684064401	1.13920225264673	25
0.053937004616513	0.447775266290976	25
0.107285279769529	0.302914787448133	25
0.028639679138258	0.494269734698692	25
-0.052444741157765	0.328637081021451	25
0.050212707285383	0.232088351729414	15
0.08187772988917	0.144535035932294	15
0.019732644235376	0.108208900790558	15
0.061784333643257	0.275340905814914	181
-0.085654150556979	0.241641268721177	19
0.062259255246462	0.29891994634468	62
0.113974970339789	0.18694000554224	62
-0.013475083765756	0.411958810883648	62
-0.015747706948582	0.340067547935723	131
0.08085141302954	0.19613069764966	64
0.017909098027856	0.241205654982332	131
0.054567718874176	0.404865289262977	32
0.000114236549715013	0.259206184257142	32
0.061605080369115	0.0899324065395954	32
0.112423256130673	0.269657234019599	10
0.006793027923089	0.584996956164511	10
-0.017498747495975	0.605189739862213	10
0.109795045736248	0.171890813558665	10
0.013017952793746	0.286537766174216	10
0.095023246648569	0.863868143788741	25
0.029966623361398	1.21439558991815	25
0.034688640717561	0.974728714834168	25
0.057654588430174	0.792571899472561	25
-0.10102476683361	1.86057308361573	25
-0.085350242480297	1.17891221874602	25
-0.035806790246711	0.604852656908883	25
-0.0799816600212	0.376873481060659	25
0.044579749996026	0.204365540943809	15
-0.000984980307370986	0.159938576931973	15
-0.017956604872176	0.431968954372412	19
0.104294248257602	0.161759356557575	19
0.060376184138975	0.169367858390875	62
-0.065665304000587	0.354502715375206	62
0.058305929645622	0.13344952346432	62
0.02505537765645	0.271366502350077	365
-0.060839955368623	0.269539378831777	365
-0.00915772842371998	0.243556393728084	365
-0.082858470261406	0.392800455271101	131
0.015625456130503	0.372060488638938	131
0.119667391346307	0.255412193045757	32
0.022014407202694	0.507658256352765	32
0.108258473454405	0.2514477107139	32
-0.035102806961195	0.44865788112741	323
-0.06362515608722	0.189789204375697	323
0.090257043500653	0.0866641128229327	32
-0.00767678973033598	0.223386014248445	12
-0.108921770549752	0.423988123282056	12
-0.077942022416409	0.278561360148422	12
0.082245970759435	0.249848796644518	10
0.067115929076694	0.372198345906739	10
0.075819069379337	0.357522393480955	10
-0.122742887833717	0.572642457131861	10
0.020882840273297	0.275330009167201	10
-0.063548111781409	1.94345433975289	25
0.070836021957161	0.784126385716798	25
0.099598037815085	0.352845635245862	25
0.017907847509202	0.463665235134174	25
0.082113094574205	0.297997079025387	25
-0.089136212489016	0.446541453681365	230
0.06479913441839	0.163599389406081	230
0.116612521982423	0.0754644304695899	15
-0.028767506890349	0.24641923422071	181
0.071514720940003	0.241703407680744	181
0.04549305283199	0.332521502776077	181
0.098626363877505	0.187161303744298	19
0.055641250350087	0.21626883586286	62
-0.038629715284714	0.326151552706234	62
0.065878974020552	0.151729812162321	62
-0.08221879433187	0.423152920681893	62
0.11260687877157	0.196985045034319	62
0.013772129956543	0.14865750635424	655
0.076758299408129	0.154648737092812	365
0.013318316205994	0.558253397961435	131
0.052120568792701	0.360814364066307	32
0.106563985030689	0.21590277949655	32
0.105206274248783	0.200290393556439	32
0.00284615376816799	0.162843240109516	32
0.048305944192962	0.134917087987877	32
0.013780431657891	0.41749203393564	10
-0.09216473518119	0.681085456930665	10
0.104987617663517	0.170912706270473	10
0.010003152829634	0.261782146772358	10
0.033029769220445	0.329565602462106	10
0.017941983841513	0.222592767202617	10
0.064641031158532	0.120755893955209	10
-0.000131654915390023	1.60625036185224	25
0.016242445331534	1.30347953826448	25
0.055301492951136	0.657038865085666	25
0.073393317295572	0.350290119602359	25
0.116853235433945	0.157947477965836	15
-0.053315607031279	0.333281409029989	230
-0.019622051929959	0.310282283023052	230
0.115381983512969	0.073054961111659	15
-0.020472113861335	0.39753115177329	181
0.12145904408518	0.205872340576745	181
0.113992948294655	0.0718002532496323	19
0.054213605358914	0.215628879430456	19
0.063614975295755	0.198023237712969	62
0.11474480347669	0.0972925038668602	62
0.066846447964961	0.125567858273434	62
0.109666545262515	0.134292344123264	64
-0.034302285250409	0.243999970028529	365
-0.020239831427428	0.169170944658059	205
0.059134780726334	0.0937583011454794	130
-0.042611036999965	0.133579073196857	130
-0.119454240937187	0.617314624020352	32
-0.04752638266792	0.313784298464406	32
0.04769252651714	0.412496789120864	32
-0.075602282125293	0.679497190723011	32
-0.064335664469636	0.419374968131861	32
0.039772951642669	0.31865524586376	32
-0.076076758315099	0.188194685901815	32
0.021472190981909	0.31968207556205	10
0.078205381032894	0.224852140493809	10
0.047776650987769	0.242447528687435	10
-0.00843294531518801	0.278526471248539	10
-0.051779900892483	0.264539682403171	10
0.091176309920603	0.224295576959217	15
0.053149490752479	0.213790501452434	230
-0.0317598858157	0.172915875393673	15
0.116493705076005	0.22763817587692	181
0.038250780782826	0.332628348246859	181
-0.07359874572792	0.26848202151258	181
0.002496908169171	0.152527708445402	181
-0.017302746352091	0.158500007761542	19
0.119695624088324	0.141164090977589	19
0.057768696487101	0.265950747424663	62
0.02843292195583	0.385570272846422	62
0.055446765165646	0.24569793398838	62
-0.017264616917116	0.375180950425716	62
0.069423515512057	0.22860450348584	62
0.093725658715936	0.0850376517309627	130
0.00391010258722799	0.379923123704247	32
0.030127197630504	0.515814966237073	32
0.016441618667202	0.503872312565883	32
0.050021099347448	0.402624814502571	32
0.115234082144094	0.219891370123646	32
0.106187537613629	0.235239362291422	32
-0.07509507827637	0.633897769846684	32
0.100294401350744	0.21935255399509	12
0.118240180041982	0.161943100587447	670
0.008818940678153	0.311983468602269	670
0.074794634158767	0.297657019321672	670
0.032962605515317	1.30640329782476	25
-0.10996043291761	1.67240657741377	25
0.017953356681076	0.744281667170289	25
0.063611169116259	0.524192874162649	15
-0.056240752429971	0.60599853762079	15
0.088771319294198	0.302492138893125	15
-0.09704384870157	0.503450744027052	15
0.000450703840848998	0.384795353086652	15
0.105998823044089	0.21048454637638	181
0.102426062368769	0.214244207375224	181
0.024530190192747	0.254791092536838	19
-0.00284503553349602	0.302550844734848	70
0.015278765665545	0.326216140239792	70
-0.056574968186645	0.513997471253451	19
0.042187061171643	0.318590274421963	62
-0.00601963241036602	0.353396249293684	62
-0.048399996639211	0.468856133790045	62
-0.047769403961737	0.462849711769843	62
-0.086649150632651	0.55369871449813	62
-0.062669884101058	0.45391014152154	62
0.060133721665445	0.220744390872537	62
-0.109903607821101	0.454663661130197	62
-0.109375645597501	0.511783372526381	205
0.033934092110644	0.293198098548931	130
0.10817333139543	0.221665046990277	130
0.013342510198076	0.426262462963224	32
0.066677619061469	0.294080250942874	32
0.041247661041998	0.269009100238441	32
0.00818423321692499	0.364506158402252	349
0.040370508728397	0.298952416828346	349
0.017329911862901	0.339454607606612	349
0.099948891773188	0.1830168109062	12
0.115191052710526	0.159980145379417	157
0.082914504104292	0.23236786062552	670
0.05254091704511	0.259615792398777	670
0.040961730231987	0.346864141857462	670
-0.026695390276594	0.332545411054385	10
0.082932588594863	0.255938265876776	10
0.043623851962419	0.242287621589747	10
0.06590917002893	1.50875692142411	25
-0.00874750972307903	2.03081477410494	25
-0.066711922299278	1.59978710032687	25
-0.049111003325858	1.15445369659765	25
0.079101097689402	0.563477278562953	25
0.066663830537915	0.577926536602739	15
0.091022620058809	0.224704533126519	15
-0.041271462114862	0.367863409971073	15
0.096682148063115	0.244770280484134	181
0.053092822472818	0.212469478297906	70
0.042861150673688	0.287772983903292	70
-0.08413941234326	0.49284428637523	70
0.036486771548999	0.194078136690584	19
0.00383047439592599	0.328665948947221	62
0.027307313930594	0.322692588092979	62
-0.099185674238247	0.519868398432046	64
0.072022040484467	0.200961401641624	62
-0.072283299270001	0.452961537331019	62
-0.117716985812843	0.363093729559439	62
-0.00043925381617399	0.345402961348478	62
-0.091121057678813	0.378101395795893	205
-0.059211154803649	0.253306763560761	130
0.122510704562455	0.0938072559880841	130
0.027486736722919	0.351796708299784	130
-0.031407806548186	0.503892632335496	130
0.021984428485823	0.449435196323412	130
0.104067999525911	0.2859723775029	130
0.069785164725243	0.323274494250764	32
0.108529280584673	0.249817131968486	32
0.00703013513734899	0.441311574391666	32
-0.043491839364733	0.54977041256577	32
0.043811184200855	0.32340966700774	32
0.124018971251559	0.189712438097715	32
0.046338956260473	0.224677228794262	32
-0.096190540111084	0.538329365492204	349
-0.054347759153027	0.385645682373118	12
0.076535141970211	0.257185791176842	157
0.057308656606496	0.263739829470136	157
-0.100137703065311	0.549305702582451	670
-0.089981016333709	0.612995401039891	10
0.072459743740141	0.204546685197611	10
0.080827851566279	0.908583378545918	15
0.076085565980089	0.161805956228537	15
0.112928156797778	0.21683006118661	15
0.043208333436472	0.276605029077639	15
-0.081388928553853	0.2847356062492	15
0.038647200900508	0.352405792663729	15
-0.016651492722796	0.574160140050838	15
0.048017592587314	0.386540458078429	181
0.064558181312245	0.298653560298723	70
0.124569780890274	0.150226151666222	19
0.00757728988020501	0.367664682102788	64
-0.00789507517305299	0.32282209821852	62
-0.057992520376269	0.420251146751031	62
-0.065806560390406	0.222086627286032	205
0.050487678025409	0.303112132647345	130
0.120925228763186	0.23548592485769	130
0.036209569263458	0.445162172432786	130
0.032886042775138	0.145015085673208	32
0.116352390840376	0.0726867749011678	32
0.115230888419039	0.16739949623404	327
0.124851118602698	0.121333660471564	349
0.029264684349258	0.418377639858397	10
0.04128980469145	0.396139369843467	10
-0.00617382852521597	0.448235251565852	10
0.049915914537983	0.306273654900232	10
0.00793615935374101	0.347989309317867	10
-0.102112284910165	0.285961690654804	10
0.00596426085509499	0.341848487328752	15
0.09913310695194	0.240445197510944	15
0.040564407635455	0.16937759520522	15
0.104443114930692	0.106982362026879	15
0.08587663099285	0.180239377425975	15
-0.01890234610027	0.546760886494222	15
0.01807976815224	0.262318051193444	70
-0.063322862790853	0.286264699516353	19
0.115094950150973	0.182243310794869	19
0.014009361158145	0.344466102402235	19
0.074208669124949	0.240921837099353	19
-0.024346364841783	0.33986386192769	62
0.120444450333938	0.199736084928149	62
-0.017027378597149	0.422624633565596	62
0.015064645065415	0.370152460199639	62
-0.044103894845896	0.314878707987945	62
0.053505707338109	0.227702897628205	62
-0.000326952959875004	0.291808353250649	62
0.077106250072527	0.121839577049517	205
-0.053650360190705	0.608114435427498	130
-0.074046946399079	0.848162420298832	130
0.057342128755668	0.417920759720068	130
0.086234899474889	0.28818737492402	32
-0.049425133286188	0.288541360417267	32
-0.014396404849637	0.200804893305187	32
-0.034488001771205	0.393326994514184	12
-0.086653674891073	0.630590877951827	12
0.018307493817359	0.455442062796292	10
-0.087615120118042	0.683649696141519	10
0.069066343868943	0.123970185697817	10
0.054406470759225	1.01782256470529	15
-0.012113801300616	1.15809830623957	15
0.109841776683425	0.321514994945156	15
0.046858004595265	0.531182089539336	15
0.103727680444077	0.360387856132809	15
-0.019548733148819	0.624091949884843	15
-0.029346882864626	0.436212575721055	15
0.018290457978846	0.508707791137339	15
0.081228260770512	0.233932995093373	19
0.050778474219022	0.259682568922109	19
0.076635123963625	0.184501059073896	70
0.04038718121068	0.303236363905038	70
0.062439516556866	0.298739842641114	70
-0.00984453306314698	0.263378330552446	19
0.120026909985451	0.205298984383641	62
-0.00067457370534102	0.418992825872469	62
0.057204708631818	0.24900082072293	62
-0.103546921334153	0.555098510890983	62
0.102346933440696	0.209176165448238	62
-0.06079210739871	0.604400117302261	62
0.007067439300978	0.26344131150268	205
-0.00485520717404198	0.227084917577689	205
-0.080697973732718	0.346134408329219	205
-0.084060890990337	0.694643335248841	130
0.090552278594932	0.24181460248089	130
-0.064378115467247	0.514980180806524	32
0.096607500781151	0.200754847396804	32
0.070736654618832	0.220959002900527	32
0.084981356403314	0.222014450471702	32
0.12199029961461	0.184181124380898	32
-0.084734286355278	0.388056917751873	32
0.006419760625444	0.332935663064804	12
0.043074614563289	0.301779409167355	12
-0.064658934935145	0.572973767025027	12
0.04448495430625	0.364185263407817	12
-0.119521633145076	0.789864801366541	10
0.059909822485243	0.304714287268288	10
-0.117792437363016	0.797663724238799	10
0.02602410269979	0.346664014247102	10
-0.040049379016647	1.92436420954125	15
-0.017337532804173	1.50690278184835	15
-0.088443816498571	1.61766265700449	15
0.043739442931321	0.556234460871084	15
-0.00813783431742798	0.536317217329524	15
0.083884642862287	0.281124891099276	15
-0.124387644086693	0.586190586002917	15
0.079397365110036	0.199100251137847	15
-0.040955859502962	0.534877680643585	15
0.047234777549063	0.398834195262845	15
-0.105675181152329	0.86529864402429	15
0.096790390889553	0.125490629934921	15
0.113663372125235	0.18492614402301	70
-0.068299941671363	0.597587293112022	70
0.067022391812672	0.23886522459168	62
0.099892397819541	0.213103519405789	62
-0.016296420366739	0.461118547321016	62
0.119300977196162	0.191914936712945	62
-0.05406407542108	0.574177116145815	62
0.063611144320989	0.279559038159581	62
-0.087061627539001	0.317198963752793	62
-0.013709755395298	0.260137870136903	205
0.042810168060994	0.171138513403459	205
0.080166729048528	0.159436384001213	130
0.108027314553547	0.218336526013418	130
0.053735096494516	0.339452519707162	130
0.109821631985401	0.202581419436991	130
0.054100036465718	0.282209812842894	32
0.046504182405135	0.322854969869943	32
0.019495125136906	0.235189838666436	12
0.105534389273411	0.14607573557619	12
0.043859281257983	0.326317739783165	12
0.045275861258637	0.328398522472979	12
0.012702632273804	0.40203056322044	10
-0.024830631625174	1.32270221960257	15
0.048309072731545	0.413296566202743	15
0.077929762099354	0.296194973735084	15
0.05872691444067	0.346623532128167	15
0.115509226392604	0.224458019799329	15
-0.060352994537278	0.608915664753373	15
-0.056796207388031	0.490185210387852	70
0.108104459370542	0.166108957952972	62
0.064509620500698	0.201014349180003	62
0.109809025585649	0.153759339358965	62
0.00304224561275099	0.311957978573879	130
-0.095899128542366	0.394860508067358	130
-0.089228463235393	0.471678285647931	32
0.079979640291013	0.188438324896207	32
0.072098367117879	0.238690464330272	12
-0.124381337202035	0.737990982205312	12
0.09457698674253	0.223043483982557	12
-0.063234560717321	0.454248178656679	157
0.10828213363204	0.218259014742075	10
-0.00847965869769002	0.330492734513708	10
-0.028044307415488	1.86748155102073	566
0.069281818495102	0.843949968476861	15
-0.107790109748081	2.08485621128808	15
0.056269317291285	0.689743967236304	15
0.00424932201425701	0.509752754161221	15
0.060007292806303	0.359348386359205	15
0.063471562742345	0.317115360130522	70
-0.017790378822986	0.499958061007999	62
-0.00393291022866399	0.404127018801495	62
-0.00981588836283898	0.471560509820599	62
-0.00528385883583599	0.44232501296566	62
0.080031614016526	0.237451839029389	62
0.113064892257553	0.155780019849622	64
0.055128352859631	0.297496948488605	130
0.116946984001535	0.230222451451473	130
0.019213319552061	0.280718566700771	32
-0.031217210329298	0.293897504703396	89
-0.073769983521087	0.5547272127008	12
-0.092118150756268	0.557832282807942	12
0.085649422684189	0.256995069288178	12
0.064803888605277	0.271653989575921	12
-0.032656396152335	0.439260145866398	12
0.027601963900063	0.387581173583741	12
0.005906235879928	0.297258158849544	157
-0.061421573356929	0.553232371989053	10
-0.083374900183179	0.611970916517199	10
-0.03099822834634	0.472927313134914	10
0.091006759915926	1.1059074137571	15
-0.075523611145197	2.40027029543608	566
0.068818781999667	0.403901127428524	15
-0.043455769949181	0.935316450141986	15
-0.015615152543738	0.627015033485571	15
-0.105420216147451	1.26687223376073	15
0.045791552970484	0.315696048865561	15
0.104674002701265	0.12834496287478	15
-0.008836636944137	0.255869456932041	15
-0.077303146996043	0.743479693276367	287
0.023565999904072	0.555213877702342	15
0.045115878873658	0.23640335252345	15
-0.099335901377343	0.384813318551306	15
-0.013619991540236	0.193676492834932	15
0.037763693540871	0.346902340594661	70
0.069583494532705	0.123971460169714	62
0.01741694890548	0.34659357327232	62
0.086143524892753	0.260692697704744	62
-0.089937372682123	0.386888993958402	62
0.104897559908579	0.132799419209116	62
0.032674874875386	0.352170454799889	62
-0.03885136578693	0.34544801173366	62
0.00678736661755999	0.390917419758999	62
0.086045647356863	0.253750012070368	215
-0.045610812719829	0.245140972007983	62
0.091199148904029	0.131213365656949	62
0.075363657908351	0.124557995560927	130
-0.106703989436795	0.293994966236899	130
0.015682063026752	0.359548654114612	130
0.116344471941766	0.163037459062838	32
0.122266326012967	0.16325992466082	89
0.041996502657494	0.25175966758942	32
0.105655645278896	0.217798183965075	12
0.041102947094612	0.271215286527137	12
-0.123239893332426	0.82248592158891	12
-0.00614205575804899	0.466588454384509	10
0.112265890610444	0.11837692622016	10
0.035559482108104	0.627856321215867	15
0.025548369291911	0.441870415822898	15
0.019650592692697	0.203536517794155	15
0.106439014756753	0.139303334972289	15
0.103879155939694	0.273268163254347	15
0.029668316637257	0.201632977888986	15
0.069415991087515	0.237593981284944	15
0.068766718292823	0.289025027153668	519
-0.042122766025726	0.43296315692485	519
0.10054565069038	0.237521528460945	62
0.108401065252138	0.219923566990593	215
-0.03361198420142	0.563793476796448	215
-0.065339669174915	0.421423982086761	215
0.012978969287639	0.148167006690639	62
0.108105387098454	0.104115466090802	62
0.116723827475866	0.0757425592539694	62
0.092068543658628	0.0845421100636345	130
-0.105284135815064	0.294224608657212	130
0.038028032197098	0.386371202540968	130
0.066918746842232	0.230359207852858	89
-0.084155327923089	0.501572555410525	12
0.016491060134895	0.286025871645239	12
-0.025436225816104	0.360715587449984	12
0.060357502157624	0.279544932183635	12
-0.043883152518451	0.587556534285354	12
0.097960129555823	0.263507517807347	157
-0.027374868885361	0.612085905355413	10
-0.016462464857593	0.479348758856983	10
0.071555604704069	0.326696534487119	10
0.082563762304745	0.605786180187131	15
0.109100021983861	0.309295220485664	15
-0.047071522342981	0.682421349030227	15
0.030786504035123	0.249715972131525	15
0.037594782541679	0.478760674226534	15
0.079353620227931	0.396815153403606	15
0.107126032943863	0.235219161385218	15
-0.085305433980771	0.467109931138644	15
-0.105709994039625	0.341161032607659	15
0.021292665686158	0.454116639177938	62
0.068001788403631	0.308436884878065	519
0.063351700557278	0.317438604106992	62
0.032116727522981	0.353802377187332	62
0.024045345523782	0.409615592824161	62
0.018629165730872	0.181648232523905	62
0.087530575521545	0.135572669075348	62
0.060288207223212	0.128045250041309	62
0.022473688303384	0.203643850172226	62
0.036304929559602	0.435422691885637	130
-0.087087262693201	0.700322995443063	130
0.071926519848753	0.260080356328925	130
0.00894965467172501	0.347024908784828	130
-0.032555863330618	0.447042027706402	32
0.010502523903204	0.346025966911771	32
0.095076263105797	0.189707698502219	32
-0.020339628901748	0.301002367525746	12
0.090901182775236	0.217881352259272	12
0.026396353552281	0.308735107280492	12
0.081382408844454	0.203783248605167	12
0.086170364231562	0.288637084748782	12
-0.079769764262134	0.556989103717306	10
0.015367798160614	0.405568225383658	10
0.024677743157481	0.411030689476793	10
0.10536306622981	0.205569966513899	207
0.031581825244874	0.231828173067655	207
0.052776387372508	1.08873993736532	15
-0.086630910389266	0.967966375026827	15
0.112135765365384	0.211629311203071	15
0.122752120863742	0.157579540522473	15
0.120143750909948	0.225612577687876	15
0.062920475750417	0.21874451702757	15
-0.073176725891036	0.516128054917139	15
0.08053507549042	0.303537656994304	15
-0.041234189106629	0.537718230132366	519
0.089541413536315	0.2027186319816	62
-0.121853731863535	0.630408893193137	62
0.022340703470225	0.26164474410976	62
-0.124892623255038	0.820851638297243	62
-0.090806043786842	0.651355531670303	62
0.099227760719843	0.181748863093539	130
0.061073665654264	0.209595615328521	130
-0.024875626262404	0.407275754406679	12
-0.01092048253946	0.295982134604341	12
0.072651566262791	0.267645751131813	12
0.061510814852668	0.257438290893085	12
0.02584736068638	0.371302122165825	12
-0.021654650788443	0.388878348623632	10
-0.046158847058132	0.457896511951709	10
-0.016383030421865	0.335577637007827	10
-0.086081166688493	0.742623490955781	207
-0.00671861627621301	0.334863490382967	207
-0.020838747603427	0.340211221967063	207
0.067516735477352	1.72421302253359	15
-0.03007298269688	0.78734573589602	15
-0.080378771174877	0.627147577974069	15
-0.104646325672649	0.576849644357312	15
0.100120348111297	0.206881734280782	62
-0.05264109785853	0.568465676177138	62
0.078371314744098	0.293887824735413	150
-0.074003727204701	0.541406934773713	62
-0.01256940565116	0.261177271771338	62
0.088696266113993	0.316780471166264	62
0.099759588639017	0.217896333630976	62
0.047114833569279	0.345188598511049	62
0.114582891604498	0.236576533548686	62
0.057347007224652	0.332523003405114	62
0.068774692475592	0.299545665727946	62
-0.052783534391665	0.408340562448522	62
0.078992824720102	0.271571739196922	130
-0.11987388673115	0.832953885340904	130
-0.030284950093691	0.473017229594409	130
-0.02119921174191	0.262317890929909	130
-0.094436494247319	0.352484890735557	32
-0.085258255094632	0.235390965026993	32
0.095020909152743	0.109082291778339	89
0.11009500315875	0.133773678005639	12
0.096528708297746	0.291675631914357	12
0.094134193452187	0.296965112807094	12
0.101409639926047	0.249621049249262	12
-0.027538471662118	0.33398571378212	1
-0.010827507723269	0.259839395861401	1
0.038720308713301	0.362679199705493	12
-0.02545604003041	0.507586972940764	12
-0.090428490814265	0.416488831348156	10
-0.029960126759819	0.284912454045102	10
-0.054116607970925	0.279737402585489	10
0.056711359750075	0.327209970330332	207
-0.043771264770473	0.319477477295901	207
0.121193074311167	0.19375494745503	207
0.057881093132254	0.526514651456484	283
0.06421795962186	0.41369427289238	283
0.099831258241324	0.10877943229737	15
-0.00588881892930598	0.324918550589135	15
-0.009010107621507	0.339755651883622	15
0.064237428298823	0.173572174559397	15
0.011463475315761	0.455645939613739	62
-0.11517552058787	0.26197215071049	150
0.026259114908106	0.271612105399112	62
-0.069096654955541	0.655242502230946	62
-0.00762865160834803	0.473381322354736	62
-0.040750740953132	0.242816076140392	62
-0.028619784391645	0.393361886338829	62
0.026832880508546	0.210686564728602	62
0.041528210336693	0.37040697443265	62
-0.104445098968044	0.765948700368096	33
0.015414307754121	0.493529520051557	33
0.11924863823856	0.201746068246729	130
0.11729485796108	0.0740445765926409	130
-0.106603623431757	0.300727271296119	12
0.00683463799488401	0.486942329353444	12
0.027406884233001	0.240047214284979	177
0.0221492634464	0.268471907180879	177
0.009458608661256	0.217653088080753	177
-0.073546973231915	0.218036521766485	10
0.00436325909869301	0.326866294570337	10
-0.034230534490176	0.279507726766751	10
-0.049074500009412	0.229026886755005	10
-0.02024183708831	0.30648514831124	207
0.06678185528077	0.260241698731454	207
0.091844048828191	0.163635724311041	575
0.073251918893189	1.10800604414297	15
-0.008345361065633	0.761052632280863	283
0.093516811450199	0.405725960610791	283
0.12249632389749	0.109653153643796	15
-0.04491630671631	0.400922982392504	15
0.120858590225989	0.214041216722228	15
-0.068516901972266	1.01877564975642	62
-0.094483714724854	0.992552165158086	62
-0.087038819763858	0.542793976598224	62
0.047615118217093	0.190201105403245	62
-0.113243790587535	0.375377979949597	62
-0.104800901095963	0.575476964877369	62
0.054497861999163	0.461258206883514	62
0.029293656356525	0.389619961232926	62
0.048801436586188	0.313650013356278	62
0.068233627966769	0.441497334928547	62
-0.105091018210639	0.56103541955786	62
-0.036985861784378	0.557046164081464	33
0.122262624399483	0.242431622251809	33
0.100698846002982	0.287290323555969	33
0.074559713906172	0.220266346349462	33
-0.065730886320549	0.1872617692525	32
-0.046489749716425	0.129984189371986	32
0.00738083148179999	0.535251253784519	12
-0.052982573479987	0.743923291968778	12
0.028608904029763	0.441238909856086	12
0.106940756846655	0.221209050328161	177
-0.017504406689429	0.235926813441303	10
-0.0306084962949	0.27651805865428	10
0.004328190794676	0.329101496552307	207
-0.00475568428116502	0.375230409053223	207
0.117741981539396	0.258443364840208	575
-0.103532347320236	2.26738266453289	15
-0.066426778005861	0.842809084355451	54
-0.018879408773485	0.870454009580489	283
0.047551036100273	0.653550468887833	283
-0.00245745842019102	0.817058467834596	283
0.039840460732143	0.597567832592683	283
0.061784669123605	0.298731594842108	15
-0.010671544728836	0.341953877533402	15
-0.036468546739453	0.752229120264523	15
-0.039770726888681	0.642206354029233	15
-0.014883202224034	0.368920403538115	15
-0.083471039089303	0.573793376368107	62
-0.020153323911924	0.417601907246224	62
0.021849600741058	0.461982573810623	62
-0.005556346021583	0.536788819568215	62
0.122982782412846	0.224259978941791	62
0.106818129476727	0.228360315416619	62
-0.00132073387919901	0.412425530425988	62
-0.098492161467845	0.542659446764084	62
-0.092359952337523	0.654501035532924	62
0.036645393294649	0.359860829599683	62
-0.0318301801399	0.462242333344573	62
0.017486341555187	0.323393140492799	62
0.044069528569959	0.251822466499695	62
-0.046336269672745	0.657562590481883	62
-0.073966901310453	0.860630177143385	33
0.119395596685153	0.160467997613726	33
-0.094923105540075	0.324890960654924	12
0.083586306252186	0.294347001581574	12
0.121520726178657	0.191050087687997	177
0.112804336756733	0.195868304014202	1
0.00446298299512199	0.160750886542871	207
-0.062543139466265	0.298543095316253	207
-0.099248615172363	0.499355973669311	207
0.088428671847987	0.216552650944202	207
-0.112693126530725	0.586522649451177	207
-0.011121737017162	0.528201619372218	207
-0.102882250421499	0.520824392200149	207
-0.015372717906942	0.28246084715102	207
0.092921399111693	1.25747922292984	15
0.095863358924604	0.510835636132819	54
0.058669667883748	0.553628315147666	283
-0.035669972438822	0.812383085261449	283
-0.025077491924581	0.721117484752774	15
0.104121995734721	0.243927404707623	15
0.114951653082304	0.257579508908633	15
-0.082154490004678	0.64798521513108	15
0.06819160196528	0.260337273610416	15
0.024325849380907	0.423861153270524	62
-0.073462339247042	0.620217811328678	62
0.022494551387063	0.455444242727178	62
0.045104469255529	0.311143549531226	62
0.029724073242696	0.389788391698287	62
0.004964628665313	0.478011889936016	62
0.015607678470163	0.432569325422543	62
-0.042485856707099	0.502698906481326	62
0.024710869235431	0.302187050952591	62
0.015777880957018	0.368953287623883	62
0.124430436632706	0.188442707150076	62
-0.055762934977966	0.516222218905125	62
0.043527013866323	0.29816706369601	62
0.030917246799372	0.312621301429324	62
0.106103848739416	0.227563399793429	32
-0.112714091347015	0.399529575744185	130
0.059733938995571	0.208471480253706	130
0.080844719972275	0.169829418932995	32
0.010281124561679	0.249237944102478	32
0.073910561539787	0.284854181195797	12
-0.038246061495484	0.568002004722755	12
0.016122576426587	0.396113003805158	12
0.095459576209718	0.222077628941829	12
-0.014976469662231	0.427601382392766	12
0.023709601648752	0.27619735884483	12
-0.076094329040191	0.510373190051624	10
0.063382662866507	0.282998862771864	10
-0.042008667456629	0.446772781109805	10
-0.072071445301941	0.597655247208509	207
-0.087110959939276	0.572530901696531	207
-0.069828560737151	1.46862876207322	283
-0.095226852252032	0.942065554080501	283
-0.077123812928334	1.07955908388854	15
0.040635339075283	0.506345085193899	15
0.026332781843522	0.442228032170852	15
0.091899258379722	0.247218820291121	15
0.09204107405518	0.279484355524074	15
0.047394871545483	0.365894345730001	15
0.089022270368043	0.291061542291206	62
0.096020475451409	0.27513968244247	62
0.00812460232721199	0.356797043641064	62
-0.117784106461398	0.563877489301511	62
-0.107558681811253	0.666108896685197	62
0.091890226362407	0.263995468610545	62
-0.06653199109944	0.626138840777457	62
-0.070901900451949	0.606601321210435	62
-0.076551245338832	0.463437035165885	33
0.000662627631216994	0.397453786846546	33
-0.064414193457688	0.645433034186458	33
0.072150255037621	0.292146841892976	32
-0.068833887351658	0.379623020081402	130
-0.017912694384409	0.330021163717689	130
0.021208091367599	0.246987011752177	130
0.039745579792735	0.195578259505013	32
0.048611032685756	0.205150621327979	1
0.073231391851489	0.226942470936607	12
-0.067011390586153	0.616535809996176	12
0.00944443159121	0.387252066646422	12
-0.076590738039182	0.517864512864538	12
0.089984690589634	0.253402537334053	177
0.044782287803771	0.310488168839654	177
0.052151558987899	0.209389649398652	10
0.046701844689272	0.333257122149994	10
-0.099263576869519	0.582439694020504	10
0.037831702350269	1.14297671338569	15
0.005830472516348	1.34833870699191	15
0.085333038836854	0.493776624802335	15
0.072049380943144	0.480817018685029	15
0.02863523343302	0.543517489308191	15
0.073605210150665	0.193045820632235	361
-0.070290487257009	0.581831520795774	15
-0.061342251526705	0.397214830810639	62
0.121347674398306	0.156807973533209	62
-0.013473600888229	0.523481512387351	62
0.103259104393331	0.226008617951621	62
-0.102864181642722	0.602719155186767	62
0.116516292440515	0.20657441828336	62
-0.072678333330346	0.667565250257153	62
0.033761476699817	0.23622475464842	62
0.020876213086155	0.26461705528791	362
0.022930803577459	0.209649553839283	33
-0.114799800338496	0.743999012842592	33
0.030110983771843	0.422685575875328	33
-0.051163931203434	0.398301532803941	32
0.117400539663832	0.149317366173785	1
0.093650700097771	0.150524145054162	12
0.121795526919324	0.204872133009091	12
-0.093755760946225	0.648283131631112	10
-0.059579189716673	0.531296753875809	10
0.110732218622968	0.156585999565047	10
0.063859682355564	0.299641796658629	207
-0.030622804300232	1.6938917607036	15
-0.023796833034605	0.560644323822336	283
-0.094163670503318	1.03242219184309	15
0.033401561475654	0.77800289986056	15
-0.076748239080933	1.28221807486431	15
0.112017686189385	0.142313271382869	15
0.007234035061913	0.221559874300055	361
-0.011383325597361	0.547179904434017	15
-0.018390443324603	0.545062665258258	15
0.085066640313302	0.268395308456231	62
0.058597291737664	0.4290963530364	62
0.079615551519336	0.298412579038283	62
0.019999933217763	0.276559109953162	62
0.106353130469371	0.221923955054152	143
-0.10718200876832	0.585612098036553	62
-0.030396411696581	0.167152100329588	33
0.071999597585667	0.296895397518649	33
0.071208449667487	0.296085950566823	33
0.010412173222059	0.288633338924921	33
0.04207789809929	0.305070450389074	33
-0.084011427514194	0.660480197487392	32
-0.00142025408457502	0.402664422303724	32
0.074348848506597	0.22950140988176	32
0.048252626177426	0.261877592354283	32
0.118002235553023	0.164089481473751	12
0.065676872617429	0.175483960990195	12
0.07195069270222	0.119613072745977	12
-0.094075136995946	0.352477862679436	12
-0.038709907852099	0.423609711493637	177
0.00377616800384101	0.356747885681114	177
-0.035366452914436	0.560064959314437	10
0.018576312458974	0.378472596644962	10
0.103741356240175	0.220022010117121	10
0.101618505936349	0.127504317540881	10
0.028177697981017	0.204880022026545	10
0.078906088709695	0.371325425637843	283
-0.017433828184619	0.714305680459342	15
-0.069878232339691	1.37195777726072	15
0.074812396101349	0.395827446576353	15
-0.074150045349471	0.57969759410771	15
-0.00986974207747399	0.461901935803202	62
0.110767593219692	0.220015530102778	62
-0.082878138328863	0.868834005674155	62
0.020522839897832	0.447685379942143	62
-0.057198525035467	0.362677355618613	62
0.024339452623781	0.388805227182829	62
0.110387787690553	0.142521536659484	62
0.06358884604725	0.27771620597573	62
-0.026100554946765	0.411121865709241	62
0.069134225639018	0.278131846228378	62
-0.106943418559159	0.300381934531125	33
0.04915860731486	0.165866957906784	33
-0.043353625061047	0.422697712355547	32
0.00879131582901399	0.340256136378929	32
0.016679657893576	0.324496045345583	12
-0.041294808143782	0.312240186069471	10
0.106134749455472	0.138439814207705	10
0.047901714499745	0.258494349708907	10
0.06751081931785	0.248351245953111	10
0.048242784816378	0.334189076787118	10
0.066009904232631	0.285680917225048	10
0.085978059693388	1.12825223091159	15
0.044597239867202	0.718227410964293	283
0.03521422666819	0.659882148046136	15
-0.104432959279039	1.23279860921234	15
0.110056685048776	0.292157395517128	15
0.10298980968963	0.232691674372341	15
0.018192766733672	0.336750633432155	15
0.078945934977848	0.200691615633948	62
0.069764176079912	0.265715349448714	62
0.06579119520924	0.246991641305548	62
-0.122853277668977	0.550483478950984	62
-0.020214557370952	0.363432790487525	62
0.045514037391566	0.24803056191374	62
0.115602377602889	0.202524824516138	62
-0.089992387806239	0.522687578446616	62
0.018194907881424	0.375170303301327	62
0.026493700619763	0.304334932287748	62
0.096296496068704	0.223651588961568	62
-0.024796461435618	0.296304621344839	362
-0.034302285250409	0.243999970028529	33
-0.080407953078439	0.312343854664904	33
0.088177435305046	0.16289372110285	33
-0.116752878005963	0.486685656851419	33
0.081522050608983	0.240205433718797	33
0.004461251392407	0.275467117846888	32
-0.049206386744725	0.336214558536928	32
0.068794004927192	0.181640442109366	1
0.070059552839019	0.197462362781319	1
-0.017724681193541	0.391812011486447	1
-0.013256289778285	0.38641926350915	10
0.100632134770469	0.18535002483953	10
0.095762912797972	0.165572179033422	10
0.081424784796412	0.256058815279668	10
-0.017031038941794	0.373063800472774	10
-0.038415653086291	0.340690640103069	10
0.09213728887648	0.561132076244963	15
0.104899815908199	0.399819782710142	15
0.115603565143676	0.381425947009877	15
-0.107584615319971	0.797715176152626	15
-0.020995242808008	0.441542788743822	15
0.075246111737849	0.299010599794919	15
0.079387681676188	0.242319856923334	62
0.030645036213012	0.349792804164067	62
0.106401084120658	0.236131231390174	62
-0.081825215660745	0.477628796474109	62
0.060888483489335	0.290109998568171	62
0.097019762409921	0.212145703222139	33
0.0313579000763	0.348893546418111	33
0.031948628837727	0.291708484541652	32
0.036427237960724	0.229732092815343	32
0.07168765235741	0.184158397569255	32
0.00306307814409701	0.279483653104573	32
0.073123950747315	0.155481178471509	1
0.073816071201159	0.243676867753864	1
0.003859691478034	0.37541907606749	1
-0.081158317710924	0.396232024478316	10
-0.00541862022348899	0.372953705913839	10
0.020055753592896	1.78766357669442	15
0.050205730128669	1.10169255654079	15
0.019523950425563	0.763033059199599	15
-0.00585471856328701	0.506334660915951	62
0.022954206452108	0.336579737888738	62
-0.034815140848335	0.354062709436147	62
0.046637805344275	0.191815019310711	62
-0.029754831093999	0.457615492138298	62
0.075162496966748	0.257760238174895	62
-0.027036998912662	0.5094582545757	62
0.110771250032236	0.168652664503237	62
0.074121599965954	0.125217037891619	62
0.069967961300485	0.263152981264107	62
-0.025606678334892	0.239263984312949	33
0.039117212994643	0.211304296196073	33
0.093690184234564	0.195727420234866	32
0.11125310393894	0.152498865246813	32
0.094786972133204	0.202335266424269	10
-0.109578367135657	0.437560142649846	10
0.068704778155805	0.249171899636129	10
0.110259300921211	0.15652187894199	10
-0.00059455295393801	2.32397992487805	15
-0.020246649176293	0.531407136422256	361
0.052382890402059	0.260908156326892	361
0.063468774227953	0.203203128916219	15
-0.00760300725623397	0.559176703979892	62
0.07883926783644	0.267330395174298	62
0.081796263303754	0.267558718818917	316
0.022483868033006	0.39231460192183	62
-0.036557219088062	0.368318845677466	62
0.039373926212576	0.255621517432796	62
0.090294031835523	0.217330462173485	62
0.091342829364307	0.207860330119701	62
-0.11033479902361	0.57508762089576	62
0.066812170704643	0.203944946136981	62
-0.079369957385199	0.61393828765182	33
0.115077363371476	0.139120117508041	32
0.012391611910737	0.233809083316852	1
-0.103549051959717	0.392681435992068	1
-0.061677947266725	0.373200003761183	1
0.124366351731324	0.192350487864687	165
0.079573748882631	0.212457420115228	165
-0.051904147228618	0.485290070736766	10
0.095809519982429	0.246670001810266	10
0.084699731608817	0.134634205026155	361
0.031545555608722	0.418509205716724	62
-0.03722152009428	0.485329136626567	62
-0.012583998008715	0.236921535858597	62
0.110085181438994	0.208348487331083	62
0.069245884108253	0.213572852946848	32
0.058845102641126	0.170395375856895	32
-0.070746270159949	0.406339038054428	32
-0.105100734833634	0.285995025151125	1
-0.123132141533751	0.626399792269107	165
0.11411773516949	0.193084768499459	165
0.037832614227785	0.339819160433858	165
0.051840868837334	0.26068283796532	165
0.075083601033999	0.219262174564121	10
0.049081202635254	0.29506761057366	37
0.106010034721804	0.105392576400587	37
0.068503435659049	0.318159942861899	15
0.025989200861792	0.416870927433192	15
0.101797371972972	0.237202862744716	15
0.076847070779326	0.297737416314347	62
-0.048986547514443	0.561045804431856	62
0.050316562972259	0.326036074106562	62
-0.107521162790388	0.370231176307421	62
0.078126829095403	0.163160935814455	62
-0.082696667297266	0.506104108472169	62
0.080998260547152	0.269200805547864	62
0.10486136469111	0.201830520506589	102
-0.103032483078412	0.646707335424132	62
0.041419353268766	0.265073954580037	62
0.041073352302571	0.294951673063765	62
-0.117120129787885	0.522802996223817	62
0.114099250712174	0.165471914760832	62
-0.063954832534309	0.392274370700906	362
-0.054647410933705	0.431838026797364	362
0.049201312224205	0.30263123882958	33
-0.041904147813731	0.276682434081068	32
-0.096428752458396	0.316561903815419	32
0.034915284515892	0.193719442158146	32
0.076552046726818	0.125348407013224	552
0.047941609045527	0.200646656294909	32
0.036430171800105	0.326136578025548	1
0.009079447765031	0.320089431423201	1
0.066852245124686	0.22264658271342	165
0.055493436480654	0.266778754320293	165
0.100810758197605	0.18138208166381	165
0.016227146005466	0.268282009574908	165
-0.040105899026776	0.469180417252521	165
0.070432567086594	0.224069069991905	165
0.027195279698274	0.310399637957358	165
-0.023228427890228	0.419749805013388	165
-0.00529387746708698	0.389623806855942	165
-0.051446213968654	0.300980295079348	37
0.089899974058964	0.164586012300255	37
0.048458027484917	0.237077656867373	37
0.081980368437708	0.21809196664949	37
-0.071794942368766	0.464414311603413	37
-0.037002505218234	0.370801145959914	37
0.076518903666063	0.165112064969807	37
0.014447094356057	0.690432206066691	361
0.123728464619137	0.221738290059438	15
0.094156142078159	0.209332336970121	62
-0.028336962717839	0.497021592276394	62
-0.094147510658256	0.672585190434222	62
-0.013231350773076	0.300140350555728	62
-0.066861730585971	0.564975199861748	62
0.001247136255383	0.366147963648826	102
-0.107355774284607	0.604205538533896	62
-0.077426073513744	0.459633231451654	62
-0.033198325132986	0.439873875024457	62
0.052739375930095	0.295874865890416	62
0.018476810550535	0.293700646687632	33
0.086022123185613	0.146987265130967	32
-0.009281251669636	0.277434733464606	32
-0.06979832278893	0.257388845847032	32
0.078276088942016	0.136419020184297	32
0.064854077875243	0.242094961552169	165
0.073208105380349	0.251861057662945	165
0.075178771339451	0.228321629166967	165
0.11309726884017	0.17426745032256	165
0.095298042210628	0.20022341951736	165
0.017086985691888	0.316517209351168	165
-0.098731282501946	0.433517458948413	350
-0.005655823781817	0.244467098039753	10
0.051145242793351	0.296572962038834	37
0.09148898882832	0.404094003100829	361
0.112377961164195	0.278611342637522	62
0.014043891323634	0.580585827707524	62
-0.060186594717123	0.460565837566788	62
0.119145440526867	0.237165540337987	62
-0.066851951229542	0.184267667714493	62
-0.068993272762439	0.738278337351956	62
0.021308851445833	0.228052086446293	62
-0.036669011331025	0.451688786891909	62
-0.122342214951276	0.441560281862457	32
-0.077820852736336	0.546856079393336	33
0.095074659058754	0.248206317063408	33
0.023945123828788	0.432273924612723	33
-0.027949767330575	0.6073167372276	33
-0.095841593369191	0.536991224460607	33
-0.114849987240453	0.204130881301604	32
-0.031544223272167	0.159380844135512	32
-0.121785955656765	0.202600633982686	32
-0.108335375562477	0.639399137432893	165
-0.079623379362279	0.638392675631387	165
0.020996984690678	0.187363106365446	165
-0.099954933091269	0.447224252823375	165
-0.074825037684556	0.454488404579582	165
0.108659227595477	0.211141567679527	165
-0.00489510198929799	0.211714944665564	37
0.000395818516910007	0.192536530305007	37
0.017614173201761	0.763139491355198	15
-0.004066400672258	0.709025927974184	62
-0.061778953706852	0.793387667688114	62
-0.082646143478175	0.265880458203254	62
-0.104532806314519	0.612036316446583	62
0.010581491355297	0.390641502819436	62
0.099756297173683	0.127563789146233	62
-0.091813496184908	0.595729692013673	62
0.097688636044682	0.235344224465275	62
0.050307891866119	0.308272112773383	33
0.017498890618663	0.43747687865064	33
0.066029808341904	0.266673087234265	33
-0.025171004022382	0.492984034675632	33
0.022778908947262	0.462404866674274	33
0.084469162134236	0.315615059181271	33
0.011070076598157	0.401341801899632	32
-0.04746040943471	0.127951977644872	463
0.094937009083189	0.083579768007836	32
-0.064821268317895	0.191430122815823	1
-0.020660382512042	0.195343760430041	165
0.077487976336186	0.301914975449364	165
0.0471953074918	0.389176661870964	165
0.089507426127758	0.285844265284266	165
-0.014574834313242	0.259504177682197	165
0.088907550193691	0.226473746936479	165
0.017095397984442	0.225934094096513	165
-0.120928727248688	0.462709372905198	350
-0.069498411929967	0.291911384898484	350
-0.068146007575278	0.194701133405566	10
-0.066635108514639	0.368466116527777	37
0.032042557188129	0.317990317808486	37
0.071342008197011	0.215605726731627	37
0.105731426008425	0.157624662716871	37
0.088047193828845	0.999721695096249	15
0.051979962749364	0.981903572878992	15
0.072415923940553	0.562455188248143	15
0.098998061599705	0.277284821879896	738
0.017816412584334	0.420111819936061	738
0.041501010838463	0.323787962879026	62
-0.043842898141217	0.553645682261302	102
-0.067081502185015	0.338498868567301	62
-0.062325547266734	0.562685532126719	62
-0.075276315131358	0.419454046218139	33
0.087658651454259	0.236670942221561	33
-0.10046439627821	0.726957019696609	33
0.090100722398856	0.291246708783063	33
0.035440325066163	0.144987026759837	32
0.061461632372854	0.091896861380928	32
-0.097610958205618	0.428251955323007	165
0.115370776621726	0.164955336509622	165
-0.031096279348921	0.568287098055674	165
-0.07716457347527	0.621196655748476	165
-0.04200549720556	0.327852836109102	165
-0.056960889111256	0.429390191797835	350
0.113245426997246	0.10990816145895	350
0.038242136704308	0.267065042041454	350
0.091345935110126	0.145865842092584	350
0.008310254970154	0.156069782975531	350
0.01031667523831	0.287554806958197	37
-0.031337428129404	0.25047826922251	37
-0.124793386056134	0.428039823825674	37
0.02906413355364	0.342197811604896	37
0.068222247682222	0.3114367639008	37
0.055934482405824	0.495727434318764	15
-0.122847913098526	1.62128646299101	15
0.02796011291411	0.443387832479828	738
-0.02104140257356	0.61079532676556	738
0.012431698827762	0.563394393656796	62
-0.064933580334191	0.186178595524036	102
-0.043512148974244	0.214000900434243	62
0.124293321086494	0.119599363109912	102
-0.100618280326134	0.501292194175063	62
0.031586287331436	0.385859296960704	62
0.00316370323631099	0.403944216236129	62
0.010229453086094	0.265702985046572	62
-0.051016478469398	0.290442372281024	62
0.023925952046211	0.360791036638809	62
0.014193842468411	0.220017963924426	32
-0.032025225342109	0.490205536032295	33
0.065717312645612	0.321952953133529	33
-0.057908811784057	0.657025807325768	33
0.036877436986289	0.136337395022464	32
0.094247260088273	0.083576018398582	32
0.054231204822378	0.25216434767062	165
-0.095901640115501	0.774490533441763	165
0.006498811077772	0.375025288057442	165
0.027320415304922	0.408679942010768	165
-0.066523192940025	0.397621360237267	350
-0.024263305506479	0.33666103628705	350
-0.023073169601133	0.34321925778462	37
0.117067058471649	0.166648496905885	37
0.022413151045581	0.387983233634369	37
0.046873006463057	0.256864028160356	37
0.032008388664201	0.786605941224865	15
0.104139008729556	0.27124068997113	738
0.122520581822912	0.220149395538759	738
-0.034920518388906	0.796999185431114	62
-0.079809149743376	0.963127350616993	62
0.080602641437857	0.266746231231651	62
0.040663616601165	0.415489052191144	62
-0.106457600978337	0.419291872786353	62
0.035494851206564	0.423698577812573	62
0.056396842557486	0.224169922225945	102
0.06987272662935	0.34002990969477	62
-0.109802015494522	0.730896097430888	62
-0.05026471550587	0.440677087921192	62
-0.084221531345373	0.591677883074332	62
0.01584067318925	0.369528004926756	32
-0.051806116967662	0.356475494381759	32
0.068939957909144	0.289281604485483	33
-0.06951977608328	0.572380635031925	33
0.077145192711015	0.272848293804973	32
0.104476960432034	0.261011380946257	33
0.080750511922235	0.340747409655772	33
0.02037314767745	0.493214073003873	33
0.023716261500235	0.184669044201874	555
0.059136926860226	0.128865445268163	176
-0.046975331237801	0.219491099344312	32
0.00577001800825999	0.198735688278756	165
0.015548184176871	0.408373026497453	165
-0.021992349394969	0.560320107359411	165
0.062134059887709	0.286669232324601	165
0.081482770627409	0.199569911639898	165
0.110822736270369	0.208445816427328	364
0.077055074990534	0.182978631291757	350
0.019481426165006	0.18718076353482	10
0.100710749920532	0.164074970085568	10
-0.089031892873405	0.508084950204724	37
0.112571136684464	0.174572162288864	37
-0.00538913464413598	1.00530695081788	15
-0.110674319278032	1.42200107386363	15
0.077384329368458	0.31411417927012	62
0.060986332462982	0.368186227120233	62
0.123945785745178	0.177480868797261	62
-0.037877017424062	0.467981319063689	62
-0.101477972116316	0.53503312204021	62
0.086258298046954	0.265321072144867	102
-0.026771301455119	0.443041503939465	62
0.070979180894087	0.292964851299942	62
0.052297601106611	0.266243204984911	62
0.059618061533417	0.307418908813417	62
-0.00086156656478098	0.351926790504813	62
-0.043915920219592	0.44897143457165	62
0.086893709014203	0.225839269926704	62
-0.093461368635459	0.504842541037958	32
-0.053674460433152	0.517035753986898	32
-0.00290456783534399	0.250054444351496	555
0.067834325329319	0.162271475313158	555
0.038096343296913	0.175720682322416	32
0.074449721059424	0.123471566652381	165
0.124051786899455	0.0963494142919964	165
0.123804206231281	0.160625160416641	165
-0.016158833172762	0.331820637743789	165
-0.121924546983954	0.415982838033548	165
-0.075326127635946	0.449885611767401	165
-0.066519836499825	0.489418794758229	165
0.053905545549435	0.278491911323435	165
0.095184331602059	0.19699127550091	165
-0.101153808987063	0.521146122219035	165
0.026673801551139	0.337383151088634	165
0.01581411540046	0.244193949033055	37
0.031809136945309	0.322816443352058	37
-0.065106152346011	2.1624444544664	15
-0.068929749669443	1.08554550613731	15
-0.08102827410289	0.767559577438328	15
-0.015650261655386	0.760862353395861	738
0.101208398044474	0.289357608980431	738
0.11337509462213	0.309088832401715	738
0.058156239771834	0.370801100799922	62
0.00535096657115899	0.499873151783744	62
0.063476008170267	0.431952320815844	62
0.016595698759211	0.417302858057422	62
0.119359417070827	0.162666175448257	62
0.071260393662185	0.298806686851775	62
-0.039951236460488	0.426443822585744	62
0.023777733256964	0.297178935965137	62
0.036880272101322	0.353502889044961	62
0.079696464216902	0.258797904862538	102
0.093080218976466	0.238994740468062	62
-0.052692822660871	0.508534996207161	62
0.032791770269051	0.355602684387059	32
-0.072499244173953	0.443404254916545	179
0.037340935677394	0.17045891977722	32
0.007667712258005	0.154907173027215	32
-0.040717924280922	0.563060342220459	33
-0.033099115833919	0.531596617592373	33
-0.00786059148189	0.361905825029067	555
0.094197575162218	0.17371650405856	165
-0.124893721767802	0.618624450981047	165
-0.092866815396257	0.49730612798451	165
-0.031754707594991	0.342130283537177	165
-0.088226128959547	0.393903909766356	165
0.085061075579678	0.249502966071159	165
0.062039601821609	0.311958214548476	165
0.094234234983012	0.206806259210728	165
-0.014414705064136	0.39197593309315	165
0.07775383368008	0.216977817167324	165
0.04807775510925	0.282964954107939	165
-0.034356075779066	0.534432313638999	350
0.06262684957834	0.267155622391026	350
-0.047423163502361	0.520237988632509	350
-0.014049784671109	0.471509684718377	37
0.045008191723266	0.300344667733201	37
0.039403795844554	0.30640723303426	37
-0.086065684239131	0.347509573940892	361
0.00437801811364799	0.422642537371353	62
-0.117216622070502	0.839644348061626	62
0.053580705688724	0.380585597587049	62
-0.05402685414458	0.455939499749853	102
0.12369930560672	0.130605242729398	102
0.119153811790221	0.112954076972274	62
0.089235290277489	0.231164715667938	62
0.122631903686718	0.159551933015647	62
-0.017720045795117	0.415895919954751	62
-0.055603397080575	0.599341810990416	32
0.115472010464504	0.0746923041081305	32
-0.053031581009858	0.415992940712059	32
-0.033905690868337	0.431235733495689	32
0.04829085440184	0.138626970018641	32
0.115953081791227	0.172642695793156	33
0.069605632094237	0.221620521048783	555
-0.117169777939311	0.697469419343919	555
-0.034359888726467	0.480856791145726	555
0.071319920870467	0.271472878245321	555
0.096455706084501	0.218605038824232	555
-0.069983239098775	0.439355125146615	165
0.042300695467019	0.383631320085806	165
0.109828303728442	0.216384380468703	165
-0.025369651112731	0.495014619343696	350
-0.074986910453905	0.514803924207353	350
-0.055632440835077	0.451904108069337	37
0.101110864821603	0.214001928122096	37
-0.075390869105856	0.681440180329951	37
0.077672356218218	0.250721337928411	37
0.037228195812866	0.283324352538379	37
0.091844948174024	0.176779493547344	62
-0.047131341683519	0.714912730910023	62
0.118242447361581	0.220656559335396	62
0.011233544257903	0.458476565437632	62
0.087202222992737	0.231965628877522	62
0.086067551532125	0.295666298230459	62
0.09694940115996	0.281769508668933	62
0.123158520948903	0.184404691410124	62
-0.059362355447866	0.370120662829414	32
0.122269504700915	0.140479329934793	32
0.005629145151826	0.190168954134481	179
-0.055343232526659	0.242654985178232	32
0.028842950945327	0.245262216628123	555
-0.033662402500918	0.482221967730211	555
-0.00214958142719002	0.404005546408622	555
-0.01817345864484	0.528494736481905	555
-0.104966236327253	0.68343719990387	32
-0.025993533301095	0.429008756729619	165
0.021286016217935	0.327593473127059	165
0.114119771920157	0.179383134502115	165
-0.004653491156763	0.346091884531847	165
0.119089812706759	0.184452765030445	165
-0.085369600301825	0.279069543821421	165
0.090267453488706	0.11370605489148	165
-0.080423991331418	0.63954739242103	165
0.122632987216	0.208308443774302	350
0.038784320362294	0.359424654648534	37
-0.020084376336884	0.428675209690132	37
0.074236949199136	0.315791692089358	37
-0.113204316528508	0.562503533785205	37
0.000962790516953999	0.344386876913016	62
0.12024814345672	0.246953353807166	62
-0.026153456151194	0.839147328117378	62
0.000256371911919989	0.514225510092499	62
0.050693101048014	0.407350136437093	62
0.037972562208892	0.430043973876723	102
0.036322907087616	0.426440411404119	62
-0.001821425510662	0.453933358052154	62
0.070062351350919	0.334445642699685	32
0.118461411864672	0.201115879454303	32
-0.064488249274464	0.17812898116804	32
-0.098366351002068	0.634213301454138	555
-0.004542740170913	0.476681630867474	555
-0.057905391093192	0.607803343319994	555
0.121650832901966	0.175647733095839	165
-0.04391837457178	0.521515400486715	165
-0.077647041052356	0.522948770012002	165
0.07015341917746	0.274187203343059	165
0.107056844476532	0.149298976417815	165
0.056206443504771	0.170749894786281	165
-0.05979881296848	0.485426325483296	165
0.019465009206342	0.427336764484885	165
0.053794627040449	0.323406734835064	165
0.112767710875336	0.206962286423181	37
-0.08038508796813	0.700496180047008	37
-0.012118248464282	0.393954307031214	37
0.065360635361383	1.44240372255997	15
0.105649198279246	0.506740575632393	260
0.072543080501831	0.412730320776337	62
0.115917610580633	0.27419862391173	62
0.118132616674724	0.316968031097007	62
0.00644652103505799	0.486641806638562	62
0.114744070991788	0.245975990376064	32
0.03702607363888	0.327098751344428	62
0.115132220231197	0.0990827005533103	32
0.108082937614014	0.152264059915863	32
-0.03647708749607	0.539960952463901	589
0.103264679290564	0.105189842612477	32
-0.0745934804215	0.265555162100689	32
0.108676778397084	0.195617115407651	32
-0.080954064619818	0.589591601090965	165
0.050052753786165	0.278630227038356	165
0.007422368953963	0.341065887936362	165
0.077560966736255	0.2170847751902	165
0.058327658773125	0.296357859081362	165
-0.094467444457539	0.822340592666674	37
0.010414178038237	2.22048829363511	15
0.00391980252863799	0.262873488877095	260
0.03645087624942	0.546971960482186	62
0.057234306392128	0.460007864724878	62
-0.09138106254722	1.00258046380464	62
0.073130451475314	0.246272103100571	62
-0.018982085939745	0.403171933257576	62
-0.074279993325181	0.659131750143581	62
0.120830760373851	0.160329077428747	62
-0.05832444391863	0.668579769019392	62
0.074394442425808	0.327810551403712	32
-0.063325229727317	0.506892970166349	62
0.091921358558241	0.217133656258993	62
-0.099312694221582	0.743501261795653	589
-0.000773996286612011	0.487280376158568	32
0.113387515417739	0.226713563312473	32
0.056086918137184	0.285936644750386	32
0.09788197277504	0.202159423900378	165
-0.094889689006618	0.582714063977739	165
-0.053173452041825	0.480741097651888	165
-0.024854748761444	0.35714721973867	165
-0.028375295808463	0.377211939058478	165
-0.004708712984627	0.263368130240471	165
-0.087089874292301	0.382940602566005	165
-0.079912553323968	0.28105740985531	165
0.103114213598167	0.228291511490738	165
0.073204891252576	0.321377944266335	165
-0.04634566461766	0.609361307626405	37
0.07905803083219	0.249243528003736	37
0.036213063816383	0.481567599381564	62
0.065281054877123	0.338991948913035	62
0.033041142789946	0.309224267580624	62
0.09479706532138	0.268992826737087	62
-0.066509331774547	0.660056290223734	62
-0.112604259435345	0.782630806847935	62
-0.07719560982028	0.696485806957827	62
0.068387709294544	0.301719265676915	62
-0.053730932153669	0.426386173304468	32
0.042618564997067	0.279763645519825	32
0.090017152103837	0.268374532337839	32
-0.034855311634307	0.519866155106678	32
0.071259478832008	0.214169418984244	32
0.063123238103835	0.190058336040928	165
0.112510421839257	0.132917562705732	165
-0.074619098948217	0.372852108875387	165
0.066490844621059	0.269019547531529	165
0.088271250027363	0.214643046394088	165
0.070838890492694	0.222376538012982	165
0.086025643033914	0.185501468226693	165
0.041261877036995	0.265291808824498	165
0.121846298350022	0.195316927957691	165
0.016127310882543	0.394915045107676	165
0.100800138968901	0.226191455035424	165
-0.020507402879268	0.532142007625002	165
0.124006508750266	0.189976144046443	165
0.10323482893003	0.182123209900033	10
0.016250939531931	0.363435964020046	37
0.090683736528622	0.243751899491753	37
-0.050456136013865	0.566502911902481	37
0.03864564840927	0.243261925309396	18
0.068894692478594	0.955523410639763	260
0.04467200777458	0.752481104412459	260
-0.087947539882924	1.3802211544615	260
-0.037357372936238	0.728847902327184	260
-0.08742148958899	1.00974595028584	62
-0.027884952293035	0.745158599278002	62
0.096402052648411	0.223611241117209	62
0.00246127590703299	0.479240844634528	62
0.06358922664718	0.361732302981286	62
0.104686529336773	0.230498055511777	62
0.04893083878977	0.253509485002015	62
0.109847450616989	0.229670884778646	62
-0.023277774692883	0.510427369494258	62
0.086571514741886	0.234846385401469	62
-0.034383728638371	0.539915798338926	62
0.109987886532434	0.194282681848311	32
-0.00106041877040902	0.361370399779073	32
0.019889354232758	0.210278204333138	165
-0.1004003338248	0.349683793473997	165
0.114187349892514	0.118412596878251	165
-0.077237553833868	0.78285430254596	165
0.078765723797555	0.298564867349457	165
0.089566769678532	0.151053907407094	165
-0.010249944314846	0.469003271489838	165
0.11086854100121	0.18923805598641	165
0.113083472603188	0.204431559716865	165
-0.017461362309193	0.504598869888299	165
-0.00217139488290402	0.402642211941319	165
0.061461103141445	1.41160772977587	260
0.000211946307342004	2.03488789648339	260
-0.07459872539858	2.1954056229358	260
-0.079899850469029	1.83080046372208	260
0.110964556060644	0.63316840248317	260
-0.00748985204435998	1.00242071076931	260
0.107709734014835	0.400667711876528	260
-0.00675360105066403	0.490100718860561	62
0.044766588295267	0.16186360135019	62
-0.076520448692837	0.241336543276043	62
0.00927044324795401	0.411126487722932	62
0.064991659537466	0.174169379506231	62
-0.014805930185648	0.429918548314344	62
-0.113202581918599	0.605966694054698	62
-0.066178116245773	0.458593494592862	411
-0.04777214248914	0.448042514616519	32
-0.013592961649162	0.19817007061872	32
0.03115631385343	0.168588370341533	165
-0.118323128351493	0.461521042090439	165
0.082385875515505	0.159933972254294	165
-0.025080819326153	0.24244650202298	165
0.038077626426522	0.270984355068515	165
0.094785191605799	0.142638062124031	165
0.010891466048309	0.152703314392344	37
-0.056950493277551	0.265432653848359	37
-0.073159112356554	0.363166412590671	37
0.075819914391318	1.13507046198836	260
0.048385876348528	0.336393054823478	62
0.096355512555806	0.258493739151265	62
-0.023544483851518	0.173068124756683	32
0.081105261631386	0.194456618546773	62
0.027452488909011	0.31590228041485	32
-0.086435950842123	0.572304211390937	411
-0.024555229045832	0.44493469166801	411
-0.068836436973866	0.574634127997414	411
0.070545889590291	0.285881247543324	32
0.095605660224164	0.202889432814034	32
0.06185491544359	0.157584994507676	32
0.036721803795112	0.143441450739543	165
0.049017883733557	0.137935145783448	165
-0.123348135587475	0.413480483483599	88
-0.026954184354493	0.435897453281204	165
0.034676657473845	0.363093702730196	165
0.023365306298529	0.147868528621267	165
-0.124769545138797	0.607068501850427	165
-0.085369594684944	0.387001859970901	134
-0.028197093019379	0.2693512434139	165
-0.085040080063132	0.245332871275677	37
-0.080378745650584	0.406066988725659	18
-0.102043990238423	0.312414501644162	18
-0.017951059874091	2.34842064361876	260
0.104239510090081	0.35689158241813	260
0.111255010364486	0.173559600812719	260
0.117702462384269	0.0720965805611261	62
0.086852676905773	0.137999382581825	62
0.115143645113497	0.170755915165476	62
0.020258595478724	0.323032652535079	62
0.029083324472142	0.265727686947924	32
0.078708851378807	0.199060457495914	32
0.100299132489823	0.137028048763224	32
-0.015873831713725	0.436918499403456	411
0.069109467272457	0.241400263936888	411
-0.120088384120015	0.779640157802082	411
0.117635956770313	0.201185996141714	32
0.088923506620127	0.19584395797724	32
-0.019679268461349	0.259184437994918	32
0.053224965936691	0.137689301251613	88
0.088237832739081	0.0848244970652808	88
-0.036613087883745	0.377653462273932	165
-0.067794308235909	0.267287606431703	165
-0.012017645759529	0.196705844978747	165
0.074991040943665	0.172026554156019	18
0.072515010406357	0.162876366314862	62
-0.010999320112892	0.446328183850794	62
0.058169277284466	0.224505293173949	32
-0.120382447997116	0.38189921770013	32
-0.062850770979783	0.520462154870855	32
-0.046051481832684	0.390082838432245	411
0.123758892400745	0.169710017638167	411
0.118227029455506	0.151909130731523	411
0.051019664158492	0.303107086669357	411
0.044491900915184	0.315555480598737	32
-0.09742976865594	0.26942084746324	32
0.027338345704002	0.181389857916999	165
-0.049134213268961	0.430749346099235	165
-0.103063086771496	0.427014799593258	165
0.112571943166279	0.174841293377234	165
0.043490941889626	0.158291140794258	165
-0.106770078824568	0.526534887468787	165
-0.078396199818477	0.232362731844011	16
-0.029004938694232	0.296656876396119	18
0.078131825709424	0.123605142904491	18
0.088638726425531	0.39181125106887	62
-0.105565424933517	0.477861494037486	32
-0.07312831533339	0.432884519428068	32
-0.027555819256207	0.3462912845632	411
-0.083474573442018	0.463466539883394	411
-0.080827405943109	0.558425141279071	411
0.12451080888034	0.0955019408804473	88
0.040800752310399	0.234378894591298	165
0.108201458044395	0.107515126270403	165
0.117998787787323	0.176382735355826	165
-0.045486778559081	0.328020651421718	165
-0.029484672222539	0.259566871853211	165
0.105293490175219	0.121768300625967	16
0.111764779761485	0.11548229504321	18
0.017602043819084	0.837452530963234	62
0.033188387662924	0.735155426276235	62
0.080346627706199	0.383162354165034	62
-0.01413962022067	0.462202032881902	62
0.083261238852455	0.226033509892535	32
-0.088070195487767	0.40348342191115	32
0.109796490230781	0.208017786077005	32
0.078530144219604	0.142789492100321	32
0.044105105837267	0.168037630175673	32
-0.030812009013101	0.247794761274507	22
0.100025929287389	0.101467518270316	22
-0.043763310112856	0.304979681596184	22
0.034739258950134	0.283574087078779	165
-0.071743173118734	0.425678410633267	299
0.096290518342956	0.13372303868242	18
0.060520464393668	0.640515659324762	62
-0.04330433533752	1.03941849728821	62
0.029495865007512	0.521091373617156	62
-0.00665411791423798	0.820380346006823	62
-0.085700809878609	1.04116383371186	62
0.0103059115337	0.677148717032141	62
-0.071755115238996	0.727495367783289	62
-0.041441274695963	0.655936110048551	62
-0.024905932372383	0.508027893298544	62
-0.067417095088894	0.709858921673732	62
0.090336295985469	0.228982467542431	62
0.093866694868699	0.268213793347131	32
-0.083008035657298	0.659119790256168	404
-0.003628323330578	0.454961213131658	404
0.056498522693769	0.305416888905534	404
-0.094104987131069	0.638062163980647	404
0.107892293888515	0.136811367575844	404
-0.103970289920313	0.608725747254337	404
-0.116839725034536	0.778725923175739	404
-0.113804835626236	0.813648187188814	404
-0.109592502366108	0.68345898792633	32
-0.031900714257781	0.273889846567867	411
0.042168487083898	0.281204690314546	32
0.054653738869544	0.237086876289602	32
-0.050891698781558	0.42543852622275	32
-0.051413263368554	0.392498390354553	32
0.023586389872456	0.255975414328006	32
0.039444283288009	0.194173578201895	165
0.070483051360907	0.185959591997411	165
0.00300339706062899	0.367272015026735	165
0.082949327844643	0.262633738366326	165
0.124388115086337	0.183572056786023	165
-0.070432909297868	0.467238444364457	165
0.022528469843513	0.340791820295098	165
-0.035764192170039	0.53519412024122	165
0.078946136214448	0.18119938929052	16
0.047110766662562	0.271529437424641	299
-0.014589857915025	1.39808887814963	62
0.123553470425911	0.374300910710345	62
-0.016451891052211	0.861371037036014	62
0.029922813850763	0.653008828364531	62
-0.026681803614885	0.77694990866754	62
-0.047639917257415	0.373569274618115	62
-0.089526781089216	0.818387644902665	62
0.078789202409638	0.280800713560056	62
0.030368448999411	0.426901540898205	32
0.123845799358493	0.195239483038036	32
0.057257593232252	0.308342889546481	32
0.102083458099159	0.214936727307157	404
0.060495878882325	0.312675850632601	404
0.056269311123248	0.32514332318246	404
0.043535017160291	0.314385434238778	404
0.117287294766579	0.21170602463291	404
-0.104409380405798	0.699420089683827	404
0.092431245471076	0.265970851377438	32
0.114597098029857	0.162342128486505	32
-0.084055961588847	0.504621246724046	411
0.016313725039986	0.397517389448096	32
-0.088494926426241	0.352597806508912	32
0.082883593050567	0.160093349906701	32
-0.065865778837094	0.295915846379665	32
0.017056729809076	0.205945418564516	32
0.059834063713558	0.189818152172684	32
0.109698134003767	0.12230458081741	22
0.116377076470552	0.170986774759811	22
0.090056656035567	0.190456573211721	22
-0.0329530122877	0.401226716123443	22
0.043095497407551	0.334417893708727	165
-0.04329093095235	0.45209603426269	165
-0.069099340827492	0.47899241438777	165
-0.044510235711167	0.513307069361798	165
0.000733184446550989	0.311607276797461	312
-0.074625450815349	1.86553551627495	62
-0.058560559285682	1.40936101465698	62
-0.106500334361718	1.40536659836727	62
0.008373290632646	0.766642235423098	62
-0.100064835672032	0.688241601966731	62
-0.044634229735077	0.599524358905512	62
-0.056797080525071	0.692122832140364	32
0.118194140353405	0.196826470599042	32
-0.049450279842217	0.546305967829075	404
-0.013228133897983	0.425838149206363	32
0.073275883288705	0.205432734322891	32
0.084277612196416	0.203029420398415	32
-0.003367703985515	0.324999445031143	32
-0.031830074335556	0.400055425655653	22
-0.055198774515462	0.446656563727624	22
-0.1165816033328	0.759492506280797	9
0.043498626909337	0.319768189388374	165
0.00236117578053399	0.341018609794451	165
0.032337606598153	0.332823470185736	165
0.045543817952793	0.302197322461529	312
0.076546670222353	0.233867078957569	312
0.091805016926239	0.190765156077183	312
-0.041900617243059	0.429268228731585	312
-0.034599409272078	0.512079954332466	299
0.06859863292092	0.241033069789111	299
-0.12348111334081	0.645750306084546	18
0.041490133770429	0.179108201425465	18
0.013403540707702	2.28399233337668	62
0.077887622860838	0.763299965399143	62
0.106940782507218	0.457826492349109	62
0.08661036901963	0.49699319982456	62
-0.065955134535099	1.11026645232958	62
-0.094852375241803	0.532561067776545	32
0.097236157597469	0.259728523631157	62
0.11438196870714	0.261356007745082	62
-0.114053988181587	0.869437576718935	62
-0.047151621720608	0.563242205769276	32
-0.062080538411857	0.64889086548409	32
0.114588629471628	0.221084886098221	32
0.023868365539851	0.378170195756687	404
-0.062183988467638	0.597399619391212	404
-0.024315420985224	0.496088764411588	32
0.00710759694579	0.439226191572471	32
0.060031921520687	0.191140982889719	32
0.045132076684785	0.34868967094222	22
-0.101455479807722	0.729892718703627	22
-0.013326123174564	0.330743842061341	9
0.054438642728444	0.306362055136174	165
0.095574058872375	0.146981730503908	299
-0.066617742313968	0.578172094234873	18
0.059951573364346	1.89785958302034	62
-0.025687027644568	0.207462329632869	32
0.119552380528495	0.07083878181714	32
0.091633604595397	0.0835005691077424	32
0.07547708635527	0.125490628997778	22
-0.011850930702996	0.47612534907292	22
-0.07235700868599	0.612636386383837	9
0.050828569531161	0.133053946541635	9
-0.025916553366735	0.362993459589763	16
0.040686258840768	0.20895418216047	299
0.095209137563401	0.112639081563358	18
-0.071047667902673	0.228335456644917	18
0.089299275503297	0.152875263358832	18
0.09783747915982	0.158350193166893	18
0.120138626804623	0.0999597043679583	32
0.027424888132677	0.392935885141851	32
0.02456991201062	0.348151189126722	32
-0.023818716585013	0.530231685291747	32
0.039123415296252	0.229626560384122	32
0.030449952340482	0.468222601168232	32
0.00563048556715701	0.511933071347808	22
0.000672410205802998	0.320023510829779	22
-0.025528810985962	0.415680369622424	32
-0.032336020667234	0.173659816352046	32
-0.064039770043213	0.189068321277697	22
-0.080978957904652	0.522555066179223	165
0.036480075740368	0.338358951173003	165
-0.115104413320833	0.423496060022747	299
-0.050067688431227	0.397596068878288	299
0.037780570090761	0.279404055558733	18
0.081917026175516	0.157882731780784	18
0.061878168686946	0.208630305152753	462
0.00134497013967999	0.541662101130665	462
-0.010553787155763	0.789135896725683	462
-0.00999994265302501	0.394567364729128	32
0.042791869868913	0.305496168674488	32
-0.080144553225335	0.485089246577319	32
0.015878748569178	0.453400638875877	73
0.002213764016431	0.466935391684934	22
-0.122258844288415	1.04168170399361	22
-0.040591622820406	0.82735800885415	22
-0.00731176377236797	0.329606731574994	22
-0.038957174929774	0.125178692794169	159
0.068064997769398	0.0894800809899116	159
0.090559000820543	0.137225507291946	22
-0.047248844109941	0.669029180279284	22
0.016183530396243	0.529880012249843	9
-0.077525695171742	0.609397929319415	9
0.032694371025878	0.306433730405155	165
0.036776505560162	0.22002027488307	16
0.07644224063943	0.123248125486511	18
-0.019500766602099	0.325583465727768	18
0.045346319479847	0.462113304636635	18
0.038052853127634	1.36640414984832	62
0.100088635766084	0.480680555237633	216
0.009498804026805	0.722725720863436	462
0.093280640801782	0.249250164755113	462
-0.016329555857354	0.644543024410618	462
0.113720009910647	0.2432753188846	32
-0.084727792225938	0.852992886326798	32
0.123896018408171	0.269132857391899	73
0.104078197021594	0.260085363243538	22
0.111175240675516	0.271048134166064	22
-0.02271341284272	0.160155772895179	32
0.089569372990527	0.0864471922212062	22
0.017112571255219	0.108263710226741	22
0.091017862571514	0.211257683123861	9
0.00440860429404599	0.471955669214988	16
0.091367221907729	0.235308678419366	22
-0.020675571053756	0.373721276328717	18
0.069020192724956	0.222053671548132	18
-0.075978095244177	0.389808526900204	18
0.096916028406528	0.226694921141446	18
-0.096382655746467	0.583574257441942	18
-0.030869205827755	0.630684348053581	462
-0.019753308635488	0.596415226819564	462
-0.082201669871788	0.78931853835671	32
-0.022907608744229	0.623667839656072	32
-0.039722930784772	0.29629081342923	22
0.100604375307629	0.270826512484915	22
-0.000673079534592003	0.437295492224241	22
0.065580873467926	0.251568495195434	22
0.010296535579807	0.266022546847022	22
0.091192815605497	0.244336580361068	22
-0.03925997056056	0.576207314207446	22
0.014499835809858	0.419865611149563	18
0.081324577679404	0.271935363809114	18
-0.1004003338248	0.349683793473997	18
0.022826644474131	0.501300920347532	462
-0.041310776835628	0.700245604680283	462
-0.00389469506603601	0.717159616695769	32
0.061212943823657	0.449073392430176	32
-0.055213418938108	0.7325939054136	32
0.049687018726868	0.433856724900995	32
-0.051521632731149	0.39207244754473	73
-0.039640400804907	0.303257921470417	22
0.101317390606883	0.152871910084125	22
-0.020120169197008	0.402052772263024	22
-0.048307036535453	0.397463079035924	159
0.071033182431294	0.1788965232748	159
0.11775167346092	0.133641824130158	22
0.03821051962258	0.263810294232843	22
-0.073467022579898	0.353120650213499	22
0.103338293017378	0.241920755382201	22
0.113932274649862	0.22028677231358	22
-0.09305980408919	0.521925827640604	22
-0.020495392212619	0.4759962146205	22
-0.109225616346833	0.664691335232965	18
0.063755104881067	0.299203174197344	18
0.071876207477334	0.525925764184796	32
-0.00737495667087601	0.730254611071651	462
0.031347915048762	0.491398189162482	108
0.069982691884163	0.380185680295944	32
0.046024220310269	0.246824804508909	22
-0.055183025838984	0.505865576103449	22
0.080728626201268	0.257212251970382	22
-0.078201726370146	0.788193966061707	22
-0.085054350687109	0.80968609222382	22
-0.055409121392509	0.409820326550865	22
0.025517217274473	0.271425318093075	159
-0.113513886384923	0.50336670522308	22
-0.07880578487705	0.310654466744795	22
0.102979632252259	0.137015898227834	22
0.101497935493966	0.258088232050013	22
0.124479008133652	0.180303149785717	22
-0.024035579774854	0.53095789230169	22
-0.026054162167539	0.468024900624283	22
-0.00116084697958502	0.441864357544682	22
-0.064482081032992	0.458720547424732	18
0.056345544054603	0.302298747684232	18
0.068828974004251	0.28660397580853	18
-0.065307951478071	0.434523252409465	18
0.122263516929475	0.658740992357326	32
-0.031551280883902	0.722515617217526	32
-0.00552228680556599	0.792541297989377	462
0.00303177805426599	0.74235069565157	462
-0.07452843213311	0.952248823576308	462
-0.052507478726996	0.703016819963232	462
-0.117330876621058	0.887888497989473	32
0.049519248087179	0.38248590026223	32
0.00120957217776499	0.354252272426681	22
0.071206758926166	0.200849636033846	22
0.025291440181635	0.285223575447333	22
0.065684389979863	0.288641513027763	22
-0.068505773837213	0.587048334870918	22
0.091694492519526	0.245294773507358	22
0.116624273836741	0.184714023460514	22
-0.00730880750479601	0.415841620994662	22
0.087122295524069	0.272284221609883	22
-0.072032318876442	0.649889820236974	22
0.027277546545145	0.304978889770711	18
-0.033594430761592	0.410416168876064	18
0.107942242299498	0.169111776036245	18
0.055036529675614	0.279974135699418	18
-0.053420927715404	0.359114343628002	18
-0.059955937223847	1.28287237840303	32
-0.030462051592956	0.713120687057389	462
-0.047288318152484	0.982718284807909	462
0.056293055464185	0.309960842179076	32
0.113255797257023	0.342878185336597	32
0.032276050733166	0.428733531610291	32
-0.012095623775971	0.636689674290501	32
0.093064882996633	0.291058657281234	32
-0.022800737090009	0.440595311569368	32
-0.049644456313088	0.261757076056858	22
0.063735976470922	0.398918491025519	22
0.029537261964606	0.421706315603162	22
0.00861466011989201	0.376175930831366	22
-0.00107482645086598	0.379940097290537	159
-0.099538392320493	0.572140490778062	159
-0.037053671153409	0.712271033607133	22
-0.105153298724951	0.619761537037085	22
0.069311479219741	0.267463206969526	22
0.11117765521125	0.236617469945297	22
0.032573894584773	0.388180734705355	18
-0.00250704552862802	0.571225864922765	18
-0.08377114902054	0.660028904972103	18
0.110457462346332	0.233131004754694	18
0.02794156759668	0.395440197731609	18
0.032982269481566	0.21215380084744	18
-0.026228276008676	0.820089083298306	32
-0.107749940870853	1.34824605325854	32
-0.115598990877073	1.53691036407776	462
-0.100249659487477	1.24610931340565	462
0.035613641203399	0.54089647396004	32
0.020079185085901	0.66748066936719	32
-0.058015839716195	0.744963363434484	32
0.031956408536528	0.477950121105082	32
0.06253577267164	0.440295491164354	32
-0.052195093025499	0.580485273108644	32
0.023450731082428	0.375387015177004	235
-0.106000218986966	0.687899552833808	22
0.058246283825118	0.361217276153757	22
-0.0200515944643	0.483204445061383	22
-0.044171931629872	0.243521771642916	22
-0.114122070345254	0.399113135319934	22
0.044230284178652	0.383620644627274	22
-0.052649958706741	0.616984868640312	22
-0.106394073611439	0.598686400782981	22
-0.063004488705507	0.484597703071387	22
-0.025134161963762	0.301758165601165	18
-0.112906036441568	0.548248306015041	18
-0.072171015778002	0.606573479578727	18
-0.065552246003793	0.540196942689732	18
0.022909201512021	0.475141828241017	18
0.00112261402583	1.30890073234043	32
0.027841858183811	1.1949508464009	32
-0.021603221372573	1.13847818691965	462
0.082677106052713	0.575631653631241	462
-0.077670780307218	0.525665231959913	32
0.024070910088144	0.251315030320832	32
-0.042280366826079	0.344969977596842	235
0.037117532411425	0.253974321785917	22
0.065145390782574	0.304087237039542	22
-0.062735562529385	0.474903755127077	22
0.103423748320359	0.183244112365784	238
-0.058049190704532	0.477189994442733	22
0.087955306287854	0.204440023314705	22
0.035071961657894	0.336300281240354	22
0.119173330617664	0.194148414915047	22
0.050560323884259	0.304074429047541	22
0.119999859915503	0.188772574658872	22
0.075085440136972	0.25701313161918	18
0.119849624449787	0.196421603673423	18
-0.024813403011105	0.475968411345157	18
-0.070358642080391	0.517049590039486	18
0.121850095362769	0.664556192277737	32
-0.010975556679894	0.793321509878012	108
0.121157650427727	0.21279120662821	108
0.04501039295665	0.241547524761388	108
0.083628845641998	0.332095659343931	108
0.112628245762944	0.100570548511062	235
0.092120386998741	0.115406663488408	235
-0.114778667329908	0.20513653001636	22
-0.076319485375451	0.230663358347411	22
-0.114270005094192	0.625877133394434	22
0.040029382993329	0.284080041600245	22
0.033965556516711	0.200169050130356	22
0.074717537173028	0.143786292453944	22
-0.095079066410116	0.408055215011266	56
0.067732982821135	0.187799350681562	22
0.057234540047633	0.259444273173394	22
0.050822057281839	0.333649319722194	22
-0.050599320063807	0.539140697322304	18
-0.082620084720845	0.741386618765117	18
-0.069523540767055	0.315473582416377	18
-0.015673903833932	1.57396393657256	32
-0.00195151925007803	0.35302020177259	32
0.019854688601592	0.105877906855811	22
0.070035093664365	0.259299803905576	22
0.078131825709424	0.123605142904491	22
-0.026056429804823	0.286889721757699	22
0.030620847642002	0.240079306972253	22
-0.070521084343166	0.518338109418904	22
0.095873090559911	0.772259004031443	32
0.075949286602422	0.119927333505386	22
0.075172058727446	0.14907412919095	235
0.065737304015189	0.117619891187186	22
0.093000325856525	0.265717419819792	22
0.056728270858933	0.320625557771027	22
0.028033468700833	0.322939889618945	332
0.019564483029474	0.352542743578607	22
0.117236797945239	0.14507291424258	56
-0.059949104360892	0.511508197041942	22
0.093002111104633	0.233414848915562	22
0.091056390793241	0.221366267224627	18
-0.018717160453521	1.76088547758957	124
0.034825184754522	0.47055977565798	108
0.024271152212981	0.417371017041036	108
-0.059050608441168	0.548189229673486	22
-0.052125907534843	0.502358168989846	32
0.021793168611197	0.146881928997354	633
0.117792323947167	0.0748444967812598	22
0.11819979534611	0.0692300852179492	22
0.038881244370918	0.331825219940208	22
0.071154726428223	0.286484681568389	22
-0.023349600042396	0.49629095257131	22
-0.103906326411089	0.54584990565042	22
-0.028529606980914	0.465798855724373	22
0.058832345562145	0.28335932803189	22
0.116257369766553	0.150661403792803	22
-0.083644908454509	0.609758721202453	22
0.086025578292731	0.259940207379953	18
0.061758145395463	0.127333641801086	18
0.120579144563087	0.0893547038321992	18
-0.10159022879754	0.27265026072627	22
-0.016778506815816	0.228111336246069	633
0.027692500889407	0.171088557353407	633
-0.067006618203504	0.586811739981104	22
-0.078372834593	0.561518174410099	22
-0.079239854834197	0.624214020799921	22
-0.016962396841634	0.262685832410307	56
0.030491061844329	0.320869886008259	22
0.00834705374852401	0.351763130761159	22
-0.00752874251334301	0.441762434005426	18
-0.01343100819534	0.404332326111794	18
0.120999047155794	0.279347736524332	22
0.043881360214727	0.417185488838163	22
0.030035763744103	0.396842685244488	22
0.123384183992006	0.226622040525784	22
0.033399147477275	0.450369750545747	22
0.029939080501519	0.218689163202217	633
-0.116185469706915	0.453676994761355	633
-0.080581404634985	0.793413784879723	22
-0.026861818729546	0.479481239307178	22
0.0376879211875	0.207530025244782	22
0.014859632741144	0.314030098057603	22
0.075255769909286	0.236717194084125	22
0.07485625384577	0.247164252115682	22
0.059552044255066	0.205053112801975	22
-0.02732554567115	0.476295830988909	56
0.085865173377421	0.186048134313817	56
0.097838120527909	0.210242179737864	22
0.016027672760083	0.371434663774548	18
-0.110911094475042	0.707120629217061	18
-0.027478445352337	0.466513210938608	18
0.114412720400053	1.11645758555395	108
0.030701116654246	0.530343155327141	22
-0.09428803499176	0.870892204498069	22
-0.03428732810597	0.608855305412834	22
0.082002637044605	0.289677772610468	22
0.073275643289762	0.265739043200187	22
0.115721127597287	0.234393398742377	22
-0.030094858768912	0.683445319974663	22
0.008653094857768	0.587966197335457	22
0.055413978335319	0.349829993923086	22
0.057750702724275	0.0997608734229363	22
-0.10491997630849	0.360139330342052	22
0.072021092428879	0.357129171677157	22
0.041745885275498	0.443420763937512	22
-0.066076076330187	0.647704564316462	22
0.06382798119459	0.364794830512572	22
0.062603633450146	0.212179780157453	56
-0.058085968817072	0.539471034319473	22
0.117927241504694	0.135268502765867	22
0.018750070919311	0.587719151491836	22
-0.05788774378501	0.837085113208833	22
0.029101642074283	0.352187820560778	22
-0.02480099710644	0.557698797660336	22
0.075304690406702	0.295150311170794	22
0.00632238532512699	0.443885245592383	22
-0.07514519301448	0.306796002911886	22
0.027790052994465	0.196942187558193	297
0.062049366924768	0.125831352627433	22
0.082101600654046	0.144503210105567	22
0.050448441244645	0.360427623448645	22
0.008962776380951	0.442754398639496	22
0.101070016578799	0.177920294547126	22
-0.117819250890064	0.425349129011495	22
0.0344379376798	0.3739101932091	22
-0.00995343123529002	0.381033437458739	22
0.054837545722943	0.256122494492606	22
0.047273018789084	0.168298196055011	18
-0.011797968483266	0.323651722723713	18
-0.064099124794953	0.85103458001898	22
0.013366259315027	0.499690254955751	22
-0.027419524162578	0.794205487950957	22
0.048353712275066	0.389610269793871	22
-0.091100769665361	0.733870488538162	22
0.092104388635031	0.346514347884439	22
-0.115755704389401	0.697038337560514	22
0.012371004959829	0.218785676097487	22
-0.085242860244994	0.258088606360227	297
0.113647605240489	0.0706706283097301	22
0.045347698130198	0.362384135287238	22
0.106239845377632	0.234640112554339	22
0.029507570603708	0.198321055639005	22
0.083417960966444	0.258277301179217	22
0.060689019319703	0.274395197096291	22
0.04986854381656	0.256559443883351	22
0.00660219282014499	0.358685761804003	22
0.072493324126683	0.184327157557323	18
-0.107439255145099	0.620570261726886	18
-0.014587152840651	0.301209167359018	18
-0.056369139452443	0.514504025955031	18
0.060319782246436	1.53222583198263	22
0.036961664297298	1.336118397572	22
0.117872316797666	0.713790988062817	22
0.079025950336021	0.42774717008234	22
-0.012833327216823	0.366395046844594	22
0.102168914485395	0.3394509845357	22
0.020613649721582	0.419073080990871	22
0.094217130691572	0.230548872836418	22
0.043323981325084	0.292992736671901	22
0.047451654237177	0.246802608640482	22
0.037091127773895	0.528869515933855	22
0.094323090904274	0.239504339288794	22
0.008553994178188	0.320199942245358	22
0.056398620200869	0.207725811966109	22
0.00077949028347199	0.457667213862812	22
0.083688043482417	0.275857294069665	22
0.109680088429851	0.211546139866919	22
-0.066063251383238	0.626882234285881	22
0.109736164266677	0.155349132318149	22
0.050203669586773	0.319181580404777	18
0.035452130065485	0.198409992161229	273
0.040243823039178	1.50817805533794	22
0.000842835361375999	0.810840664787787	22
-0.075632904174177	1.21274057911564	22
-0.101709904049929	1.21873373587057	22
-0.012204956793962	0.625050691614452	22
0.012731558822549	0.63886874756643	22
-0.092309603780342	0.776312392225401	22
-0.05713311935954	0.580918772900065	22
0.059663498909847	0.341521766768006	22
-0.012130132190781	0.597795449104066	22
-0.017959813917041	0.667193041089094	22
0.110409173936066	0.121424448665931	22
0.041714254933314	0.224219692794927	22
0.014960336947351	0.214028421123611	22
-0.072440486477812	0.308015267848897	22
-0.053356456579174	0.344091694418588	22
0.00610397805029001	0.415979661593246	22
0.075826481514842	0.251313095967178	22
0.083463762153594	0.274816271607024	22
0.069461207893059	0.25537060921034	22
0.103746020993349	0.215088269104023	22
0.02233793574257	0.397901837789288	22
0.119040600260799	0.208546259707546	22
-0.000440000349860026	0.344778073026254	18
0.066607904108042	0.269679798477997	18
0.061734156963135	1.6400491325512	22
0.088508842405813	0.322630998957967	22
0.109937284172776	0.34681743213068	22
0.109932269285049	0.321068070682229	22
-0.05371771609188	0.809035042897319	22
-0.087628872148869	0.664848692284978	22
-0.092083426267681	0.371107734876186	22
0.034916101385237	0.146054497477643	22
0.027992994445513	0.18000964650609	22
-0.076684634917751	0.315534949135177	22
-0.074879168888526	0.227559596278552	691
0.103732094050564	0.198574131716484	22
0.044965671111992	0.265091281385437	22
-0.104918648863761	0.507746089524315	22
-0.018198253656137	0.280734154070671	18
0.118638049494015	0.138535715277059	18
-0.114069954731287	0.625121923114173	273
0.00181411921653199	2.49105811764801	22
0.068217220604211	0.567784245975276	22
0.119063488938332	0.342850072945571	22
0.11625954311719	0.322745042675869	22
-0.089941812592158	0.891859190101259	22
0.077126172337631	0.302792647555759	22
-0.021208092226703	0.447068567492457	22
0.105958337723355	0.214017194355347	22
0.062787696309514	0.288099779251031	22
-0.00464372670115198	0.382656641983965	22
-0.085923394516108	0.91034788614383	22
0.099906057871699	0.171361642059333	22
0.018803898590435	0.180970140542918	22
0.110093547274306	0.133638732159302	22
0.120640745073353	0.114207786012178	22
0.07713634230243	0.203622320551781	28
0.121739419573549	0.155935340205782	22
0.087939784110004	0.226223946687889	22
-0.023143693410075	0.493163229828685	22
-0.08447556800601	0.620842107183029	22
0.109605291659492	0.197797859941223	22
0.00902290943683501	0.458697888930801	22
0.111712105570602	0.228482755354754	22
-0.075146818050676	0.548198707473748	18
0.123566795155238	0.190007383277371	18
0.098775133427762	1.22133094207024	22
0.095766457792879	0.321573366385203	22
0.10318896105851	0.271079230112901	22
0.061322747211172	0.593463215929079	22
0.021234729599625	0.560008305084848	22
0.033339309053107	0.304906053142033	22
-0.115518598682612	0.264830563277252	22
0.001934606077371	0.156691591238105	22
0.036089964006086	0.143482143631384	328
-0.101653949574809	0.792024862667571	22
0.122492325706513	0.200193970609319	22
-0.01282945833081	0.645586989807094	22
0.109291618513938	0.120721783630972	22
-0.043702451902919	0.343158144483789	22
0.059375866812351	0.13088618807463	56
-0.048283571945214	0.21824408268425	56
0.091992196426738	0.086228244270743	56
-0.061404148511052	0.541153994783328	18
0.091308604415747	0.137474543831938	507
-0.077441354612868	1.68395787452683	22
0.023515582835764	0.558244119163459	22
-0.093624022882398	1.05932215194072	22
-0.115112899749276	1.23540255464496	22
0.111839532111794	0.276383452485864	22
0.038909855636969	0.175582483884411	22
0.048474781677949	0.208609621038514	28
-0.01817307229329	0.508337216031795	22
-0.019467766567413	0.463072434906198	22
0.050606716988044	0.384008480243379	22
0.099894924702894	0.22083048362271	22
0.061092700301328	0.308924919982131	22
0.105768222302704	0.195154963113369	22
0.102723071757092	0.134643643115725	22
0.057293072690944	1.40127559077896	22
0.082892326729022	0.799163164683859	22
0.041923512341116	1.02665926742257	22
0.122321709187861	0.480919640507325	22
0.059647725998067	0.68797094775051	22
0.026254494738613	0.720980084132337	22
-0.065680440421697	0.991030356104356	22
0.00633587424982901	0.48737238103044	22
-0.091240796044816	0.398195914221758	22
0.100486407788962	0.155606655046123	22
-0.034257524681306	0.336789447786465	22
-0.085432390840897	0.624387216464328	22
-0.053189222285505	0.481608273027298	22
0.095429345774332	0.287997405704804	22
0.03810494794937	0.347945463042167	22
-0.095365138533649	0.756726239346502	22
0.11995011670193	0.226627055257261	22
0.086305008651191	0.274043506623955	22
-0.09396190097935	0.593450939042288	22
-0.06705389396595	0.450871338840429	22
-0.015739352587849	0.461553448301095	22
-0.113783446654668	0.70990957333528	22
-0.027050466939245	0.54270514607807	22
-0.109422632680674	0.70684598750074	22
-0.004828953434524	0.370603215101783	22
-0.115699591702938	0.724260168159294	22
-0.054941661815172	0.650744345138356	22
0.107457326329637	0.661957992850655	22
0.092601833451175	0.262912713626808	22
0.064260673592906	0.250470414148891	22
0.078014282862623	0.204498041639	22
-0.087109875934997	0.565095543654776	28
0.106172908948507	0.166836003527936	22
0.064875460274305	0.187578681358008	22
-0.014490937642109	0.497174011534712	22
-0.069351635191951	0.682221723549323	22
0.080987927210461	0.268548240979135	22
-0.042759377100583	0.616832134804276	22
-0.037059985808496	0.572119673027109	22
0.05855991649373	0.293982115028105	22
0.027317158899891	0.316596632930104	22
0.069295271753371	0.237653860820607	22
0.056359117935444	0.344432693132477	22
0.071086377332879	0.680871236512134	22
-0.089636494253069	1.02010383691323	22
-0.073307986814521	0.378033209697	22
-0.00631383880182002	0.361928758270386	22
0.017329983055608	0.414361955271674	22
-0.012184421865211	0.459897079805642	22
0.118478218254097	0.172903462888384	22
-0.092763975903417	0.374483704738996	22
-0.121151274588848	0.674511817434961	22
-0.016687381975041	0.450767062195387	22
-0.033680758850282	0.281493176146465	22
0.010245538585173	2.00853879165526	22
-0.034703021364186	1.85611816115198	22
0.109516828161262	0.161850214852824	82
0.111873766380198	0.153242819536264	22
0.124492968513016	0.128567640307353	22
-0.065322450148763	0.347778163809203	22
0.073427450944255	0.157277249097136	22
-0.095643493371325	0.495231757859149	22
-0.087550239518932	0.699649238684606	22
0.044353209803592	0.237615546223683	22
0.057980200350255	0.299566074147584	22
0.117120339638916	0.13606840252314	22
-0.044378718613967	0.394143161017678	22
0.04087207901623	1.66669354468568	22
0.095952791147381	0.172860629517328	51
0.044240483221364	0.169643915112322	22
0.052818294248886	0.435265663386182	22
-0.031000631919583	0.421139889069854	22
-0.110210331645224	0.54006906940244	22
-0.029346725607689	0.37591601553113	22
-0.042344936028143	0.421901115296644	22
-0.109840987162404	0.432250309259432	22
0.029224263729057	0.252153299627254	22
0.105676030456371	0.255132311633439	22
-0.00411439191443202	0.283513982938564	22
0.00706903390295899	0.388289391978841	22
-0.10249289802108	0.718514279144022	22
-0.02759426173434	0.470798463976027	22
0.046394450419622	0.358663916302758	22
0.026332098072904	0.335388546117697	22
0.022245894449462	0.320776502079117	22
-0.081661557902333	0.439702588167591	22
0.095309739631433	0.182859253051138	22
0.054902156432276	0.357380332684069	22
-0.004891355780827	0.325560393575437	22
0.032258899861544	0.387628111953602	22
0.021534047219084	0.425549493433075	14
0.018322791670578	0.309728138610526	14
-0.087423495181637	0.677441032388564	22
-0.098995251973982	0.415079514850619	14
-0.057999846806047	0.719129201361249	22
-0.027014926443718	0.703466131536966	22
-0.095180038949795	0.3929307053982	22
0.025447442352647	0.217717621060603	22
0.05052843692772	0.181332811223385	22
0.098286577417045	0.228180668554814	28
0.111234793964962	0.212806789119145	28
0.102066933858922	0.206515991661794	28
0.119518913454593	0.192978610280443	22
0.042824931743736	0.333668488440392	22
-0.000991715569390983	0.459930674856608	14
-0.030133647269941	0.357092592006001	22
0.038544627396128	0.319600655810442	22
0.043305230956911	0.336630055779636	22
0.026127253063976	0.329839024444383	14
0.089613703361152	1.3815133210762	51
-0.079150928209918	0.392775169015177	22
-0.078381076916657	0.403880502085266	22
-0.00236011127466901	0.245864944159408	22
0.071128788628867	0.22019478979952	28
0.109382452854121	0.222133418838453	28
0.104642604593694	0.209001136828237	22
0.111036086086527	0.215649519283389	22
0.120511036483861	0.175134830734768	22
0.044250082480384	0.349703402945724	14
0.053523276653106	0.228277123616514	14
-0.085678230402858	0.586761533215764	22
-0.016353696359114	0.384805674325446	14
0.04578561759496	0.344160259744071	14
-0.055577019379725	0.646240563997974	14
-0.014528261294766	0.402996015044942	14
0.029930973447938	2.15946789570089	51
0.05905552183526	1.14612508841944	51
-0.121196389115499	1.1833482336755	22
0.029807925829735	0.20557711662715	22
-0.073122826849712	0.309915954072488	22
-0.102897324662017	0.357453759447424	28
-0.036759819137726	0.513149599171797	348
-0.104252734821937	0.564579541794964	236
-0.026652134258803	0.382786226316357	14
0.104289439598874	0.390944739907136	148
0.113544763977305	0.252765401359196	22
-0.104565094978115	0.963951528404929	22
0.057091031539389	0.206322609371108	22
0.028086356201675	0.179018299477902	28
-0.098335827588918	0.297070380911089	22
-0.013934534884332	0.204035863070952	28
0.050963644991506	0.206445211300844	28
0.083416159153283	0.215718853323247	28
-0.076861061036851	0.57589715867781	348
-0.066357147291899	0.611526537114363	348
-0.007751317918123	0.3929061194207	348
-0.045538926552741	0.526982765378369	22
0.088762959521299	0.214180388191318	22
-0.103603607592771	0.569281882713902	22
-0.054120787098929	0.558518667148881	22
0.122248644914199	0.174474045351849	14
-0.035734724858576	0.420021096084449	14
0.029226953621285	0.193595525402959	14
-0.00203659534700901	0.34624288295625	236
0.098503054907926	0.249623888315836	14
-0.121444893021467	1.3239381241382	148
0.00556840687601701	0.809494988663198	22
0.124337199792572	0.319697320239449	22
0.120386800315223	0.0693092922810127	22
-0.045807040616862	0.131261630116352	715
-0.080678210395529	0.769886687995761	348
-0.105247415689764	0.825132854407864	348
-0.000185183906071973	0.530872549954695	348
-0.056927471694473	0.782088496589781	348
0.015697187366565	0.374662826165045	22
0.098669531463869	0.190250302804622	22
-0.00979460327668802	0.235583780530589	22
-0.087102363685027	0.570529253017754	22
0.116187448410837	0.157577615597662	14
-0.061107538694717	0.269490165071045	234
0.017431291788354	0.232714767842023	236
0.048439322945591	0.18756615818975	236
-0.029530594393766	0.416228336046401	236
0.118319534201556	0.693343065074112	148
-0.0475637116895	1.01849665447444	148
0.111632930771962	0.317610856313574	22
0.00236288604405399	0.162154559552794	683
-0.108966727996413	0.406052344968006	683
0.099716030004182	0.14837754592304	28
0.118051095670065	0.163596791232304	348
-0.103424864613125	0.611980158892525	348
0.107058745585628	0.187559172021104	348
0.037159809396968	0.341867858820194	22
-0.052461509336429	0.537205690893195	14
-0.00702450107744901	0.375580037924483	234
0.075532297657194	0.209360339582958	234
0.00262121820609801	0.294273631681453	234
0.112617248183789	0.141916332346578	234
-0.058085747422436	0.314423688398284	236
-0.007618188261864	0.353071334890444	236
-0.017940203602669	1.07552584009784	148
0.065371432303942	0.225619148052464	22
-0.088446229170724	0.400977430546485	28
-0.059989462708563	0.282634365941531	683
0.098673462914499	0.134698277399768	683
0.01791769761781	0.428838738518174	22
0.016169548989617	0.446511351103985	22
0.073220129851449	0.280897693094062	22
-0.051524232730496	0.549540067055245	236
-0.10630242488533	0.615877871515941	14
0.048849512414247	0.228260109493157	22
-0.121986714210473	0.332487283136876	126
-0.052067910658462	0.418422503341339	348
0.117597990022704	0.129892182373502	28
0.055676304141932	0.354272090689122	22
-0.117842334868128	0.87003694701634	22
-0.042491796386452	0.579902015375764	22
0.055965315761536	0.317582235235852	22
-0.019130364021531	0.426004766610345	14
-0.02507044803393	0.453055081884438	236
-0.064165822449443	0.53754699274214	236
-0.040109250475116	0.302956251461918	14
-0.075360998258429	0.23825049336836	22
-0.041452106630282	0.218276349098683	11
-0.113443160910801	0.297379975834904	11
-0.112160844300502	0.249359913553411	11
-0.092773062641087	0.77528810515015	348
-0.025908237982687	0.668882765922314	348
-0.037397469662286	0.658813339147947	22
0.01582906717671	0.386228003126676	22
-0.046231476939437	0.528430495846239	14
0.051425137007064	0.214776356352105	14
0.092327225742433	0.131717324083697	11
-0.108776329774848	0.257354790724271	126
0.037684821303124	0.258771730311061	28
0.100670190985501	0.204720345368001	22
0.122087106542906	0.119481547852228	14
0.114141877907662	0.14756158232868	14
0.124490178773364	0.118585633466028	39
-0.011725249593162	0.193254945336394	11
0.03809131217747	0.254524434354216	126
0.074245310968398	0.2680500146013	28
0.060133721665445	0.220744390872537	22
-0.00807789898357902	0.192374328329076	14
0.080406768677727	0.184013089308831	14
0.007191550770525	0.159089805522111	22
-0.041818997556593	0.243095179069394	22
-0.037723956208776	0.127764294900779	126
0.096957988797719	0.0801846493271513	126
0.084777834141902	0.165501641643287	126
0.04049472207511	0.185508540348938	22
0.03538110713291	0.144567574623464	22
0.108452164934961	0.125136934359413	14
0.121259721265118	0.0719039004832569	14
0.071581258609023	0.203642228202415	14
0.101777070982449	1.21359984306222	148
-0.070763800196038	0.189513144748896	22
0.065623128324277	0.127602085595649	126
0.039787282280504	0.332500155611157	22
0.028642021961846	0.203530267181946	22
-0.102289438116688	0.319230644666852	22
0.044339069696147	0.198280390967097	22
-0.079655384347156	0.369811167291325	100
0.108267153881079	0.0769183203381183	100
-0.025241923245051	0.383024020204711	14
0.061113789150378	1.75546199567941	148
-0.082220541651989	0.238012128846717	22
0.012910795239775	0.149753800057117	11
0.010035779703148	0.247065739897944	28
0.087312936156046	0.269752243916992	22
0.091005342007957	0.26447379440055	22
0.008897499437589	0.220223530221795	22
-0.051861178695145	0.523727428721479	22
-0.030171780212611	0.165953414220406	100
0.034811553615305	0.144772327135528	14
0.062304512800709	0.315100121614809	14
0.083763395487005	0.154730429481535	14
0.119681980957164	0.0995331134814573	24
-0.042011959485084	0.459163542664419	24
0.090636116398875	0.17460244811444	22
-0.012678173897465	0.260863933672439	22
-0.057918126520984	0.563463519144568	22
0.062702696154662	0.245169206822891	22
0.123766161958698	0.0684447344879474	100
0.065592199766796	0.0879107420651927	46
0.048481265717634	0.346276276499823	24
0.10613999104879	0.271859034359671	22
-0.075522276137376	0.218164814866346	22
0.116530992043774	0.169873228479852	22
0.10682654332923	0.166849697149431	22
-0.058826951280058	0.501690218951982	22
0.013585217154484	0.112865336637286	100
0.108067405338958	0.250333241911164	14
0.010664503781091	0.353058646414388	14
0.045658978969124	2.0131867284532	148
-0.00192056462177997	2.3065263511888	148
-0.09693366871543	1.75245381899236	148
-0.030368522884146	0.249881600221357	46
0.05765228240754	0.0924795293312762	46
-0.068596866269468	0.183836515405967	46
0.062981560697668	0.0942393746799656	24
0.087832752139859	0.0868835172694948	24
0.009759977305455	0.306547442052925	24
0.066169912372233	0.386463925273368	22
-0.013078480770693	0.294900901059028	22
0.054427634619911	0.170809972306559	22
-0.079429950897144	0.556431312003809	22
-0.084510296977423	0.424431364765908	100
0.065351506654339	0.128603548778754	14
0.075759856136027	0.344529889859379	14
-0.089636987308431	0.606954117677127	14
0.10988185748587	1.15222770876562	148
0.039791891612291	0.136029739963547	39
0.014415045982624	0.15179923000904	46
-0.040612058936101	0.125332275260982	24
0.03893228543387	0.204598019553098	24
0.087332415187522	0.118284909472414	24
-0.051026463662235	0.736150402928071	24
-0.025924650737031	0.723977347423372	24
-0.08495629564352	0.446686741945658	22
0.088575936109263	0.118768161289503	22
0.050843703259318	0.244677615731034	22
-0.029490471278739	0.171471492262504	100
0.014772824801727	0.18132406362446	14
-0.112840421056337	0.502473732224829	100
0.03088169861596	0.141953580299583	46
-0.06920368730122	1.00308419378946	24
-0.079669484038029	0.949666533005359	24
-0.082678043074277	1.02063104836989	24
0.033007146360948	0.19801716653466	22
-0.00645235992041199	0.529945232077932	100
0.08939059870189	0.270999034663608	100
0.039026053085445	0.262830738928233	100
-0.118642957625751	0.832693758972867	100
0.085711825037624	0.172505848419843	100
0.01892063012772	0.254846478301373	100
0.114575344607583	0.0736782797477977	100
-0.123680400001942	0.263497660250881	100
0.00743833228780499	0.1594598399722	100
0.109286082510983	0.12352294876886	14
-0.082268666878036	0.452926312600154	100
0.112371388888693	0.102708377529919	100
-0.040500050384509	0.389409813854772	100
0.10073038813911	0.142647895011463	100
0.103466711041746	0.234492318121435	100
-0.06844809798856	0.938299418564423	100
-0.083759918990942	0.71932933159745	46
-0.05658102946466	0.585532517342216	46
0.093970966440219	0.207163774417106	46
0.020212839332966	0.37201447011462	24
-0.064701912906836	0.657620394800236	24
0.01794698278481	0.476673734788761	24
-0.097697993077092	0.925401737635405	24
-0.116297508998097	1.00751976998966	24
0.108243466640184	0.250433217822096	22
-0.095397872990872	0.81839154176534	22
0.022943154696786	0.583714450209485	22
0.070718328385434	0.448049558568344	22
0.020529925098544	0.528183569533048	22
0.019246229658958	0.501189874136345	22
-0.038181944571172	0.760561246801826	100
-0.014292682210254	0.693048908042717	100
-0.11471795513596	1.16697746159683	100
0.029079646311846	0.370310607493803	100
0.061778203846515	0.30007773046837	100
-0.047753907054422	0.675220830479689	100
0.046057747416954	0.42744448459395	100
-0.041145249724876	0.758708053755947	100
-0.043227531039194	0.643846673801107	100
-0.00959114089739998	0.509181136364248	100
-0.018708222363723	0.455658105987961	100
-0.025598637369023	1.16286305918791	46
-0.115037379448287	1.19121280706234	524
0.087680108429807	0.287130494982798	46
-0.095201932806282	0.775091200558492	46
-0.00211265061083998	0.394215875275374	24
-0.043458093018754	0.663106357468615	24
0.063405340795579	0.351200814471026	22
-0.043494653739935	0.731787079825709	22
-0.058875907782704	0.922793494608364	22
0.047971740124295	0.480117148106024	22
0.017080263668001	0.601702524984148	22
0.055515615447026	0.41426013544811	22
-0.00947040154224799	0.694701678278486	22
-0.087559103019224	0.962773677390397	100
0.059604089817923	0.421628286818259	100
0.103585639636612	0.26722455107496	100
-0.063903071831818	0.653730340958466	100
0.060759833475383	0.339319831843418	100
-0.00074790930153501	0.590906108005402	100
0.034523984734545	0.495654258799171	100
-0.027144975824667	0.750291140354522	100
-0.011551010918966	0.686175539997788	100
0.062842950633456	0.387150117862966	100
0.00318264209376501	0.531350679649271	100
-0.020103317421032	0.621090951639223	100
0.092668691955678	0.252772533671551	100
0.049807926828353	1.58921141076003	46
0.00502345538092899	0.62189573178369	524
-0.020123613527756	0.603406673868336	46
0.018431224425944	0.290638520935203	46
0.097354138960715	0.394268008993507	22
-0.092686938650396	1.07899261385795	22
0.012042740942421	0.554405931737089	22
0.020020097945869	0.613408180905722	22
-0.019246278777285	0.71206850099437	22
-0.121941118666714	1.02897365430003	22
0.037529041751718	0.399001428095368	22
-0.025644265261226	0.676133405447317	100
-0.123052303190778	0.89191095308328	100
-0.107819738740979	0.495284972899922	100
-0.108198230930283	0.863453566397771	100
0.105516833062775	0.227361955454533	100
0.062274561449482	0.333300066977603	100
0.010000947792291	1.21338673361497	524
0.037282908770671	0.914499752060192	524
-0.016066917254233	1.04392555424716	524
-0.104009966098174	1.43780539597706	524
-0.069587630601632	1.04545782606982	524
0.043477264890806	0.451022740093462	46
0.112524240546459	0.240920315023868	46
0.047755353641557	0.423418960147159	46
-0.08984743172644	0.861513444852845	24
0.089758076414572	0.363523235434796	24
-0.09020072789857	0.972745197550923	24
0.032442903373848	0.415582224818798	22
-0.017867405898437	0.512115549892755	22
0.106465273958935	0.238565647496415	22
-0.00918470478407701	0.56954731788848	22
-0.07328855703252	0.7717439785826	22
0.045254402930123	0.379885447723485	22
0.00061467345973501	0.4778670279959	22
0.046569826840773	0.392035399196985	22
-0.024263981898179	0.564227001822855	100
0.086942465408308	0.28239586428295	100
-0.074661304664286	0.820892078088825	100
-0.113174563987976	0.852316817892929	14
-0.060396158756759	0.7021254152999	14
0.101226153964926	0.182305555660618	14
0.113653455623006	0.831382719744621	46
0.01605506195188	1.71207937433774	524
0.031650805304439	1.30670699784221	524
-0.076878512717255	1.77487456562143	524
0.00975006757164601	0.843652661242027	46
0.075591794516477	0.463655785903184	46
-0.036237881447258	1.0303265974079	46
-0.050056710511088	0.981614514162876	46
0.102848027450968	0.372672412906309	46
0.100855894999607	0.368085786775354	46
-0.032018859859286	0.741985678177638	46
0.114878770884995	0.280982745784933	24
0.080433810191481	0.192107668675771	22
-0.100663987234261	0.440640899233369	22
-0.061210690792997	0.322191908041344	22
-0.064096650841011	0.700262899429788	22
0.082155599326847	0.420116409476955	14
0.119952591657899	0.747116751718263	46
0.029498180306993	1.4329946174072	524
0.00736735639713301	1.34902202993251	524
-0.041940415078645	1.5004207995756	524
-0.021757863865899	1.26259065114174	524
0.067587654382564	0.586373284578894	46
0.077966159792995	0.361701803436806	46
-0.010996499035005	0.439313936526381	24
-0.071548323066611	0.811960364534685	24
-0.097652054291247	0.906686222933347	24
0.015975008906622	0.228319493536731	22
-0.02826278063953	0.343467667245033	14
-0.048618492598843	0.555249884677336	14
0.052109030697381	0.207834804761147	14
0.08454308402281	0.364196055000681	100
-0.025547275141265	0.546434555811907	14
-0.094490375799688	0.710671243553047	14
-0.028679070771779	0.510262507120227	14
-0.031873555779867	0.455831609410971	146
-0.023061699513209	0.338009728510102	146
0.113249657739422	0.612132459364202	46
0.01903282174239	1.18001154720799	524
-0.020496512872844	1.47501333802705	524
-0.000301637939251975	1.1841748924345	524
-0.00957147440291001	1.0153853299331	524
-0.064733220380191	0.66314753372407	14
-0.104076602922557	0.763140600855182	14
0.031553066233025	0.413011226289236	146
0.111773050273642	0.201084398965641	146
0.123392959224331	0.608649697651453	46
-0.085238016526081	2.27294551297768	524
-0.00110262457902	1.40832218705872	524
0.065529738327213	0.815819142405377	46
-0.060382652789397	1.51905455493348	524
-0.041275407867196	0.617706924039089	46
-0.096655836779219	1.05713720276777	24
-0.013759958957546	0.423223271043177	24
-0.077492733184239	0.27780899098666	24
0.00575323937394701	0.188003169652618	22
-0.030518400815425	0.249565177025629	22
0.062400764974066	0.371420935669053	50
0.116719370676437	0.127909505546576	14
0.090612019897697	0.185041574901546	14
0.049565850086765	0.539581361842093	14
-0.060361886386357	0.939048452190432	14
0.108420490562607	0.278953174238159	14
-0.09589878021074	0.660410928104554	146
0.116759672621439	0.736785353272912	46
-0.019564519042222	1.6216562041595	524
0.047747955815126	0.977781504135557	46
0.020401150017747	0.987120019558493	46
0.105239021799697	0.457958530227042	46
0.00450400499291201	0.388575147837586	14
0.079937351517627	0.36945435734309	14
0.076247633353021	0.167106981832953	146
-0.122927335249441	2.48274656223434	46
0.122794586451717	0.436538430681677	46
0.031987215888172	0.820297711988146	46
0.110291230955418	0.248701527108657	46
-0.056273093134317	0.317422919736477	295
0.03051027978976	0.30208339882354	14
-0.08647582654973	0.441707159293929	14
-0.017443508876624	0.700345278296747	14
-0.084008786629671	0.994807216506653	14
0.120390636042381	0.199498728646642	14
0.037796193084677	1.19054162030159	46
-0.109595215220361	2.0633363962678	46
0.000286841893283013	0.614132848011761	46
0.030573468348435	0.553286103133084	46
-0.092190548042587	0.440739990419776	14
-0.071678774507299	0.389489411139961	199
0.061020408409807	0.28185763151108	199
0.052758070435134	0.240556713321454	14
0.090362213810318	0.733726360276036	46
0.067126469613751	0.584548945515328	46
0.070723398595801	0.516182478662081	46
0.063193473300632	0.225260295778034	14
-0.033643519150537	0.288254564320525	199
-0.016364450872719	0.313840120323396	199
-0.018121008476964	0.445867677036126	199
-0.01197671613953	0.66944344031924	199
0.116754013617946	0.30448326224546	46
0.038873317488941	0.196796101355492	199
0.093850384497352	0.258925411960606	199
0.11885568011952	0.40278148849409	46
0.054052981250719	0.299856056175712	199
-0.052045396816371	0.603214488345985	199
0.065135875399112	0.326274064185881	199
0.106271073528437	0.237913496840375	199
0.11615000454758	0.287727784212525	199
-0.10849531235793	1.00020377474376	199
-0.058641860537726	0.607862245105079	199
-0.09070900307686	0.546348281785194	14
0.065052735949545	0.762787919778828	46
-0.061789897460721	1.50367491753951	46
0.074432911489391	0.623334763812495	46
-0.098351107212519	1.4438182288009	46
0.085688320123388	0.350559492515217	46
0.040705116795111	0.285008623752169	199
0.078941583932986	0.282823875580988	199
-0.072036914707718	0.925600265700437	199
0.067763801361771	0.360945808279054	199
0.085515337458345	0.26649671764345	199
0.062474545083207	0.287429871563622	199
-0.121770081760762	0.35227323835313	199
-0.036327931693226	0.624587082478587	50
0.103775512117211	0.267592216931441	14
0.042073017830615	0.276440098018219	14
0.055784223026816	0.300159229781103	199
0.118560692573812	0.214690253083521	199
0.065697775769134	0.417278960771993	199
0.012653173598926	0.442789129182676	199
-0.105307918935931	0.862989378770611	199
-0.103729048771247	0.705723335639747	199
0.036185578126135	0.273757158012468	14
0.067117859032602	1.40062087139547	46
-0.116149831063751	2.45996887704151	697
0.110545660917339	0.213411430071615	14
0.116949673442231	0.142961892633789	199
0.116036812547184	0.177891595018538	199
-0.022965342116637	0.48542413922875	199
-0.004669149340986	0.605999401176247	199
0.092805180676083	0.237487501016568	199
-0.000360858834074995	0.463692050197653	199
0.051310493032596	0.3212739063027	199
0.027999542475982	1.33398175529502	697
0.054591934084227	1.02995734086765	697
-0.07775971439291	1.99466161465455	697
0.083192290556099	0.247583307511889	199
0.060065346965862	0.306735015105678	199
-0.067921016236842	0.523782924849166	199
0.071789089580931	0.235961063212589	199
0.027976865817197	0.254651866327989	199
0.087298683055917	0.868760373632215	697
0.085789770659967	0.782025713041376	697
0.050235360990985	0.905452400579891	697
-0.096144244219164	1.61951251419824	697
0.123444209511699	0.176119461260332	199
0.056437506718703	0.318093473655729	199
0.00642009161514201	0.543389509956634	199
0.027085745688119	0.178079473855378	199
-0.072888684619762	2.11600945378544	697
-0.062418374351986	1.43586970322893	697
0.085163665388621	0.480771855345725	697
0.114253712745993	0.101896624778956	50
0.018584046958034	0.255910141078789	14
-0.010464306322662	0.306441312598778	14
-0.080473372457037	1.90591785206295	697
-0.004309823737978	1.02868668547311	697
-0.076762141220146	1.37050519152639	697
-0.061598082502011	1.68208634488842	697
0.10750566642832	0.157082020451038	14
0.116093241583739	0.208835031233677	14
0.072320876438815	0.842415504046653	46
-0.121090818862753	1.93798876528718	697
0.01790134105107	0.912190610054009	697
-0.112548137242585	1.47523510559934	46
0.00737608225891201	0.403173821880129	14
0.061453255999099	0.243196558320555	14
-0.00898555320422201	0.440720760953395	199
-0.098735556123557	2.43573294034803	697
-0.076017970298584	1.27983100091402	46
-0.070415637338993	0.47149408697327	14
-0.117944120713182	0.66083525915294	14
0.054195998331747	0.448437394282911	14
0.086063890036838	0.119719312410134	199
0.109873222130184	0.664619398186399	46
0.12076320811102	0.562986788798434	46
-0.118517786173983	1.64437942815817	46
0.105204510170443	0.210133079828391	199
0.050760567172444	0.325355093849293	199
-0.014535707991204	0.569528825608237	199
0.11821543376505	0.207678836261167	199
-0.115329567973873	0.756902673533092	199
0.056573667654147	1.20726728397943	46
-0.099470157861261	1.87777096711715	46
-0.101290349611278	0.700105873261769	14
0.076188682313875	0.292942576116791	199
0.035282938957027	0.34004400750365	199
-0.00251910136146899	0.385984489204545	199
0.071609205536449	1.09256303092987	46
-0.070353864856032	2.10966668041501	46
-0.070409557208029	0.704970192275347	199
0.05069829894943	0.338985042672537	199
0.012478655903455	0.341994378412127	199
0.085536907808257	0.975139634315189	46
0.070192002114552	0.304706731948142	199
-0.091238885795024	0.677439431629496	199
-0.027215010144321	0.610990272467999	199
-0.097583624614347	0.848570288958115	14
0.107761727904497	0.274049021428994	199
0.046807813197363	0.398465493629548	199
0.069193088579032	0.287217382727927	199
0.081394843219588	0.305096704434521	199
0.088748991354707	0.352684864074015	199
-0.00325691450897703	0.547218253355238	199
0.023613422578236	0.441294244185097	199
-0.044938745887682	0.651416451519473	199
0.010080988035844	0.610712771743227	167
-0.085318974447501	1.08236240887809	167
-0.025512892793992	0.56671802905515	199
0.070080230198348	0.288146387037082	199
0.103901698412863	0.15811988986043	199
-0.113095737867967	0.582635110637978	199
0.025308239929811	0.369521604318845	199
-0.048475330354094	0.730902360916708	199
0.00966634372604899	0.607560522523605	199
-0.052915229797319	0.468085928836833	199
-0.020549054204267	0.549556288665512	199
-0.096330492408971	1.63469262045611	167
0.041957458291586	0.468609692163421	167
-0.02850677758886	0.564398194376009	167
0.118591687662244	0.309015200183057	167
-0.018838149604107	0.842007187372341	167
-0.054809130901868	0.90492714960688	167
-0.00957081984229302	0.259969720202972	199
0.087204039332682	0.301547335709629	199
0.051339688872824	0.554562188828156	199
-0.122018447923845	0.868903378671433	199
0.087131200148354	0.225509052547052	199
0.03970664708194	1.86907589281412	46
0.056460428918167	0.394852647943687	46
-0.053772872474714	1.1657781141702	167
-0.086170777682128	1.22548695668745	167
0.07242354129391	0.435423933154356	167
0.048165852389876	0.335343473090685	167
0.106394352752516	0.238198795026676	199
0.05680669084731	0.256261787415721	199
0.042480482081355	0.188857430048108	199
-0.027760363846598	0.477744666013086	619
-0.00891729964971999	0.321062664101792	199
0.124311692820544	0.234401204637444	199
0.011492737557997	1.68225455540821	46
0.031207902418593	0.621460234882294	167
0.082540118455572	0.383044310302079	167
0.047140485380166	0.379807204768576	167
0.059344469792049	0.251759557718305	199
-0.062951539027348	0.409658988760272	619
0.11393581665445	0.17144170576484	199
0.069025062238841	0.331925852207492	199
0.045257868020038	0.46636356196545	199
-0.00657876239511901	0.390283630475629	619
-0.00474882898847001	1.75105219919632	46
-0.078400234520738	1.29797598385029	167
-0.094796891009752	1.22611915759956	167
0.106498353258483	0.374342425037754	167
-0.068093296655345	0.436366883216101	199
-0.018745809371227	0.256085375564716	619
0.070892757864569	0.218195170521548	199
0.10799441855699	0.237676771589191	199
0.081524783414715	1.32140018083594	46
0.026851615703777	0.937333207162684	46
0.064607925978529	0.636920838576089	46
-0.054090756680409	1.1438125446582	167
-0.037594522948159	0.466116155064381	199
0.04654998221765	0.190056085269733	619
0.045603671091463	0.370371330994475	619
0.017190702038848	0.495929046336548	199
-0.023227359180643	0.368607015031114	199
0.11573525031975	0.975915687624477	46
0.022031919195296	0.866664588830026	46
0.090602839204446	0.503426816673181	46
-0.065359560095149	1.58962209659547	167
-0.06866748067318	0.820176968830547	619
0.115885553455751	0.935163642364231	46
-0.00308900498150799	0.996457360508595	46
-0.030454545246859	1.4744056413909	167
0.113025732208097	0.301531911865947	46
-0.010364127150592	0.699947193102837	619
0.070382389622869	0.223832238000817	619
0.050087533872179	1.51179128980739	46
0.107187597604388	0.444433558741111	46
-0.109265426806319	2.21976410700037	167
0.010522950579958	0.850711476450739	46
0.054759531427383	0.438782234766744	46
-0.068263276262591	0.888634761427163	619
0.071921934543044	1.32503647653662	46
0.057136427586966	0.990601260716421	46
0.058648506963313	1.56253119091991	46
-0.030839116133945	0.580480614690512	619
0.00162379036430199	0.623213068673744	619
0.081940380089635	1.46667098502136	92
0.0849044002458	0.787034787738711	92
0.118547185566467	0.211133584268746	92
-0.041676613643021	0.744620628832638	619
-0.091759560240772	0.960401979038076	619
0.077416878015017	0.229511832114171	619
0.00941818246124199	2.35002690042465	92
0.065001722029874	0.457137203146091	619
0.012296967981574	0.498425680055576	619
-0.062963704247752	0.737894843429234	619
0.090300006699214	0.307870340204907	619
0.071618067562496	0.369546822541915	619
0.023198554092954	1.99486182635557	92
-0.031292125177327	0.745774375091322	619
0.085232661231173	0.289955634785333	619
0.085759926656421	0.368370993443056	619
0.084358839129367	0.698573708138584	63
-0.00311194509861301	1.23952262652038	63
0.120081573557029	0.280600198450258	63
0.062144444422713	0.355457680565695	63
-0.104905155443698	1.11032100219062	63
-0.023936970520721	0.699042499071125	619
0.08983380325914	0.440779949650987	63
0.100921517617557	0.38321720791654	63
0.062547196503805	0.8260251934973	63
0.092359931354179	0.325465516231687	63
0.079679965632262	0.246651883463064	63
-0.083073116697657	1.74445819621862	63
-0.067440389569556	1.44692074545303	63
0.016771629926148	0.999648806727619	63
0.111724702799528	0.420172737584351	63
-0.054165335239018	0.966409877274241	63
-0.028577645898388	1.00183920124883	63
0.082079868519563	0.402053739660124	63
-0.121874769019043	0.76632387057962	63
0.00308222613294401	2.08116794650055	63
-0.023602811782046	1.42329333819792	63
0.048378365858005	0.77198742015777	63
0.120491779033302	0.444758704544673	63
0.105544486874643	0.391599724521601	63
0.047386687553773	0.559162802843687	63
-0.0321967326798	0.512936743158799	63
-0.054339738920957	1.51428694292904	63
-0.00543526137200201	1.13899584610682	63
0.077687210169668	0.509413248007545	63
-0.074422102862151	1.050700101	63
-0.02500746934438	0.919432847618809	63
0.102170694762207	0.326574686081763	63
0.02777167219561	0.525539165275666	63
-0.053327271077231	1.96110893404294	63
0.05814985794288	0.683434861391376	63
0.048251675913169	0.558243820875235	63
-0.07069325200377	1.02616262583841	63
0.095558963735636	0.402541506711626	63
0.080758543701041	0.329961920220312	63
0.119434716497127	0.289383387360263	63
0.121691757540708	0.267284385630761	63
-0.043424888865104	0.885621526296003	63
0.076548464737016	1.44786528312387	63
0.057712979230618	0.777494955323607	63
-0.065059360492819	1.610262157066	63
0.029731561200805	0.529377490496476	63
0.091087735106118	0.303607083658909	63
0.039619700319599	1.91095091295666	63
-0.0137643175034	2.08528307192248	63
-0.013774849361967	1.82376906038162	63
0.06359772122368	0.611201608681504	63
0.039556931282129	1.64140989288554	63
-0.070049418422691	1.7620602029828	63
0.106978311338408	0.495148952948211	63
0.091758233692069	0.396305048108904	63
-0.031075565733314	1.71476299304439	63
0.076370676300101	0.658342671521105	63
0.030049991931107	0.433332419447939	63
0.123248272593495	0.809738301447876	63
0.094340972049578	0.620045494468679	63
0.040392530469721	1.69908977468338	63
0.00110015500821001	1.78134634670531	63
