x	y	clickSelects
0.101702597363458	0.362175790617313	128
-0.114969351906738	0.113670512741161	128
-0.110005967286349	0.111533901666804	169
-0.047253438755382	0.275003338248283	65
0.09394631972194	0.218320029925102	358
-0.119386017446488	0.138026207486815	358
-0.034612540393177	0.261477601277996	40
-0.049245465845334	0.240779106621111	40
-0.039786926751494	0.238187470161071	40
-0.056784441887271	0.222202945388788	47
-0.017334069995147	0.119891423228904	52
0.028479810720673	0.284841973401009	52
-0.004876831494777	0.187642083779707	250
0.011897210238645	0.126290809501059	2
0.124796376927913	0.23639246661402	2
-0.047355723545326	0.214739591122121	2
-0.020611055167271	0.114916622593788	115
-0.049993960236044	0.200597823472091	115
-0.099330016818228	0.143539248292752	115
-0.117145290724984	0.105563941450788	115
0.028350998127024	0.275265024403429	42
-0.037663399113215	0.116970093680869	42
0.088078699583588	0.323318662214552	49
-0.03152806817122	0.191757838871841	35
0.08572719999136	0.277239371177489	35
-0.108179979370573	0.105245723096034	35
-0.051798100268265	0.195110787455343	35
0.058125200120433	0.334207131975019	35
-0.018060932611398	0.179793012404922	35
0.036509713522457	1.06582747484947	128
-0.002754932738569	0.489440472952737	169
0.05624756821356	0.512838210234297	169
-0.004788477950182	0.387469093392467	65
-0.097381747361618	0.275568396065273	178
-0.111857312123039	0.238280440527299	178
-0.095328420791026	0.275602538182644	40
0.086536763873374	0.4509698710022	40
-0.041881688430584	0.22595136728267	47
0.047122823845925	0.681140956898162	47
0.03750189103935	0.506186100571577	47
0.047655974177681	0.272755640788478	57
-0.100847158253873	0.149256907072138	57
-0.114926996536858	0.183679408775237	57
-0.123878164156548	0.149412743175309	57
-0.04168377196137	0.392461777410325	57
-0.121673041630673	0.158593947796746	30
-0.11591208251737	0.115484553761352	2
-0.095939807285283	0.209234371001497	2
-0.038518646188658	0.215044937102419	115
-0.04781220154255	0.207404909815948	115
0.070725450520497	0.359871085205345	115
-0.055716357534265	0.180016188120284	180
0.025918056504498	0.364560538305946	42
-0.060153876496045	0.247800992151223	49
-0.01127266607677	0.369445029402214	35
0.044021626449984	0.369739900655347	35
-0.053596674289829	0.192366568831503	49
0.0116421888129	0.47174531414435	35
-0.048956784174626	0.21045288267537	35
0.029027255753941	2.29854481567612	128
-0.02601447277676	1.23210962197734	128
0.073210058550601	0.52084348509163	65
-0.085808152047259	0.193015165765804	65
0.033681002057741	0.546918760907334	178
-0.094259156483844	0.231241957663734	178
-0.019398155044818	0.420849234960687	178
-0.02830634535562	0.209633388804089	178
-0.093091434139133	0.164181485078976	178
-0.00550697334483299	0.306076130040166	40
0.08243104409591	0.450186245738423	47
-0.085299929946158	0.192638182217495	40
-0.040700715492388	0.213058708052167	47
0.015610851107655	0.260020999636842	47
0.051992242432066	0.354464123192733	47
-0.037280911742641	0.307861643419039	47
-0.079632565781221	0.349660683713835	47
-0.103954694480171	0.254256154792052	47
0.110619775701822	0.786958356701982	47
0.023300236359987	0.537503780202682	47
-0.119377937465619	0.113060529268061	47
-0.120197993234921	0.109916938671407	47
0.062278510923828	0.280296802903748	246
0.00918285600427998	0.289433554792623	57
-0.123400422955104	0.141204249359805	30
-0.00589748373019999	0.326614604547612	30
0.024938172161719	0.470457917166964	30
-0.116175929164045	0.187330787973408	57
-0.022577845064651	0.442286726259261	57
-0.116666328567184	0.225870289526258	250
0.068443342932794	0.36460936501837	250
-0.039954652876455	0.364797855539514	250
0.010467811891041	0.478048013178581	2
-0.01323522201802	0.443113874158428	115
-0.089813555210792	0.270446798095245	115
-0.050815998969244	0.183225514576004	115
0.00262844659697498	0.188371714507545	113
-0.124340129426641	0.0963046945912827	180
0.010307629110995	0.341665831749266	180
-0.017488239592992	0.437803057535502	42
-0.124014931523427	0.14301160190732	49
-0.048571712055226	0.256303612007657	49
-0.109841800768282	0.111121835515631	49
0.1088013072487	0.418919239102671	35
0.069442918276863	0.463426547635549	35
0.068181789111572	0.704145573257705	35
-0.016439278831642	0.465158823738945	65
-0.031993780822266	0.350130101606289	65
-0.001325396767478	0.296887364876385	65
-0.072287669387573	0.314024681156344	65
0.030775952764792	0.712952664033525	178
0.058391631289215	0.593230565424806	178
0.010451413908945	0.515299242518363	178
-0.015457539264238	0.511042651545324	178
0.06911996848837	0.661198639357306	178
-0.00331793811772299	0.443105332304614	178
0.041180918908002	0.338326393008027	178
0.016420734630751	0.275219623086377	178
0.123676316474103	0.446982637750374	40
-0.068366991467149	0.236787841314547	40
0.00201714117555002	0.50171592814592	47
-0.084794078285007	0.245688922855099	47
0.024132556283707	0.476386470450035	47
0.039443439962657	0.398211955170757	47
-0.044621263508938	0.289761941705196	47
-0.047387107050403	0.37859195787057	47
0.112477201126143	0.533414847299562	47
-0.044808606849494	0.176758948705488	47
0.08379186231125	0.655442686380711	47
0.114441517632692	0.810411954652411	47
-0.058525148405173	0.353317972665731	47
-0.101619077933892	0.18758827732164	40
-0.00717545958542801	0.485066972766391	47
0.039601036011883	0.527633357972197	47
0.01197213768184	0.519816369700075	47
0.035746734456606	0.632607781748697	47
0.041082349839029	0.506327295852312	47
-0.012128798641188	0.266969734170422	57
-0.072339793163449	0.276249069850817	30
0.102164068199262	0.543904026742953	30
-0.114396703866831	0.221200726956522	30
-0.054743708467571	0.321278402634062	57
-0.110229631520096	0.176635396702888	57
-0.047039275048608	0.242467603436796	250
-0.016318421925417	0.273153901072996	250
-0.022536172827376	0.318217093517136	250
-0.100929700040311	0.225745116417005	250
-0.109014170164612	0.225202289222028	250
-0.10771220284463	0.174953811298847	250
-0.061993290414854	0.30966665814602	250
0.086492469259453	0.710767368260776	250
-0.060609734419927	0.327425705333865	250
0.069685460922873	0.591123366953939	250
-0.054597906770398	0.192378367817113	250
-0.02664039222286	0.301744251737784	250
0.02963779635187	0.430652647128326	250
-0.111750355484459	0.234602064817819	115
-0.072767617509293	0.210602349365304	115
0.025007145945574	0.450379750894214	115
-0.105825046063953	0.262963729565392	2
0.034008591671693	0.600217301977415	115
-0.050680224260585	0.191923586668861	180
0.087914460142955	0.340940657692686	180
-0.047807645780265	0.193244935463953	113
-0.021201635230141	0.186904429577483	180
0.012310039224566	0.367847519562653	180
-0.119866864575977	0.160903154685419	180
0.015434565038587	0.354902055760233	180
0.068197321930875	0.535659381284193	49
0.073252892425804	0.549712340114768	49
0.017031405584703	0.484247885052842	35
-0.00702734855061199	0.41798535999388	49
-0.092052906773742	0.218748390374762	49
-0.02453675822341	0.311766568008235	49
-0.069026742098563	0.231788057055029	213
-0.008955362251127	0.312128834405278	213
0.113375092376335	0.467695931694503	213
0.076045862340471	0.612815389522615	35
-0.048558146394407	1.94671881701832	128
-0.066027559337471	1.3226004976626	128
-0.075205692966622	0.998427496458852	128
-0.00198058035806101	0.710377440203492	65
-0.052867345967101	0.384845008674602	65
-0.070315678460934	0.26979981028362	65
-0.032159315389588	0.449387229706948	65
0.015297874568098	0.271206280833687	65
0.051464034313386	0.488385044223462	65
0.023487300785364	0.543869875874283	178
-0.028140694082702	0.404802440909627	178
0.046228134099289	0.206909718915683	178
0.063488856295287	0.52306884437319	40
0.115297254798575	0.290658289454312	40
-0.042354259392379	0.288800614626551	47
0.033529863214162	0.377956817589291	47
0.049103759610444	0.269396893332786	47
0.00351717613201602	0.461159200202162	47
0.103799151813097	0.437627458054654	47
-0.103859880998588	0.100279666591466	47
0.119082623998641	0.447956544419089	47
0.07354637634645	0.361696738864263	47
0.078794509884502	0.357048975002539	47
-0.034298788420646	0.299262889520331	47
0.073363869487574	0.357654517018453	47
0.124414959712	0.223431837330895	76
0.00603598220091101	0.27352661603065	57
-0.009379298121234	0.368009131717215	30
-0.048746084047412	0.175804609859597	30
0.0375207183974	0.372027222065455	30
-0.077342411592524	0.276182764487376	30
0.059709886935841	0.25303241724603	30
-0.043658614681057	0.200037747792183	57
0.053298163162911	0.501189346263199	250
-0.00264802010540499	0.2876690451546	250
0.092092583451083	0.553182867334911	250
0.060716149308972	0.463328693022036	250
-0.018334312102751	0.303653202246948	115
-0.089995126856053	0.261544343522542	2
-0.091627425128586	0.10141638637144	115
-0.115967556401205	0.0955786587711813	115
0.091498771975183	0.280708394619536	180
0.021119177184816	0.453079489152983	180
-0.03634004287014	0.361315635273896	49
0.073975953331939	0.599030417311131	49
-0.04853869844194	0.191174606590316	49
0.049522176891647	0.314666376122668	49
-0.00471497862053699	0.311265699336387	49
-0.112515550197735	0.123948576666899	49
-0.108215946945287	0.101692251954168	49
0.040641230975306	0.198184378222726	213
-0.060793474877404	0.184266311899771	213
-0.058863390587823	0.212030260266728	213
0.045428611076188	1.99187303873048	128
-0.011095022452225	0.999754415927963	65
0.020716191694339	0.966730756797765	65
-0.115658868253179	0.353296600451981	65
0.04847330836873	0.441811444682897	65
-0.124580720286918	0.286849825696637	65
-0.071920174970496	0.525460230728967	65
-0.100281510028936	0.333150196434882	65
0.075675552375031	0.52419245755449	65
-0.066534962168984	0.334169037714178	65
0.0714369291795	1.0314942314502	178
-0.120002498634643	0.192136544817911	178
0.000659525492406998	0.332110875504301	178
-0.062400416274151	0.273432825286557	178
-0.027539038103001	0.396754084483566	178
-0.06032961150502	0.162637960164153	178
0.073296423837577	0.498716430695632	47
-0.012472870078272	0.35650390811272	47
0.012302197605809	0.193000274814587	47
0.058910242863002	0.276544084445636	47
0.09515216217046	0.258202953252383	47
-0.113863560127058	0.221344998524697	47
0.108726402823278	0.745001478085424	47
0.09067418260078	0.209041116618189	47
-0.088379407528988	0.104016064554113	47
-0.042329473874439	0.208123151701812	47
0.065171618552478	0.348392805097294	47
-0.017825142921428	0.444988053703354	47
0.056134073247682	0.137608110997998	76
-0.05462594602394	0.112999297771119	57
-0.089207135084771	0.10100209221609	30
0.068641885854133	0.212307106785284	30
-0.041628427384454	0.201856084159412	30
0.076789392746816	0.766906286415543	30
0.014503014411576	0.653797649501815	30
0.032723157878976	0.572109582891822	30
0.034020156225467	0.398253610121286	30
0.089539345217093	0.413757963626306	30
0.096620299848272	0.277954993747	30
0.096539809385412	0.447933308562472	30
0.042305639500287	0.643501921587748	30
-0.039638556393247	0.384117883160445	220
0.102177778647704	0.798423102248523	57
-0.100115460004527	0.103649649989684	57
-0.029972953151053	0.11333829772449	57
0.02955204049944	0.415216083034104	250
-0.057090754243425	0.189967103099385	250
-0.118715443556097	0.23249933804237	250
-0.111266133611277	0.223394706588948	250
-0.00715719394131401	0.305792780659273	250
0.045710836412038	0.12548746499995	250
0.115569558395114	0.735496595155419	250
0.061778641827406	0.36023698250174	115
-0.041936721450795	0.2265672014454	115
-0.115015240284317	0.123626582628152	115
-0.032140425895471	0.256282755521424	115
-0.048499372413552	0.104701066032528	180
-0.021344496355673	0.119092828582985	180
-0.108380463537859	0.115699085417584	180
-0.07497701766234	0.105664137595871	42
0.040305342781497	0.628894997792421	49
0.111018787824502	0.720842968762534	49
-0.076188798836387	0.178495294338713	49
-0.102486683331169	0.100558207341468	49
0.029598059289803	0.260848282723613	213
0.038755688552536	0.269395271788578	213
-0.019004675533216	1.70277346511247	128
-0.017175640671375	0.97567114651461	65
-0.016891446249452	0.77468502284986	65
-0.111527331582972	0.351705326100934	65
-0.00991262078811	0.675199039559932	65
-0.052281435853962	0.25438782499141	65
-0.00581034786824	0.179778561416574	65
0.029554298158306	0.265485959004994	65
0.120943382978768	1.30160499629711	65
-0.059782269493259	0.296459042832679	65
-0.050789108179777	0.477012189957458	178
-0.105711205475531	0.235977062768064	178
0.092114635024983	0.226211933525728	178
0.116482015464578	0.219867428197186	178
0.063491127301676	0.273499528937358	47
0.109853068037163	0.357596999249561	47
0.109085125858691	0.766619634630407	47
-0.086047840851074	0.233055579764934	47
0.026720837831375	0.417489861007789	47
0.023074863867123	0.269367481816662	47
0.100866800767868	0.287718683281138	47
-0.070453893300172	0.103591618798586	47
0.076621727992966	0.644215440175049	47
0.104168058679284	0.657930137540461	47
0.059968296357485	0.20528207852698	47
-0.07611528665368	0.111791896890205	47
0.062044689082833	0.212737058049823	47
0.073740507733453	0.211919867022261	47
-0.093901188993548	0.183034474095074	47
-0.021992533943604	0.428091305306087	47
-0.112575734466033	0.118068544306078	30
0.042308232225326	0.259774819066226	30
-0.091665855160021	0.104477818814042	30
-0.023184821184669	0.526279216896185	30
0.015204555816526	0.357189801030495	30
-0.021200455233414	0.183067474478525	30
0.099037830541661	0.33147515753266	30
-0.078576587483013	0.207670634679634	30
0.079547092717927	0.483382698866431	57
-0.111444535177181	0.105383625557457	220
-0.039748697140375	0.354623947241248	250
-0.090777968198656	0.252132404709507	250
-0.073105144625205	0.249828348821705	250
0.106102099123887	0.423181919346843	373
0.022080241729565	0.271640700651747	250
-0.058510536369681	0.21709324845585	250
0.044140344703904	0.263158021196083	250
0.066321823062799	0.571490214495873	250
-0.040277875647297	0.234420521501525	250
0.00523785794922599	0.124265356975209	250
-0.015635645137731	0.171548727493743	250
0.015948742227715	0.522584831520052	250
0.013342773294092	0.489288052663043	250
0.100053766575329	0.355029723106046	2
0.078513918194351	0.408663357291438	115
-0.057479060374676	0.210674036210159	115
0.091702666220248	0.83254823387605	115
-0.014155592826223	0.433614752944785	115
0.07414503396578	0.880787259380521	115
-0.118523934444926	0.143295873258203	115
-0.01026631254992	0.422877026294405	115
0.051245420671354	0.137340966733397	180
0.009394175421027	0.124488917737131	180
0.080929215484772	0.664006732247699	180
-0.124935886035533	0.201290907631489	42
0.021324406705396	0.515900933986625	49
0.119229011903105	0.897287459583643	49
0.085117684733475	0.645067547712724	49
-0.055846529643166	0.113359796175279	49
0.063267579512697	0.201158517755564	49
0.111235465488456	0.425542458942864	49
0.075720638691762	0.601728055106587	49
-0.091404048688877	0.216261846769456	49
0.033692341094565	0.372050567542854	49
0.031197496980431	0.338975512950078	35
0.00955516214708002	0.409066706498447	49
0.052052675892771	0.206610691113539	49
-0.043969975590027	0.194471312819846	49
-0.038740806815971	0.217406494007086	213
0.011497057989719	0.12647659766132	744
-0.046755419030922	0.228467152343117	213
0.087320228752289	0.696779048030037	213
-0.03995066636121	1.07851303454292	65
0.027525795892065	1.35205180254049	65
-0.123427139467872	0.268319929425076	65
-0.083818530169804	0.322777087600976	65
0.089182834069543	0.582283116349366	65
-0.078116121604424	0.331837289349111	65
-0.04450071688372	0.378352268396183	65
0.013551785188652	0.508680088218729	65
-0.004843423145375	0.286033919650631	65
-0.070538178005497	0.291140567390394	65
-0.011151657413649	0.526472504256063	65
-0.029116661888196	0.349875376357161	178
0.012001061121299	0.482849452439356	178
-0.094505095950053	0.221315709161979	178
0.017559304287942	0.413584973205692	178
0.00997716931486598	0.257207435858424	178
-0.09852589354529	0.199942790950804	178
0.119221317202813	0.706946496729876	47
0.025354944094544	0.401749063785462	47
0.086833246991571	0.582486555825215	47
-0.073644168517688	0.251578678833654	47
-0.112494420217806	0.174424878508441	47
0.085870240687587	0.444182246130016	47
-0.12467183179604	0.105187843961651	47
-0.107308040250871	0.131877562737789	47
-0.087540286533418	0.202714569375314	47
-0.01498191514637	0.329794159719117	47
-0.071430093346309	0.242666296480571	47
0.066962736092589	0.440687366211896	47
0.011182445870288	0.287036422937865	47
-0.113467122667443	0.21339233519864	47
-0.11267105404331	0.114406043030993	5
0.06364985839479	0.446298219665354	30
-0.099155522134548	0.154711239587168	30
-0.035103503949116	0.241865097444949	30
-0.100164496009594	0.198129219696777	183
-0.12359244097467	0.150879973328247	183
0.044483009501467	0.54097331454939	30
-0.046337608875483	0.338626415429194	30
0.073819115880477	0.34811286945158	30
-0.026133173879389	0.351613659262798	220
0.074636853431072	0.352246195528216	220
-0.002393526866488	0.306083033829095	220
-0.00488240097343201	0.383038884207567	373
-0.046595730310448	0.321746801887448	250
0.047167629109408	0.573907590524246	250
-0.07018169601655	0.277162680033781	250
0.118325364007676	0.768585165547814	250
-0.075739976113138	0.224930970574713	250
0.028898039670597	0.279775110432294	250
-0.123952186021111	0.154240147259118	250
0.030035286525381	0.51987408068393	250
-0.066357587051743	0.307296885864416	250
-0.019987997949948	0.401942521996979	2
0.107382205181957	0.752972813203535	115
0.114359743330847	0.549296937434992	115
0.064920189395276	0.44446665768027	115
-0.013985868525846	0.342869835693246	115
0.018184046522126	0.50205555800607	115
-0.092769650473657	0.273311019037699	115
0.062527960322436	0.520557483855515	115
-0.110684760520952	0.172882222603496	115
-0.029689023199922	0.184469261813172	225
-0.107056253309965	0.10336973389024	180
0.092659281287388	0.340591894804578	180
0.030546693992869	0.260933700221793	180
0.037826831434184	0.202785204461146	180
0.043470216994279	0.196749186328428	180
0.078310469375925	0.343471205897389	180
-0.088727303320546	0.218957332320958	49
-0.110069525078997	0.137193662106938	49
-0.124816502837819	0.179545948722061	49
-0.085718237718544	0.213026073344144	49
-0.09035784577285	0.185963639926058	49
-0.121083815561895	0.11477494206338	49
-0.094715229092657	0.174648841058882	213
-0.092660276774718	0.217462308206602	213
0.075088937747098	0.371337307190026	213
-0.084060510796486	0.30271258426065	65
0.082037106721901	0.959566064623463	65
0.057259164339745	0.464733054805745	65
0.12150478230968	1.00588396429054	65
0.101266201603254	0.80220452122858	65
-0.08906364973043	0.182937525556039	65
0.092365338156423	0.761890422841284	65
0.064996210892147	0.483458779372508	178
0.086595264596072	0.675820690977973	178
0.010477054342269	0.467454366989265	178
-0.102087853587829	0.174194772420174	178
-0.116555208071375	0.111077335818777	178
-0.017496543201308	0.191939879070997	178
0.058697559881257	0.373820713849186	178
0.103892835599523	0.614443724449327	178
-0.107120306335647	0.116986546919692	40
-0.102312935624411	0.141554876895777	40
0.004361699196337	0.423085152874981	47
0.074637013083929	0.600720150581133	47
0.054258742022491	0.521000406479659	47
0.06518006040577	0.47857324504086	47
-0.004256281925727	0.259701676219222	47
-0.036925089530853	0.253182852749586	47
0.00208497874871599	0.193678482343769	47
-0.08508793867355	0.164060608978268	47
0.108576789144825	0.439899997409923	47
-0.083057036830644	0.213648407397287	47
-0.077760255405016	0.28585937508511	47
0.02205161722798	0.424869280359625	47
-0.024375880853886	0.265885740849217	47
0.00826718467549997	0.281947485407497	47
-0.074034164722909	0.1071414818497	47
-0.030045621090098	0.19149330975763	76
0.103469590024625	0.514758912325822	30
0.098901936237426	0.426163389704779	30
0.000360537760974	0.333234200696822	30
-0.01320219754281	0.354843912223759	30
-0.053917181753726	0.259236653123833	30
-0.027258788183807	0.350845180184698	30
-0.046317100102545	0.30966731118447	30
0.024050550978851	0.386725644193985	30
0.122252070357586	0.59124760962456	220
0.07461813467375	0.43868408164468	220
-0.011604973207852	0.389017056352983	220
0.039543996625151	0.394501378765354	220
-0.09759685477881	0.135196420025447	220
0.069370047647944	0.416023488559704	220
0.022539719230336	0.414370349219985	220
0.124309495421238	0.718088269925574	220
-0.00267234036501199	0.342502050225239	250
-0.104890480122511	0.22357785043963	8
-0.074763163264751	0.280919189653114	8
0.110552732669614	0.731718711998017	373
0.107895005857271	0.660717464341795	250
-0.030543195665424	0.37496935331236	250
-0.073536810150845	0.304246823888046	250
-0.053454102866359	0.308384316141276	115
-0.011259933191634	0.311396965752346	115
0.082251793586019	0.527166622850209	115
0.066800198217291	0.69245766805661	115
-0.110718869175863	0.242264265801259	115
-0.103563569973016	0.259622253404162	115
-0.022856311318727	0.47028414319013	115
-0.059400867873336	0.303170143835947	115
0.063663184232391	0.625692891204722	115
-0.091853240678901	0.104591864236336	180
0.02237033863937	0.267064628081695	180
0.084191269633542	0.210383319242147	180
-0.052785757705862	0.235637720046651	180
0.086650462078496	0.652070449872655	49
0.06979352469659	0.523099786653999	49
-0.076269242166308	0.214878768101904	49
0.0000120663651749786	0.251822144060531	49
0.032538006483989	0.39865800572804	49
-0.00312204320672599	0.390285971521505	49
0.098639259414236	0.620002516694553	49
0.020742330201641	0.4722728636303	49
-0.121227542918594	0.172343776749788	49
0.060036816940425	0.536607097121055	49
-0.00160176550594399	0.371890127526668	49
-0.104965936483384	0.21921948279948	49
-0.078531023910263	0.231080608934332	49
-0.031875150269132	0.207249925601639	213
0.097366866065968	0.530249572126507	213
-0.110636787804048	0.169497915488995	213
0.019890235260469	0.343281113719815	213
0.00764040147589101	0.275657378260534	213
0.000363737538154996	0.992122405868279	65
0.037488210940786	0.774891965996801	65
0.069036340875404	0.382879438433803	65
-0.033369740580753	0.462384963807552	65
0.058137929421378	0.707813585201782	65
-0.07600282580368	0.335949229609377	65
-0.023096377706009	0.378420098632159	65
0.093081581754163	0.417879682339229	178
-0.123067012402616	0.18368597638154	65
-0.072809232893139	0.104878883373358	178
-0.037191680088375	0.116316882745005	178
0.110664022295089	0.446150617107274	178
0.055811864586937	0.494467725624683	47
-0.10583012002481	0.181061537058731	47
0.077217088114854	0.48182799543498	47
-0.112321634889797	0.117603482252961	47
0.034114740610395	0.20378619092562	47
0.075159883420937	0.284750639448177	47
0.050608941310634	0.358089631001701	47
-0.122304981306061	0.170772569048702	47
0.018008270292776	0.257007765110687	47
0.064930240126563	0.620366715944512	47
-0.117377594132878	0.201226946287232	47
-0.110984168167121	0.106275760506197	47
-0.074920796561058	0.107806705356975	47
-0.025864339648352	0.114414311978111	5
-0.075387420864925	0.206976435023184	30
-0.00319787785095799	0.301026426809464	30
0.066315609430439	0.27354014137864	30
0.071099677808184	0.275824030619434	30
-0.105544771467681	0.111931739587812	183
0.114686603098003	0.275799746047302	183
-0.040036770179747	0.229336399427353	30
-0.105699728632568	0.227632030225352	220
-0.094322527242396	0.256367734555499	220
-0.047236009196516	0.329116138794024	220
0.022926791956967	0.380099539555128	220
-0.042405689195635	0.113055531098646	220
-0.080232728338317	0.21785181764478	250
0.080033343175522	0.693622829129976	250
0.109932130678328	0.389306300029991	250
0.009120652935865	0.459561337833942	250
-0.059920167161587	0.281680036427927	2
0.046313168713794	0.501394249839334	115
-0.045266731597635	0.220998674296396	115
-0.097890359003829	0.240149680221259	115
0.118283516360602	0.786619959504741	115
-0.011893327123471	0.352290032933235	115
0.04349677250618	0.20994236190751	180
-0.038884200856248	0.33519250362674	49
-0.059732156343931	0.221526980521546	49
-0.084109035902655	0.233304868169457	49
0.018012845962314	0.193568498870604	34
-0.011503255600362	0.296024340602072	213
0.033304775152042	0.350422773861822	67
-0.056699498280724	1.92677287487531	65
-0.010206057536009	2.00616718955522	65
0.049642707182252	1.33458049925637	65
-0.093113917061418	0.576039429423562	65
-0.032873202800854	0.478860142067596	65
-0.069482008602352	0.507543976424713	65
-0.03207698646376	0.189558091918472	178
0.059427596973629	0.271338422246059	178
-0.037481341626107	0.267290187821263	178
-0.013418989608097	0.186124869633035	65
0.059432419082355	0.204821312062286	40
0.014363508588613	0.199717659600422	47
-0.095767491999895	0.107684624996076	47
0.00903710122693901	0.305643573824176	47
0.061525400394309	0.480444270340851	47
-0.035860425613135	0.181313454281698	47
0.003587988734713	0.120694363696181	314
0.03590806825577	0.253933315403931	47
-0.068388354062146	0.100957360096316	161
-0.113649595477614	0.19090118821958	47
-0.035316693620575	0.184148451073986	47
0.010313025802859	0.432882282267196	47
0.120378318419203	0.325310037235563	47
0.00616602771672897	0.118934656936306	5
-0.112072572957862	0.0964651062168308	30
-0.052407190842627	0.178116080197822	183
-0.055969390462126	0.315124349915061	183
-0.110973200899077	0.179138704851579	183
-0.04954815066022	0.192305767181416	30
0.00671328889887901	0.421194931849116	220
-0.082942874427602	0.103870272963261	220
-0.013387001500927	0.343507806080602	250
0.096460878094359	0.567866468694534	344
0.12437847060896	0.146236980202704	221
-0.033506201713359	0.363007343960476	250
-0.075974168753491	0.213427308723019	115
0.000323863291360027	0.184897549164459	115
-0.100729489363999	0.205313644589368	115
0.094656821923274	0.209421942467167	225
0.00991495590129199	0.121102180332851	180
0.118052381884236	0.139850206906843	180
0.0568182993689	0.132810624148808	122
0.092582356823262	0.222429898492473	180
0.087436641146263	0.345501052077647	49
0.074562173312469	0.280983879235815	49
-0.00414318472240599	0.342751786763815	49
0.097992936596936	0.354057604018863	49
0.113650240486176	0.277008397107344	213
-0.0031641219795	0.307284044509056	67
0.00209308746301701	0.916204648440914	65
-0.00388344989961201	0.526532093544769	65
0.107696363265791	1.20941325247516	65
0.018768821240821	0.392474980249329	65
-0.07930843465549	0.413852617127325	65
-0.071533291945508	0.382539330894399	65
0.028195571619338	0.205617115221312	65
0.03197372674666	0.410051424976088	65
-0.090292447031753	0.193569752107861	65
0.021686534150122	0.199895714057995	65
-0.069871334462349	0.105121459242675	65
0.093053013203503	0.220103299740792	353
0.059191888925687	0.377805524077533	47
0.00807957593581599	0.184135117850607	47
0.123085008056877	0.500972512754231	47
0.028068456242662	0.254770636056875	47
-0.087527301976505	0.106124606968261	47
0.068136346301528	0.205753271362645	47
-0.088743945148916	0.108908483775793	47
-0.12076680624149	0.165398137062426	47
0.014984041454552	0.275073587393685	47
0.09133089342828	0.211484868699385	47
-0.042086031370128	0.232656708434536	47
-0.106418222616002	0.0968398618920471	47
-0.116530356178789	0.107072475096885	5
0.016385042553272	0.279424928447424	30
0.05532009624314	0.202160062860494	183
-0.111303780625817	0.118344319329156	30
-0.048298300069183	0.209356392546903	30
0.073575908566868	0.36729116071605	30
-0.062289061912952	0.288183430397114	220
-0.0688956993603	0.305268545280432	4
0.017154294448641	0.199600742782104	250
-0.04538041255832	0.216000269954602	250
0.068936085108325	0.457696426282194	250
-0.113627000166038	0.187682607714949	250
0.058849675474364	0.439186843096288	344
0.00914743480255498	0.438988323654536	225
-0.066566492232094	0.339284849245384	225
0.009394175421027	0.124488917737131	225
-0.039155510300999	0.11431509087986	225
-0.041159106722657	0.108933378216295	122
0.108732030610584	0.294687884119356	29
0.060307703003543	0.25209577160798	29
-0.05779041218584	0.184621862846272	49
-0.108594893148977	0.109866826478519	49
-0.096562345253061	0.109757989542681	34
-0.091852486958013	0.106477405977367	213
-0.111183405511384	0.117965676689855	67
-0.046439899786526	1.12701072225359	65
0.062345645479554	1.28707304948476	65
-0.1105003707956	0.292890551586798	65
-0.000069456380741989	0.737710252156534	65
-0.041815223066626	0.624175757046928	65
-0.023172956913156	0.550895887320788	65
-0.044933361756016	0.270249043214101	65
-0.100594879998367	0.108933492482509	65
-0.038694998991097	0.393223766875509	65
-0.021291884234785	0.670463068728493	65
-0.077929587491192	0.33588476063486	65
-0.058978061327653	0.240087972811309	65
0.071346202417014	0.327189999695665	65
-0.123972015408747	0.10585879308766	65
-0.039387909864455	0.231312851189191	65
-0.082633579930033	0.20846445722646	65
-0.089063923172246	0.101478968656817	65
0.047766982292008	0.369315970698218	65
0.105681631290474	0.403581714978384	47
0.086104537132646	0.461462156619742	47
-0.040053674393115	0.203515271019269	47
-0.038506123231258	0.305628948598814	47
0.116744320979681	0.139999603435745	47
-0.056524328053943	0.279146800985097	47
-0.02504192215447	0.116609378861375	172
-0.111320057357729	0.122395230567918	47
0.00576134938770301	0.122543121339554	47
0.00929527128514401	0.121135370329325	5
-0.045946078554227	0.112358585513051	5
0.021766545900163	0.287641916340089	30
-0.040813904885539	0.204889650087907	30
0.071234060337617	0.21880721002977	30
0.038485924926215	0.201712201565828	30
-0.042179589585489	0.310144240241897	183
-0.065250645262199	0.114037119056942	30
0.00371157577064801	0.265376862361911	30
-0.070822152575903	0.259685936621575	220
-0.049069332360291	0.189491812891294	220
-0.0125025191868	0.116249618605921	250
-0.046091854346115	0.189573302624669	250
-0.121229094448258	0.158463842530064	250
0.00820609329806099	0.461630011079638	250
-0.098742705961813	0.148462885209075	344
0.094361402908854	0.345446018950108	87
-0.104510895682816	0.19635219197194	115
-0.034241662714683	0.180673994414916	115
-0.028701117817793	0.285299216733661	225
0.066259364806483	0.350154383868881	115
-0.05579278174145	0.365831160904667	115
-0.115813592273868	0.220046572379994	106
0.058687924000399	0.131809605065216	180
0.001593942319917	0.11636820647371	42
-0.065269596754248	0.273187021261342	141
0.050090162561096	0.455673300114183	49
-0.114675931744106	0.104086520571028	49
-0.105692823418293	0.13411941550575	49
0.057056679321729	0.378739879370558	49
0.089683137324973	0.290002734624507	49
0.046673186563462	0.125398909099314	166
-0.076126391201079	0.103479530179344	213
0.112624300324408	0.447364897573674	213
-0.009794909512264	0.811291178484376	65
0.00195793574098901	1.062603217574	65
0.032063318540938	0.847309503091107	65
-0.124539505791762	0.216875931452862	65
-0.020519754761027	0.357964685834624	65
0.042705210123041	0.732596706687947	65
0.030237316571166	0.372934795208206	65
-0.018308927057767	0.119097357079841	65
0.109718452898346	0.428818576214235	47
0.067628132953479	0.20946009494748	47
-0.053347087511973	0.231650428195349	47
0.00929527128514401	0.121135370329325	47
0.12437847060896	0.146236980202704	47
-0.023069854387075	0.111586852655856	71
-0.09630377373814	0.145977681054056	47
-0.052589839210291	0.216718712612446	47
0.044220099925122	0.195672528485678	47
-0.042714672150302	0.176322359614538	47
-0.068658507684189	0.109032195907956	5
0.00836901977365701	0.127320388343601	30
-0.024465945089077	0.177133160525667	183
0.01755233123799	0.265994484770025	183
-0.012379463338153	0.120620619796696	30
0.107097741686036	0.341350728405779	30
-0.087385381831186	0.201210162203358	250
0.045437708337285	0.386763005353119	250
-0.027691790121748	0.189413606038351	344
0.104263640645321	0.35205870044161	344
-0.110968365312661	0.0944462507635208	87
-0.123462316055299	0.146776940042595	87
-0.050001106336015	0.346004690600066	115
0.023305133896932	0.352207882266925	115
-0.10027328517573	0.166166718453378	225
-0.00885704938981499	0.19546056206835	115
-0.080348161906709	0.301102922525349	106
0.043999526445226	0.246891300318353	106
0.119369020184823	0.145217440624558	225
0.119705469490708	0.143555650113778	180
-0.01911443161008	0.118242719476294	180
0.01072386057046	0.120451065190297	141
0.078947746264324	0.497302937500557	49
-0.0777497235854	0.102056067684866	49
0.113107506905946	0.430262293815536	49
0.120880236178562	0.270011354634301	166
-0.045271068183764	0.112115372633322	166
-0.030425420067863	0.185496332483555	213
0.077238638855155	0.606732163645948	213
-0.100350540078682	1.28650077275102	65
0.00132378898551799	0.717373150561859	65
0.075696657267151	1.52875283131375	65
0.058477838899325	0.956920278553216	65
0.03095441707614	0.266585316038635	321
-0.114557164712474	0.109057592425501	65
-0.104259763643254	0.375742598342078	65
0.00741515655969399	0.120945861829936	65
-0.065093636719666	0.434408342602669	65
-0.020311992978724	0.352223166770583	65
0.012120291445611	0.12504490311575	353
0.124517736110418	0.22146167739445	47
0.06265399001855	0.333380303896761	47
-0.022495099213423	0.341966961955371	47
0.050022887474919	0.128691113862095	47
0.013255025012017	0.121330320968318	47
0.016605458249253	0.191063151195556	716
-0.01352818114496	0.317413462886757	47
-0.103622708565882	0.104788199302607	47
-0.046618098887593	0.105750837858265	47
-0.051402767314376	0.212144667920305	30
0.034277823474757	0.308480752700481	183
-0.08521378455099	0.104953496524332	30
-0.021233074368864	0.329563127256272	4
0.068229329288796	0.570018029439146	4
-0.07772465159809	0.278894357104428	250
0.072837174045866	0.35647556216559	344
0.00630319370550703	0.327705858570423	344
0.091082243706214	0.214118941794922	87
-0.090879167608376	0.182915392236479	115
0.118289709891163	0.293855710567839	115
0.025356738191797	0.20055216542004	115
0.00635031957392401	0.194263846563246	115
0.061349948124173	0.538663269211609	115
0.00192350680900799	0.479353040852673	106
0.048437445368473	0.125055036493762	122
-0.028904326051428	0.110216795611168	141
-0.118955139561787	0.116313816054669	49
-0.032178226981076	0.197857334158607	49
0.010037507722675	0.281603361910135	49
0.031238781884895	0.295780711795596	49
-0.045271068183764	0.112115372633322	166
0.051677517079111	0.130808649454043	166
-0.106605243425174	0.129114919749876	67
-0.030591896848548	0.184694727146319	67
0.114742578111252	1.34301122280032	65
0.04206813433858	1.09104531260169	65
0.044299171200603	0.378785416561924	65
-0.021610662439066	0.324164443746429	65
-0.06889317913156	0.273893662478299	23
-0.091771277066091	0.169118404878525	47
-0.063134120826467	0.107071590701595	47
-0.099209030612801	0.155413152338631	47
-0.099020730088756	0.108759191515456	357
0.098594690544029	0.224523090131724	47
-0.050868253502011	0.113243301433766	47
-0.089876738702807	0.18273270743948	47
-0.00576608098589801	0.187568613093997	47
-0.038897021417243	0.202292828311686	47
-0.047833316427252	0.191327491949061	47
-0.03945340419033	0.186825636584908	43
-0.041159106722657	0.108933378216295	43
0.091121967966764	0.215315303834017	43
-0.104194457645651	0.131972627660366	183
-0.093563678480269	0.10377096936868	183
-0.062688298282653	0.192772305210154	183
0.080053268736838	0.424514761605149	4
-0.075390624685345	0.243336084729793	4
-0.030587579221517	0.336551032395581	4
-0.083122867711995	0.105583951025959	250
-0.083112302288758	0.241218194841012	250
-0.116267136190449	0.151972484621815	250
0.033732613683595	0.544356657544498	250
-0.118381374432615	0.10643278082677	250
-0.049655019033509	0.192591387969371	344
-0.042462588238589	0.335354943862512	87
0.077245115231677	0.614616579387108	87
-0.031825935453159	0.434751965012214	115
-0.022244309323183	0.340824693123133	115
-0.00859807925698999	0.270063056904531	115
0.033225766058524	0.275194722123443	115
-0.012853991061873	0.365508412736404	115
-0.098132441082165	0.294621131226341	115
-0.088485758966456	0.302198806902413	106
-0.091292230556188	0.14846044843011	106
-0.034639347228293	0.0986596692563644	400
-0.038464971464136	0.243984869688181	49
0.023395388874631	0.370017558231947	49
0.11877565954422	0.356178910604666	49
-0.045437802424468	0.192398856575596	166
-0.037087440089774	0.110514394909011	166
-0.101211695953185	0.0999977311672738	213
-0.117223877171004	0.995136289330164	65
0.00148571292424399	1.37820807484156	65
0.10388253714727	1.72472039154633	65
-0.00140344609031401	0.504023931760269	65
0.100396285356004	0.361875362159136	321
-0.020525758920599	0.651111769882007	65
-0.124464220978886	0.305757252433998	65
-0.043413640330354	0.363048748648929	65
-0.035239064910651	0.22473762745506	65
-0.013832152301141	0.39142013225573	65
0.079970529170356	0.532527823663873	65
-0.103601148045679	0.103325935047152	65
0.085681570757888	0.435094462334191	47
0.09667507508228	0.350978268004724	47
0.024186564710709	0.411591354102053	47
0.046368660713093	0.455064959116126	47
-0.068937158022662	0.106479410408373	47
-0.113217461174238	0.108831086893435	47
0.120744292849079	0.293887520864501	47
-0.019364808635649	0.359100551035233	47
0.070991399732638	0.208076974957112	47
0.122578985074768	0.714994418507242	47
-0.054406213048888	0.167732263435234	47
0.00610410637223502	0.266076479621802	47
-0.091815557318404	0.105717058457059	47
-0.024667823276316	0.186952690877834	43
-0.00567289638449101	0.252752579011247	5
0.024606919806871	0.464820091354555	183
0.057995854765637	0.26517511769869	31
-0.106996034779343	0.209141591936281	4
0.001762414244387	0.110402917704662	4
-0.073938649200848	0.238066629328675	250
-0.095006508875181	0.171854712500078	250
-0.110098090245565	0.13841069555583	250
-0.090731965838091	0.152618157969035	250
0.115774777603119	0.366319367313388	250
-0.072739917132323	0.174945111334686	250
-0.00612486893161901	0.365412893071567	250
-0.105296949488736	0.220880234223975	250
-0.058318566320691	0.330317358186488	250
-0.066591659379487	0.104667851685171	87
-0.015213320036148	0.176698189451905	87
0.038091090651149	0.202688313610786	115
-0.091364022187043	0.177719093783481	115
-0.071461097101158	0.107891789351103	180
0.053843499485192	0.128551217200294	180
0.00598109541290898	0.119220611329982	106
-0.040746097671863	0.287177287395258	49
0.028349245870709	0.273498549282702	6
0.00370085406607601	0.287245906350273	49
-0.111189372471986	0.112719259935478	67
0.01915508115987	0.719118987153478	65
-0.00594555648463799	0.497307736517092	65
-0.021371982430753	0.304045907189603	65
-0.116563502931931	0.233929391181607	65
-0.00315434156540301	0.471389877275267	65
0.109595349136021	0.614625329009505	65
-0.098847421916401	0.103557171685041	65
0.047871487574726	0.353698244530824	47
-0.114812867385324	0.112639365444635	47
0.051195564745344	0.397717572211535	47
-0.114369213873613	0.165019605405605	47
0.00246932920905002	0.19106351165998	47
0.042042422560789	0.349212948656151	142
0.066760045593355	0.360492043046638	142
-0.116323581229788	0.117972825711644	47
-0.036463296891731	0.193649748940241	47
-0.042480170938702	0.28816022765899	47
-0.061475569483207	0.206104426298712	357
-0.00753673177036901	0.185217705083519	43
0.053821985741995	0.252241918624682	43
-0.000150920669525989	0.245862918996962	43
0.020767678062903	0.289592874740206	183
0.082152723830172	0.352238041363415	250
0.113483252544813	0.64853988105391	250
-0.090320893126263	0.231159238638642	250
-0.097734506147681	0.182160155139944	4
-0.072072220471172	0.101681530191969	4
-0.037597659730951	0.180120435249195	4
-0.036539010063247	0.17681382861657	87
-0.055414607814278	0.2888916332263	2
-0.11633641365764	0.195309391330085	225
-0.065644139430359	0.273416566180402	106
0.039582179557725	0.509392181684318	225
-0.029835741954286	0.185828640711333	567
-0.10046627316346	0.103457141933132	42
0.00873627544792199	0.188952098854312	42
0.098803047625686	0.351610473379757	739
-0.095941182403767	0.171073405370815	29
-0.052137693915216	0.281277095179878	49
0.026618456755556	0.283817390765793	166
-0.001301873445508	0.195471873300174	166
-0.060382419258151	0.195956437140934	67
-0.04193011697168	0.920542466049329	65
-0.070752087739052	0.50653195106759	65
0.11476511732577	0.837798621735532	65
0.055958124719096	0.649234909809706	65
-0.108444467300664	0.107752048568105	65
0.072697397965216	0.523539201224552	65
-0.08957881414202	0.23142479467668	65
-0.097111300687443	0.165904130441939	23
0.049307616175328	0.350957551865444	65
0.10108074529986	0.355294384470408	65
-0.070583764681866	0.107157285906926	65
-0.070485924026331	0.111058586275929	65
0.035730893336164	0.197317603907745	65
-0.088420877706338	0.0994977008265781	47
-0.03603561349256	0.201623697831675	47
-0.118067108092038	0.114821171404492	47
0.049218094680017	0.341795271356103	47
0.119272045125407	0.406267117365092	47
0.009925749679701	0.116333947786539	47
-0.108282284917704	0.101342564614081	47
-0.00790089066095701	0.18666752632682	47
-0.029088720522319	0.187623262408611	5
0.122395192097697	0.420159829472644	5
-0.052162123125767	0.201513183444011	4
-0.011564377097433	0.192198492235555	31
0.09181491052275	0.346910079127621	4
0.11426823311376	0.364512336408074	250
0.028349245870709	0.273498549282702	250
0.014541743591292	0.262314715624114	250
-0.051893287412793	0.113967934137726	371
0.061145184958838	0.397905661155872	106
0.040729396117765	0.261482939424317	106
-0.042612934377632	0.210028639993907	106
0.122317618788635	0.150297683397518	42
0.051835924856844	0.135194222996044	42
0.00649031182237703	0.124343309276801	42
-0.107052719431599	0.111757206903829	42
-0.086191251590185	0.166805882242421	6
-0.023063947732112	0.186870637175327	29
-0.045909782136558	0.238442529121648	6
-0.105340438600177	0.102857220911359	166
0.021235026470407	0.263509959612925	67
0.056449534841472	0.358643716390406	65
0.038298177496021	0.365311716383935	65
0.063873417820751	0.991771022087938	65
0.039770351377309	1.02043562857922	65
-0.052960876262437	0.471192933927357	65
-0.00184468577918701	0.296587490327917	65
-0.094719399210413	0.105825306665744	65
-0.112945053893821	0.181037812366847	65
0.042574318711036	0.530951624693437	65
-0.012415687741005	0.343932595426956	65
0.02655267787741	0.409922302274303	65
0.06690532574416	0.524451063657825	65
-0.114884745825073	0.0974238505800374	65
-0.113375600188667	0.104993539016885	65
-0.094676360540861	0.174873875784311	47
0.05557474224289	0.351213030081838	47
0.055724388374261	0.136868817524974	47
-0.095478540491007	0.106861026441531	142
-0.029311895196724	0.109395182790364	357
0.110048742909121	0.43348861156653	43
0.118740796803705	0.356678873293859	43
0.053206744606059	0.134198984226242	43
-0.105281606348863	0.144492278099394	183
-0.047152464094455	0.10999888049312	31
-0.10982955807311	0.110584247990033	31
0.00458026708744302	0.193665326732721	31
-0.01165729454527	0.183383134844496	31
-0.076034266164177	0.248985920453151	4
-0.124552867073383	0.143123186039414	4
-0.038750858795059	0.109445815935949	250
-0.03560799199929	0.193859936554922	250
0.064372343485513	0.207521531086907	250
0.113324009121493	0.536143476808036	250
-0.115831268604328	0.107787009322786	4
-0.01276652740329	0.300809047535307	250
0.054206600082449	0.372861703122565	204
-0.069165710646498	0.257361390135436	225
-0.055749812042129	0.257756600825062	42
0.061786117052584	0.200653393411849	166
-0.089257410162858	0.106340733321975	166
0.022808004093189	0.261474688582581	67
0.045687376684503	0.415813498019731	67
0.065810609392611	0.819576216349957	65
-0.01825343013144	1.16329858921285	65
0.044365326086135	0.676428502848514	65
-0.094582065358071	0.207582224293312	65
-0.094400540701263	0.108253574134975	47
-0.00748861150472599	0.192321438064097	47
-0.043643971229185	0.194600395217262	47
-0.117302394579131	0.181795234879927	47
-0.087110052138218	0.166460245934916	47
-0.087004261224292	0.256522240476777	47
-0.119572507715628	0.16188598350703	47
-0.102657180155716	0.105466850623716	47
0.065731897701281	0.206130114233648	47
-0.024788084205765	0.183431327313388	47
-0.10357810573113	0.108942961092151	47
0.083820551351438	0.362219178091288	357
-0.105589800263757	0.157213885029978	357
0.119359479603974	0.361473108295747	357
0.043417723598358	0.20685817128946	43
-0.00630125939312401	0.19234213340307	183
-0.050821858254027	0.234905039679234	5
-0.072454645337411	0.350184973029716	4
0.074876884232142	0.283889434361656	31
0.037814644308388	0.357558541672123	31
-0.10386684865224	0.228407299295652	4
0.078130846091014	0.274957275856831	250
-0.082027784743895	0.109255093996274	250
-0.083909322711178	0.223932535130769	250
-0.001376577972759	0.367847122834483	250
0.111617988038925	0.653958741817994	250
-0.007960206458407	0.438226928452611	250
0.034179350815686	0.274161812303851	250
0.018868025472928	0.436021612691805	250
0.038953058765123	0.638503312998108	106
-0.058039066637458	0.336746710772858	106
-0.102064439808417	0.21819800021806	29
-0.000318537384874001	0.416040971548282	29
-0.068614851872994	0.309975153162755	6
-0.049844635358988	0.185180325832158	67
0.06113138608018	0.494458938565653	67
-0.010129266380524	0.524284936830019	67
0.052276975768531	1.00398771643108	65
-0.030283305834431	1.15880768588442	65
-0.035123219013059	0.789095763463011	65
-0.050946981453814	0.465587310770995	65
-0.050376326927219	0.62354238286151	65
0.090848133624723	0.63879360083246	65
0.028968164348726	0.383393062694984	65
0.104738486198486	0.735740417018858	65
-0.110605107941	0.107079660081868	23
0.124077905830719	0.36345302326823	47
-0.05041671830375	0.354443444501574	47
-0.056409831383553	0.315498543729884	47
-0.015937150472626	0.185628946459418	47
-0.123880831838518	0.106363850971496	47
-0.116627134417189	0.115684894014289	47
0.038079682028538	0.447100357154027	357
-0.044823913853217	0.113545335398804	43
0.03537993300694	0.268493554305824	43
0.059079583114213	0.602294630553925	4
0.021608768834734	0.266431689376478	31
-0.116044243867035	0.146336317395366	31
-0.038015959335055	0.403249085463607	250
0.0000791320891980196	0.44759157442422	250
-0.058383574614699	0.268805124693652	250
-0.003306291095722	0.333881623900607	250
-0.101920586287329	0.163254597391759	250
0.119279795289913	0.654279907465887	250
0.00467109382756797	0.472289498376197	250
0.04085435443595	0.509309001998794	250
-0.03763902780742	0.178799352447738	718
0.00967068829499801	0.198859511674568	718
-0.00325999821436701	0.272921179893187	718
-0.072264855442598	0.333520417991848	2
-0.035532033513268	0.224644604487078	204
0.011372952065422	0.532923589285629	204
-0.072721937630124	0.322340350866236	106
0.063894718679154	0.207578543422462	106
-0.016646980730238	0.113326621655355	6
0.031700692617833	0.275775996260179	42
-0.074789342988489	0.281744147057552	6
0.115983547896718	0.448669974677393	29
0.067611218549151	0.272953268325337	29
-0.011418908329314	0.36169601465937	67
-0.124434407007648	0.104033389238103	67
0.090078261929914	1.34646404922784	65
0.090560930078406	1.66175316356	65
0.097276595620042	2.01443618342816	65
0.023664188851066	0.410276057709126	65
-0.08825778407147	0.268923271285749	65
-0.084992895723171	0.344173391211354	65
0.074142743162992	0.770505247141828	47
-0.102632592255207	0.249021863212898	47
-0.010655429026133	0.24004238148698	47
0.058673519896819	0.390183788943696	47
-0.034642599032301	0.369471877094636	43
-0.118669587420735	0.111949350767027	43
-0.090269204141044	0.212793628991067	43
0.109811356372976	0.287847559299462	43
-0.013098343759581	0.376103593742565	4
-0.000729050759488009	0.269791586571752	31
-0.088563678491524	0.195488285526455	31
-0.053686053144248	0.32863720570336	31
-0.03477591608356	0.356506931241479	4
0.055828115678105	0.332860050353985	250
-0.059462327363885	0.287305314091346	250
0.064006266228422	0.61764181976991	250
-0.053207850154907	0.33592632098063	250
-0.103901715170154	0.197534902838819	250
-0.051203249426564	0.309186224210495	250
-0.116780997930425	0.220822882161241	250
0.018887239562885	0.547928526597671	250
0.076297094525632	0.49402716245219	4
-0.089517809611951	0.104196123123871	4
0.081243658231469	0.253793729626823	718
0.096781588016943	0.520568902754186	718
0.043945522511922	0.51284912560642	2
-0.035157549602412	0.412506608725255	106
-0.088873303954259	0.242944751701646	106
0.063166750253811	0.214816476331356	354
0.00451311616064398	0.120448948500616	354
-0.104310060545334	0.10323256404876	6
-0.06765332542008	0.107560687246116	6
0.083995466696134	0.456811571182224	6
-0.054129442587498	0.345412320742809	6
-0.12098216320942	0.150310350106496	6
-0.102336285217648	0.234427591735504	6
-0.049263982106153	0.198733895530219	67
-0.109357319998829	0.131407582635358	171
-0.070088571439576	1.12935805517555	65
0.030199764289992	0.887872336540362	65
-0.113336202243034	0.363744437219732	65
0.04521402827661	0.919660285755823	65
-0.039555573998648	0.459285660227795	65
-0.091075008292745	0.291421067368034	65
0.114630112497626	0.726982701167285	65
-0.026127021583598	0.371463073377315	65
-0.052753970271573	0.332591874992542	47
-0.08644890844776	0.189309683724889	47
-0.108001960342668	0.207033942070149	47
-0.029727846689332	0.355669498551519	47
0.116907626324342	0.719678711495835	47
-0.022764062879606	0.426789643122045	357
0.049009415936351	0.42815604798391	43
-0.044076959437989	0.227449619458463	43
-0.085035624491582	0.209432058882368	43
-0.075243024449369	0.24192481961903	43
-0.033634085704453	0.351844979909588	43
-0.078006287366797	0.265680527800788	43
0.02744751136086	0.535921376418879	43
0.077144441882743	0.62050522076856	43
-0.098796287614361	0.25501946581839	4
-0.071305429005258	0.329429631520628	31
0.042781277814852	0.514921064196635	31
0.00185958679532799	0.447574383053652	4
-0.084897323333355	0.238389985241207	4
0.00952592250818002	0.424186516787004	250
-0.033573507366951	0.189431658811807	250
-0.00859103765126801	0.388489007573903	250
-0.038575237011138	0.195586345060397	250
-0.031324735679444	0.347656207560026	4
-0.078895253717049	0.304214952793427	4
-0.107143932555964	0.226929134359614	718
-0.060984673662453	0.362749805069131	2
-0.07887605529797	0.285068153295772	204
-0.098886878398713	0.104599712557307	106
0.029653151411688	0.258224688014598	106
-0.063696835209176	0.325678820708858	106
-0.080101930712737	0.222195474677396	354
0.00551648406309102	0.361836575602136	6
-0.111183552927654	0.123763540267682	6
0.1024202578074	0.762488790569478	6
0.00703454023857403	0.415725505840352	333
0.080626630575248	0.549337305221942	333
-0.026193261606975	0.348614430276199	333
-0.111843405543657	0.217210128263255	67
-0.079958245258847	0.289553148757065	67
0.112990707511244	0.669316395342918	171
-0.085389774364958	0.185439744529905	67
-0.114503964594993	0.799584351741477	65
0.061395348504531	0.6635856422252	65
0.107103486091824	0.929572332256825	65
-0.122048660682087	0.284905635995207	65
0.04078895599791	0.404237284179087	65
0.109026806933919	0.663039488701501	65
-0.05126335744348	0.332509633750052	65
-0.103298839200237	0.22392801970578	23
0.106899576752443	0.497665453543429	47
0.015136614873197	0.504411032940792	47
0.116847042795268	0.709979079117181	47
-0.015543836313255	0.314307344689355	47
-0.049090268030425	0.283579175212851	47
0.117855049559797	0.354367325817099	563
-0.033978457785528	0.192399809456155	563
-0.123183725418599	0.166474150732704	563
-0.040540603874291	0.214134818581538	449
-0.087512912856708	0.248600805530699	449
-0.00528484363294399	0.41745146441619	43
0.123685454149063	0.615902065009063	43
-0.036394856714791	0.312932934218157	43
-0.038506123231258	0.305628948598814	43
-0.045405964019717	0.34775433674186	4
0.063466467085766	0.47288265190668	4
0.107980088954301	0.483677977768753	162
-0.059449449702013	0.207147260717669	4
0.104867592443529	0.29110560310281	4
0.068844728804298	0.338035016170297	250
-0.104812667091634	0.0894214117477479	250
0.107937056732106	0.286452287464619	250
0.095523383909099	0.363205984635082	4
-0.077840437755636	0.274063204851713	4
-0.084525340854139	0.258421569142091	718
-0.113107411911143	0.124080256561648	2
-0.095939415895446	0.193646169687403	103
-0.023642900765493	0.116729493763763	617
0.075240676859858	0.21322454827572	617
-0.104547133552059	0.204661378745959	106
-0.124895962698412	0.176972256437462	106
0.036708880514195	0.412660836314152	6
-0.11855539068875	0.166240507127382	6
-0.01226651902726	0.327745007167235	6
-0.120216301381134	0.199333473572137	6
0.091728798937595	0.451761826484194	6
-0.124034805856616	0.140515280672434	662
0.00207432591574303	0.308524969212787	333
0.073699990638349	0.571209700679319	333
0.082785107840228	0.626080887172706	333
0.094985125794201	0.600164134007752	67
0.072163942140614	0.570615055910899	171
0.050109568802633	0.467600617234057	67
-0.090188359858771	0.2014666439297	67
-0.042274244138464	0.192136972307591	67
-0.112081680002285	0.792057453863101	65
0.012270048767708	0.679316647162655	65
-0.030038622965104	0.666915847151505	23
-0.094115457171386	0.403230520058677	23
0.00411344184234103	0.643820386069737	65
0.070822798100696	0.661007128668456	65
-0.094485318881322	0.250797432623852	65
0.046636628872085	0.602182384062295	65
0.121393604831636	0.73623107887987	65
-0.072039513693179	0.259012248392175	65
-0.015505015590448	0.409329194483057	65
-0.027745217307981	0.359842022991928	65
-0.054737374462558	0.215730839130186	47
-0.00963043275759401	0.300828551121041	47
-0.059281856483986	0.280177799702469	47
0.03418878212155	0.477311446885457	47
0.059242523522088	0.464707504965419	47
-0.053342504604836	0.187879040131678	563
-0.00267499338847099	0.297282931652183	449
-0.049666760613887	0.322196404757236	357
-0.079767742706773	0.238435842022313	43
-0.076876981526978	0.228625509597473	4
-0.018433890793702	0.314331122304092	43
0.041966707030787	0.445682195975734	43
-0.095634267711986	0.233815346435388	43
-0.085218131397257	0.204340426673798	43
-0.087155992854316	0.265292070862528	4
0.06881886377826	0.468292011420163	4
0.050131592350323	0.427013860058275	4
0.124891193583854	0.71703961972993	4
-0.069107562400306	0.248457162497501	250
0.082876908932007	0.510781676257323	250
0.106079986667482	0.280585887489531	222
-0.00127579074175699	0.411422276177127	4
-0.097923915379279	0.239745365097024	4
-0.082579937487834	0.235524489642208	4
0.100108479990507	0.433941068453321	718
-0.124684188291157	0.17669019175787	103
-0.06675081736431	0.292509823319977	2
0.054867006145213	0.520656698341813	204
0.00751979746972098	0.398660435333953	204
-0.049523574165683	0.248765842087347	204
0.107535561566032	0.28698822744296	617
-0.089800639834021	0.257385412100307	617
0.049066111412055	0.205157741926025	617
-0.110539615723972	0.0968985458161346	617
0.045925421047367	0.559975879600088	106
-0.04817256153417	0.283342671907105	106
-0.116759183604557	0.176455479287494	106
-0.023218355528018	0.339447753112904	106
0.016764992472488	0.350437078341345	6
-0.001233078274509	0.274529179302643	6
0.111711948479509	0.35304641433478	6
0.058617065323347	0.275931738064646	6
0.119937309789317	0.537033072127877	6
0.056140704618382	0.502879839330098	6
0.037855646391877	0.345420201740455	6
0.088696963686387	0.451245130072677	6
-0.114454191759878	0.168781627977531	662
-0.00643414353145999	0.35004091779456	333
-0.016741945339671	0.325815276503285	65
-0.007649434454847	0.433489373231856	65
0.023418613860436	0.486218031276903	65
-0.118469136942755	0.206757864061621	23
0.00908354825968699	0.474719219147419	23
0.007103367529192	0.26870396179818	175
-0.000301195792770992	0.384825806152341	563
-0.053705721674816	0.283130087078416	563
0.111806366192319	0.526857507679025	563
-0.121353480357212	0.0982720932692908	563
-0.12131275460231	0.0937871329362265	563
-0.072011337573785	0.246627091386535	449
-0.104322536715174	0.131410349102687	449
0.07870449414027	0.548435259556461	4
-0.072632238862101	0.108506083629932	162
-0.00217732866119899	0.188474486507488	162
-0.04831440930211	0.186120942706848	4
0.045067984618505	0.210991097923363	158
0.038795906416888	0.40893134709593	4
-0.028981633092747	0.19088354750438	4
-0.014301241337073	0.119245117945819	222
-0.083333388921932	0.235195682506232	4
-0.101736256758866	0.215583982082012	103
0.060181462025575	0.447646834531598	103
0.05294220450098	0.352912022428432	103
-0.00953995718776099	0.311329606594709	204
0.110000557391213	0.439264309394663	617
-0.097021406936827	0.161272518536676	617
0.000800655591504995	0.259442924249286	106
-0.009683961239876	0.319556054285174	6
-0.051235863454871	0.234565800279855	6
-0.024943219568857	0.178723702088901	6
0.112482205343413	0.439310464097852	6
-0.047360859177743	0.175628206716097	662
-0.06732482067376	0.249792985871041	333
-0.08001273625288	0.209754893481795	171
-0.042944510635318	0.312500296668561	171
-0.08574607474149	0.194423051637235	171
-0.067474639650441	0.0998827547913414	67
0.000641981997685004	0.245369012644873	67
-0.10593982947695	0.109518340979582	67
-0.118345633305137	1.03172440561666	65
0.124791210034369	1.39356393948405	65
0.070247890133866	0.693503183049054	23
-0.10104153269281	0.202956909110462	65
-0.063921974722405	0.284049830074291	65
-0.106458852433503	0.201678139077754	357
0.024979681209607	0.362394016033838	43
0.00838660784175399	0.408047466258062	289
-0.090953927670212	0.235404217397233	289
-0.081981508092224	0.205019964305448	289
-0.110257667470734	0.17052246922765	289
-0.083492926632817	0.212093987913518	4
0.019260086240232	0.405122610804527	4
-0.02116876420495	0.184692258832561	158
-0.107240926653863	0.112337860050969	4
0.019265673790418	0.197143064626848	4
-0.028018095431698	0.320613332197199	103
-0.080590650969348	0.105901737609794	42
-0.120234882421316	0.109661519714162	6
0.04618730258599	0.556194360605471	6
-0.114778472696107	0.128450944712294	662
-0.000487914907019993	0.370255793346703	171
-0.117396713197119	0.230362519009514	23
-0.103654562151561	0.191050492808336	65
-0.107441476832109	0.179375790894584	23
-0.064717107665465	0.291231598794036	175
-0.062185266125587	0.203492739530368	357
-0.116381970896063	0.14819269803402	357
-0.096240494180824	0.134536823883689	47
-0.050243593237835	0.223741472755594	86
-0.090959850389146	0.171297137538609	449
-0.113651098731689	0.111102374364234	4
-0.0588165489649	0.213154769557005	289
-0.015238193340178	0.41239091244942	289
0.08817110386633	0.613022215218931	4
-0.093259352930257	0.18144265525952	4
-0.055542700495426	0.237794769645506	4
-0.023535752094348	0.346360182882418	4
-0.048843020970491	0.284396644840286	4
0.036074019182252	0.431849813767031	4
0.052206332406585	0.448398633778495	123
0.030982637441727	0.505067754882094	635
0.00883487827324703	0.297659426336782	103
0.037732406119442	0.503867335439577	103
0.018537192145078	0.567417860662871	103
-0.022155804285609	0.310938942534548	17
-0.03347148477493	0.337196402722552	42
0.105537117227946	0.352214672276176	106
-0.110953100275443	0.101147248917544	42
-0.096612241832421	0.106237039615002	6
-0.021748319542755	0.186589396927795	6
-0.00543829094228801	0.191509529154471	6
0.054496805593023	0.485256828260768	6
-0.052193485664305	0.292479361003444	333
0.027906166684011	0.273372053820515	67
-0.00390277960514401	1.59961739523854	23
0.072725315486693	1.42778796796093	23
0.069060808309645	1.06639700524168	23
-0.087408252832301	0.323459231832673	75
-0.067236176078536	0.387559569497356	23
-0.103577156554862	0.138505465463939	65
0.06714332741706	0.190979948873931	23
-0.124514029582775	0.182207423264739	23
0.015146278826481	0.200225744560497	679
0.119786845583411	0.738284100293983	679
-0.047573375152499	0.266839773183124	679
-0.025549995125004	0.272817559753896	175
-0.026726408627264	0.370098756103747	175
0.017370519061936	0.259469516852637	357
-0.097568338282083	0.107588249116843	86
-0.107864434548931	0.117496304596229	86
0.07439310003737	0.648802222234917	86
-0.078050934189437	0.108886935770286	449
0.06837311666798	0.355522549053194	81
-0.035828663359675	0.294426670196835	81
-0.114346083482425	0.117672159393788	289
-0.045712297552665	0.108856045750915	4
-0.067909412394172	0.338202057456213	4
-0.071689809562183	0.227771178827756	4
-0.047100344239318	0.231436894972858	4
0.00662135859620899	0.195038299489742	4
-0.078320307210888	0.108853650761674	533
-0.045581161103972	0.214781503656091	4
-0.00466778425450001	0.405818379008912	4
-0.010717170157054	0.303009893960722	4
0.102124305219609	0.420823004480853	123
-0.118008733690019	0.251261197989416	635
0.030431266272198	0.473438787115083	4
0.052521402345183	0.138494089796817	103
-0.026869148113836	0.180240373961972	103
-0.081058170499349	0.281122348224559	103
-0.024805135696794	0.50111373850034	617
-0.095802773674882	0.252633854291938	617
0.011497057989719	0.12647659766132	106
-0.062004384844017	0.114743757426333	106
0.00814342969643001	0.11981461090223	6
0.00741515655969399	0.120945861829936	6
-0.091361921154811	0.252660740403412	6
-0.005234850417662	0.399963024562329	38
-0.031697376073233	0.378691198166454	333
0.050664652463766	0.453210592489123	333
0.11758700867777	0.359623516630135	333
-0.109966856714667	0.107797866405207	333
0.124880980938156	0.229382540115966	67
0.081858571791245	0.280059491818907	67
-0.038728691016635	0.182847443639703	171
-0.082137196651533	0.186532262672122	171
0.117211237903645	0.804133394056366	75
0.046840037801735	0.814174357167046	75
0.018322104304694	0.777924034413816	65
-0.061585165757822	0.249786287769568	65
-0.114168975764002	0.209148239653865	65
0.043248275470952	0.374629876080985	65
0.087099812975755	0.516816523124343	65
-0.024957303872238	0.394457520281602	23
0.022753308475252	0.305189048406313	399
0.05116515041516	0.276152772042449	357
0.067521514465454	0.218286425427341	357
0.08332080721285	0.434871906256695	86
0.10725326239902	0.579703382367642	86
-0.041176199346946	0.193311593134096	81
-0.040743378966726	0.345169465219216	81
-0.052972459964416	0.210812282368146	81
-0.069724235475256	0.108066697539571	289
-0.089320955513574	0.187478026899932	289
0.089099027216126	0.353524304767564	4
0.018737050160745	0.266577631814763	4
0.074194322105597	0.276486126769552	533
-0.011591810538447	0.326448748952935	4
0.12088928884377	0.433177400051898	123
-0.096552218426722	0.208390385210886	4
-0.124621889061347	0.156546972331994	635
0.00672204072306198	0.532455757775345	4
-0.020369798576489	0.117940087805523	103
0.00978879020458201	0.23196944406395	103
-0.113611626824868	0.181255593591834	617
-0.102585972787483	0.203129259198124	38
0.014506705647506	0.255191425828547	41
-0.023408434878071	0.113582327305831	94
0.120707893285723	0.650098423699347	171
-0.085235370837373	0.213005917467535	310
-0.043497786869954	0.234096192533726	310
-0.068893927603482	1.66516968772174	23
-0.118254187987189	0.780650288481473	23
-0.094337305844492	0.743104614653118	23
0.111410532586309	2.23288795088101	75
0.10746899791384	2.21324962589557	75
0.00856855681032998	0.795870744943805	75
-0.111304218426263	0.216151496487293	65
-0.031634017784283	0.260617310631462	357
0.11958279006091	0.584361868398066	449
-0.00587577263182501	0.367478074695711	81
0.043186435918914	0.364076732824548	81
-0.034940868873119	0.279668716974395	4
0.054429861127742	0.36552701379724	719
-0.06008165187389	0.174843696010372	4
-0.054587498165167	0.174831160639867	4
-0.024415414954874	0.292058100982823	103
0.084886392052962	0.445569737007346	103
-0.113294473622943	0.110298518916906	617
-0.108219229420071	0.132631535593052	617
0.1105844341565	0.36320139687029	617
-0.046678174571871	0.217066451910501	106
0.088435067712728	0.433768579909245	106
0.00693275555652201	0.2755034341995	6
-0.097952303724625	0.180310309583383	6
0.069550350614848	0.494445937056975	38
-0.03759865566887	0.267926744479853	171
0.00104426352040599	0.341853992551106	171
-0.042946797304618	0.252815743670211	310
-0.083715016201436	0.930937606341916	23
-0.00258956003638899	0.751597684627397	75
-0.0362130150577	0.641172653256524	75
-0.107036343891196	0.308252660002707	23
0.041929697742432	0.626122192270676	23
-0.006176268226325	0.40659886197206	23
0.053205045643367	0.398588764999943	81
-0.077701368305381	0.200847328466826	81
-0.015942601419567	0.320197982911325	4
-0.004825067321448	0.324946394084107	4
-0.043969975590027	0.194471312819846	4
-0.101750036036511	0.107346816763883	4
0.011090796233512	0.270484315566432	4
0.050196242628222	0.472314115581635	4
-0.109767969229523	0.103356788525746	2
-0.116796707052158	0.116963802530785	103
-0.115442659820374	0.184290310293781	103
0.00321590633997398	0.328887194323447	103
-0.086208584648755	0.105087504810899	617
-0.091164750251348	0.108400835136485	617
-0.065512959480516	0.110538585875156	103
0.124026685443808	0.542771565122993	106
0.087096454285181	0.548159961889155	106
-0.053597439278354	0.23003764598394	42
-0.032850621205303	0.237084312716591	42
0.105178977278419	0.258869685354018	369
-0.103238077326212	0.193602209736592	6
-0.042815473282402	0.204422173692036	38
-0.045546947140198	0.209625921699895	333
0.068924851695461	0.457346307334468	94
-0.11229894642864	0.232160711868804	23
-0.070345196774685	0.265361092028157	23
0.037220618668577	0.44708554127736	23
-0.106157371915925	0.103241604407622	175
-0.112965330688263	0.11064951894753	357
0.00952788665406701	0.302280857116431	4
0.107909435310217	0.458142662881606	4
-0.016101822714221	0.119472160605151	208
-0.008521036384043	0.193138053626764	20
-0.037198329956882	0.195863840969871	663
0.121505477646569	0.233700797913128	4
0.077598646587812	0.286789124625125	103
0.073990290363229	0.281008160868088	103
0.096833673250946	0.353860860494662	6
-0.060001019306699	0.109506949623305	369
-0.058459489914673	0.177462907799901	38
-0.10493985008076	0.103197561908941	333
-0.119391640845223	0.115533884887175	333
0.085891771516331	0.439963369543622	38
0.071232874337569	0.215543502505947	310
-0.070994689227192	0.779795599774174	75
-0.003783592444421	0.724278306223937	23
-0.106682202326353	0.224293039820928	357
0.044529753834782	0.386030305567599	20
-0.099802349633712	0.158667425612438	20
0.068502960440238	0.363316529890514	663
-0.097254357443582	0.217444952958688	20
-0.048462771219977	0.357537114673304	4
-0.123501693274015	0.182583848010186	103
0.072126402935158	0.587363952664424	103
-0.065171846821432	0.225259599797785	103
0.092315572905473	0.461007341626084	103
-0.100678496663164	0.151176006748956	103
0.118480446784557	0.429428520199147	103
-0.118942416152812	0.156580458164837	106
-0.00285239472629101	0.311274613295181	335
0.00727653773519199	0.296202070284677	6
-0.050986626710954	0.243268468922448	6
-0.076727464713712	0.279149611942231	38
-0.05191385972914	0.276708941521056	38
-0.059224591001436	0.216908193748548	38
0.00316565197729901	0.419755105792562	38
0.00610061907953502	1.85658589690434	75
-0.027614462012453	1.49986744925744	75
-0.026576073397695	1.02462387364088	75
0.095213511853774	0.364097380483759	13
0.006710835125045	0.449501841175782	13
0.109815425220334	0.746777907963724	262
-0.089406309435749	0.166719900319595	262
-0.053807013075581	0.356671611211403	175
-0.11040919585276	0.162759385930735	175
-0.112500762637623	0.121513118629663	175
0.071120142782409	0.201884146221776	431
-0.104393217279076	0.0964579269487801	256
0.091143991861924	0.343269412516059	256
0.085365089184176	0.441503069652885	256
0.090077312388154	0.468526409418663	256
-0.061944706006239	0.262044766849661	256
-0.096466151063829	0.147061392734453	58
-0.084604146300059	0.189125733835422	58
-0.098070201978125	0.148112246391951	4
-0.114324239743956	0.114040570094972	20
-0.111033900541503	0.13340059948578	20
-0.052184277021733	0.19590021005131	103
0.101017407181606	0.700262617765134	103
-0.000387904271754003	0.505392011861113	103
-0.086158782799201	0.235700467865351	103
-0.04210253845088	0.353238225643594	103
-0.088730949653213	0.307732116324047	103
-0.088419538175594	0.208843148431689	42
-0.08150516960942	0.107689651534998	6
0.087422290480328	0.212160056458614	6
-0.053912902370569	0.10738589856399	6
-0.059530633718423	0.297969561234125	42
-0.078252005557148	0.515894541065566	175
-0.110576406220954	0.405022317713121	175
-0.040236893596725	0.686226027850683	175
0.051897678136034	0.821726712593519	13
0.015715459772299	0.409983767817069	13
-0.040151649144571	0.289007281129933	13
0.086276493383325	0.804075980888999	13
-0.031346390868383	0.458000735139068	13
-0.043802443443883	0.274747250607919	13
-0.004635295992582	0.435480647213653	175
-0.074540836985045	0.290589270146661	175
-0.00802627098196801	0.431155172455622	175
-0.020712397028531	0.312450369093325	175
0.04973347955128	0.277408769503895	175
0.08171761031797	0.353643017512496	431
0.033545162502806	0.415106369766253	357
-0.054002372515237	0.273505181522366	58
0.112631502574119	0.489447980240476	58
-0.102696874581456	0.122378300297336	58
-0.091159078211155	0.102632913524972	58
-0.118694070373763	0.15802391879355	58
0.114360048009272	0.632080766338672	58
-0.026041780910328	0.405345965404033	58
-0.011866106975586	0.327969174316669	4
-0.056391185632554	0.264878166592642	4
-0.119201491826796	0.196301214716509	579
-0.113604411214869	0.170757976137567	20
0.029314618801186	0.42168437166442	20
-0.088959466368106	0.246608751259572	20
0.108641628958457	0.629155187794242	20
0.057055861832411	0.557217580220058	20
-0.12078511864352	0.146222213488074	103
-0.03658475563831	0.358361772752744	103
0.008293908490148	0.426854227723421	103
0.076703955749992	0.346030583174034	335
-0.111998222646615	0.106659083321035	335
-0.02594551718114	0.175070590611116	6
-0.091779687729936	0.10952877721173	6
-0.107215573556129	0.105612415291636	6
0.052348598157003	0.264357849449612	6
0.065443583563286	0.333706845029585	38
0.031392303338367	0.418742046268284	38
-0.089939773057727	0.237113522571901	38
-0.087345421319441	0.732205433401306	175
-0.098456524939723	0.591352478932518	175
-0.024549348085598	0.89416896652258	175
-0.00127421919781501	1.01235128973872	175
0.086965790808626	1.58174763258881	685
0.029897070778389	0.779715175516356	13
-0.118738588114646	0.279339271985898	13
0.014032405513123	0.518255957993883	13
0.001139344368143	0.411198380923932	13
0.070923466505187	0.610223294158743	13
-0.047956745254588	0.35042262209007	13
0.018061749304149	0.614664327314821	13
-0.062884473323654	0.292000368670604	175
0.080137640035756	0.7058783478168	175
0.065939597453642	0.341234365025651	431
0.081942695775565	0.711503843965703	175
0.061023146901227	0.513686133663177	256
-0.106097367742431	0.213280129856407	256
0.00780863916616298	0.520954013348424	357
0.010256439406792	0.272615185819981	58
-0.053766579768509	0.26121371208749	58
-0.00318704786705901	0.380839136762665	58
-0.11213717977559	0.205428970878035	58
-0.00270952410466499	0.502844234295332	58
0.014496679289767	0.440271373433374	58
0.053562655423422	0.518088883934473	58
-0.081567018932657	0.263759005698255	58
-0.020648738760687	0.416396066550773	58
-0.026273196964675	0.384069342976487	58
0.00333994747919902	0.411149990552032	4
-0.025712542773192	0.361509269204765	4
-0.003462651867981	0.452628302107955	579
-0.057438297829518	0.224245613880053	20
0.028675742231758	0.367016687932218	20
-0.106354438218937	0.194878552903565	20
-0.022899390075426	0.421923177397102	20
0.00189737081388203	0.386613392941869	20
0.041109812686117	0.533913707243434	20
-0.099570704707667	0.226058826092701	103
0.098904372798011	0.565800208209216	103
0.078084227355942	0.703671708386538	103
-0.040838587478966	0.448620774569591	103
-0.082247985962574	0.311433805149117	103
0.014632837383323	0.535678205617728	103
0.052195002155029	0.644365638979601	103
-0.071563508968027	0.224856929319315	103
0.050413961991079	0.495040679611741	103
-0.091015208685567	0.164237235907127	335
0.085155486686792	0.364816748624816	335
0.072548273043032	0.311491191221821	6
0.055339964900938	0.335279484543967	6
0.099934671482375	0.34489758482391	6
-0.098521774340159	0.149084999368499	6
-0.105210924019419	0.202644819600264	6
0.068860183966973	0.640893800245607	38
-0.020092519168178	0.382443638946243	38
0.112940076628525	0.608442392881571	38
-0.013151147501321	2.42909430355584	23
0.0474834173887	1.24159055228866	175
-0.1248385304152	0.441316535328503	175
0.081988292871172	1.94156837023381	685
-0.100961881586024	0.250093030499948	175
-0.026202227029724	0.620692632216579	13
-0.052261564126887	0.310973201572733	13
-0.011935098940742	0.365008481397435	13
-0.005684014427636	0.3108387596873	13
0.093700575168932	0.444881183963644	13
-0.047370522810656	0.381419856366768	13
0.121643431783421	0.439778044368567	13
0.046731454678421	0.269617308790102	13
-0.090987553497061	0.317874449208249	175
-0.114739727292517	0.179600934832985	357
-0.100234367383925	0.248442342278647	357
-0.077357514518948	0.27895719914927	357
-0.0439589061573	0.198237511204213	357
0.00492886192835401	0.238525881860372	256
0.065756309504361	0.341914613036406	58
-0.041305675434418	0.359139306533906	58
0.064393315848327	0.206001570120055	58
-0.11333925837225	0.119166030631075	4
0.115793322719594	0.835233385011051	20
-0.05173267098723	0.256338450747885	20
-0.097624189774942	0.19764047476164	20
-0.040295531258579	0.189257011906369	20
0.025376179342961	0.604539789498989	20
0.086256248764401	0.771737370145578	20
-0.114139577148258	0.100168572671565	4
0.076865270946321	0.273836984334698	103
-0.079222305499702	0.204932595608943	103
-0.00056042377214599	0.445584628202292	103
-0.011792321691159	0.38534119767313	103
0.054857979670026	0.136488759484463	6
0.048058185545091	0.131466132016322	6
-0.025751922366408	0.10960143976085	6
0.054857979670026	0.136488759484463	6
0.105952473915817	0.747429857231249	6
-0.120584077873465	0.258276653300286	6
-0.115500022589136	0.20223145933045	38
0.02265810558729	0.198226390670584	38
-0.088501196343905	0.0990196587133089	38
-0.060268294720138	0.176169349061211	38
0.025045407741012	0.281405352586078	38
-0.038801975796656	1.27245392858509	175
-0.032390390164224	0.573013304786583	13
-0.00537292215367899	0.549321950955873	13
0.00749437194920999	0.469212598583866	13
-0.038803938495576	0.400695457183293	13
-0.096582156667157	0.251956194820852	13
-0.09393207234519	0.248246622013622	175
-0.076948609973117	0.278912952547514	175
-0.062616462210067	0.291203657481776	175
0.013347459341441	0.265846811967017	431
-0.02523468335396	0.358098426275026	175
0.10359424870311	0.675284417379671	357
-0.02237305321582	0.38234851034946	174
-0.044511466610166	0.358178698646162	357
-0.01680544128769	0.280780149757649	58
0.062674174130944	0.259319560748899	58
0.027587659035743	0.254694006498341	58
0.000207932619500972	0.357099768116057	58
-0.10463120721958	0.240325488570753	58
-0.019005869598982	0.408358558952462	58
0.099730569268114	0.55727637787499	58
-0.072013283562441	0.252642323770293	4
-0.03292053230885	0.338978029944513	4
-0.117811486962276	0.17043015598973	579
-0.041686697842023	0.259615002829035	20
-0.086981922441904	0.235180172981955	20
-0.014971903885301	0.396472707921588	20
-0.030320215275757	0.236455731162298	20
-0.047575746268801	0.250383481314714	20
0.046537981426078	0.391535092805871	20
-0.118314866185955	0.182601790550375	20
0.05290767430442	0.479304640172453	103
-0.040532181245843	0.381542040650094	103
-0.107515829000695	0.225254879485401	103
0.068776430070286	0.461388322620297	103
-0.053335282505664	0.23427908739709	103
-0.080782067199136	0.191841973617316	103
-0.097561040885316	0.167186287951025	103
-0.117697950199135	0.249952720784329	103
-0.110607925992656	0.126058946259071	42
-0.104252811315927	0.144834625691468	6
-0.121394311268099	0.152564410352309	42
-0.106618474676643	0.189207044169243	6
-0.054924026265112	0.326783583837255	6
-0.08058286924953	0.268931301534551	6
-0.08024897021101	0.260865680589046	38
-0.092624999219359	1.14219797386366	175
-0.064765724615648	1.21524252138459	175
-0.099903436337902	0.735776735391354	175
-0.025533760726179	1.0979268290788	175
0.027091609394211	0.924674801085666	13
-0.107852265324052	0.274172520883818	13
0.069249685984616	0.854443001836518	13
0.063245385719613	0.705923348417216	13
-0.120726671261907	0.270383827901034	175
0.116550613876959	0.869772541447488	175
-0.107060416644366	0.287431042985224	175
-0.096431868237602	0.333360311426637	175
-0.109899960580724	0.182780800211115	175
0.057873915823642	0.650896245078414	175
0.123177827728554	0.609725320170932	431
-0.046592303738487	0.35610725419394	175
-0.050146837998986	0.358215583244035	174
-0.103920090247505	0.252217035888606	174
-0.079081021482179	0.251590994836311	174
-0.058622137725523	0.308135600202114	357
0.092103512392378	0.471625023110875	58
0.040770548399749	0.449300678140879	174
0.012789287258336	0.541525837619783	58
-0.065913268594562	0.265038907021965	58
-0.085073934565412	0.278784644998762	4
-0.098837461641176	0.234888232327383	4
-0.092342449943724	0.241303540590176	4
-0.079145747903096	0.286893656934595	579
-0.124502558214574	0.154204713407146	579
-0.042386050848344	0.232282034893031	579
0.095566744802676	0.412871190292127	20
0.017236476109805	0.529775189915348	20
-0.077410843643952	0.301418159943482	20
0.107007668743584	0.42845763135791	20
-0.052572574589528	0.195162899722408	20
0.058987994923316	0.362307046315243	20
0.031359503200104	0.527461912960386	103
0.109507347291695	0.604552739794137	103
-0.015876215193191	0.442634583001345	103
-0.038020201147219	0.432444691024428	103
0.01267354381044	0.513387953910005	103
-0.085533979398628	0.302405463102089	103
0.118175589262914	0.789053946054778	103
-0.112194014640126	0.131093206369485	103
0.081997436109207	0.641341988687239	103
0.093062794510875	0.591382470959926	103
-0.013822263999983	0.267584773031445	103
0.00585544596181697	0.254735801222642	103
-0.016046853070256	0.251229291596448	103
-0.038346885762734	0.252141901991269	6
-0.089763431464442	0.174294583523445	42
0.044893118871619	0.407378143202643	42
-0.022745318536135	0.342174659824217	42
0.037140605668398	0.578450629901846	6
-0.121660633974828	0.176924126660761	38
-0.090039882118923	0.254873516296721	38
-0.085259823383248	0.201942233959082	38
0.012497227720476	1.5185578443932	685
-0.063717041962038	0.494783980894529	13
-0.011994154176955	0.680961708357595	13
-0.017167758012122	0.604037413218882	13
-0.063544319762484	0.416150888615231	13
-0.12204936055244	0.266774992656041	13
-0.118942977020026	0.296870285097258	175
-0.109352798295024	0.23656724252166	175
-0.106092882274951	0.206116717537086	175
-0.042763862314376	0.38265253647806	174
-0.041629444544948	0.285363560752339	357
0.014596684481311	0.432153558101339	58
-0.100131913384273	0.225956911773251	174
-0.084850388576824	0.264759324825536	58
-0.045429316205749	0.363481190231271	4
-0.087239406069002	0.239819759463399	4
0.033844012041538	0.470976105349089	4
-0.112468330160513	0.109260393164212	579
-0.076794442971537	0.279221903280124	20
-0.106991645369881	0.215426217254589	20
-0.052005180576917	0.409496074272883	20
0.00174435729537997	0.323619970606476	103
0.049401695612289	0.656620051181605	103
0.061788751092478	0.279279215877335	103
0.018012845962314	0.193568498870604	103
-0.043631527850037	0.281588136657617	6
0.00275724218003698	0.354108164916112	42
-0.096082073058831	0.152158230959923	42
-0.081773583689659	0.217598004053215	42
-0.086268403997681	0.175481608718611	42
-0.010874602870815	0.371779891613551	42
-0.005527327970477	0.385082631662371	6
-0.098224255507614	0.336312976440588	13
-0.077392676769563	0.377504479995724	175
-0.074895614632499	0.43033707154623	175
-0.0697693969085	0.420579987620548	175
-0.065697114466824	0.296781655241426	175
-0.075932766983507	0.307018771794915	175
0.079027152178624	0.576488891328846	175
-0.115894828661789	0.186768096400916	175
0.092783926690967	0.544845919594101	175
-0.122863864439783	0.203213246743011	174
-0.052389174447368	0.331674687806946	174
0.058016999336439	0.473531297049736	58
-0.085325872552773	0.201095123831716	156
0.037989489953881	0.479809946364435	174
-0.083767131355138	0.235538788574643	58
0.111685840054691	0.541965605850114	58
0.055349490683697	0.371625190592863	4
0.010908540559598	0.275390176766212	20
-0.09807926642367	0.265282203654254	208
0.076157874083102	0.344904996022688	20
-0.122642009136793	0.117100840269858	20
-0.035889605691185	0.190947191854269	20
-0.015280012797153	0.325829399038858	103
0.054816768141068	0.573114910683689	103
0.029733280716213	0.375054067463448	103
-0.104554970074436	0.0917004475460498	103
0.098799816493066	0.592664104626603	103
0.030873196301384	0.437028057362588	6
0.034324161399561	0.344453291439885	42
-0.049082596309062	0.214157678085266	42
-0.111454602035421	0.120648314089318	6
0.088074898480649	0.722176663690316	6
-0.014858207311553	0.363017942247609	38
0.103092367815324	0.657483857840186	38
0.122643216563512	0.43621922351239	38
-0.041232551309175	0.542514638678908	13
-0.09853018445681	0.28740493828503	13
-0.112191268379021	0.249266044809262	13
0.074324577353077	0.685356805460108	175
-0.124434336836109	0.277262356840865	175
0.012463247152111	0.491469048155906	175
-0.024069174583948	0.51807600686177	175
-0.096511479037184	0.210335545811695	175
-0.00841487056245099	0.267980857344605	175
-0.03216712532579	0.233229180590785	175
0.110107048499191	0.634978681278084	175
0.03224257652769	0.476318565378123	175
0.098500656879855	0.493723790836912	175
-0.103105893953618	0.126098714724557	357
-0.096881483894127	0.108199437606079	156
-0.110589782866715	0.108362578901618	156
0.093836746106826	0.36145341482849	156
-0.051264827127678	0.244123512094934	58
-0.004355275197196	0.378569864107845	58
-0.077922685469978	0.211251076354523	4
-0.014437513678882	0.334678907937164	208
0.069136912318295	0.407815486791918	208
-0.119087034837317	0.165435130523015	208
0.02455852283775	0.386506697190469	20
-0.062919553256502	0.28478787649709	20
-0.064453560961968	0.288058532083666	20
-0.045504860442421	0.232764134184766	103
-0.096045250558962	0.213207733555844	103
0.07461545006442	0.521986734993882	103
-0.07492542549999	0.298360138297241	104
0.104604654414157	0.539983611701913	103
0.00259772144651299	0.271888129052029	200
-0.051903485101514	0.266433708036359	200
0.031081065852593	0.384748005456397	200
0.026379393100738	0.401800853899181	200
0.089515781150981	0.340902779131108	103
-0.043929814855158	0.251419379755032	42
0.119252138528188	0.587604009309577	6
0.073410701567692	0.530082670606594	38
-0.12262560193463	0.144138386473229	38
-0.043766747182065	0.323982510491184	38
0.087863361230456	0.57257274423939	38
-0.112328987566287	0.465139069146824	175
0.093568743452725	0.886639632908102	13
0.00341792925860901	0.529215170639229	175
-0.089650923390461	0.386408620191261	175
0.023510902964534	0.476308784770754	175
-0.084308195596106	0.263473105546902	175
0.025683570828899	0.340652895982302	175
-0.063295311259913	0.247419628115863	175
-0.093649315601499	0.177716706506601	175
0.041202619539958	0.38043989894017	175
-0.106634650466345	0.205019451248787	174
-0.086228429581661	0.225365250368966	174
0.104244439812366	0.63867900186584	357
-0.00857583426645001	0.185181158546762	156
-0.054256455456973	0.194318779146796	156
0.095310428253876	0.417259817922147	156
-0.011709032669896	0.389868626065288	58
0.124181392916283	0.614162307106715	4
-0.046973847052653	0.308322281301122	44
-0.035068301478411	0.319079360900791	208
-0.101691679583673	0.158574142613806	20
-0.017306817454168	0.294321235572614	20
-0.112444375542937	0.125986166130542	20
0.018708646551853	0.402566495003201	20
0.006397909980146	0.353035776469736	20
0.043490002481217	0.414995828873064	20
-0.122884144677545	0.159883817365436	20
-0.058397645942624	0.316929880202852	103
0.084933881865558	0.449425547442896	103
0.088322042617742	0.432076063795526	103
0.109612104842584	0.435996675291993	103
0.108319858938761	0.612163122967542	103
-0.048047242369197	0.364803733983749	103
0.052633924649938	0.505387134876466	103
0.00427318396394499	0.417829569498431	103
0.070889556276805	0.462424006337257	104
-0.087563797031873	0.24971407943086	104
-0.055961947837787	0.324329288014722	103
-0.107982334050832	0.207452948730434	103
0.116096091059532	0.528164159781561	200
-0.111158040149149	0.180287793069197	200
0.031110361698994	0.360901701603844	200
0.069054229672045	0.354254796760138	42
0.111003863079088	0.331151641412204	42
-0.050252546128268	0.330624687857131	6
-0.11313409299802	0.20149749828048	6
0.054497275279043	0.551796101197557	6
-0.084816371692804	0.251612563909371	6
0.050146003423138	0.498405310768937	38
-0.020553212097007	0.310288974756887	38
-0.106629096077475	0.982833151558924	175
-0.024034657319765	1.36877539615948	175
0.06710317856777	2.1242127152355	175
-0.084574922746066	0.483418013488493	13
0.09586107393622	1.23576324424392	175
-0.003965527378234	0.891426185206692	175
-0.019244472281561	0.601831103445659	175
0.047428210921723	0.793167430594705	175
-0.046875340478716	0.439499826048193	175
0.075424344277863	0.856689451685056	175
-0.113110137804232	0.214939029131947	175
0.063169986684864	0.478140056946712	175
-0.044380172227559	0.241440643356629	175
-0.084406687527337	0.226254166922628	175
0.100152277427146	0.698138346146324	175
0.066381805103817	0.554869434630924	175
-0.117255056764999	0.170069387123038	175
-0.108434920071244	0.227725588895929	174
-0.023274316109733	0.473477850779392	174
-0.00241731291362399	0.572420610141081	174
0.00161956955502302	0.313028130517211	156
0.067649465448166	0.341049478526926	156
0.059017181174128	0.439358331219326	156
0.016255688204748	0.402990610242966	58
-0.120726696914408	0.224351861981499	58
-0.116637735949358	0.208801351561576	58
0.118885308606983	0.864425116790876	58
-0.023512469663505	0.387215393644026	4
0.04280163750998	0.504219875976131	4
-0.028154041824864	0.381925438214759	208
-0.027178763414941	0.312541421187133	208
-0.064934517467134	0.29614632614461	208
-0.080229692939647	0.223459274886467	20
0.093745139894587	0.463089490261034	20
-0.105059343250661	0.16496480517134	20
-0.109438531917669	0.212262866714326	20
0.033845271027874	0.524934539418456	20
-0.078300242561642	0.337172582187044	103
0.107272053553751	0.779253579497395	103
-0.041079886918107	0.359151461014324	103
0.123893588232069	0.754528807728804	103
-0.114390884049819	0.222888929139755	103
0.107360507301414	0.682328573933694	103
0.067910225863425	0.474011865343312	200
0.00813004078722901	0.374605679186201	200
0.011493913657378	0.423442891619378	103
0.051656266059692	0.670805028376059	103
0.085687036492442	0.486326260899845	103
0.074117543642859	0.462698840937881	103
0.000285874030396982	0.353516833202958	42
-0.040142440087366	0.197743510716711	42
0.044758808311647	0.37920778690651	21
-0.107872668816326	0.24004656541002	6
0.00369405750438101	0.446000633801075	6
-0.108307416889557	0.220844169643097	38
0.099528318412962	0.694893276307285	6
-0.02620740396713	0.377189984856809	6
-0.041748612502032	0.249994205284003	38
-0.025631157438302	0.390337816677508	38
-0.037029957277736	0.320418950545567	38
0.079764278319999	0.568300759652906	38
0.021616777368423	0.36891621467089	21
0.088544953257966	2.04475496798787	13
-0.013158235026999	1.22009548320731	13
-0.060928018350588	0.909282324091051	13
0.00421005212965397	1.16650520924021	175
0.084863324539568	1.60238740840813	175
-0.071238196452305	0.538109975072772	175
-0.024241616494729	0.386961495092383	175
-0.070117802938495	0.3632999553066	175
0.050391269158024	0.507821142592059	175
-0.06360139411055	0.408577602468118	174
0.04523457874905	0.651754547366723	174
-0.064371416970376	0.29952904753973	174
0.076895009700735	0.591733775292341	174
-0.004185358612635	0.540859058391323	58
0.086724748319973	0.627859922786429	58
0.069119348829118	0.423579941046896	58
0.016586056029969	0.417876852014785	44
-0.109409273453361	0.111377640553052	208
-0.037741579687741	0.251411826328042	20
-0.105669736783298	0.100335206755655	20
-0.048072909304327	0.367084032347965	20
-0.082628622997596	0.298788208788628	103
0.000829977171668994	0.431973857932383	104
-0.024585525409854	0.35393836636679	103
0.036345605404275	0.199022223701858	200
0.02136585696852	0.256493871402737	200
0.013969861550208	0.185001879536552	103
-0.110716126617417	0.263142741355951	103
-0.032419555354026	0.470565680076113	103
-0.068350589756117	0.348392421764863	103
0.07286718465534	0.587987502495943	21
0.02156117947899	0.502433879791467	6
-0.111263398880955	0.235987354283399	6
-0.067129672045367	0.344129264396163	6
-0.030891744918337	0.357761062904539	38
-0.062786181767978	0.299750049189633	38
0.062791380697213	0.502612997983552	38
-0.021544403447571	0.414392668400163	21
-0.090198221291966	1.44522262217005	175
-0.121126446458399	0.190778637831473	175
-0.083050620252863	0.274585395260283	175
0.019375529370333	0.419428341526214	175
0.058113351401576	0.476541870256257	175
0.086729560117466	0.538953105481318	175
0.021347835995705	0.409127485746559	174
-0.04060129445305	0.323358704249322	44
-0.09171205404775	0.235557183223654	174
0.117202266487372	0.664696999931123	58
0.029903220763226	0.480741396350403	4
-0.03831239467167	0.298935377779166	44
-0.105272462207069	0.128759017998743	44
-0.093713659218841	0.265151326187354	20
0.11911898831449	0.398269249809291	20
-0.051513651237307	0.220126056309664	20
-0.041046423890474	0.350132599152061	20
-0.040528834966547	0.360254822883385	103
-0.043894693707655	0.225151885351445	103
-0.038273161845398	0.293632653326205	104
-0.016598648702891	0.368370253754731	104
-0.018720699427271	0.35057015892634	104
-0.114073101090058	0.151971782582158	103
-0.113257129816543	0.113945010670139	200
-0.017077045183142	0.327022077626687	42
0.081255505286581	0.498502845639456	21
0.115673744657692	0.514988720626982	21
-0.096953456870896	0.140983716178085	6
-0.02553358652064	0.355855399233606	6
-0.016443162787345	0.340593465693388	38
-0.099496018358513	0.18786799322725	21
-0.035436271206548	0.743352206706762	175
0.034938372303146	0.631916781672923	175
-0.116737092199259	0.236990151319885	175
0.004965458709212	0.457767454477836	175
-0.068222386422109	0.245619998476137	175
-0.013345230049089	0.390466684217683	601
-0.017661756241252	0.389886424131772	174
0.012544720495322	0.514989409067996	174
-0.039216108124436	0.318369998905253	44
0.011182247519388	0.361846995990644	174
-0.007423060391686	0.376281308998779	174
-0.039307008589133	0.326595254550855	44
0.10416031679171	0.677723002857095	44
0.078293780958619	0.603320513716859	58
0.047923735669903	0.499754555533419	58
0.083340630443782	0.411164837328777	58
0.042172657242555	0.48266299095569	4
-0.02698465478151	0.404402600153656	4
-0.101954189032568	0.197107314672838	44
0.052205600196944	0.492942228738489	44
-0.063775039046988	0.206272526207795	44
-0.066024590224266	0.249047517054597	20
-0.0554066252516	0.291066934525783	20
-0.094298620325691	0.167681853181619	20
0.071395598255082	0.452240414061037	20
-0.046718935518153	0.19587135696094	20
0.096261415398636	0.430837297079292	20
-0.11119640596157	0.207026930987376	20
0.027014614732951	0.465758161271213	4
-0.010129708214675	0.39271083381334	104
-0.01862926676022	0.371349909795054	104
-0.043197271799543	0.267376072938748	104
0.00127090089991799	0.335776069901746	104
0.067429021359388	0.440969069521211	103
-0.039843001127391	0.313691983104739	104
0.075742309848803	0.354089345557215	200
-0.10820041787305	0.131336799187079	200
-0.112649845664986	0.104510295661813	200
0.11270158737171	0.440335405298805	200
-0.100508121539975	0.117277051275845	200
0.032698692083919	0.524886852344802	103
-0.103312875985804	0.153760055095341	21
0.062484122663236	0.446441038941249	21
-0.118856579651403	0.154178433361727	6
0.036281625609794	0.38894003222463	21
-0.110019719337283	0.211934872188459	6
-0.051208215616663	0.273987635265678	21
-0.106193027291995	0.187186077367274	38
0.037094761954368	0.402116293084691	21
0.061230453902892	0.449444378662843	21
-0.072566006289694	0.251538092362895	21
0.115362347406579	0.600163097552806	21
-0.113973978331151	0.205160993699324	21
-0.100294460487527	1.11539748931305	175
-0.024214156486817	0.880717608057402	175
0.049279474484927	0.789015303810847	175
-0.08437158014558	0.298842416155654	175
-0.022997962259817	0.389123324675506	175
0.095777851792661	0.639774894334765	175
0.016027045742205	0.717563698565208	175
0.033613158030808	0.555965194129056	175
0.052123663724979	0.416460184435721	175
0.010862987004757	0.371515205217413	175
-0.122592893208987	0.17975700527618	601
-0.04311104623453	0.340949347652801	174
0.028331686315627	0.433511413993302	174
-0.03236259082241	0.333622693132877	44
0.027763599273203	0.268104212041001	44
0.026209369681173	0.25171257343379	44
0.00959749398370502	0.290614416551142	44
0.073436284705459	0.581989271727368	44
-0.030730278469412	0.283143706022971	58
-0.118070650382266	0.156393762320225	58
-0.08399511956909	0.219006327186359	58
-0.094791498753197	0.268253172095504	58
-0.080550598884501	0.224271536959264	44
-0.00456454926508901	0.319065464488272	44
0.040300519777418	0.484570004566545	44
0.022669703079167	0.409141790299683	44
-0.12298996384704	0.132903768729296	20
0.122626276639292	0.556456486560028	20
-0.080579745832712	0.207206924444327	20
-0.097868571447025	0.207574378492675	20
-0.122737529124746	0.172935620701037	4
0.033081280336014	0.413968463312281	104
-0.020763336301714	0.376911191902189	104
0.108234107139001	0.584445564428199	104
-0.106505666253301	0.195358666949419	104
0.00262198334651897	0.366177670629201	104
-0.093745116608763	0.190543540777869	103
-0.109406037928713	0.178559544923925	104
-0.022001302669732	0.323990357373712	103
-0.055749166308349	0.231848346075429	200
-0.013849483042759	0.309639821907191	103
0.025769032243244	0.272958743283806	21
0.011826263530338	0.255487525537939	21
-0.064269849189278	0.172353479505148	21
-0.091261714084476	0.176432887048507	6
-0.108114511267284	0.186090971291509	21
-0.120047235311679	0.144647980707274	21
0.068829848875569	0.463858431136231	21
-0.051688335331592	0.270646465794977	21
-0.056908657362287	0.217390046053056	21
-0.038455631463546	0.274005820217709	21
0.091359456106921	0.470152826256889	21
-0.044627501367217	0.311191706480262	21
-0.113424619901412	0.212943989734323	21
0.000741382009442015	0.445606286081054	21
-0.079087654423135	0.19164507352455	21
0.054991774246003	1.3086504513703	36
-0.088347460282968	0.51714856015238	175
-0.120109223967368	0.348817794200682	175
-0.009839972806095	0.68301600905975	175
-0.025118067814141	0.334927452808829	175
-0.076241607914573	0.278635907593251	175
-0.094887775864023	0.244899540036793	175
0.118648524956288	0.797555731665736	175
0.095441518746586	0.73272249275243	175
-0.054949969252305	0.330933163517185	175
0.028300394710737	0.397908878500382	343
0.114993197711757	0.70197665348015	601
-0.022734661198842	0.381564805552746	174
0.048113956238188	0.507649910856308	44
0.066605878239032	0.556357008109655	44
-0.085569124695946	0.209165047309373	44
-0.08070068642379	0.228103950960209	44
-0.096758524680036	0.224144313812011	174
-0.120055753250195	0.17071945280344	58
-0.073624959268713	0.239524136599952	58
0.103578930353289	0.532630126392258	44
-0.009207854860179	0.336575320211685	44
-0.081964672396895	0.215256317903843	44
0.011151005567719	0.198869248946158	44
-0.070220503728636	0.245014324571841	20
0.00331252806413401	0.273691043523056	20
0.114265072247719	0.668847413844448	104
-0.051595797367376	0.236022524538313	104
0.04027831306344	0.508178752301978	104
-0.00412088976286501	0.368363772797634	104
-0.055697059179707	0.213769253350619	103
0.058419442171924	0.425867241575158	104
-0.102465305921149	0.147142856019649	104
-0.045585957758272	0.195242580954638	103
0.091918224314529	0.341064705666886	104
0.092368593357913	0.513912978195689	104
-0.07560019626771	0.220316811588781	104
0.10691131946197	0.367596824598183	104
-0.00721963786476901	0.188784753975074	200
0.099440873160765	0.338881131502485	200
-0.00427774169262299	0.378978051921775	103
0.00853419339316502	0.445558125116924	21
0.11841189463751	0.537470727288092	21
0.040330936241555	0.46104285638036	21
-0.045911505180793	0.188063350537732	21
0.078344810586805	0.339811428809446	21
-0.098607189361208	0.165322344918741	21
0.058059652826211	0.381301722455481	21
-0.047748196174734	0.23869295878307	21
-0.00207947724413601	0.313826394653987	21
0.078077887824026	0.469873702531433	21
0.113661697971643	0.662456944759149	21
-0.015200804103595	0.334853690075047	21
-0.107781007290783	0.146959407186767	21
-0.071476635631691	0.228311525660942	21
0.077347090648382	0.394611095856432	21
0.033446737207149	1.16152315864015	36
0.00897496248796698	0.755379493004119	175
-0.032990192379138	0.339071135201448	175
-0.086996093209275	0.24432860167704	175
-0.043246445411901	0.360876428460941	175
-0.073623015309826	0.317858288546174	175
-0.039202850590237	0.352764767119638	175
0.035674204507967	0.555943722182488	175
-0.092004341136381	0.248429898821037	175
-0.074190695809116	0.292979953266689	175
-0.042701399790602	0.343313873782555	175
0.034156264086181	0.559276429846669	175
0.093308976964816	0.725223520235364	175
-0.09545915143472	0.222426359979516	175
-0.055480510119445	0.214386852394654	343
0.026928851381866	0.413208071780962	343
0.041160819935342	0.40938516409737	601
-0.080342558421442	0.269344096630132	44
0.085525517372328	0.540070598486509	44
-0.023883285854427	0.343386659736266	44
0.102144605926249	0.599409277628351	44
-0.085517335873672	0.236978637218607	44
-0.100788738951798	0.206946305978559	44
-0.000148393211164999	0.422182011471864	44
-0.10108536080419	0.197261076998888	58
-0.078500242551629	0.211254621264223	58
-0.03881484106298	0.220516605080773	58
0.01917601137178	0.363698683552856	44
0.04606344316035	0.371950198289122	44
0.037870741283951	0.379243190161183	44
0.02400128199014	0.371054658665357	44
-0.03639426022489	0.252396275288576	44
-0.043499455140455	0.209341061459766	664
-0.012433404823602	0.317575112076473	20
-0.037414436470321	0.300433580797415	20
-0.120366198099238	0.143480806092047	20
-0.029162376371142	0.195313435743288	20
-0.114278552613205	0.1091456774401	20
0.057086009921164	0.363707452579467	97
-0.048258187142282	0.272520706665323	104
0.079380814359704	0.515493823644433	104
-0.050883088303925	0.27170570167383	104
0.013051129672861	0.422879976196907	104
-0.046391323608783	0.295456916037331	104
0.062743031499303	0.427736551475607	104
-0.051804932454789	0.242919992231886	104
0.096558846141896	0.346937529792473	104
-0.097307084213475	0.150804044120468	104
-0.00350319281008801	0.291483139758823	104
-0.066598546476616	0.202142085027547	104
-0.124354621046278	0.138258956235748	104
0.03793746093001	0.368754121222451	200
-0.110977958738387	0.0992574343768021	200
0.066751168879452	0.448369448185309	103
-0.077734177888614	0.2280472990389	103
0.030664042701279	0.461952785844622	103
0.045825932915628	0.503515378946489	21
0.067065917665896	0.475868461894822	21
-0.039771313920769	0.268988021206834	21
0.034505386156637	0.385287671342026	21
-0.093811429119395	0.194724705692227	21
-0.041581583041799	0.261018756923363	21
0.047070555420858	0.352417438012172	21
0.027530718103231	0.275274327977141	21
0.021500673357353	0.265290413400973	21
0.028298414532782	0.263220291188023	21
-0.099547565167158	0.156810058893787	21
0.001131530762638	0.288108134608075	21
-0.025132465997828	0.310118611282095	21
0.110718389392937	0.54161092527335	21
0.096226114280469	0.42537303863313	21
-0.049730316651224	0.188851041430141	21
-0.108854803409941	0.138593127221432	21
0.063534343560629	0.503145049020196	21
0.033282529054432	0.427685647351689	21
-0.046457914185218	0.612477853398302	175
0.00703385861738498	0.812878022657815	175
0.044125427732517	0.410046081812258	175
-0.086511715600786	0.275296422358921	175
0.062022498677325	0.613420534559056	175
-0.00663114852977401	0.465312563272577	175
0.107278042881253	0.626484899884663	175
-0.009853419302981	0.42931039561605	175
0.058056535213716	0.702417254382911	175
-0.08563866667169	0.291150806218086	175
-0.099843739387597	0.273992862965671	175
0.00942284951101802	0.450905756469187	175
-0.099369465660814	0.248465307367488	175
-0.10308973648442	0.204763178755288	175
-0.0476683378338	0.284265366342998	175
0.015473921372154	0.2893836787114	343
-0.114756479404249	0.191391455956583	175
-0.042021277097585	0.305097919357743	601
0.02642560598629	0.471921138144739	44
-0.111398561830319	0.164524695144912	44
-0.06989319374126	0.29983696531221	44
-0.047191568981578	0.292044958633989	44
-0.113355050405243	0.16114742141114	58
0.01476245648853	0.275661951427714	58
-0.105321891545987	0.11241139993706	58
-0.007897446538183	0.187056155813666	664
-0.033137208490666	0.173892844136425	664
-0.111555436595743	0.185456537150644	20
-0.097490374100345	0.105160259276663	20
-0.108078066013881	0.105036921361185	20
-0.107880153010531	0.101165802867298	20
-0.00755192851556	0.281220702309522	20
-0.038056233013083	0.214841985803787	20
-0.031261681948406	0.234860259678583	104
0.035935904899393	0.356401235415565	104
0.00441858958399199	0.278296047938409	104
-0.010548329237671	0.365118477768084	104
-0.117534911269355	0.110910932253347	103
0.014448148206335	0.278506707490224	104
-0.016425446080224	0.185715001345311	104
-0.010654142646621	0.275475238415538	104
-0.052117585592398	0.192328775975068	104
0.012825151091192	0.294754929811133	200
-0.05975356889791	0.187982359776741	200
0.091121967966764	0.215315303834017	200
-0.107124681945966	0.215383722569324	21
0.04176364857076	0.462641058917951	21
-0.096753154574851	0.246585269576157	21
0.117302307093401	0.73038040751265	21
-0.071711829379624	0.274574292250966	42
-0.063282480405115	0.270942803455705	21
0.066474482803555	0.454252481684312	21
-0.077613816441664	0.108967765590938	21
-0.112977114821539	0.166397901168565	21
0.041437260481795	0.323434375528977	21
-0.00318309731866201	0.349632613441789	21
0.118069273722816	0.71343020885287	21
0.07559950492551	0.604469698891402	21
-0.089141484376832	0.214211394714446	21
0.103795291795214	0.392731032652389	21
0.117882513128248	0.536898468724752	21
0.040615469550334	0.365466876022815	21
0.004766112645336	0.193537563356753	21
0.105152610056244	1.51223381954757	36
0.081511025782921	1.6677709216238	36
-0.04315193860968	0.824872769703994	175
-0.10504987517619	0.454001386127469	175
-0.100831951047234	0.418155115411549	175
0.112920556170958	0.626931938456187	175
0.114747960109694	0.556589220392996	175
-0.06519402356734	0.340237934974701	175
-0.08833918914297	0.270082354686471	175
-0.064853601086361	0.343767393383135	175
0.00993099679495801	0.473048113511806	175
-0.071582906709403	0.374960913524497	175
-0.081571293397768	0.340542611131619	175
-0.095055758811275	0.312346952494027	175
-0.027922903919273	0.426007135920036	175
-0.102502515053106	0.271140626753946	175
-0.112947985403168	0.2085200350852	175
-0.00867817555079101	0.400041114711092	175
-0.050242840794322	0.187580844702701	343
0.113114352560219	0.766639580652329	343
0.117656322834745	0.799099441461937	343
0.074656777807602	0.670664983346645	601
-0.114736119836205	0.159750177119241	601
-0.045324638591506	0.188851437785234	601
-0.081632849145708	0.270303790824751	601
0.014225762576208	0.345614156205824	174
0.031256523160104	0.418027504770765	174
-0.048293063927919	0.37640573431154	44
-0.077278839256182	0.297239584993177	44
0.082670235946054	0.708151678371944	44
0.088416830424318	0.597007210983166	44
0.019523779214639	0.566018822290934	44
-0.090410151876914	0.1553672481468	58
-0.054525829834174	0.268040763612769	58
0.115219560920566	0.352084966152145	58
0.098612814751496	0.654809306067413	44
-0.090106315256159	0.195794863161656	44
0.000789505976778016	0.254931758308645	44
-0.115820164940581	0.110945779041969	20
-0.060608975085203	0.293462546986574	20
-0.100087633005789	0.115484887983346	20
0.124237414364821	0.365151487504995	97
-0.04264542426208	0.195742682617149	97
0.003587988734713	0.120694363696181	4
-0.042699080488017	0.223450263770391	104
-0.110909192939081	0.190246832062064	104
-0.110713629217627	0.157342534257312	104
0.089963426979594	0.26679643402597	104
0.035840464333004	0.361677170293414	104
0.071051307689377	0.343700643084489	104
-0.120687005239133	0.146930192088766	200
-0.083840990088591	0.10584622555506	200
-0.040362217455725	0.111984662052324	200
-0.119121695368764	0.116854729765393	21
-0.095050997155738	0.257391924971172	103
-0.08637253893455	0.302148694440298	103
-0.093723692439706	0.287654953529556	21
-0.075722853474847	0.306306678989933	21
0.00889624172049602	0.482889575988566	21
-0.097130150628835	0.220788563010604	21
0.034985776593637	0.428229472636699	21
0.073888668207664	0.561500098025074	21
0.096734952869384	0.222546890523145	21
-0.04013582757984	0.117314851326798	55
-0.110478894250183	0.168610750947052	55
-0.106186932077398	0.191041183968975	55
-0.102561096373292	0.155236366280495	21
0.124859775700794	0.358473452802339	21
0.094049471670871	0.461628822198656	21
-0.07477522197309	0.290859369057918	38
-0.058385190597005	0.320282621308159	21
-0.00771732188801699	0.300326074860388	21
-0.080800904176456	0.106320825172608	21
0.097848749348875	2.11943988588303	36
-0.032434666658128	1.05218668770128	175
0.053313786025149	0.481757672534616	175
0.076800118205281	0.594872794651029	175
0.014806794807117	0.588361577881844	175
-0.041814649829588	0.383718865078141	175
-0.029858183382939	0.349379738456545	175
-0.058191849716187	0.215487146596694	343
-0.008064053928207	0.36759975282212	343
-0.047559595022127	0.357330370671601	44
-0.075790045125694	0.304836830610444	44
-0.123728384601597	0.204321777063601	44
-0.061513674951921	0.347215570934085	44
-0.10874118477486	0.222123257497189	44
0.026945638511868	0.387097667759972	58
-0.048602560125489	0.114546150257972	58
-0.053979347532847	0.315373586167171	4
-0.00558262202392901	0.320229520582555	665
-0.020744580137901	0.283897570816049	665
-0.106148036560355	0.105841322196799	664
0.117291694796997	0.713098283801325	20
-0.050501209413418	0.319719176163938	20
-0.08235165051354	0.25744719005896	20
-0.104054074323235	0.143340636900974	4
-0.018713392353708	0.121924484378653	4
-0.053812064049952	0.235606641729444	104
-0.00522590963028399	0.293274718233124	104
0.041653296849209	0.543489762644432	104
-0.063185491036995	0.285161263743881	104
0.02298511903247	0.269661369740331	104
0.051503041665849	0.449354290875398	104
-0.107835285254334	0.110849021316008	104
-0.094229146858023	0.20970383538524	104
0.039900263976003	0.458592272623201	104
0.075096017315008	0.325329997414232	104
-0.046715609419545	0.197154246261281	104
0.035476719730574	0.19503658670708	104
0.068221416864731	0.275964222236133	200
-0.112967887528621	0.0877487992053444	200
-0.052112093772828	0.249306521503847	19
0.060266713797974	0.636794356986737	21
-0.04117815958545	0.35220295563879	21
-0.095136792263428	0.223144786229828	21
-0.088385501001529	0.23480497820791	21
0.073417439191641	0.665609820217508	21
0.05718381336481	0.607400511688784	21
-0.036447744729639	0.307806169138813	21
-0.08813256178833	0.170000709684324	21
-0.10479766790063	0.187311399749463	21
-0.111423875647025	0.109070131209657	55
-0.038088914006268	0.291967565247287	55
0.049905399322886	0.487794257107104	21
-0.107346570347527	0.132969294532859	21
-0.041940415765792	0.191011259339107	21
-0.035635116565313	0.174338848774906	21
-0.102190445934505	0.166240979020611	21
0.000978756841077011	0.286117392383551	38
-0.035832095301184	0.264617150171217	38
0.097000163866295	0.647571648073062	38
0.034952443107488	0.553791112369227	38
0.052742800721055	0.471697670111967	21
-0.103107402258067	0.198353144032841	21
-0.010171699737971	0.2848460147817	21
-0.038887537142268	0.247987480564586	21
-0.101802611454945	0.102373629083011	21
-0.068524699776658	1.60611587461301	27
0.043913186688917	0.712640712403216	175
0.017114537482893	0.632876117513358	175
0.07588602430208	0.673609232260406	175
-0.000110791088581003	0.416031798391817	175
-0.048915420550068	0.19633872134824	343
-0.054742611949435	0.178702232117423	343
-0.050835144091258	0.313838166391405	343
-0.023705532157808	0.184094050725425	601
-0.093858164111449	0.202574311613324	44
-0.111474336293394	0.219292215283471	44
0.080480364969448	0.713709206122964	44
-0.101716714146555	0.265890989421345	44
-0.082920561078862	0.213549426228841	44
-0.063479301974512	0.289334285241238	58
0.093626836361831	0.648185425062084	58
-0.086827079810294	0.233436726158812	58
-0.085700994495883	0.11045160954924	4
-0.102652838824364	0.224475994832891	4
-0.057917818013254	0.212258441568727	44
-0.00452346520014901	0.299270510758094	44
-0.122756971010692	0.0972588497272462	20
0.051372042801367	0.264014855670148	97
-0.111198056072315	0.114586963464659	97
-0.116396258463482	0.108850988902675	4
0.00379779089524301	0.412738894244285	104
0.102986995962778	0.286588772520167	104
0.065218528782776	0.357855578107327	104
0.01742422111082	0.253542799945893	104
-0.0105549450539	0.28107364240214	104
0.082429929205082	0.533780080435923	104
0.021721056559149	0.303219084721191	104
-0.044037593699059	0.215718442199197	104
-0.047892935130572	0.195244217322661	21
0.053321338831701	0.472763434314703	21
0.110392495135989	0.826357215254071	21
0.045651183814013	0.636754050775827	21
0.093475483582736	0.681166442339695	21
-0.052492176712393	0.358222660819158	21
-0.017680520565259	0.413175517378332	21
0.046328710609186	0.535969235077163	21
-0.067674824939772	0.291065996068525	21
-0.016093434759338	0.336645525911485	21
-0.037247995595398	0.306073642318677	21
-0.054516603020768	0.26372100384666	21
0.115641223035344	0.598617331876671	21
-0.076336238442805	0.252809695339921	21
0.037542704330462	0.368105680495619	21
-0.101503436101178	0.098974556289108	55
-0.05067271430292	0.216060253380168	55
-0.049102838406531	0.264496944331803	55
0.057650996331504	0.51973439455699	55
-0.041591227472228	0.255095312928769	21
0.027771258104172	0.359492400951384	21
-0.070530387392758	0.219609980815941	38
-0.063500432506961	0.287338804228245	38
-0.109718497815397	0.233201168705341	21
-0.01694098156438	0.300423806847423	21
0.090169831329503	0.210880141946891	21
-0.099033805908366	0.109619974385851	21
0.095279380122299	0.700958306576703	27
0.051287906352722	0.500895731356149	27
-0.069050294452227	0.25932934838044	27
-0.107447290560784	0.283353990201596	27
0.047267076752002	0.790130299463601	27
-0.00684170482633301	0.580988230829826	175
0.071730869272175	0.806103468062019	175
0.057034508973936	0.755304188219995	175
-0.061065363442795	0.330892583820511	175
0.026857139935223	0.605133516075171	175
0.02688818248251	0.269363172509862	601
0.004560400148093	0.477591241940382	601
-0.049299510612664	0.355289759629486	44
-0.042735351557151	0.374463855634767	44
0.092308040350494	0.660259447481637	44
-0.098996214056469	0.257584897672611	44
0.084994988660336	0.704820292311978	44
-0.055757250447458	0.384294975412894	44
-0.061055354203908	0.308872141284143	58
-0.087187820960643	0.270023216452037	58
-0.113004721010085	0.10779210505269	58
0.047335665808332	0.52954163661446	58
-0.081605931574793	0.231154592143928	44
-0.085395624452775	0.242154034088569	20
-0.054597961797008	0.342207640102957	20
-0.041514565203292	0.192833006985957	97
-0.018565826201198	0.119130980931766	4
-0.021958129654208	0.301991832744887	104
0.027175469597514	0.380680321416821	104
0.060197884334108	0.524649721884569	104
0.038612386265909	0.424946531532862	104
-0.118886736224367	0.10166172355334	104
-0.109537901207046	0.107557233198903	104
0.002417295838893	0.250252693817953	104
-0.114417270560204	0.112503267474156	104
-0.042209951675485	0.176821075503815	104
0.080489208088987	0.607732476152387	104
-0.099669537310842	0.213905234966108	104
-0.104326188616998	0.147723959078339	197
-0.074569214140456	0.103974187237042	19
0.046098364462303	0.590958595309189	21
-0.044029937584781	0.353546228286837	21
-0.089291778604726	0.256622790904771	21
-0.047611100493834	0.333383298607891	21
-0.020093947483797	0.385484398291776	21
0.059375791563682	0.515921033302488	21
-0.076533754144898	0.103388516674489	55
-0.094394142112426	0.226670609840879	55
-0.103033944320746	0.181754694566645	21
-0.096388511280897	0.213216787927685	38
-0.073195273979692	0.297778650512925	21
0.070818362743345	0.56483931146076	21
0.072946904677604	0.558410153146139	21
0.047093248018433	0.480362780752117	21
0.00401731670092298	0.381870590630803	21
-0.0320514479462	0.594434712004955	27
-0.123472555234198	0.254726566568441	27
0.00290572654857402	0.46995578925881	175
-0.046257495551769	0.383190157957527	175
-0.086364388273006	0.26380615966106	175
-0.045139872294168	0.40032439518269	175
-0.120252738202116	0.213061674018732	175
-0.002793569546723	0.48362108474761	175
-0.053968967600555	0.377247799544262	175
-0.116659037172892	0.233855661086797	175
-0.06102180194789	0.3636389837907	601
-0.049827163657591	0.386264752286516	601
0.00584390602412099	0.507106027542804	44
-0.033640180043789	0.457020506143285	44
-0.07232710117741	0.319047594365663	44
0.035897975328096	0.433596615800627	44
0.05154631371589	0.499745376415341	44
0.099584724262698	0.569397169228734	44
-0.014580115233679	0.410947426119959	44
0.121306297409468	0.718936277680793	44
-0.019814718603192	0.365849749476728	44
0.069085918483813	0.662810333131523	44
-0.013946966156457	0.466143460179136	58
0.00518017492881101	0.485659883110291	58
-0.121973623852225	0.184954915871146	58
-0.101196471420426	0.215943938338516	58
-0.08892280618961	0.264508778212966	4
-0.051906001489579	0.313615109977956	4
-0.09001868410641	0.227627530712586	44
-0.103989924899189	0.21281568629851	20
-0.11947780782649	0.192920748959869	20
-0.092604568231727	0.255056469481842	20
-0.090503785717569	0.168838172249428	20
0.063878766926312	0.343365137040469	20
0.081197424112668	0.467471948089683	97
0.111610489780465	0.653177072755135	326
0.042943073899376	0.534321634373608	104
-0.017238864313793	0.390563005445121	104
-0.023610455703749	0.397396810778575	104
-0.12408729751549	0.192197217108452	104
0.119265225945238	0.442634993277305	104
-0.030981853146704	0.305881512949319	104
0.109868165591471	0.644714500435928	104
-0.032035325392816	0.385059595156984	104
0.080590135888146	0.597175067284813	104
-0.043560591046035	0.327698351674567	104
0.064719322837254	0.608810570577719	224
0.065868062837121	0.357851326476484	163
-0.111835997516178	0.101006590205853	19
-0.052494797651486	0.253161510950325	19
0.052856472058431	0.557843047845758	19
-0.092253265659207	0.241376659473501	103
0.00784451374372702	0.361657864989671	103
0.066706434254044	0.464815976495955	21
-0.068281690374687	0.258668819412717	21
-0.122239984434177	0.141447928981447	21
-0.068000617105701	0.25008432205101	21
-0.010879071105236	0.350382673056709	21
0.045411278673731	0.510182043592112	21
0.008242601237272	0.376652401423804	55
-0.077791622419273	0.231664596781005	55
-0.022894309838115	0.339046688543354	21
-0.054853549398332	0.305636056117331	21
-0.06132083604817	0.313413463212071	21
-0.039841935098241	0.360098175877384	21
-0.00189516778797699	0.392504550687932	21
-0.008118262667452	0.364982990341503	21
-0.03882425180241	0.321814110138294	21
0.013448793348812	0.443506996284996	21
0.070430154256086	0.571928406626126	21
-0.071651246733591	0.238474246320036	21
0.098375197083203	0.503252740914151	21
-0.104507649107867	0.562745579555714	27
-0.042577224942261	0.580159310473756	27
-0.033542555097141	0.505470196043694	27
-0.062749313725507	0.418403237838507	27
0.000807393321447025	0.468472493291736	27
-0.021591676048299	0.399291507552191	175
-0.093180455316217	0.244468743539047	175
-0.052853818444994	0.196922220684274	44
0.104969633965487	0.518192294716626	44
0.082344030641831	0.465304251994654	44
-0.09610321756756	0.245663563030215	44
0.100264852593276	0.643158722591992	44
0.011056702054014	0.466188394619545	44
0.051633196613917	0.568337902868342	44
-0.06349707020082	0.290440938908327	44
0.100257033743381	0.662904104244605	58
-0.081102692799436	0.231428171128001	4
-0.092974995964513	0.213413747447494	44
-0.034514403988729	0.308479806521435	44
-0.015699574882227	0.391042667976189	44
0.10355384617128	0.56885174147799	20
-0.082457436123765	0.262639113662103	20
-0.008466318593539	0.322713295858705	20
0.069762977940199	0.373866195672585	97
0.097583071474536	0.463419286872544	97
0.014514440394027	0.370848463126283	4
-0.000744198101328003	0.377776513332956	326
-0.02059925274726	0.366486603676063	326
-0.060615597426532	0.293763218730518	326
-0.117988123837888	0.205324254000333	104
-0.072914882923613	0.292691263259399	104
-0.086307655596966	0.218666119476691	104
-0.013097551245544	0.386418116094182	104
-0.025274400774297	0.339833098840871	104
0.107419322404232	0.632686454003633	104
0.115640436626938	0.618749076748187	104
0.094500694882205	0.613172428743601	224
-0.068748253157512	0.252937534438889	224
-0.027488443367179	0.35768210243423	224
0.070046285166545	0.471454521173136	19
-0.09260308290786	0.172239275066586	19
-0.000174659477808009	0.454985228349112	19
-0.015610212424605	0.403404094214726	19
0.080998209051196	0.516429874343544	21
-0.098709097495823	0.204550490368826	21
0.00395448142278099	0.271019097049173	21
-0.08957953294079	0.199748894226545	21
0.067688617402317	0.382657278713401	21
0.035093408593492	0.466828771614237	55
-0.004434936056703	0.394831325905007	55
-0.081530308593384	0.28400684425194	55
0.031072438517803	0.48644573159157	21
-0.017654134435097	0.357545156114205	21
-0.030907411575228	0.407415914205816	21
-0.036249501454191	0.364616223424963	21
-0.114972750312149	0.183647596904868	21
-0.012237529873827	0.350085198619734	21
0.02947744416434	0.393153144587194	21
-0.062882054577084	0.281019860393607	21
-0.085370513921722	0.220400278531438	21
-0.11156032978334	0.729963031849472	27
0.00153472585269299	0.496602156627281	77
-0.051329915389349	0.474899526452916	27
0.00366168293584801	0.590739172640773	119
-0.103644058292974	0.257391366907423	119
-0.081451559031543	0.298650250353048	119
0.066010704448216	0.770863681554475	119
-0.120298789329994	0.145695486748713	175
0.030922027807443	0.633742067719446	175
-0.07238633888972	0.327938546037327	601
-0.092997038837809	0.288286880163245	601
0.075735627022247	0.66845246902358	601
-0.062280770045089	0.346665272647526	601
0.011088044512402	0.530497431078674	601
-0.02019121788071	0.422682720646967	44
0.093104695246197	0.45921455307585	44
0.043670138625132	0.532209450746952	44
-0.050019838616336	0.371560199050753	44
0.052487956653244	0.653503718309174	44
0.059343779895025	0.710353322998987	44
-0.084620321045311	0.110423907052363	44
0.110313374636486	0.690253334356644	20
0.055666104869313	0.197612829889344	20
-0.001808085894626	0.18950325849541	97
-0.018454731838969	0.185973003640269	326
-0.01101482131902	0.119139680193875	326
0.103184709132105	0.282755930720202	326
0.056428915536745	0.621097545724242	104
-0.035296856444348	0.334542813935067	104
-0.088354231250604	0.189328333625958	104
0.020601243697615	0.257065459840085	104
-0.016928287471007	0.190270217818066	104
0.065771181749261	0.466828649393969	104
0.013509203265753	0.507823128237378	104
-0.063337581153425	0.209353539821649	197
-0.047332907984796	0.188564289674805	224
0.003474643325658	0.117953633450569	19
0.064230103109789	0.347862464682041	19
0.082771342884258	0.686011450985402	21
-0.018375779767013	0.386702435741602	21
0.00853392650479601	0.428545135218548	21
0.01214353485936	0.454260458863614	21
-0.0223064046531	0.378734373333832	21
0.040275712423413	0.351770030389286	55
-0.059917088732391	0.286723601416688	55
0.028906506686661	0.199256116077908	55
-0.103737582425915	0.150887193520824	21
-0.077102261302692	0.198350284690497	21
-0.082972881417847	0.176446372058739	21
0.118868255841163	0.512487361408347	21
0.026777686726757	0.334192749296612	21
-0.120447371201646	0.193682544088702	12
0.049045416351727	0.521012639507919	21
-0.094785207854157	0.224798770783056	21
0.043075366793383	0.47842709934419	77
0.053639839777386	0.608047260092367	77
-0.049384861425844	0.498923614584564	77
0.03873186513344	0.88639247254503	77
0.098911905447399	1.06946800747392	27
0.013308563477055	0.669541156093792	27
-0.054162674643687	0.40177751097319	119
0.00589784786227998	0.542094150406291	119
-0.00029216057089701	0.499850723688737	119
0.074687970768611	0.436624509326906	175
0.05814314851603	0.59516644623215	175
-0.110998760994344	0.253971963054725	601
0.121682147599208	0.773140115056318	601
-0.10716638604327	0.256822128901977	601
-0.084065165191914	0.283466281035885	44
0.019872386419037	0.570063026256851	44
-0.00790417492055701	0.457268341818396	44
-0.117825740058646	0.222223241736759	44
-0.109423692541059	0.25297699257197	44
-0.00448621832415	0.446768514603202	44
0.043022518825782	0.673971633272908	44
0.030786825903401	0.527229442574286	44
0.050291942219469	0.659133556677805	44
-0.094400540701263	0.108253574134975	4
0.066945934362617	0.453969036350489	44
-0.00426165951330601	0.361258991635642	44
0.000562249813575999	0.437941905748278	20
-0.09896287965918	0.249741325526463	20
-0.076937293290005	0.285100452356261	20
-0.037252717478284	0.186238018503701	97
-0.088998896206116	0.150632792874097	4
-0.077399799278643	0.107964913120836	326
0.034797648769426	0.462604212384745	326
-0.057481707980037	0.264173680496387	326
0.090755206404659	0.493945112736525	326
-0.062566951712395	0.353021097069343	104
0.091906348823017	0.609937521117088	104
0.060332454990854	0.681322427032853	104
0.036250935052743	0.268713962882764	104
0.000535430437325013	0.322151011069816	104
0.000488469788599011	0.286930228538417	224
0.093975594819509	0.424785745842085	224
-0.123787660951349	0.103797653524141	197
-0.121315967496005	0.160273632572001	197
0.079458491152204	0.642753484492905	21
0.018708565685318	0.563570670856426	21
-0.099795298689028	0.253013113956349	21
0.01738261283636	0.432967620247747	21
0.029903874853031	0.49070238690816	21
-0.016133763878121	0.43260585711968	21
-0.048342827707755	0.331075638309222	21
-0.08495251119918	0.260058640870797	21
-0.113725263755996	0.192261169247137	21
-0.114724019845543	0.182217817656535	21
-0.096645950231145	0.101802575168961	21
-0.082602626068102	0.213026516667881	55
0.102391694116789	0.679100568829529	21
0.018131901152993	0.25547951596084	21
-0.109370608831241	0.131951219975955	21
0.041900393946536	0.336237187216617	21
-0.00579735528480099	0.466326977734699	12
0.102780604536547	0.61487671684634	21
-0.016721168889804	0.189969530350936	201
0.122239565386769	0.856472326075424	77
-0.036293236858997	0.379344755936043	77
-0.0669091026789	0.454337035218736	77
-0.082567411364064	0.427152164855874	27
-0.082700224732822	0.342425561148861	119
-0.091577922045124	0.282855064117508	175
-0.119023103598833	0.218904920774691	175
-0.015937446956107	0.41414666791122	175
0.00549845130216098	0.55835902479226	601
-0.01173757167636	0.404515651187718	44
-0.001800614395567	0.477240675583297	44
0.020299390083832	0.520225373273699	44
-0.066012060596888	0.338046249923468	44
-0.00598006750230601	0.408904845472016	44
0.111880668179913	0.781279345249562	44
0.046103896669241	0.540109311440944	44
0.07319809117931	0.458120378715022	44
-0.041961078516425	0.110687770961524	4
-0.044085107663967	0.256763896812955	4
-0.068731502013387	0.245831600604266	44
0.021117026127252	0.4952636049391	44
-0.012614032723605	0.331261939270937	44
0.029752862770121	0.438671094318082	44
0.09959693051251	0.323802017158632	674
0.078194532849118	0.357215685891635	674
-0.051356711289549	0.381854495905268	20
-0.124297149644907	0.191015396874119	20
0.096065973358128	0.219110950576753	97
-0.027958335333381	0.176557384514115	97
-0.054383602395807	0.17929734779488	4
0.042365348015669	0.358320064689686	4
0.085401852525081	0.217786510722689	326
-0.031241416798411	0.289275138822275	326
0.00769508112509698	0.299466378275287	326
-0.012128296571205	0.46170708000752	190
-0.051439169871665	0.199734498052158	19
-0.107244007573808	0.137465477678596	248
0.123172901770643	0.437866961195212	224
0.081401497304013	0.321498121726171	103
-0.109200642625422	0.265622453746483	103
0.059566793204708	0.639224287072106	21
-0.02884290115972	0.404960013471382	21
0.122180031989885	0.860211298575561	21
-0.048391132262996	0.336394370100743	21
-0.096736335758848	0.22413651891504	21
0.012006373823252	0.488016694147673	21
-0.096576837703569	0.0989882186969913	21
-0.117521713549669	0.182224283802193	21
0.109389280224861	0.605424709489413	21
-0.119091942342831	0.0979981868053022	21
-0.051072186365567	0.231432106647289	12
-0.120014560214123	0.200531212874742	12
-0.08033572328886	0.305435526383424	12
-0.105107002855246	0.247162208730364	12
-0.047538561680309	0.281023281377636	12
-0.066401230829392	0.292694543121465	21
0.076313523605589	1.82664116883766	77
0.00148901549025099	0.636097740821483	77
-0.00187927110730601	0.546043985226995	77
-0.102598192765542	0.333970370896733	77
0.099681474420728	1.0179996901986	77
0.03969977583357	0.981816458265282	77
0.077204452323529	0.666197253516126	77
0.073918101807191	0.943685800063245	119
-0.010855620086806	0.613427338996241	119
0.091091016442001	0.767007513425116	119
-0.037830246779566	0.457254217646967	119
-0.088023464574317	0.288287441567757	175
0.105619327083423	0.529158871528217	175
-0.124904163482822	0.195844323801871	175
-0.000760491900291011	0.46646344603843	601
0.088110522127918	0.44368256920509	44
-0.084374552431769	0.298033841480687	44
-0.036184278591572	0.399610030480445	44
0.033340942139459	0.524456508525195	44
0.017779389084538	0.490581996345254	44
-0.051883698746467	0.443910908586362	44
-0.121605297195295	0.159442535605052	44
-0.109324701351994	0.250253016795211	44
0.012072385347507	0.508623896524421	44
-0.083807608935227	0.244126132662024	44
-0.042212684831817	0.25354187325911	44
0.085083969231247	0.27521213512497	44
0.056377861036813	0.582956123690693	44
-0.084771348246447	0.300215831295289	44
0.039563746080343	0.552099573465446	44
0.121469505926279	0.607837825317771	44
0.078395875443102	0.607525167601374	674
0.121071811096714	0.445086406672308	674
-0.119138867977272	0.0938986923771858	44
0.067402504169826	0.703956564269106	20
-0.079239099839299	0.26002986172919	4
0.020585775086399	0.182010127485472	97
0.115368615516273	0.496749597049002	4
0.00800558472159002	0.420772528537611	326
-0.109027759559727	0.257134214618675	104
-0.022741992632272	0.356268721907569	104
-0.060309794308623	0.336235052428863	104
0.016496907557826	0.38001794926741	248
0.121727045246998	0.440604643174638	224
0.09197375976043	0.413490195859706	224
0.011609819262196	0.257766825370931	224
0.096961036637074	0.536985592495217	224
0.046351689986986	0.516486293011428	224
-0.110206270285925	0.118582605898338	19
0.102735367355132	0.478505894300263	103
-0.09267679490888	0.248475620187959	21
0.016464479682271	0.537195379368743	21
-0.039876365719299	0.364447863074684	21
0.064833858252819	0.617555447328724	21
0.023184601318958	0.494209509321316	21
0.088299893673417	0.505048698505132	21
0.065274745505592	0.614051718707434	21
-0.0297394270837	0.341011969374543	21
0.02747743546933	0.480137170761612	21
0.083739959785511	0.585036594296796	21
0.047370805080107	0.268350427971407	21
-0.091948680900229	0.224536217230826	21
-0.107123365016164	0.133723103615882	21
-0.106977985483358	0.12783259360781	12
-0.104445836498696	0.194773927250787	21
-0.00437460912953899	0.481003533876172	12
-0.005911508669595	0.484224895945497	12
-0.10605571187343	0.216662215911397	12
-0.048640380765376	0.364865897563857	12
0.12145713026127	0.649459017439088	21
-0.076678940011426	1.01474414668244	27
0.106946023073184	1.23339854558269	77
-0.018477029092276	0.6068168053182	77
0.031817311130878	0.919253887166022	77
-0.019090881929506	0.823079948217947	77
0.026667798658257	0.919657962004549	77
-0.098291793533475	0.318429905952071	77
0.03129209648892	0.645202492679862	119
0.023654533242583	0.557732773339099	119
-0.00998815973947601	0.546790357839753	119
-0.112602653129149	0.228136509266623	44
-0.048367151031718	0.320036167136931	44
-0.032089257911892	0.317336257959113	44
-0.085869602632136	0.266585599254128	44
-0.076038897398587	0.27862532653744	27
-0.118427060574791	0.185319724818509	44
-0.099178479061047	0.248003439735611	44
-0.024154477612599	0.452783029416752	44
-0.094539126974697	0.153820843899268	44
0.01537994394658	0.186228882601785	44
-0.041958591389377	0.186847370762248	44
-0.027647069828493	0.402270767151886	44
-0.002854069879247	0.360885325323747	44
-0.086653671819319	0.245780008630421	44
-0.082335488847684	0.288740221642933	20
-0.032841982925745	0.444111455663044	4
0.122024497370024	0.232461001943671	97
-0.048989174240658	0.268622253838069	4
0.117007174428452	0.220552399490706	326
-0.044070790184788	0.306094762916678	4
0.022301811453053	0.628814258853288	4
-0.017133387920392	0.36130679262546	104
0.00755979781537502	0.451884275170746	104
0.085484711641184	0.615411192941902	19
-0.119751821823463	0.161552847320968	19
0.00399160947543398	0.454574009682405	248
0.046897982673547	0.400492668825997	224
-0.090498940798998	0.162017976483516	224
-0.083246879748724	0.102430295778999	19
0.00283944321605301	0.197451934082544	19
-0.03456126176257	0.297475385010525	103
0.040343353655796	0.448300942560541	21
-0.104361232456896	0.179744351910315	21
0.111736376057991	0.491563461062025	21
0.058754165870803	0.451323949766887	21
-0.104055771416399	0.111092529155056	21
-0.096396347531527	0.129026989893258	21
0.112447784268182	0.266481368737009	21
-0.009583751677504	0.365364293712428	21
0.062189115363086	0.586410639565165	21
-0.061984151237353	0.312235436814413	21
-0.090972604481624	0.173115607890336	12
0.068205754734643	0.62240296501551	21
0.055588751541799	0.61127254943717	21
-0.066513921028554	0.273114278582966	12
0.071450042491999	0.345377379874884	21
-0.099420943286162	1.16095042380813	27
0.123883734956451	1.97330198060082	77
-0.022399086697495	0.920576171474866	77
0.057192455718002	1.30714434820498	77
0.028762783136034	1.07052573863394	77
0.031065631337769	0.707137148748624	119
-0.04083629549314	0.379922214812903	119
-0.00557389256715701	0.448541133679181	119
-0.00932561984703301	0.378924081329789	119
-0.00462820840876699	0.382222087531456	119
-0.045332428313747	0.317017034354999	119
-0.019917682676079	0.507312977843316	175
-0.046773261962968	0.400663792494536	175
0.094357740033974	0.460361831893236	44
-0.029254415747704	0.330226568679048	27
-0.06387162880303	0.314417922007924	27
0.030005778083301	0.538572464219673	44
-0.118132594907741	0.228599418765072	44
-0.011730646537211	0.367694951105028	44
0.052926741715756	0.528166352364491	44
0.100824094216129	0.69188631688605	44
-0.032680006948634	0.34654766514218	44
0.025625673499573	0.471537692339983	44
-0.005652779977141	0.369019053253817	44
-0.085000668153843	0.216878590155063	4
-0.027920849969573	0.334716448601594	4
0.00340335381044099	0.319725379955071	97
-0.051668470139137	0.198859251509061	97
-0.042000879010268	0.295664627133421	326
0.075183951953057	0.659950846743608	4
-0.078606224348027	0.284139430367997	4
0.049825088068331	0.369116833686665	104
-0.088615707891041	0.22486901610612	104
-0.085096290477998	0.229646302117984	104
0.04746467621775	0.452303667668979	104
-0.108884089098673	0.219895140521096	104
-0.031407546024115	0.395224916457406	19
0.083815563291234	0.672805317942311	248
0.053349895772777	0.52118200967798	248
0.10210453113815	0.430100903095395	66
0.044573782040082	0.352871413861904	21
-0.062434174171169	0.209817474651672	21
-0.047075727569742	0.23539490266992	21
0.00901055415640001	0.292768547966671	21
-0.005189833270274	0.289778307468571	21
-0.039964654481605	0.306272662474235	21
-0.043879566404407	0.294624704338341	66
0.081067155293338	0.651159273525563	21
-0.080505721670275	0.221173520516461	21
0.067548585015981	0.560202515784521	21
0.025743678934619	0.384369002937224	21
0.078034914841032	0.659759771787044	21
0.112656826675569	0.651548558791171	12
-0.111284834454452	0.212459758910714	21
-0.00683202263775401	0.405871339653503	21
0.054840089793876	0.430902617847286	12
-0.055259629666112	0.299767693290846	12
0.033419069975315	0.513168246467831	12
-0.057041693535647	0.282951813083235	12
0.04969603703113	1.47327653698554	77
-0.021077947037132	0.970590308996882	77
0.067629868659873	1.41433664681307	77
-0.117195942690842	0.308149505054962	119
-0.010446890939298	0.459831562356222	119
-0.022371856337612	0.420995863803917	119
-0.018494433144387	0.440548919796507	175
-0.104915204008596	0.253395188811181	175
0.106720819179012	0.850698833548606	175
-0.10289703115849	0.15088660505697	44
0.00295229009188303	0.284258763639765	44
-0.028427480292029	0.338961309699091	44
-0.09613689578954	0.252662589176709	44
-0.000354565691690012	0.451327921188414	44
-0.051148282840131	0.331126732801127	44
-0.039983917794608	0.249124835053808	4
-0.096098880550839	0.236528196672157	4
-0.05327440914598	0.295511098445563	4
0.089028639329222	0.592675192579334	104
-0.013401749077958	0.38207683711162	104
-0.014858075603893	0.384355823626748	104
-0.086030980150876	0.26136456327808	104
-0.099201995829481	0.21730113806208	19
-0.108373552661544	0.192583122147237	19
-0.024458228400184	0.352002621477772	248
-0.011791239830699	0.398675878713582	248
-0.028653034923188	0.346329736017694	248
-0.000758037566903014	0.286610845198666	19
-0.095663339461974	0.161351567410272	19
0.028881467493517	0.433550597442633	21
0.109938411642833	0.438582104604074	21
-0.046165968492019	0.240641944811356	66
-0.101828320173592	0.14483564772844	66
0.065626026167881	0.345674438689164	66
0.037589978823013	0.254676713875231	21
-0.034523384287451	0.281273309281706	21
-0.033517058603362	0.315944157427838	3
0.073536776175071	0.418035412379919	3
0.033106081871217	0.389765968250475	3
-0.086288641715041	0.256661968226075	3
-0.062738660711348	0.315669076532997	3
0.065676764553507	0.447783622983495	12
-0.052705954487444	0.285043294628304	12
0.010470238892118	0.280564179769843	12
0.107997241516242	1.80487433965187	77
-0.09663518980434	0.503606314985235	27
0.062783391828234	0.740556657527251	119
0.00683465164803798	0.325621888640741	44
0.078946952369585	0.51317522228427	44
-0.062963084447492	0.336585216451558	44
0.00458444469875002	0.477305935790823	44
-0.096968204121915	0.153801068834177	44
-0.115049663271956	0.197408700487342	44
-0.000120407131668998	0.383949416876157	44
-0.047245715805197	0.328957462436615	44
0.00802077421292902	0.275765855659536	4
0.084004614040757	0.27776218108741	97
-0.020864280373398	0.325432376385566	4
0.028211211298785	0.1945932925527	4
-0.12151268722885	0.15501073170746	4
0.00489343019530702	0.294009835930946	19
-0.004946401764195	0.410179581712322	19
0.102175564390689	0.464947103336947	19
-0.00664370137397799	0.190123793161949	19
-0.117956672928231	0.123983560735636	19
-0.106681595396195	0.109511175065873	19
-0.097147031672203	0.16293840861912	103
-0.06139053045313	0.245615010923929	21
0.017287852552312	0.331481504203877	445
-0.005960696174689	0.302564167967194	3
-0.012736513269581	0.27145223930219	3
0.10079988703482	0.413967249360002	66
0.00400978876976199	0.384141776480972	3
-0.078725301056847	0.227276271770666	3
0.030766460976819	0.495464467717418	3
-0.067074647714599	0.325622845577316	3
-0.063171720397882	0.28641555033509	3
-0.086663251371907	0.253679439008069	12
0.071770561827313	0.473165670030982	12
-0.105162154010387	0.198246336954113	12
0.077285993000517	0.372575951561768	12
0.00931177634276398	0.525903944770172	77
0.11704115084189	0.7601715638796	119
-0.103958377242054	0.133360129912973	119
0.068697020016611	0.33987240157083	175
0.033632344197634	0.379871477069084	175
-0.023211652866186	0.389520888430695	175
-0.000424006619405004	0.61378303218727	175
0.00522040919643801	0.33828824970823	175
-0.04039763505019	0.22733003661834	175
0.121982765590092	0.535616884583838	175
-0.095733804320405	0.200042188088597	44
0.097816536803019	0.340864068342039	44
-0.108660220049229	0.176273327836906	27
-0.089273303076887	0.168873926650724	44
-0.024376809738425	0.330667452436036	44
0.095664903905469	0.584894740004477	44
0.041144481593553	0.705085257429862	44
-0.00729685630691401	0.411945424599499	44
0.00686364801808298	0.297693005762535	44
-0.116006950400486	0.14466507376707	44
0.022695855591572	0.313160504842308	44
0.010591363896278	0.39132847127663	4
0.11713580973821	0.54904133342497	4
-0.114953807544754	0.150599763120586	4
-0.031643238529453	0.368341715536156	4
0.028942066460296	0.260761639119912	4
-0.077524391096267	0.205813699535466	19
-0.087374843881214	0.267745915277038	19
0.042142939847686	0.449174315068424	19
-0.024716665038483	0.37930739599397	19
-0.043539836854616	0.260626611232643	19
-0.028550984848768	0.192052732950871	248
-0.06727821319793	0.19116453205276	248
-0.06103930978258	0.302164883813315	248
0.00648788497455	0.447483218837415	248
-0.097789181858654	0.161312531612237	19
-0.000788855645543013	0.358763244982692	21
-0.109223054305293	0.23689779087552	21
-0.093878677869711	0.211471620619015	21
-0.000420525444639996	0.195228401695258	445
0.026737142657711	0.196580502089754	3
-0.084719091187642	0.104603760446527	3
0.099666203933466	0.285219182301848	3
-0.047152464094455	0.10999888049312	3
0.000131285064188025	0.197339750704612	517
0.060131052533011	0.200888927286581	517
-0.124918620854929	0.15719107966672	66
-0.062217524715971	0.329247061333136	3
0.013441787995372	0.251503259782914	3
0.020334770513627	0.442599096164198	3
0.092567342628262	0.543647086031869	3
0.00621569076275003	0.281607498346663	3
-0.096450123043989	0.106366996020615	12
-0.081288905927482	0.213571066617704	12
-0.111870573873014	0.0983276834408798	12
-0.004361404390515	0.291869236608422	12
-0.021613261578309	0.356427469259446	12
0.07984411865153	2.00607245434953	27
0.10958496921015	1.50763278710262	77
-0.078733345485064	0.195531966877393	119
0.079396370521596	0.286880107670122	175
-0.046036365522271	0.26471236789098	175
-0.07053571474735	0.375786790948808	175
-0.000368877076124013	0.187136713203352	44
0.10904368165174	0.365728282330458	44
-0.047144601370279	0.287513583257219	44
0.122109885757834	0.486169617186825	44
0.048311362717797	0.392275692741815	44
0.016809720468302	0.292074508415712	44
-0.089217668218866	0.178870799925955	44
0.00674222017123299	0.284490738508953	4
0.069915115879215	0.456187402704048	19
0.051505162221308	0.459206161322176	4
-0.012004723402931	0.264828510691661	4
-0.047354766577019	0.193074349773628	4
-0.028108141734146	0.323021241044197	19
-0.056951376358835	0.207815079375723	19
0.00853689918317602	0.315269282726143	19
-0.083480275215294	0.277968461319351	19
-0.122022877899525	0.164837958650206	19
0.03887871107481	0.205533852853357	3
0.094553284997662	0.264181835661279	517
0.042405541363446	0.209258624641624	517
0.028577744516352	0.503678084347696	3
0.053202793088413	0.359498733077883	3
-0.108846213186219	0.121218313078963	3
-0.044505771895612	0.386294609879985	3
-0.045184308278328	0.233686081663334	3
-0.101991921265793	0.164276687466158	3
0.110377209184846	0.373979191635862	12
0.077007548580821	0.264252180878238	12
-0.112311513028045	0.185581032000475	12
0.051783577631294	1.02601062480421	77
0.106575359852815	0.931690238892888	119
-0.045281907189184	0.282702507210228	119
-0.103116644635397	0.193457400536136	119
-0.071020168473676	0.258740772066215	175
-0.063312133291567	0.34154483285645	175
-0.09861795706811	0.111650806844492	44
0.09837193694359	0.283389480343765	44
-0.010538867772989	0.193850343096303	44
-0.026161479902532	0.179083712706076	44
-0.086860706794175	0.191140341824971	44
-0.088412989606244	0.233751594209296	44
0.07983649726669	0.429791509056194	44
-0.01617159140362	0.449764271576223	44
0.018767824905326	0.291677230797004	44
-0.009448598694243	0.296449243228464	44
-0.057341977320251	0.22386147958611	44
-0.039148724461447	0.276644955757187	44
0.021773566695221	0.494281730726818	4
-0.102699525433725	0.156866557124559	19
0.104614959349192	0.493975314524976	19
0.025299353281911	0.375626449939497	4
-0.009051075019954	0.381287981458163	4
-0.091198144223134	0.284942127295635	4
0.009164244217988	0.359369470744489	4
-0.08138715048632	0.240522962222318	4
-0.049407767401606	0.301497955189587	4
-0.045579815242645	0.202176662096852	4
0.060309445592173	0.275282280278731	4
0.013371697594872	0.263688467109818	4
-0.102959822114589	0.182368767732557	19
0.053476588699695	0.461941022032585	19
-0.112314661289791	0.222494867480993	19
-0.115423785964841	0.162321952063062	19
-0.00880947445154401	0.330146909142913	19
0.090207063724674	0.676974532921691	248
-0.019780091077735	0.4167802669239	19
-0.082045614416444	0.225876901052128	19
-0.050785108390065	0.285725313458443	19
-0.013212585127622	0.323478011783037	103
0.117819905885576	0.763473430251887	103
-0.022659885267421	0.189460730701734	3
-0.103249008478708	0.103908383387955	3
-0.087185490512817	0.172314370347849	66
0.054890246234392	0.636838136206329	3
0.002553832970141	0.44746021352687	3
-0.016740799115273	0.387054082360729	3
0.116365171834201	0.288820323376278	12
-0.030121308837102	0.187413035924344	12
-0.117368680743872	0.162859679382038	12
-0.037566406624474	0.334207109639076	12
-0.00697173583086499	0.519244224868792	175
-0.1009593400937	0.216340517191851	175
0.03444698983275	0.266491205467763	44
-0.101977547347934	0.140327132541365	44
0.022534756095115	0.393907918137966	44
0.038984821160885	0.450593350842462	44
-0.064320930318659	0.275014387448322	44
0.018133341508735	0.403494795944619	44
0.01320743382274	0.360375843334649	4
0.01289229297129	0.300864119795067	4
-0.058725875760469	0.189465472795776	4
-0.030536044451116	0.3225956374891	19
0.017288504682587	0.444111460349806	19
-0.083810188358207	0.214436127339513	19
-0.061277760197582	0.306277846433011	19
-0.112942034442894	0.179352545151584	19
0.107518846365869	0.502761061398381	248
-0.034255304805642	0.281415282403104	248
0.00619811838780898	0.387211523430436	248
0.109471114848888	0.433859481990197	19
0.031569118777399	0.34968243264346	19
-0.00449225457762201	0.308338014532424	19
-0.100674048653596	0.210314574983336	19
-0.095159847648591	0.227338434869638	103
0.01671400171285	0.433109162536232	103
0.091307785558167	0.365700451901114	66
-0.099254803814649	0.144076381010726	3
-0.115971470930531	0.161563897234035	66
0.012845468949484	0.418042327381678	3
0.114123474208317	0.530851013263904	3
-0.045783008339615	0.257696967063801	12
-0.116673572198125	0.191484256535632	12
-0.059842337199866	0.210777100473549	12
0.00743958910602699	0.367539045165088	12
-0.097317101564878	0.174598888176205	12
-0.10762003280017	0.130898632339331	12
0.00531468452627698	1.54209930532984	27
0.020653421974134	0.522948010342424	119
-0.041160604770009	0.369200344784046	119
0.083180458049234	0.616042213725329	119
-0.074919931320784	0.321997067731777	175
-0.066193592322419	0.3227778164018	27
0.030612149356601	0.266927870731132	27
0.050718092292117	0.348706963576318	44
-0.051498353521911	0.234100317083191	44
-0.115590172950522	0.162163750588132	44
-0.091884459497689	0.187886415471525	27
-0.066498099973371	0.276458441863326	44
-0.078519360854715	0.190776185614824	44
0.01004260744343	0.286448433284394	4
0.084473463333088	0.582792596744951	19
0.063094212352719	0.363403105738227	19
-0.11379821421815	0.163734390082396	19
-0.051429265988758	0.189323255487904	103
0.106943987425067	0.319884487704967	103
-0.109596909434261	0.120115078939191	3
0.010709958764837	0.195345176555209	3
-0.045855541483231	0.180050874998144	3
0.074690051525163	0.264628191091395	3
-0.079945178947637	0.209562841901743	3
-0.074109240759836	0.253901532785102	3
-0.029589976258934	0.271904998595732	12
0.06034427939249	0.426815996903877	12
-0.070368634786118	0.244152311241663	12
0.099888531050927	0.917839184991372	175
-0.035067282862351	0.39104396457658	44
0.086384393527987	0.52967917399056	44
-0.066018956081344	0.275301773857625	44
0.046351030115272	0.473813546310801	44
-0.103895667838989	0.238149447865256	44
0.109524681598747	0.554982152700204	44
0.059037357838261	0.479006039799868	4
-0.050897852001182	0.307250594932717	19
0.036164269324661	0.421167107348713	19
0.04741590430574	0.403345172850692	19
0.012236889338372	0.286811088489242	19
-0.053374139800313	0.236886686788725	19
-0.046678633700076	0.312707695155464	4
-0.019992291996414	0.377593177554706	4
-0.068777080429528	0.24341499838939	19
0.038650305545961	0.502037313861095	248
-0.009789751574937	0.33260702076408	19
0.00357269637667701	0.353531987934727	103
-0.022506896249683	0.393909652014356	103
0.109188456589192	0.421704012034006	3
-0.11179278488263	0.103824743808734	3
-0.098351308994054	0.118898280759799	3
-0.00618376178553201	0.288613772630926	3
0.029005568888841	0.475693465551148	3
0.107892785327978	0.544642589197976	3
-0.088395166624985	0.250841180801341	3
0.058363407057628	0.448087884559293	3
-0.058752891959622	0.277366461812113	3
0.024372011474319	0.481637502283918	3
-0.101185661119523	0.184629889384755	12
-0.11456997036835	0.200166981271666	12
0.075808858950583	0.438942121476824	12
-0.098323866817629	0.382547720377405	119
-0.085070722372816	0.344995975278526	119
-0.078904613935557	0.323959979326912	175
0.04079564317275	0.545024243064523	27
-0.123278257091877	0.250027393562676	27
0.00211864482380802	0.626603614331733	27
-0.01517212095017	0.529416996063142	168
-0.088425865365906	0.284592144567385	44
-0.00630925098489299	0.389615881697995	44
-0.007798303953759	0.382369985663042	44
-0.00259508941748701	0.413356662298578	44
-0.047560897712901	0.214294590801644	19
0.087261725777971	0.277641702597785	19
0.00366431604241801	0.285259829083656	19
0.00476151386676099	0.278741456068846	19
0.048725617351208	0.522094774272145	4
0.020219981528065	0.456430937287718	4
-0.098308437747003	0.230788774607192	19
0.043698198530399	0.378409205189584	19
-0.108699229483125	0.129828606696161	19
0.047518515440128	0.330804994472379	19
-0.122107280517841	0.157124303128617	3
0.091709642102511	0.513739855035269	3
0.021128438535541	0.378947348288649	3
-0.025082383235353	0.180277975966291	3
0.073550680954832	0.701708080879398	3
0.07362271732784	0.432975168594724	10
0.042052868219095	0.389271512747033	10
-0.031382159307649	0.389191052073537	12
-0.043191123473423	0.842247973947225	119
-0.082007681919774	0.400015702452845	119
0.080350413162902	0.927681320228033	119
-0.105442112851782	0.32802657454924	27
-0.087136160438473	0.33266909552794	168
0.098997404914038	0.844625197901675	27
-0.041163961144577	0.297799236011618	27
-0.020759860284645	0.31404842880658	368
-0.044263789189476	0.302748958512047	27
-0.067679831459047	0.313847299619412	44
-0.061965568178777	0.327323815229759	44
-0.018959753985803	0.418880155906825	44
0.012691801648119	0.465052459776287	450
-0.058138413707133	0.254335963331778	44
-0.088961115102777	0.224648535949634	4
0.068073423791112	0.637703966590764	19
-0.083199728804152	0.218761609069529	19
-0.059421791389721	0.210295574581013	19
0.048589393517323	0.357554317380271	19
0.034840130357924	0.50632169093181	19
-0.035601370965187	0.366172382011454	19
-0.063965154257089	0.278572205551102	19
-0.034115173555557	0.336182614332649	19
-0.047816839844888	0.265466569589653	19
-0.110892383967213	0.138478806846551	19
-0.109747020189676	0.135185265835247	19
-0.054603132060036	0.231711776690811	3
-0.107759541855252	0.168484069521245	3
0.030332309368285	0.364540852499117	3
-0.088676911694128	0.223717536989607	3
-0.070277652925971	0.261301061356909	3
0.060483514799945	0.465554484133431	3
-0.071261081093674	0.242701234218023	10
-0.037381155866175	0.298728434008569	10
-0.102910161120275	0.141821426830233	12
0.052504683831895	1.68114965251685	119
0.091080288543002	1.18538384787421	119
0.028490833580035	0.779342939489505	119
0.059643119342895	0.862038016408068	27
0.011799865955863	0.566548884202253	27
-0.096200525800735	0.316431846162057	168
0.027157391940024	0.47698412954331	27
0.086015150685714	0.604952928269889	368
0.036217452456934	0.482589994698178	368
-0.00794622820469701	0.406719489378183	44
0.070231759505832	0.628699134144479	44
-0.045952140415127	0.298937773976534	44
-0.044051441238464	0.394292541380365	44
-0.007565501515162	0.487350638318422	44
-0.087252110142791	0.10838081521862	44
-0.014634284249671	0.318946680978793	44
-0.105764494865605	0.103267509660042	44
-0.058533134643877	0.32471741035089	19
0.108885810823944	0.298494732227573	19
0.120534969258263	0.214323213544896	19
-0.122025797094013	0.157946388659609	19
-0.042897956566028	0.290471489567689	19
0.098457382827877	0.526951365054362	19
0.084339319005385	0.557551612069549	19
-0.081075610587084	0.256327437328714	19
-0.095014533173279	0.216426566504152	19
-0.120404643221585	0.113754308928196	19
-0.024988999863433	0.391887943187778	19
-0.093229483099769	0.171932532677879	19
0.043334410014939	0.362285803969144	19
0.010945679296075	0.314446571846692	19
-0.107704305621031	0.1145516129207	19
0.00711735847229	0.127262537107587	276
-0.008831247932168	0.270948261539511	120
0.029094436232592	0.507564529449335	120
-0.108308537855811	0.198299534715807	120
-0.086904673909287	0.236117650925772	120
0.014603768102921	0.373984988054677	120
-0.071231050886608	0.230628315164569	3
-0.120709983029638	0.150438231265631	3
-0.111218517650339	0.183247799083103	3
-0.016022839756706	0.35319593582088	3
0.084019667783009	0.491597520198205	110
0.08238057549197	0.492833980788048	12
-0.08297471658378	0.258671160567578	10
-0.1153038918786	0.161840566192499	10
-0.107641548553963	0.210012252908689	10
0.062406488355857	0.491869817790841	12
-0.084287993588723	0.287567045655943	12
0.061977767518671	0.563680742335415	12
0.057768613558875	1.01563197617155	119
0.00913782086909698	0.430862176361235	27
-0.057391561334619	0.264673718134773	27
-0.00994307604786099	0.588166007475456	27
-0.037985620755296	0.518143977363557	168
-0.095881654805371	0.30101645203246	168
0.087249980596022	0.875864704345996	168
-0.07056744990955	0.303233539277377	27
0.096214980810209	0.683339683041517	368
-0.080716959020201	0.225839718204793	44
-0.009237552805618	0.43014886426701	44
-0.055043949644746	0.334326440609685	44
-0.118407749193942	0.126997154050046	44
-0.016246321769981	0.430099701842981	44
-0.058442851668011	0.349853098866452	44
-0.043957824925739	0.23631720469546	44
0.012675988070873	0.500725773689635	19
-0.098194539323335	0.0961304142877507	19
0.098113427432933	0.571073929642046	19
0.041229416666721	0.373677884514676	19
0.041479627084232	0.545757632684339	19
-0.027857780577636	0.306618996666117	19
0.047880734956365	0.573554133146152	19
-0.030529580386328	0.402827753515698	19
-0.11541317496972	0.215329742342773	19
0.044107642675358	0.472003719828666	19
-0.099802493156337	0.141679673645508	19
-0.053252004023415	0.262631555870527	19
0.017801930685775	0.510250040103065	19
0.02846727114449	0.26465138856298	19
-0.070575969616695	0.107050986955315	276
-0.043361309095734	0.323889483568272	120
0.105427388435919	0.658498905470233	120
0.00255741493589601	0.386619798989481	3
-0.041803011554956	0.308272799152378	3
0.028251720656871	0.437120215434504	3
0.000876526682973999	0.304167268564866	3
-0.115847861058111	0.215418167835836	3
0.072358632536882	0.651873371197748	3
-0.025904484634333	0.422324734379526	10
-0.059165230450285	0.306317576786393	12
-0.108709779905187	0.18564094984167	12
-0.124682125855844	0.754747160285937	27
-0.109863831207112	0.354719453698432	27
-0.099575960224269	0.369921397953639	27
-0.09961056109964	0.296264310094571	27
-0.071803763461031	0.362584950689042	168
0.036697780764925	0.682399920953043	168
0.033938673452937	0.517676265314783	368
0.076715220263528	0.680198307447836	368
0.042992016631306	0.501346235464437	368
0.029403582877753	0.533759475932951	44
-0.122528015625844	0.210113391509183	44
-0.005916614212227	0.178568639456711	44
-0.023864927496638	0.188085977116476	186
-0.122585333971369	0.182383515833813	186
-0.004588463991338	0.379422837502199	44
-0.08881315975103	0.166121027124117	44
-0.118777961664721	0.11386575646596	44
-0.014615808635783	0.42136259555997	19
-0.108150637921108	0.215779078197876	19
-0.118679704317932	0.216976009761554	19
-0.110842964062532	0.169300446537701	19
0.016435896119817	0.448130621121067	19
-0.102696593231346	0.102093681642998	19
-0.042833322467791	0.274165974063867	19
-0.046098899728346	0.227897775568114	19
-0.114853066198436	0.0978979089747456	19
-0.059904913907709	0.316356684692365	120
0.046168043294912	0.505069639499249	120
0.11253908803574	0.629158418825084	120
-0.023745059719697	0.345307922696438	120
0.098505693020756	0.535517934216805	3
0.030000192739994	0.357111898266561	3
0.076498663069791	0.419322575207384	3
0.03109700413733	0.435072938364922	3
-0.113129121060487	0.105895397458583	3
0.036174520349444	0.39016676356978	110
-0.028378939760483	0.403728321572757	3
0.118256912151108	0.511123013218908	3
0.100859741398357	0.451879137973924	3
0.045294791335587	0.373907252828246	3
0.018428765015278	0.27309015298296	10
0.120325819581742	0.433046160439554	10
-0.00318215865044799	0.315218337194877	10
-0.018963230749661	0.323165553091625	12
-0.00955558435033699	0.595392020845046	119
0.0352000246684	0.690776503651858	119
-0.110842538619115	0.12781188497248	27
-0.07315114692286	0.315037479913296	44
0.017585091904304	0.555141487156102	44
0.046503486252565	0.41287250153709	44
-0.025318614990158	0.449875092897713	44
0.090236048494408	0.565174762507166	44
0.092407466888619	0.581324086893744	44
0.054929549327135	0.464116091868565	44
-0.070738189052613	0.295854222277426	44
-0.108663268105752	0.147417088435358	4
-0.096863443570177	0.229491380524	25
-0.021996505411784	0.313508252025506	25
0.024276236409348	0.386086905551164	19
-0.063006969100759	0.275917373219136	19
0.064284961593005	0.690930520913616	19
0.015384604688034	0.471625820601704	19
-0.034468353194067	0.391245748286714	19
0.107704166710331	0.790095893579395	4
0.035383131089639	0.344175267330832	19
0.119225205990506	0.944623239155196	19
0.062484576801779	0.592595750702617	19
-0.097502147559779	0.216183575615733	19
0.020466953892169	0.398139448544235	19
0.057038587070422	0.523760842503568	19
-0.098759961013577	0.218936355779848	19
-0.053108786732095	0.253309224862294	19
0.047700942326991	0.497593952824622	19
0.018698431316395	0.244282395111525	120
0.020619307356011	0.240437976874819	120
0.026863597974593	0.2329409738447	120
-0.087327597334204	0.174530855115965	3
-0.111940546910525	0.121574845611612	3
-0.101471485185553	0.107308375339913	3
0.079659856746985	0.265114455925661	3
-0.119482848194999	0.102265330002489	120
-0.049400635462189	0.187193518456202	120
0.010495276085783	0.28223217458745	3
0.049956110052295	0.374087945753074	3
0.053484646098898	0.684281402001552	110
-0.058209213571766	0.242777857644999	110
-0.104411662719385	0.22137435603815	3
-0.070981013743282	0.294316427242213	3
-0.04501647858186	0.346408519690089	3
0.044248299932436	0.594084717544372	10
-0.049274681341769	0.285382646210278	10
-0.100811419083531	0.128263593047	10
-0.102110597216849	0.25450088990843	12
-0.124031147955417	0.212422632849695	12
-0.057151746283229	1.41442253534243	27
-0.057268625136527	0.851887335534299	27
-0.106734133952496	0.452374222893931	27
-0.028586311935156	0.420124312834705	27
-0.079234330061877	0.364643543827159	27
0.019020697838706	0.493808853527742	27
-0.101605166690528	0.228460365781505	409
0.051545698907202	0.477016207878098	409
-0.085452538780125	0.252140458160861	27
-0.087242127214325	0.285806581162588	44
-0.025094066246987	0.312816632295157	44
-0.104765633181292	0.19115130509532	44
-0.111803380420411	0.108455427149849	44
-0.047731700733252	0.300104383545369	25
0.121811184081602	0.595124504807257	19
0.030478532431061	0.37220032102639	19
0.032577669887836	0.199254348978852	19
-0.04643421611043	0.263346688043273	4
-0.013764950785237	0.339764994046303	19
-0.094656149364021	0.243046065132706	91
0.027674405119729	0.372143684786321	91
0.109695390658399	0.662483663395367	19
-0.116351579585269	0.180145260705649	19
-0.00727281745515099	0.420618646764808	19
0.061428632646406	0.528593081162573	19
-0.123498108628404	0.198617088000995	19
-0.057216999195175	0.320658404802743	19
0.028817190773109	0.468091147269212	19
-0.00099850313903499	0.354702857695935	19
0.113772677909085	0.525387562446846	19
-0.045393601936999	0.217921216584023	19
-0.055337208716975	0.191618263559816	19
-0.090433664919907	0.0983464078358965	276
-0.076729912497951	0.108008942524065	276
-0.002868380042786	0.406802438685723	120
-0.021026567457317	0.330638303040233	3
0.113624550111584	0.536489282134142	120
-0.081752637963046	0.200756644214366	120
-0.053710159973476	0.314796914745888	3
0.000879261367857986	0.471082815457311	3
-0.100807525781493	0.201902828121332	3
0.042582157670111	0.422160981608324	3
-0.010939779468433	0.289627675001982	3
0.026519916279033	0.398672942669719	10
-0.105475294310442	0.223373333119388	10
-0.00729211818738501	0.223778873511008	12
-0.054159874740611	0.461761108908061	155
0.0000871337880670176	0.502924225407974	409
0.034217434576872	0.576811010571362	44
-0.107988221330144	0.198121074018854	44
0.065994673590106	0.670163887642495	25
-0.120153440472461	0.216113198117008	91
-0.115574856718234	0.210310755321484	19
0.03355391031286	0.3731456250427	19
-0.101327113760514	0.146841214674546	19
-0.039368180880685	0.2986267909706	19
0.124318074833264	0.627936879386627	19
-0.071672681554731	0.250693885712268	19
-0.00411219486797901	0.279645585695706	19
-0.097049624856619	0.109737854227481	19
0.065648218585123	0.207119399072071	19
-0.029614125925857	0.373396256600087	120
-0.096896540564692	0.264135104331594	120
-0.124580364409593	0.172866554650968	120
-0.027474288783345	0.331323289686527	120
-0.113201188684155	0.184892125231637	120
-0.114062914211082	0.210948502236797	3
-0.026290754435342	0.207938368459257	3
0.10701559515619	0.426003108211764	3
0.043397379800227	0.483347708393344	12
-0.040444693870763	0.292547759753123	10
0.041935460205927	0.561882563056976	10
0.089910019679913	0.553093162028723	10
-0.108355019641753	0.214116346098713	10
0.047951703622631	0.63012787481423	12
0.00505758641933501	0.292911831184884	155
-0.027270872115885	0.447149812877448	155
-0.093356721417048	0.320678930390357	409
-0.063688850966206	0.398625444344231	409
-0.00767098933740601	0.443256173007161	409
0.06317746705805	0.616258966305935	44
0.078501453435173	0.611915927789473	44
-0.040419177374628	0.194201817257727	44
0.07087680731482	0.211327803987148	44
-0.061262218193776	0.290414930670238	44
0.051638887518422	0.544327601246169	44
0.00869256307448402	0.312436127408409	44
-0.120916664530734	0.105322104617951	44
0.00388052674727302	0.121772506049349	160
-0.10487048401713	0.110842473164895	25
-0.022691924011413	0.296486459568289	25
0.076690115286058	0.577997060585415	25
0.112897076075479	0.36072866567133	25
-0.049985571230437	0.174329654861837	25
-0.017354803164104	0.188208476940535	25
-0.042287624603453	0.295815687118378	19
-0.078985377559385	0.287185183864002	19
0.02073569323076	0.458405984187728	19
0.062073024681099	0.620596755764348	19
-0.020324422381281	0.376972629319153	91
-0.098526884327076	0.107210789550927	91
-0.083074002258191	0.110390966170943	19
-0.112247514975325	0.137493422982906	19
0.109162493742331	0.551387433954529	19
-0.103006372054376	0.131733814850681	19
0.010986415021107	0.127142685145062	19
-0.041510555051882	0.115140412104491	19
0.00388052674727302	0.121772506049349	19
0.014391137303072	0.545444308558437	120
0.048030179398632	0.640855092224697	120
-0.106798403381536	0.235958915240328	3
-0.00341219627512501	0.402319051964681	120
0.028587777266944	0.525158218021661	120
-0.117313232595884	0.227904148303253	120
0.029648672771638	0.546272709260597	120
-0.071762827754717	0.110019980906814	3
-0.00629646646471199	0.271444267322204	110
-0.072167787138992	0.243702859998066	3
-0.011684906455015	0.287993263014627	370
0.083581696608667	0.443805556670385	370
-0.083782281242664	0.519039930397554	27
-0.094628346429036	0.214824776722999	27
-0.054794560896784	0.51380106212673	155
0.076421266698607	0.7351592000299	155
-0.058790092819665	0.358685546041692	155
0.076648213503656	0.367567521706199	707
0.0565376550613	0.63326608472042	707
-0.03501593954126	0.476595896704617	409
0.05975717182804	0.723843532843049	409
-0.05763191076825	0.198180783462739	44
0.083244007287513	0.450791219998021	44
-0.053557979327787	0.341999939345052	44
0.0400552338438	0.20007465618508	44
-0.10128675742173	0.167593223934418	44
-0.003006255240697	0.26860038930627	44
0.029352694560369	0.391347478396384	173
-0.114160099328758	0.121827800180495	44
-0.013614643170337	0.12132859624499	44
-0.075501305287213	0.103338646915615	44
0.040854911803966	0.27396054833234	25
-0.08464092922291	0.21237589516622	25
-0.049478923552754	0.292574602167062	25
-0.117129019103163	0.104928581645645	25
-0.042445648919719	0.246266705826656	19
-0.044026130296182	0.250315245723557	19
-0.075195404485649	0.251037098382684	19
0.119841723637261	0.66882167744265	19
0.079368146508029	0.653958810867375	19
-0.105226624502003	0.117254783931845	19
-0.074737464841361	0.107522090647176	19
0.052425418304082	0.332283790466633	19
0.112435807831019	0.440974633885018	19
0.051684043306816	0.432016487058676	19
0.00524615868085299	0.248695391674209	19
-0.048113771054476	0.188744805305717	19
-0.108921955028236	0.124548654733519	19
0.123610536351975	0.234350115894459	19
-0.044062639071966	0.111420689783293	19
0.122317618788635	0.150297683397518	19
0.055408388234203	0.131899041893578	66
0.066503750164308	0.751719287333517	120
0.02898090805087	0.628961770875718	120
0.124255645442623	1.04465096031777	120
-0.090433032972864	0.288203262436414	120
0.069303221422649	0.653625821125015	3
0.066060866192694	0.598607508601625	120
0.033385447629514	0.499023111258442	120
-0.099470545046215	0.180973618568266	12
0.00676539671228299	0.292358761502027	279
-0.039585103207861	0.290270416481979	279
-0.016508667772679	0.119283461413197	110
0.026758234331976	0.275733932651229	110
-0.033048656905377	0.336213426885112	3
-0.049558194946966	0.244610120939166	331
-0.04941343619701	0.188260930195985	331
-0.00987770062821899	0.269858977848057	331
0.033703669970877	0.550826991239278	10
-0.007628384128056	0.282341950925132	735
0.058012335741608	0.450796408002185	735
-0.00479665013684699	0.304990347157149	735
-0.090216072571214	0.187890573532742	12
-0.11685492375164	0.176130617047127	12
0.115356181695276	0.436262679276534	735
-0.074189396685296	0.110547063315622	735
-0.107137958601693	0.22488018362434	155
-0.088766965547292	0.352096259208179	155
-0.00834214166130301	0.570323982195939	409
-0.046503794779557	0.42618384997442	409
0.00418482792519798	0.41265919926064	44
-0.098871048125983	0.163598939001286	44
-0.092675404249142	0.231458024660051	44
-0.101220711974064	0.207621370016442	44
-0.078541767763052	0.229308194910954	173
-0.111950581275285	0.108105823669617	44
-0.112362849847313	0.183100897388176	25
0.034070738850788	0.253861487676413	25
0.00199764214608	0.119002120690218	620
0.044035299153322	0.35879913199689	19
-0.00238025719943899	0.242821767429593	19
-0.000633806883615001	0.196268997161584	19
-0.109680019059248	0.126163761132945	19
0.082671290994122	0.422121180237115	19
-0.069625466049306	0.257844995775585	19
-0.038221331988235	0.203083861641648	19
-0.110078960018511	0.101810351732682	19
-0.100811999636659	0.158629737416737	19
-0.056909714597501	0.112478795079107	572
-0.106384067059457	0.117586275933487	120
-0.00858517592715799	0.542351769744252	120
-0.000388334190285999	0.512267120844584	120
-0.016996732858814	0.502481400816791	120
0.050664989774436	0.613618270385047	120
-0.00408628912956599	0.453871689145271	120
-0.075530331486208	0.300937919537413	120
0.084132853078005	0.563915833800755	279
-0.113882699045673	0.110312753004132	279
-0.075501305287213	0.103338646915615	110
-0.041785847747002	0.215899836523867	110
0.095050954574843	0.520463130484975	331
0.025749669072791	0.265951722162002	331
-0.075210371471763	0.227304717527869	370
0.042531548160876	0.491598282344799	370
-0.063573698205678	0.325944017154399	10
0.104179883892128	0.522129812759942	735
-0.056917027480795	0.228515798623058	735
0.06131124137886	0.46060034224373	735
0.074324221137698	0.431787502937772	735
-0.098521774340159	0.149084999368499	735
0.119403561592652	0.364279854701504	735
0.068614577730977	1.13264734745678	155
-0.06507963180182	0.295862751163843	155
0.058921136050057	0.853418310941505	155
0.00551721768977598	0.688938897604039	155
0.043466711643128	0.857979010811957	155
-0.068443617698026	0.397541041381524	155
0.093001260722834	0.7709961995115	155
0.117512587400444	0.410300497903637	155
0.095531462291371	0.787267733563794	155
0.050777459608426	0.354632709961626	707
-0.054032940453727	0.432731033377141	409
-0.016252109223099	0.570796347551538	409
0.077672559546937	0.870499924394385	409
-0.00575916779021399	0.576125661553626	409
-0.102114628977188	0.293276167419409	44
-0.033579058414407	0.462663279522161	44
0.112746150855428	0.62450184860146	44
0.073809007082144	0.59488293998837	44
-0.062999928606048	0.249571192168927	44
0.039889167693839	0.355671712067096	44
-0.087318968260172	0.10635924696796	44
-0.015017842135638	0.117549897381784	160
0.000337430101642	0.18898007443751	160
-0.110643629205787	0.15062996709862	90
0.076828404696759	0.261520539720956	90
0.116468807449471	0.28784560960524	90
-0.041618788570464	0.197787098558036	19
-0.053543400467455	0.212660103392528	19
-0.044281150943389	0.29259730203136	19
-0.040388086775164	0.269503272103187	91
-0.085082176217882	0.202713027858599	91
-0.074962261313602	0.186519255693002	91
0.10425095262319	0.365553936488119	19
0.073430710373318	0.349770940688795	19
0.1135849450035	0.450983184475155	19
-0.053039696777759	0.191737229677074	120
-0.044084714134517	0.416308577038738	120
-0.027967459954358	0.484876656346798	120
-0.037366537920579	0.428785056540375	120
0.104490964999237	0.830055989608224	120
-0.12419621950349	0.230003385743415	120
-0.038068967074294	0.411113194792683	120
0.00573781087033198	0.483760742411045	3
0.069024755542838	0.462103120175405	279
0.049351721675207	0.272769688984049	331
0.070661057282473	0.357948675277726	331
-0.054083086985927	0.110879420924039	331
0.081998462380577	0.355485043293618	10
0.085087116612923	0.459720476479853	735
-0.113971591455147	0.0999914850522806	735
0.00785030181975999	1.24881914530435	27
0.04497645846163	1.28509295185011	27
0.033636452178401	1.03261123510631	155
-0.030989093740362	0.372044779141475	155
0.12004057438676	1.17145862495755	155
0.042103836098705	0.851073604185571	155
0.036380420593425	0.767590521275244	409
-0.107386180860081	0.252649972660062	27
0.077099882723226	0.858930135039026	188
0.000377847003434018	0.407978693957111	44
0.032211069085922	0.36371679194087	44
0.00366538161588897	0.276097379325442	44
-0.038572488774613	0.17209517023598	25
0.040246255282076	0.188608299516797	90
0.024847751354106	0.297056476308835	90
0.00941644438323003	0.195078684952749	19
0.052595349893862	0.316801493755362	19
0.072698028341416	0.270074821974995	19
-0.00735536512226201	0.175255417299968	19
0.054588537359033	0.459340255643504	19
-0.035318105157697	0.192574405644959	19
-0.03364940041238	0.156648715576574	19
-0.03621096176912	0.115028175517842	572
-0.047110012487989	0.196226703143898	120
-0.100163994019627	0.273476832451143	120
-0.044614330958269	0.40914667536768	120
-0.09108645279383	0.274911390235094	120
-0.063701548834192	0.340652861709801	120
0.079261551189422	0.756522915804536	120
-0.118877836038081	0.222467015732573	120
-0.013945146203841	0.440261516420962	3
0.101572812521859	0.456675653155555	279
-0.032654965587268	0.32235265313997	279
0.0943494503256	0.215277313474261	110
-0.043082721708669	0.115906704039515	243
0.074868852815119	0.436733247354315	370
0.035951026333421	0.37859321429951	735
0.035487519005143	0.397722392368736	735
0.00360486255600201	0.263528295202731	735
-0.114328066768794	0.118438658848218	735
-0.00252347795445701	0.193515724067312	735
-0.046150346144169	0.171495545004491	735
0.108252668790964	1.77257720068761	155
0.00833068778364299	0.650364259471514	155
-0.108068809312408	0.384046605458768	155
-0.010132591472761	0.586085746188305	155
-0.112087099615515	0.305029379007959	155
-0.060134952718412	0.40238397423299	155
-0.11899573354336	0.239979083529848	27
0.071967199443244	0.866769154972807	188
0.053491119727029	0.675672374108218	188
0.094329143102237	0.783193513291099	188
0.00774407916673597	0.513051902410006	44
0.113058052456329	0.684574326772969	44
0.00929229430484402	0.477643043978342	44
-0.041586048293533	0.361939980527765	44
0.025527907646822	0.201399962721838	44
-0.01597156493527	0.118702741160439	44
0.042513295555671	0.382681508074886	44
0.082542187993949	0.590155376711138	44
-0.10258730952108	0.239100113338113	44
-0.124142931491725	0.135794872940405	173
0.071630145582647	0.429426448179448	44
-0.010971818679244	0.347023738771627	44
0.096702110130953	0.218005190908995	160
0.120439590891715	0.22079584425099	90
-0.037570486642634	0.190472469292908	90
0.08116169826054	0.363150527592664	90
-0.00902708466264299	0.307770595898577	90
-0.107123659092745	0.131431772320752	19
0.049711564650823	0.129949183856016	19
-0.091551348523641	0.0941051001920188	19
0.00586620728153497	0.125462225186977	19
0.101964957668283	0.337525134603915	19
0.068526466501276	0.363141898040832	19
-0.086715658164553	0.10130424066229	19
0.068531542481529	0.369433767445365	19
-0.075547307948432	0.219274410195397	19
-0.00228361226253301	0.331178635997209	19
0.085399452268374	0.282723631714851	572
0.025743315650674	0.201941316508451	572
0.000747836166040017	0.116997763586667	131
0.034876257721643	0.395826711143785	120
0.044560238288123	0.495845416746215	131
-0.041392030062907	0.410850987175123	120
-0.077588706515866	0.321929007549831	120
-0.091796447617469	0.26890320934574	120
-0.075127770748687	0.330962849650518	120
-0.097962904547847	0.268820883786659	120
-0.053804010354896	0.237872328029213	279
-0.070555648385299	0.248516766147875	110
0.105578621861849	0.639995128800922	110
0.017484942407267	0.272877901256144	331
-0.00325560148729501	0.28293972084922	331
0.032277829865974	0.377513015831918	370
-0.059746177172226	0.347650001138226	370
0.083109576955343	0.546692156682692	10
-0.102061770332348	0.198885979831094	10
0.108103088376325	0.520674672960581	735
-0.014860976250537	0.37240390442121	735
-0.111759828053919	0.384753917943933	155
-0.038719996800071	0.56092569894594	155
0.046333281982857	0.591208870363588	707
-0.083391905519189	0.283295907300976	27
0.065857856528436	0.64473280516908	188
0.076422734465928	0.665640626777101	188
-0.116998501487566	0.213445981719756	188
-0.097419243574899	0.233475533014193	44
-0.075078075779383	0.279803223199792	44
0.075865350826844	0.508943722752535	44
-0.012578265689943	0.334644385618262	44
-0.103642017846765	0.136726057913137	160
-0.015791745864791	0.393188791062361	25
0.081712101157025	0.555595207736397	25
-0.093258138075094	0.185814338361461	25
0.071517271000447	0.213607487566722	90
-0.105123266035259	0.115967231258521	90
-0.078761763018113	0.188834061821404	19
0.104483218104088	0.292336383256191	19
-0.042597854034955	0.185976060379477	19
0.097038756984942	0.593836505194577	19
-0.088235481018235	0.17847841005944	19
-0.081257908585809	0.227759782488659	91
0.115379244358324	0.442838418928045	91
-0.030276540878347	0.291208502746271	19
0.06390048086258	0.363489267548129	19
-0.099403312280198	0.161505928229232	303
0.121911749627822	0.293304036786016	572
-0.103095253432354	0.102289577710632	131
0.11378392302514	0.590844561618878	120
-0.083816244068972	0.244487433848235	120
-0.090621739082167	0.201120309848495	120
-0.046824389868917	0.20947477181759	120
-0.086033983144881	0.163970887871618	120
0.104788956915862	0.34848523228627	110
0.00263868775367399	0.19774437758136	110
-0.097169511892716	0.0947485227452504	110
-0.025340603141887	0.296239586113111	110
-0.083601973280475	0.189753294408089	331
0.027300795205833	0.432253596744931	12
0.11304983916689	0.513193903141302	370
-0.083508837884578	0.205766181216362	370
-0.118260310352397	0.164427911979796	370
-0.048059744597622	0.269815544034714	370
-0.08173092635996	0.221328858166549	10
0.074839174134469	0.492427929199082	10
-0.108140137067235	0.172132728172049	735
-0.10886592295179	0.111317271504755	10
-0.121154497033128	0.457568237915971	155
-0.022812575402667	0.752977802395999	155
-0.001223418127134	0.640447961566402	155
-0.044133580745008	0.424924191218373	707
-0.077645026070154	0.341211853303561	188
-0.056743543287943	0.329635662917202	188
-0.04124376350829	0.3651241845532	188
0.057305824652854	0.642847081398926	44
-0.118393172681265	0.2113370293945	44
-0.112708906045733	0.235346818111623	44
0.018590149163729	0.493361605065711	44
0.050924354697967	0.55691818253965	44
-0.117630046825059	0.199238277525196	44
-0.067941782759941	0.238219788718529	44
0.116427896243906	0.733546978001035	44
-0.10760565000632	0.198069488625131	44
0.071743583938494	0.426162379637879	160
0.00971048487454401	0.289404190710965	25
0.030174915427404	0.443843690779594	25
-0.024621865171367	0.341854083889664	25
0.00603623886794102	0.283273646664034	90
0.00300384773879397	0.264568367860231	90
0.102443132786194	0.445985842933866	19
0.031326915143893	0.425221648531324	19
-0.027963996852915	0.180533828723709	19
0.018932659342799	0.288404069278081	19
0.048398093580635	0.506056166792832	19
0.107619049529618	0.647731820146686	19
-0.017313020382979	0.377268732307946	19
0.093962482418977	0.562165530065748	91
-0.040415935477496	0.228837857500381	19
-0.054663087450199	0.268614841574474	19
-0.041930076822297	0.316190037651823	19
-0.01061086508942	0.321573171678466	19
0.111602202655008	0.424194441264516	131
0.09533220443546	0.326711282562639	572
-0.029580440495147	0.185660848120335	630
0.087963947556608	0.506399358253882	131
-0.057747148651865	0.306466884054771	131
0.114488278921026	0.749976243250756	120
0.063594432280877	0.586299611440912	120
-0.059605576254268	0.284801352848246	120
-0.03518121202027	0.300377882364044	120
-0.043351288481236	0.263144690297902	120
-0.049658808930218	0.271078186017973	120
0.077169930684036	0.543551309496381	12
0.054702706964031	0.269582729554407	110
-0.12090567735718	0.173080105652572	110
0.033286676571741	0.455420172333329	110
-0.121372684991207	0.169723945029853	110
-0.061731200892283	0.266994436468467	110
0.081544986034276	0.563926136957145	110
0.124694699376343	0.422433158990819	12
-0.11385991763726	0.167095949080902	12
-0.00761875598613401	0.297090058304847	370
-0.083184838758313	0.240434291797355	370
0.015898182852797	0.268785066655151	10
-0.055626615702197	0.189719280382885	10
-0.118530501905832	0.523510243443623	155
-0.053207062226685	0.755516019185126	155
0.085139070349825	1.52103256006521	155
0.026093391391313	1.14369609718657	155
0.05281009222349	1.02849140702095	155
-0.100174138584542	0.262940269682514	155
-0.021218774159071	0.496572676055701	188
-0.029585003469875	0.44517734967757	188
0.014985979763748	0.569760203139976	188
0.000344999196324025	0.471311131737254	188
0.041013773902174	0.595683263802307	44
0.054767184984688	0.614224336882634	44
-0.034518547087262	0.421985374106149	44
-0.077914045558433	0.292856935430787	44
0.023924177786796	0.502715384715068	44
0.086066507165228	0.552053565084075	44
0.016817610889417	0.514541935725718	44
0.047282140914187	0.369637473975557	44
-0.123618585716396	0.103122930584839	44
-0.010222160902386	0.368619524871269	44
0.074019655855866	0.477197644178656	44
0.036809594158531	0.374054710802432	44
-0.014238860764993	0.293627521051109	44
-0.075592369554241	0.240981819403164	44
-0.033854002029847	0.233947172001783	160
-0.109191563300355	0.0997785626923653	25
0.041577819995755	0.262720453075784	25
0.074528632069034	0.456935085258447	25
-0.054040217629429	0.113954156729272	25
0.03345023668879	0.41194158498269	19
0.045594787437175	0.205742659279004	19
-0.071706199412697	0.106744239934197	19
0.029167094625528	0.381931339010914	19
0.054771284023339	0.546501961728015	19
-0.095780263738334	0.208375505924923	91
-0.078941991313506	0.235957600986028	91
-0.117646283299397	0.107240566221912	91
-0.04391786144431	0.178663109290838	91
0.049397539099574	0.345076985771391	19
0.059822850533724	0.396552553732344	19
0.118554486057298	0.531413576401344	19
-0.081384652297319	0.218837230381741	19
0.018738330410404	0.193287417360585	646
0.123297806884183	0.220504082646721	630
-0.094110750009014	0.252081486808622	131
-0.035545788300315	0.316929533599061	131
-0.037471830371113	0.286873858077039	120
-0.120143338566795	0.151298493657528	120
-0.004145136880464	0.358833726647748	120
-0.058145775895011	0.266820171705942	120
-0.014020539921094	0.188937633051873	110
0.084867492233453	0.570303986977806	110
-0.099170282506569	0.170735960032757	110
-0.061006213702735	0.301384928543004	110
-0.054333055240843	0.215481791779341	110
-0.091048354370481	0.153087251141634	110
-0.09806144368207	0.129614309334971	12
-0.003171726929871	0.297769113569106	12
-0.093596905689825	0.170852164251481	12
0.063613378906186	0.512086765431441	10
-0.049310185126802	0.259158128352728	10
0.085792498602266	0.354374153975405	10
0.029373845297584	1.73830403735544	155
-0.010138928044629	0.984737938774716	155
0.00974760255243101	0.972651669717158	155
-0.112425398540708	0.331658312417611	155
-0.12324627415087	0.329762561550587	155
-0.011338118992455	0.712875796125352	155
-0.040026776808598	0.359247763994254	188
0.015249771323267	0.499063322015674	188
-0.01564824126096	0.425378502832034	44
-0.051819139954878	0.379391828372921	44
-0.007401790712361	0.427284442201086	44
-0.117490308451932	0.23413936136626	44
0.013397769285053	0.514357861343507	44
0.112204145952196	0.791074325801794	44
-0.078798377310015	0.271959387447915	44
-0.028960728383034	0.424589890254	44
0.00598774181667899	0.46392899510901	44
-0.118596397277279	0.149943170626446	44
-0.123212038139787	0.146693215658862	25
0.035043112829925	0.277192929366692	25
-0.112784595616924	0.106039395932435	25
-0.022240896474025	0.283801283646734	19
-0.017438065028311	0.374280724813865	19
0.062604924147848	0.444280193377774	91
-0.017324574903047	0.309975079502547	19
-0.095682861486241	0.173060202469668	19
-0.091378743017411	0.23531481530343	19
0.038680587586219	0.365914254189899	19
0.010518968964475	0.275967853890265	19
0.104876100581102	0.363680455851363	131
-0.102297200574108	0.100936736028901	630
-0.091563186547792	0.215292543244906	131
-0.114291876431389	0.178456279972139	131
-0.113830929878079	0.169799197995274	120
-0.070589219682982	0.235696315542452	120
0.054545404054465	0.369806546182206	120
0.112987270325919	0.59645982064337	120
-0.085372396007539	0.19869455133047	120
-0.058833589880042	0.224629953456708	12
0.123067072004915	0.420204146730456	110
-0.032163975862028	0.188390692213379	110
-0.112675156094176	0.167394412944117	110
-0.037094945537627	0.306630768291225	110
0.052037584962751	0.515107788864299	110
-0.00789599056621701	0.310065147148853	110
0.08452924008423	0.493509699823601	110
-0.089272132530588	0.203098483357089	110
-0.109621763757495	0.179520627568778	370
0.112091578428738	0.498401553687749	370
0.074716540052756	0.596915186289957	10
-0.042259719684579	0.315937040613083	10
-0.107178204189232	0.17581308651961	10
-0.040674007579088	0.298273691545238	10
-0.032083590551899	0.227304457699801	10
0.00606699865492899	0.269412841505646	10
-0.030442934116146	1.99955797911547	139
-0.09016823136897	0.602461702938908	155
0.121222678433485	1.7310645448045	155
0.011395263461047	1.03681074792179	155
-0.052207852330693	0.639170454287378	155
-0.028766664118085	0.730836689107184	155
0.091636935284281	1.02270799233754	27
-0.080258626157855	0.379300415933584	27
-0.089774363212018	0.312345327840073	27
-0.047603182911701	0.280369288749404	188
-0.11141047362213	0.170321337672152	44
-0.079824081746949	0.260807794089877	44
0.071841671586198	0.551309503056517	44
0.00234278494775397	0.398390157612883	44
-0.119792732621352	0.215775933056593	44
-0.077708896229974	0.236072828553954	44
-0.106502758520167	0.227240731187789	44
0.087300708926168	0.5330126443389	44
-0.076414249200352	0.275327723518713	44
-0.00830110981742499	0.369943254198082	25
-0.084109892235555	0.231317577265015	25
0.06260782335621	0.346894959143498	90
0.019045031344709	0.269690823431755	90
0.053602446850771	0.520842021887817	19
-0.110649036628238	0.198894728638566	19
0.021687680496327	0.444607460730205	91
-0.014618684315092	0.312092105221982	19
-0.085262120355149	0.266414670723467	19
0.023755103628668	0.458138676786582	19
-0.117251392254839	0.182169139273456	19
-0.037867979534165	0.279536074225233	19
-0.053666984199189	0.193768986292873	19
0.110866396568882	0.728107320752056	135
0.089038377330988	0.381907853057647	120
-0.112138568201092	0.129288079878983	120
-0.11428744372249	0.128959662039157	120
0.083641452355472	0.357369471441794	120
-0.050297889574534	0.256541573142351	120
0.115950308230592	0.51259249039858	120
-0.089317393592174	0.230540051024621	110
-0.076732301823105	0.234596137407406	110
0.05001348724028	0.396117275239654	12
0.030850258663903	0.402432379688109	370
-0.040825391097928	0.292437710610498	370
0.074527360492397	0.592747672697149	10
-0.081290609761148	0.208746360293081	10
-0.085943368584498	1.43076131406028	27
-0.123636550077753	0.804199888427595	27
-0.051267261750129	0.609099579088252	155
-0.076962810879831	0.442763791390193	155
-0.07850330525799	0.621168878825948	155
-0.11053425061839	0.328612160743434	155
0.070535775673891	0.484541331351538	44
-0.085505599113323	0.257068644863828	44
0.076012127334909	0.642767295523239	44
-0.048100836434	0.22601760813242	44
0.112537265688471	0.681964628281344	44
-0.00864255196191699	0.367512628336084	25
-0.110077094488117	0.194576537799497	25
-0.059538145008737	0.176002137631716	25
0.060753871215844	0.480206380602233	247
-0.088354748878887	0.237996316483614	25
0.037893781892878	0.35853132790278	19
-0.00349556545881699	0.318904387452997	19
-0.11653371627761	0.165906141109375	19
-0.085435989996449	0.103790242216943	91
-0.042278602807642	0.264007745311414	19
-0.075062790735907	0.270459715704325	19
-0.120460939118102	0.153185102102433	19
-0.041371094167662	0.198855463527368	19
-0.034265681004505	0.203102053102112	19
0.056324016885315	0.661130461637867	19
0.112712215632923	0.417083626962227	19
-0.091608736677334	0.226509943999476	19
0.104715707537788	0.524248604082101	19
0.098757101625717	0.656533310005606	131
-0.082527202879186	0.235139850310847	135
0.024573884588332	0.524954745340238	135
0.09817583213176	0.333011487487953	131
-0.107399675458039	0.115904366278397	131
-0.00328630292207599	0.192557688370121	131
0.00283944321605301	0.197451934082544	255
0.050923381055107	0.271225891091127	131
-0.02704968719878	0.183841261995324	120
-0.089780136186438	0.281570904674674	12
0.00760836529327402	0.281099334996672	110
0.037469088665638	0.25451224795928	110
0.022705116163489	0.489510435313654	110
0.07429135123765	0.481208087131838	12
0.067733216471803	0.519448883636792	12
-0.00858395601668999	0.271546921867687	12
0.007164557093496	0.25877864609856	370
0.061634350304161	0.542564753775931	10
0.02592157938068	1.90466183433048	27
-0.092316557444667	0.349160261889345	155
-0.098090078496204	0.360015299332646	27
0.038507650997067	0.256037048116177	188
0.052558056849258	0.363694273039437	188
-0.096074121510183	0.173771404660986	44
0.046952721342073	0.592372666219119	44
-0.0037174069517	0.443146194777082	44
0.044908455318258	0.381946229924015	44
-0.048043312857509	0.261403513703226	44
0.037852007349637	0.6020407480602	330
-0.033327492714759	0.190576866715463	25
0.02988221641193	0.419292234682523	247
0.038000637028765	0.454631759610496	247
-0.121185435286102	0.166703702966426	247
-0.093098501524429	0.209423538699405	25
0.00205920987928598	0.192744428083181	91
-0.065234730314923	0.302504979965816	19
-0.056735687150234	0.28779906538485	19
-0.066651284925016	0.292347706574783	19
-0.119155105062526	0.11584795332878	19
-0.060033819458499	0.18721618824078	19
0.055892627750089	0.435373078293773	19
-0.016214052036376	0.425359984541149	131
-0.052302482758466	0.177452610657238	131
-0.121713545199618	0.106023781382773	131
0.103542451814201	0.293952256577672	255
-0.101114766472642	0.0996707310100666	255
-0.037620140946865	0.109994629161254	120
-0.07690894156069	0.106694437360812	120
-0.036172105915844	0.269225933400301	110
0.116974922527419	0.643827608254065	12
0.111441869074886	0.517446848365331	12
0.118626870847823	0.36241204878137	370
-0.104688849259175	0.203594565111837	10
-0.117195495742132	1.13749106559321	27
0.025608070994688	0.249391654389781	188
-0.047736568965805	0.223991408907517	44
0.082797018178496	0.676390269162158	188
-0.079642319410568	0.206526199278127	188
-0.103828550646307	0.23323214370805	44
0.030901802916959	0.572086331900483	44
-0.100339845078698	0.287642634427072	44
0.000884114867119978	0.476114373334345	44
-0.059949513092529	0.320502136319962	44
0.096742917204068	0.664881735801658	44
0.046782211430444	0.493337193275303	44
0.009079666918343	0.436280997840912	330
0.00225767328371701	0.457720229017342	330
-0.081668584951135	0.249558686299385	25
0.065276958333215	0.345149620301899	25
-0.000108717737532987	0.326232014090864	247
-0.073735328841399	0.225732252189839	247
0.060053886726625	0.372904791127377	247
-0.102498476109463	0.20002870157166	25
0.094444712705379	0.59976116097729	25
0.046357069540657	0.390867676531795	25
0.079197932013791	0.543197231978833	25
-0.104007361337055	0.218711757000273	25
-0.123375948625029	0.155146221945774	19
-0.036882863884415	0.339542462530289	19
-0.061954759040069	0.278321194686456	19
-0.101776927673946	0.109931092746045	91
-0.028393582235456	0.394807876950371	19
-0.00803167686133899	0.297487032807417	19
0.061095779838511	0.525913391212543	19
-0.089209128655171	0.250821749284602	19
-0.123496580924166	0.164583721094971	19
-0.065478673341871	0.208101656693625	19
-0.099420724067482	0.241657398196551	19
-0.115993262244833	0.157224653710414	131
0.030625165850618	0.499418423944618	131
-0.114046822558636	0.117329465846017	131
-0.09604173415143	0.153786221207266	255
0.016241533932449	0.284440693582894	255
0.00873627544792199	0.188952098854312	255
0.037213405320526	0.394078198573714	379
0.009504161863293	0.268692661848088	12
0.021597174318838	0.498025902477856	12
0.014748258854923	0.499238232298534	110
-0.078328348679593	0.207200571499761	110
-0.102921429610319	0.218049638157233	110
-0.04282166847049	0.291986793686188	110
0.024446840745769	0.432584595889999	12
0.073519890784748	0.538194032876882	12
0.028298414532782	0.263220291188023	370
-0.051739970959406	0.20231864547018	370
0.112186293944276	0.649371690453229	10
-0.002412484175489	0.391750913721458	10
-0.049966280002744	0.288655456320289	10
-0.016039991612494	0.421053074291905	188
-0.023211652426471	0.425298731439451	188
0.102466800985899	0.697462007905825	44
-0.040126510213609	0.253416013903416	44
-0.098578552412674	0.102323379381589	44
-0.124222881902714	0.109409925235612	44
-0.060844091534132	0.28204146475906	44
-0.047720385816412	0.305560126915138	25
-0.033653036545748	0.182858852405797	25
0.12499284565688	0.366351271205972	25
0.078880608228073	0.605276060431595	247
0.11753358898371	0.291154379950724	247
0.037858828202005	0.27145086204475	25
-0.043577177445986	0.192876775364896	25
-0.047208357411825	0.265999357857272	25
-0.106190497210315	0.196807802016334	19
0.071173837118068	0.518910811812883	19
-0.013830978771884	0.368406304098953	19
0.124765640739815	0.416698840472739	19
-0.035777727997232	0.325792664429	19
-0.107059400499033	0.16778795309649	19
-0.042824893943521	0.239868211453784	19
-0.117674217295161	0.107739453098673	19
0.01526098538668	0.343952485426948	19
-0.039257106205211	0.29271367542471	19
0.105849181345506	0.440891212784972	19
-0.011503255600362	0.296024340602072	19
-0.096975728607304	0.106150771175013	19
-0.0776835128994	0.235882565832767	131
-0.00950016140333099	0.340933437335674	131
0.02852654805843	0.380393904991203	131
0.090938782951895	0.445746061599405	255
0.019650416268186	0.269048517643862	255
0.048050236349404	0.411388918525554	379
-0.106532030031913	0.109693739403468	12
0.04280954284795	0.266124696072683	12
0.097333602886476	0.542105452192715	110
0.090431640858569	0.500464771876602	110
0.00941900619679498	0.364193103289611	110
0.000139940973135022	0.29568726982952	12
-0.094745361739318	0.178883160056968	12
-0.030728490833253	0.281697874495018	12
-0.099677659441598	0.202587579909369	10
0.077144875655648	0.567363368042073	10
-0.075421808667126	1.27423998056385	27
-0.015297151954089	1.40340188536477	27
-0.120411934393293	0.218462350516631	27
0.114027969490394	1.0888076202541	188
-0.049704742508783	0.344836410915802	188
0.003340493828633	0.573074277535054	188
0.03877789285112	0.580382778916888	188
0.076133972899374	0.765327860521306	188
0.015323651281584	0.47797400702448	44
-0.043076980316063	0.432997966240093	44
0.00644768828780301	0.535757404565075	44
-0.018270309635215	0.42201957125821	44
0.010515214547982	0.411998827804785	44
0.124121884835329	0.827593889572365	247
-0.00557149557828601	0.471479663211293	247
0.062670987536927	0.213714400014572	247
-0.095173202881601	0.208518569251837	19
-0.075643934926575	0.21197713800025	19
0.012327541352762	0.485102464405888	19
0.00435341041807402	0.469311898842109	19
0.110042644879939	0.656766064343131	19
0.00804541753716798	0.283499235036109	19
-0.029042655512513	0.346831713137725	19
0.00683974464221698	0.342396399154596	19
-0.00136573977615401	0.285056576157765	19
0.106067754917881	0.451231018476113	19
-0.020345490004771	0.352794566965798	19
-0.084149701803519	0.178621363238403	19
0.100160193060424	0.502603915116409	19
-0.097072030183959	0.0999562901674838	19
-0.086366645818572	0.10716377514649	19
0.018911106814469	0.36744726457308	135
-0.090236596062954	0.240973592546731	135
-0.09492671436667	0.216391120855881	131
0.017788087949292	0.437841666356926	135
0.102021212920955	0.538420348198959	131
-0.036940093596373	0.300865784257968	131
0.073628484873532	0.555619674102384	255
0.00863729406049901	0.350699824925393	379
-0.048408743202777	0.306637044851876	379
0.083012407153393	0.347706854463344	12
-0.046805068327334	0.355379244773068	110
0.039728633787467	0.342894011765462	110
-0.106558715122929	0.188169239372007	12
0.067916575522791	0.627107500639199	10
-0.06688558552299	0.272760897711185	10
-0.012665425189969	0.370921480666733	10
-0.040141139158241	0.179653978301512	10
-0.06151855151717	0.488271219205154	27
0.077217759457826	0.957751963369122	188
0.093414201576056	1.02104501253668	188
-0.066951410170255	0.427238663090628	188
-0.02528664590467	0.472602204070159	188
-0.060830687809522	0.378949712877141	188
-0.099738189243195	0.275143682591274	188
0.088758998683225	0.833861403913124	188
0.027550818175245	0.699268929442175	188
-0.040489905726898	0.337098424950491	44
0.046732084373147	0.388910930420469	25
-0.105430288591525	0.115571657608123	25
-0.063094972174837	0.274319343990976	44
0.053890174528904	0.367476502882404	25
-0.06814866279222	0.315213791778439	247
-0.112818770279514	0.132507833851584	25
0.000882107461883996	0.450448286394556	19
-0.044662798171217	0.269634452936996	19
-0.1019297140032	0.214627789057539	19
0.091561847689384	0.542916052518474	19
-0.062198434789657	0.279465909476512	19
-0.01135342291481	0.249155284782896	19
0.00504600059271898	0.277263746877045	19
-0.057108802312572	0.104750110364758	131
-0.061604441403216	0.324786151478129	131
0.083704469292811	0.693248588091236	135
0.090863909289113	0.70991079844774	135
0.017429701816973	0.426612172631288	255
0.00968172876527601	0.428869259288482	379
-0.00631115922585199	0.387738983263841	379
0.102065537158476	0.567823356123439	379
0.120781893411091	0.58166149214034	379
-0.094493257393247	0.179248136128271	379
-0.096012742683491	0.21773380835739	379
-0.037011177575042	0.380209104201207	110
0.071302157727214	0.662862839359778	110
0.028658348322662	0.465337559828036	110
-0.101572253415185	0.188253452516798	12
0.092840700183038	0.641722133913208	10
-0.013857728897666	0.38862785931024	10
-0.097159127111194	0.111233034611664	10
-0.121304350927826	0.47379862893902	27
-0.107755320137854	0.249583173210516	27
-0.048108396438134	0.579630848630518	27
-0.00794392566774199	0.688764620313962	27
-0.00536705142701299	0.559667434756376	188
-0.011177955545359	0.534890023650571	188
-0.064846655598593	0.432052852385766	44
-0.024229563318971	0.488346182038753	44
-0.063492231771809	0.376063741021503	44
-0.061661208487865	0.415131654020653	44
-0.054078733596555	0.333374909759595	25
-0.071109823978935	0.103806455102919	25
-0.06274686145539	0.267561005393819	44
-0.093181693544751	0.107252745959277	25
-0.103558164055584	0.252870831677775	247
-0.052405962205787	0.193303778389942	247
-0.104289088231748	0.127430505040183	84
-0.026650216242591	0.295046631310182	25
0.017032951514652	0.417663453258233	19
0.051547341831788	0.348262693285172	19
0.12155471783011	0.663175134561942	19
-0.078503164068984	0.275455414573497	19
-0.118191774139693	0.185677253217106	19
-0.110932925912893	0.185117199168476	19
0.041214433262326	0.504421024949284	19
-0.051856607349381	0.238602211401006	19
0.070346407786128	0.583237141040522	19
-0.117533189608785	0.16121120665478	131
-0.034111360827991	0.31300204607498	135
0.104771174630891	0.576208030874307	135
-0.045950981685513	0.307731262752212	135
-0.078024720159999	0.235862794871378	131
-0.107414205151533	0.182796962549085	131
0.101368486605516	0.62363824313935	110
-0.109871110783482	0.176366838550737	110
-0.035830471681133	0.315483145462782	12
-0.040498606164206	0.308695835877436	12
-0.060220158307883	0.325660747299276	12
-0.012650494743324	0.288478863997202	12
-0.00974000258916299	0.291689895086876	12
0.104673714535605	0.711476968160749	10
0.00892920357625798	0.477005671773848	10
0.00884871715521202	0.382096342155033	10
0.101541892317233	0.346777436221941	10
0.037830727056589	0.765073513697855	27
0.076198327901419	1.39782085099923	188
0.11673599778442	1.0393085119126	188
0.01574066739628	0.661209271999792	188
0.072044238285788	0.776627493983674	188
0.018378320451803	0.663135347299321	188
-0.064278669586026	0.352031901693286	188
0.029258529047624	0.716846791562161	188
-0.078443310432676	0.283312276216023	44
0.055056591802574	0.681765814635642	44
-0.0660981804422	0.390287822954623	44
0.000929880241010983	0.344637161958353	44
-0.103941000328109	0.115731732230969	25
-0.109212389111681	0.0967112568737175	25
0.101838333329205	0.71679883947838	247
-0.043591620024108	0.18481250913599	84
0.017515409263589	0.189883859271509	19
-0.105325024282824	0.103477045731961	19
0.010932349337715	0.491923285230846	19
0.041107438965909	0.513632916776167	19
-0.087428337997208	0.25547880376514	19
0.095267840595072	0.526016818161344	19
0.077498434811662	0.646735345273091	19
-0.099047242570416	0.256820870746273	19
-0.032235625802242	0.306802053152036	19
0.1165779929927	0.772948569149602	19
0.045541335370049	0.542432944318484	19
-0.123522826423663	0.111138692745513	19
0.024097661575414	0.260849036011437	19
-0.046625915579432	0.229079872449679	19
0.093662005023465	0.621093297662687	19
-0.02485002212466	0.382527477526295	19
0.086573487719539	0.703483675954134	19
-0.079598444581154	0.210397334178816	19
-0.124255948272677	0.142810975369552	131
0.041924243323982	0.207382555875487	195
-0.120485231368903	0.182595707006091	135
-0.022416264521519	0.363520263266726	135
-0.073922032402592	0.211425515676958	135
0.057307414125422	0.467081015525925	135
-0.04170077674405	0.303026973733843	135
-0.111300879597712	0.170659412615728	135
-0.024019204603849	0.23654574577232	131
-0.023820070369523	0.32927708264503	45
0.06758384554287	0.279968088708506	110
-0.048810119472535	0.295071668491785	110
0.100829743885424	0.731136395685294	110
-0.084828244533109	0.187335654564969	110
-0.075508079033159	0.236373971382439	110
0.052337915693178	0.476726316803511	12
-0.00498867188125501	0.390123727264182	12
-0.061376775003176	0.305300656314456	12
0.0924347820656	0.652993905363051	10
-0.086932816914604	0.259283313992943	10
0.091194497648178	0.697196840631362	10
0.059386025654768	0.537918931183695	10
0.091985325961401	0.281389681603419	10
0.097461405077641	1.26827352157118	27
-0.074273255089196	0.52441152269433	27
-0.065053148666302	0.344057238774627	188
0.034084827463026	0.635621046358758	188
0.123667098413191	0.977330366197747	188
0.091402233848448	0.833986137636856	188
-0.03226597188846	0.423075799048422	44
0.062525568311926	0.698037714777831	44
0.092961641879652	0.79590066334983	44
-0.085491663976403	0.249682828157733	44
0.00766970900021402	0.450644077721594	44
0.085219291210791	0.72735725934384	44
-0.041338908089835	0.31250720042989	44
0.091878237166995	0.54865528663031	44
0.104535656602658	0.563183633458843	25
0.092879816926296	0.623247985129336	25
-0.097080629238111	0.238288921246826	181
-0.040500710656821	0.194192714257709	84
-0.092969603616049	0.162560477706909	25
0.032039585121651	0.368007143794931	19
-0.046044717771692	0.214184026395472	19
0.081231029608415	0.639934434431138	19
-0.057489322149551	0.324066601951248	19
0.077929180254541	0.572146475242785	19
0.023962544196438	0.368603142021646	19
0.105766560294906	0.52267255399976	19
-0.051203469079677	0.324183606306108	19
0.061547112641456	0.378550288826731	19
0.014201356946899	0.413710152078063	19
0.00982979473036699	0.269456347915175	195
0.087834455504132	0.368449127415327	195
0.013553479822633	0.275696678151429	195
-0.060965732174805	0.314401020178836	135
-0.015865896425865	0.315570034900983	135
0.025538780414314	0.381002348896979	135
0.081311494963248	0.477559665322194	135
-0.095692416341451	0.184681491178125	135
0.032899703124569	0.428433362736314	135
0.064663173036186	0.468817282203437	374
-0.00334426952819	0.275855924791571	131
-0.059512419675539	0.213602391678274	131
0.096050806914163	0.447469429204408	45
0.059099751789841	0.361622396925364	110
0.00644136616426799	0.270396797058474	110
-0.070769367188059	0.278842071165016	110
-0.016500150842425	0.354958143063772	110
-0.014112677363732	0.330462182039808	110
-0.083402503040573	0.207486488963776	12
-0.110995995486486	0.162927832941973	12
0.045720427108132	0.432095924192718	12
0.106991360098835	0.663739600187177	10
0.106132953945973	2.03466499252426	27
-0.000972789356441989	1.00984113041412	27
0.119904844984803	1.3424516196002	27
-0.018264137506347	0.46325663516449	188
0.05209465610424	0.473337379390774	188
0.0504865605393	0.434190012139388	188
-0.120410805063092	0.156533487999183	25
0.07581804433818	0.948629265184954	44
-0.080674595214499	0.183580774782904	44
-0.017835385573103	0.304762784591706	44
0.099416909297244	0.688239593132391	44
-0.06759127715662	0.306290788891864	44
-0.06475670672388	0.349398649771964	25
-0.047776340077559	0.266838801866129	25
-0.110909477267712	0.228326493734268	181
-0.116679692048249	0.218164941965982	19
-0.049776908073174	0.34170486417853	19
0.063572953105906	0.481090658262582	112
0.00668155681208699	0.487671086072306	19
-0.115830459571013	0.121668026146944	19
-0.043718312230636	0.298476289465256	19
-0.048480420077987	0.337478177553496	195
-0.00440968961170601	0.395996746975614	135
-0.084173369729072	0.110602224793029	131
0.030986628766519	0.403514782878905	45
-0.124081165605914	0.166449997469963	45
0.00171082298765801	0.311799022836644	45
0.079818335677113	0.620586917348892	110
0.100268605699668	0.570296310594608	110
0.060328720625561	0.595188684257105	110
0.00115806534145202	0.480542931520816	110
0.078064716469527	0.705593083883934	110
0.02626172707444	0.444515883803159	12
0.05778305172704	0.608029098543227	12
-0.032231501551038	0.221415015106943	12
-0.119016801718329	0.200940273541399	10
-0.048048029942251	0.365689760430142	10
0.00618067124975302	0.287588886009391	10
-0.042027743285171	0.368685903392468	10
-0.086347524941576	0.326288317408816	10
0.015965113463304	0.41455212959806	10
0.00973722431116297	1.16447994089971	27
0.09613818920956	0.970762024166265	188
-0.099837056948335	0.315988028915078	188
0.016270857328189	0.721408147362136	188
-0.07970791823004	0.3278929672852	44
0.019870696293786	0.705748726832656	44
-0.042124520641122	0.265126219589863	44
0.00199570710647301	0.473098533877365	44
0.010109610977709	0.499649427047728	44
0.114237433412567	0.730144479269014	25
-0.061739880464198	0.344433835426591	25
0.014736966994428	0.530735577051062	25
-0.075645207615414	0.30287056959797	112
-0.01355346606227	0.449000066478722	112
-0.020414895229755	0.369639091620905	112
-0.089665674517019	0.247955952741102	19
-0.03665091829459	0.36903944650707	19
0.0991091075916	0.559810188756622	19
0.03566027266777	0.494558283107478	19
-0.045331492205701	0.38067071212647	19
0.015699282287079	0.376176498493888	19
-0.105992754288969	0.179324518905001	131
-0.033727261669893	0.379655531298428	19
-0.066264462019395	0.325206271391571	19
0.077786922874571	0.633239122738704	19
-0.111338311624423	0.209123240839703	131
-0.02803565650706	0.189505827336595	195
0.012816813250406	0.233807613840141	195
0.012893521063799	0.453915359953662	131
0.080404950632746	0.473867965789901	374
0.00579151096939601	0.38964943876242	374
-0.04412610736719	0.266563725326705	374
-0.007036796058846	0.316818301093991	131
-0.012725166637719	0.330030438612242	45
-0.107027851601015	0.175422576195411	45
-0.042865305920575	0.282014033312414	45
-0.111407344177062	0.185481761201616	12
0.061194902531868	0.540348624988464	12
0.014025506441268	0.391153606933663	12
-0.01538810230564	0.436973461630776	12
-0.09592429681007	0.249298446015977	12
-0.052520610995395	0.28372956935905	10
-0.096421339350859	0.264014714158539	10
0.113870406361537	0.787398081817617	10
-0.049141680222718	0.344916666035429	10
-0.108252772434985	0.667110986687507	27
0.104631339961047	1.09260850224644	107
-0.049169035762012	0.428478132365544	188
-0.122550796811383	0.290061560983165	188
0.115106746232657	1.05290272276077	188
0.022799962482941	0.675992689075525	44
0.068087755240621	0.466376529611853	44
-0.017903468233486	0.396396966770705	44
0.10767827439694	0.744348244716147	44
-0.07008723943755	0.321931262594589	25
-0.098780666135788	0.1730796461763	25
0.109039089902923	0.432703064903019	84
-0.118347147471109	0.102073142248908	84
-0.095707282629088	0.230587525535634	19
-0.067023929577315	0.270239270057752	19
0.057938409340644	0.580272464246697	19
0.120804470775166	0.623003002151509	19
-0.058889431143843	0.286063333171184	19
0.052954454019688	0.357701998465146	131
0.063047907682493	0.497518086539254	131
-0.046503423322795	0.341780422354046	19
0.038518388564421	0.458841369084265	131
-0.010544022997221	0.370883571535869	131
-0.037331539936286	0.255450018674389	131
-0.029528116293881	0.187953494299807	195
0.059692124372299	0.353285746543839	195
0.051912614703658	0.5058885683881	374
0.123726706899669	0.520278529381853	45
0.00120615023454201	0.324826048561273	45
-0.015996446629469	0.31097391172752	45
-0.095431075861	0.189072069170174	45
0.028187475709769	0.402162786219017	45
0.096947935804213	0.45818547255756	12
0.105674059473863	0.43880620985209	110
0.013521388055948	0.359031291158535	110
0.113526787648032	0.69013954732095	110
0.037793257124181	0.586722195376661	110
-0.064967955208151	0.306346251233061	110
-0.089164125110553	0.238671742849687	12
0.12113084026326	0.740481390421437	12
0.112682822035816	0.639594449633364	10
-0.041425815204688	0.309675589623998	10
-0.085961173831726	0.370500611644627	188
-0.11057791212906	0.294579778669629	188
-0.018122674371943	0.633306243108744	188
0.064445169274216	0.840439841973428	188
-0.105491219852756	0.284634347110731	25
-0.00573380300683399	0.42604664999358	44
-0.039700393992989	0.339669967107033	44
-0.046173874971718	0.243993610534105	25
-0.113727543634774	0.216856865174917	25
-0.00628796786268099	0.46532787383049	181
-0.079920908215756	0.195467635998923	181
0.097702288683011	0.347200508698895	84
-0.109231319977262	0.123438951275703	84
0.057693284812822	0.37537235458681	19
-0.00227792769672899	0.420288858573975	19
-0.015931834153559	0.391101899306692	19
-0.024045716824391	0.307310095078727	19
-0.038370544281494	0.248092448181271	19
-0.098196384293038	0.17670964297752	131
0.102324007146977	0.647127285452845	131
0.021485708650687	0.398745614135511	131
-0.04488956345386	0.179476796999793	131
-0.00401354367700299	0.486155670197953	131
-0.029855422520529	0.328796276132748	135
-0.080150372512359	0.226893144464148	135
0.011587984832356	0.31670047346149	45
0.055327497168886	0.418106603086781	45
0.116116358243049	0.525482221541812	12
-0.069139046812941	0.26592843120558	110
-0.029626375629619	0.409449644038453	110
-0.030416457580403	0.382331157887591	110
-0.037905283880596	0.345687340638851	110
-0.018013858546023	0.356268584930915	110
-0.03499676682973	0.289280740655008	110
-0.043014173497147	0.330322653026777	12
-0.051274347372722	0.30570988966495	12
0.076089426180953	0.458554137301106	10
0.112896058607994	1.19748410703585	107
0.067727381845355	1.11628506711074	107
0.031057646110691	0.890176048847348	188
0.014255152800397	0.871994170753404	188
0.047343527152595	0.494724812552701	44
0.097618005352022	0.796937412105392	44
-0.111386576581001	0.111428362763286	25
0.010426849982949	0.264350196844759	25
0.060176485600551	0.343719251074424	84
-0.011990509584712	0.290391880864341	84
-0.042414024538543	0.407850183831707	19
-0.040632858504494	0.383705580170235	19
-0.104752551003879	0.217072959336782	19
-0.044315940855997	0.309803751785689	131
-0.06584983245009	0.278796979890931	131
-0.107177494081148	0.235141002396981	131
-0.109207277576458	0.0992800730442235	131
0.00177069574262501	0.38296675422969	135
0.021296600099402	0.518411063131731	135
-0.020659810236567	0.410746255421832	135
0.074918446520085	0.497466693661673	135
-0.02562977265576	0.337935839277253	45
-0.118101182449963	0.161285537833084	45
0.020710503566712	0.393169214603969	45
0.12008357215621	0.795665573860503	45
0.023623840676661	0.562422074531709	110
0.017317457238369	0.530994038899629	110
0.108454519412672	0.609016790819782	110
-0.003713944026489	0.354995429958938	12
-0.038585358644368	0.412612620487017	10
0.079957191494609	0.718535622442641	10
0.12181577606146	0.412042878589812	10
0.109061774244822	1.39539091697747	107
-0.040368234274295	0.522543755482307	25
0.00570071734445099	0.697358328790773	25
-0.00594335322926301	0.513520493618421	25
-0.08580368022798	0.238713020558705	25
0.124950924975067	0.531291806270817	84
0.096093527061191	0.553214861153114	19
-0.017252772522002	0.45913796345664	19
-0.111701422272043	0.21745415446786	19
-0.081144784681298	0.294416444978626	131
0.091667625024704	0.453393760274102	64
-0.106192843815945	0.148987765994456	131
-0.09803667562846	0.157552974474685	131
0.104467911129831	0.59384237207178	131
-0.036609210100923	0.276195925724746	135
0.027036917559344	0.389294727568984	135
0.08281876515582	0.489472046162156	45
-0.0433244956527	0.284923678025502	45
-0.091966609023831	0.249664407749706	12
0.113515909164671	0.72164783418885	12
-0.118679191842686	0.204547418947315	12
-0.084656837368404	0.181684643571021	10
-0.019937047858312	1.62964296421415	27
0.029916625892111	0.495923583958805	25
0.093773563619545	0.61787864194731	25
-0.077220373914625	0.232039066692532	25
0.043352075199505	0.471523622455134	25
-0.047855556803609	0.351166566074081	84
-0.07055826024065	0.307897602261964	19
-0.061276361902305	0.336748698028633	64
-0.076395797100993	0.343304844025624	64
-0.001188293077348	0.313625656443442	131
-0.09373155614707	0.27551776024211	131
-0.020434783555992	0.501646104515079	131
-0.070347387701862	0.290424371392558	64
-0.062246192504092	0.341379107777299	131
0.053537300991497	0.260575048149865	135
-0.022019607961359	0.188723840799043	135
0.063693114848171	0.269641784873115	45
0.014453455377659	0.234281524102257	45
0.106588161278341	0.677596755601349	266
-0.018957945039485	0.475753571623288	266
-0.115167790798724	0.204574797787789	12
-0.008157468668928	0.396899084247591	12
0.065525401982293	0.645462640168014	12
-0.103027942891775	0.177895282152666	10
-0.035557449108815	0.719457468105914	25
-0.104136386814805	0.313949886908878	25
-0.065986420546815	0.358893324860135	25
-0.08502278505665	0.252187660634799	25
-0.112740981304761	0.217886847513214	19
-0.036734161229955	0.232233961603109	19
0.053032118322705	0.571802437684939	19
0.120490866937187	0.541553401515131	19
0.098938783237574	0.430094700988125	19
0.106594089311402	0.666750550203719	19
-0.049259228519509	0.365382088816871	64
-0.042068182663141	0.35050203299008	64
-0.060505911779201	0.266152496944145	131
-0.097802274149824	0.16108440700118	64
-0.090864760865108	0.279919208799715	135
-0.102632012445445	0.222004468237656	135
-0.00340316158363799	0.315021091984266	135
-0.000595692918542001	0.289089649622935	135
0.068941824533635	0.453173233567739	135
-0.090622887294297	0.180737432104586	135
0.038962280493282	0.376849463051731	135
-0.086184334552179	0.18234331983676	45
-0.123548071856072	0.174067344768294	12
-0.046015721981882	0.344227974944278	12
0.038940532854961	0.528617561887247	12
-0.00122762772976301	0.432896800261583	10
0.033983224207514	0.558377656504996	10
-0.046836674225796	0.312398179078085	10
-0.001992781818865	0.417469340018693	10
-0.092297343994317	0.584583994141636	25
-0.057720188532091	0.630061583503632	25
-0.067039791893748	0.221693808559733	25
-0.124127551610136	0.246285781228611	25
-0.089229977872607	0.256042421736163	240
0.048604166601466	0.557507903137684	240
-0.096749198975535	0.200380313151926	25
0.019280051483034	0.277454999061753	19
0.024455636385561	0.256280840728824	19
0.080739625205298	0.364340674705598	19
-0.103578190247349	0.141023266774426	19
-0.109206316951488	0.228797222425947	19
-0.12459272890053	0.211648541474612	19
0.101293141098719	0.496625384749296	19
-0.078256025582115	0.294914465970011	62
-0.091048177151371	0.17981972289511	62
0.00249900042712797	0.343391509755261	64
-0.094670586384739	0.152346859035323	131
-0.107942664886658	0.231867614817092	131
0.122175432080864	0.621361810890186	64
-0.041582648308543	0.364499532468542	131
0.041100319399891	0.272838807127404	64
-0.013983429822209	0.179326317802084	32
0.00564465115706903	0.278249587044096	32
0.093734885927201	0.772839700583264	32
-0.042932046693017	0.320267318834376	135
-0.005634287257722	0.314999416944443	32
-0.07793606805111	0.220445299504827	45
0.042927959964184	0.369864896952951	266
0.114219820885176	0.789903957475558	266
0.022341841417588	0.569025956264554	266
-0.06315019674687	0.264563396231814	12
-0.035867431114358	0.333292328388642	12
-0.068176548074167	0.271124985544163	10
-0.040490129765814	0.324193639526346	10
-0.076058328031596	0.285033848761564	10
-0.018548493559628	0.316842276454322	25
-0.090987459187718	0.266569317053752	25
-0.034256552135011	0.35478006363469	181
0.017250537005008	0.505339328835395	19
-0.094756463602255	0.212370982910343	19
0.063257232821695	0.379854341154378	19
-0.049337951192929	0.178664268414924	19
-0.034762207979097	0.222243230617174	19
-0.090839223770779	0.10910388612252	19
-0.002737037291622	0.276461641033052	19
-0.047607440451328	0.327623948424952	19
-0.042534081598129	0.39489744428565	19
0.072000334224174	0.693199657529565	19
0.020391968665685	0.452375868845009	19
-0.091428111228588	0.243194294753346	19
-0.02715131217899	0.322944952294877	64
0.05747503441915	0.479817889160536	131
-0.046436173896024	0.273583937095705	64
0.046604312338781	0.391601764479617	64
0.077084012430521	0.465431416400939	64
-0.03040153397148	0.183433665914788	131
-0.101013111803964	0.14553052096542	64
-0.093095524983957	0.318178305817305	135
-0.057774976585478	0.350713988343053	32
-0.077736818809895	0.332250379281855	32
0.00640632023486898	0.549743570927821	32
0.024094201558138	0.513026786886176	32
0.010112971241138	0.441668697682359	32
0.044818039309959	0.554260199153765	32
0.087462813042115	0.359508496335626	266
0.099118950857146	0.43911151211957	266
0.028267205142142	0.256610319887293	266
-0.036149433995718	0.180487839915502	266
-0.118987313564915	0.108335879239639	266
0.009934940595619	0.361041884252141	266
-0.066339883742709	0.261325367873817	266
-0.088886271296881	0.151917591960132	10
-0.107585339033019	0.19701646992448	10
-0.051507198623364	0.362171127066796	10
-0.068883011939947	0.281065606285769	10
-0.037639036881569	0.34327090122131	10
-0.066031570150704	0.258084478924108	10
-0.001958204944909	0.327715622610839	10
-0.00245429059264499	0.270464801382556	10
-0.033903101507261	0.253557306817753	10
-0.054578921624126	0.290566050531042	25
-0.022659885267421	0.189460730701734	15
0.00685998200868898	0.329262741507679	703
-0.1031438702658	0.201369024921178	25
0.118144231276116	0.412244347701187	240
0.038218836011549	0.379129002504579	240
-0.092877894736865	0.0951062189651385	15
-0.089406018539833	0.107337843912352	19
-0.021542985312854	0.183115313983613	19
-0.031269172991393	0.176701760194015	19
0.026941378576815	0.364566897424884	19
-0.097244967758378	0.164447890149791	19
-0.022745213304989	0.417516536494573	19
0.099505118166669	0.372103384626143	64
-0.056906853247894	0.176307932120065	64
-0.004199289316102	0.299149539195268	64
-0.040453991217721	0.115694216677069	64
-0.068501415110331	0.206075088438812	32
-0.113004951393856	0.288057413401215	32
0.030283140122494	0.742041044605596	32
0.124990862405457	0.903302537572875	32
-0.08366565475823	0.334458157559508	32
0.020741404773553	0.44029200101679	32
0.024290477699735	0.45168604508639	32
0.068915348029451	0.469226523791878	32
0.002386644064863	0.292900873174142	32
-0.093590302221201	0.103584565093409	12
-0.013128316778721	0.188242564165222	12
-0.077217859964572	0.110723297873735	10
0.110626791682138	0.533312290041307	10
0.00327891212822601	0.607272893774427	10
-0.075157262885936	0.22627360406317	10
-0.088216625104603	0.0996529376745164	10
-0.102142732050777	0.106595569722406	15
-0.005302665585983	0.292132811014958	703
-0.077556542694055	0.263248592345117	25
0.080874763185846	0.448113730689947	240
-0.116999620822133	0.161606159792171	240
-0.023185474632157	0.306803284949748	240
0.042886971768436	0.208215524941375	15
-0.052319125933777	0.326929515469403	19
-0.063862680224427	0.350803224863618	19
0.092516469815349	0.285570619117457	19
-0.071258526143291	0.110295771975709	19
0.094562406417109	0.21651964155978	19
-0.096139444058032	0.101820431576607	19
0.095828429184627	0.39134280072077	19
-0.114779191712269	0.111478691422375	19
0.075564584107041	0.566004128411981	19
-0.101690494874085	0.239604734584944	19
-0.102228209824821	0.226991038447269	19
0.040486785336221	0.262394232806807	64
-0.044164296849088	0.232402339931398	64
-0.03387294962948	0.209449174173931	64
-0.038562377845833	0.117147268734639	64
-0.058035145617159	0.109042777326987	32
0.114570767496868	0.433954496392436	32
0.017293005754978	0.445793442449862	32
-0.116191123020873	0.276384931456041	32
0.039822159406421	0.720329905354197	32
-0.079132765422021	0.368237608302064	32
-0.095438156310633	0.290336645804076	32
0.069319808407361	0.543077091427978	32
0.094660713771766	0.366775000512624	10
-0.084208726457039	0.194870739277132	10
-0.01863771510871	0.460473809054179	10
-0.082789186029812	0.210634589418185	10
-0.091499741675597	0.16930973602632	10
0.057748570532078	0.486654882640959	10
0.022417827593637	0.717875424662285	25
-0.013620279571765	0.19138617682557	15
-0.041648180389599	0.330611004614161	25
-0.093537976237028	0.177776518523493	240
-0.121950666510509	0.110060461313075	351
-0.078208954982451	0.294694519487165	19
-0.071776514413673	0.25202141603674	19
-0.035643712213556	0.196066650075073	19
0.085430731330291	0.277594185432441	147
-0.055452271343089	0.192828551429208	19
-0.107399405200749	0.116315266271905	19
-0.077298094705014	0.282057556693359	19
0.03063497276826	0.201329853459785	64
0.016712507441388	0.272784546444786	64
-0.120565537404928	0.107496797138754	64
-0.048792883778737	0.106595216333253	64
0.091100296641473	0.288820796474047	64
0.015647152462937	0.123164680845266	64
0.108480206449006	0.470453835079236	32
-0.048785922448047	0.198295681093047	32
0.120828902344762	0.69111357956783	32
-0.094731249351433	0.365638933007903	32
0.09501381082373	1.02882038540216	32
0.05085982902766	0.743073768137601	32
-0.121579875434246	0.207321843263515	32
-0.032512145711867	0.399834207657152	32
0.031533302593434	0.258878791645037	32
-0.078940798496659	0.110820919293296	32
-0.072873767107279	0.245987010984432	32
0.06701817018285	0.421668911823044	266
0.112123150874714	0.636700518677649	266
0.06194259235446	0.281076611917026	32
0.094191739113891	0.479957316420536	157
-0.109227623205378	0.139772925814677	10
0.054688584640204	0.275084174586114	10
-0.093683129411625	0.330541418565509	15
-0.000439323823101995	0.399420989985713	703
0.045713032863709	0.563621010748279	703
-0.086393150055214	0.234350386468789	25
0.114641644224796	0.361301109691245	240
0.00962063266041202	0.123274074927613	15
-0.090553628434162	0.102094452264832	351
-0.083123443965782	0.284182573267229	19
-0.02967125874715	0.192614686899236	19
-0.019137278745637	0.118697747132812	19
-0.106011832649607	0.142529776482084	19
0.110871221858919	0.727374390003644	19
0.072634399152213	0.566824664086462	19
0.021002205649831	0.508881025229642	19
0.1051531348078	0.554842421464628	62
0.073959072596174	0.21548341606929	62
0.034740500986849	0.195743444058523	64
-0.065011788994901	0.110408001562094	64
0.060120639617775	0.268769262273287	64
-0.112168095223789	0.100315076395686	64
0.014009486585677	0.122281844439768	64
0.122317618788635	0.150297683397518	702
-0.00260117298346199	0.275855398660824	32
0.096742885811331	0.874140256219468	32
-0.044583643489608	0.492083523284425	32
-0.012050762011749	0.550746750545578	32
0.064203060045543	0.762168322020066	32
-0.102278353163797	0.283853803110422	32
-0.118344622483612	0.237999752200687	32
-0.110210952482959	0.243261676500045	32
0.107991221172067	0.824236201533316	89
0.055687502192108	0.657687222470581	89
-0.088264502140645	0.275862343893936	89
-0.099114688997527	0.179074108831986	32
-0.101495591620731	0.112731525335322	327
0.11083175419858	0.458586641725578	157
-0.090227674906666	0.18201747268249	157
0.094767119293737	0.823348031093648	157
-0.049461677498126	0.258745364794195	157
-0.114027713199527	0.114158356578086	10
0.020354223516726	0.748610756640502	15
-0.091529846333831	0.370663592801579	15
0.020763261816496	0.686126670131493	15
0.00964700919556499	0.506771563885761	15
0.05630224888907	0.379689972367223	703
-0.035132226932693	0.34824103049929	25
0.082560275806885	0.437549276649693	351
-0.034936379267525	0.354944691015246	19
-0.00936930439592401	0.18256830406441	19
0.068216847888445	0.373504846840194	19
0.116965522768046	0.137046889068551	19
0.105965154152167	0.527699126215689	19
0.014210556183834	0.394565643625962	19
0.00658849498901198	0.193813198164625	62
-0.111304889394131	0.139032586089962	64
-0.109974194092014	0.140982642511595	64
-0.00341463421685101	0.288675648344752	64
0.002134220867757	0.196322329808258	64
0.092582356823262	0.222429898492473	64
-0.019137278745637	0.118697747132812	205
-0.093118429076178	0.177697464597442	32
-0.045277658315466	0.186965226230581	32
0.112376638520033	1.07401381672414	32
-0.092353171086171	0.313999849127209	32
0.058401478869131	0.672357661381387	32
-0.11746386849091	0.247619045130578	32
0.116597407490088	0.985917332974905	32
0.021698312475038	0.576188998069889	32
-0.085458469102101	0.292623525731748	32
-0.041902404574973	0.348372279711052	89
-0.00652563241503101	0.488111429972432	89
-0.052965837193196	0.227865446562917	32
-0.059174802512949	0.107319629185689	32
0.101107229793165	0.43809216669209	32
0.028600000272647	0.412720914340789	32
0.087253055058423	0.481703717943432	32
0.031729712537079	0.269071491381815	32
0.051195283945785	0.359676634701973	327
-0.044611837959295	0.259241044438463	327
0.059364606476175	0.272610434882952	157
0.073551004561723	0.444375268106598	157
-0.11243891976753	0.25190673263313	157
0.025864872600632	0.634648920043069	157
0.059890160093291	0.612656026229549	157
0.102139900208507	0.574828427420354	157
0.110505598127888	0.332474986223187	10
-0.00211358254097199	0.749959399461581	15
0.031822776584656	0.845459416441727	15
-0.115456730749889	0.112382515328789	15
-0.113136432402829	0.242314352536824	25
-0.054029494573213	0.222740721855701	25
-0.014050840809276	0.373030110891495	19
-0.058008267746342	0.234738347881379	19
0.012984965768574	0.122044996927823	19
0.012572451175979	0.299336209733581	19
-0.054606104872166	0.29582614126411	19
0.071053873616575	0.333460405864272	19
0.034620850328368	0.53542728047298	19
-0.015039734835101	0.360063767820462	19
0.069387899269102	0.212906795339551	64
-0.020813405766845	0.257005399228733	64
0.091696179666791	0.463323156933357	64
-0.00678309809118399	0.313048143076033	64
-0.028259925167205	0.225616176072634	64
-0.016083540946223	0.11619297787054	64
-0.009430048511023	0.191111066974414	64
-0.070731604542887	0.388867217491936	32
-0.052809828999932	0.369396046555953	32
0.033525429412511	0.582967541306981	89
-0.032976053908545	0.403401210060099	89
0.00415556235438602	0.517223505755761	89
0.044301520562179	0.610349694019396	89
-0.061864024077626	0.312934136670304	89
-0.025598890886466	0.354113429509959	32
-0.106730005342379	0.100147665985204	32
-0.00100522749858101	0.185447627546113	32
-0.119451139479041	0.157157125272348	327
0.052635486852927	0.366876064345039	157
-0.107697786343548	0.188388149665505	157
-0.040176966215225	0.392622761325965	157
0.074662602745867	0.779689681632172	157
-0.092745328009934	0.219635726613969	157
-0.103534853734602	0.151602827956488	10
0.02842886749848	0.945144124318827	15
-0.081207541689518	0.244440270763711	15
-0.102275320390019	0.122062948817053	15
0.027356973429462	0.258502469728573	15
0.098793688739608	0.579392912063622	302
-0.084413451300615	0.258266084863228	15
-0.08264827888875	0.108975073560268	15
-0.064792639242719	0.299016713094909	15
-0.12458999687178	0.212356687911706	19
-0.116466561832855	0.169445696686721	19
0.084885830696006	0.487770453245143	19
-0.007897436660597	0.312806958043133	19
-0.045668804273618	0.348449858991614	19
-0.020702260499924	0.418659985117571	19
0.058314286220747	0.45552540114435	64
0.018061456124438	0.292442357390393	64
-0.109249527448373	0.140277441677782	64
0.012120291445611	0.12504490311575	64
-0.055172846203336	0.111839728985256	389
-0.089721105333065	0.233422781356413	32
-0.039902643439382	0.338201384617662	32
0.040297120500227	0.735183527504037	32
0.062706210189473	0.74793955924058	32
-0.118356433028638	0.245179254982158	32
-0.059227246835848	0.347016858006101	89
-0.049239172938917	0.33944061260863	89
0.042656955975083	0.516348718937949	32
0.059904195513615	0.557950627180722	32
0.103056203124603	0.429364931552683	327
-0.03094715548127	0.159837156043827	327
0.00527762177639901	0.287438831394022	327
-0.110380555634745	0.160763655239278	327
-0.048906972415403	0.236172757049236	157
0.036637032487257	0.278164574795058	10
-0.073673885683753	1.43967653128806	25
0.00588128900816398	0.687327681151621	15
0.078047076020995	0.768408964991251	703
-0.030175283312695	0.386278112266088	302
-0.074852443238364	0.25623782300911	302
0.117863392472337	0.505446014578149	15
-0.010215877889124	0.323131981293457	15
-0.121201479554691	0.144673905659623	15
0.043600739240067	0.348790018609465	546
-0.091205126603967	0.157337845448988	19
-0.056922115348099	0.194900470064739	19
-0.019417648865481	0.285687949401671	19
-0.104339463692461	0.190406643760182	19
-0.00909322821558101	0.367891923567262	150
-0.0300058801855	0.351307574170102	62
0.022254789615626	0.406702821067705	19
-0.03736728958712	0.326146871320917	19
-0.091552981249485	0.197024210779052	64
0.075238707452327	0.485463733756056	62
0.099785260439385	0.578323650962505	64
-0.012767916073229	0.431362017009575	32
0.050490125226021	0.673863051116809	32
0.01750685402027	0.544081393815778	32
0.118954816103175	0.810283789293442	32
-0.074292222630674	0.241427860452075	89
-0.03409824763029	0.319853087467283	89
-0.113473792295402	0.218678128671649	89
-0.097072985430597	0.228978116057434	32
-0.00456323902818001	0.378819357628892	32
0.040216271657394	0.383998603310094	327
-0.067020422331347	0.240525607981697	327
-0.031329517363662	0.319153335905376	327
-0.119838232264068	0.176455945014877	157
0.102546433329426	0.59867350888018	157
-0.011518743356101	0.376787490970405	157
0.09070362378975	0.556945439364478	157
-0.117213004703479	0.390803476031954	15
-0.097000639165211	0.322150392824734	15
0.027679167712384	0.527217993499631	15
-0.05121698671229	0.41912763155619	302
0.026177650061027	0.54959763903111	302
-0.043789197670106	0.335662335952569	302
-0.105926581648042	0.224804054157316	15
0.099321384268015	0.467747950867204	15
-0.090657561904514	0.167172122744855	15
-0.102342940788969	0.144849447153131	15
0.121662246602499	0.821139232143916	19
-0.114471295438697	0.197120708776621	19
-0.036710883201969	0.18330250404424	19
-0.047938401882585	0.191174891100213	19
-0.00231473023513301	0.292278856284484	19
-0.046732698420794	0.180178513461474	19
0.041114053088471	0.436749535862144	19
-0.064088468761907	0.24469790192844	150
0.023129535832183	0.50215194253709	150
-0.049407994841118	0.260104788174158	19
0.051646354962848	0.488353702182344	19
0.035225153896226	0.479503531558711	19
0.00135014452258198	0.333886303179845	64
-0.041512649974017	0.25896591331354	62
-0.01551880569806	0.282717929890528	64
-0.021937859497427	0.190993611814547	205
-0.050208002292771	0.187013589655066	130
-0.107596771766048	0.114826495444621	130
0.072461022352745	0.62417449809176	32
-0.082072630263561	0.278336570319783	32
0.034217042211924	0.552727950885262	89
0.094740911994747	0.705265060405803	89
-0.018004415998154	0.334741451544892	32
-0.018884136562734	0.349402045291734	327
0.021090740271152	0.463505915300621	327
-0.045092649920861	0.234951466259672	327
0.050014033649472	0.481599106058883	327
-0.102116745569053	0.167025570515275	157
-0.053402271200688	0.331439976438265	157
-0.079151230836514	0.292564728972144	157
-0.024281896988723	0.42045660211861	157
0.012594242572655	0.426509692436613	157
0.10980967876218	0.665913043770025	157
0.017402422878173	0.49911924226673	157
-0.081438579118821	0.248861687889698	157
-0.009592835052537	0.88955572969824	15
-0.00291201723972601	1.05570683503423	15
-0.062969125846428	0.670187493859317	15
0.068861439866526	0.663791374335706	15
-0.008751705760258	0.438829502025267	15
-0.084925072789828	0.312223589462806	15
0.056986101902718	0.805501138080773	302
-0.055220494652137	0.467233334243773	302
0.062673865436414	0.595949216727473	302
0.043417723598358	0.20685817128946	15
0.022235523584415	0.631180214349392	19
-0.123006113850738	0.167309364494694	19
0.111126284148684	0.290392295916362	19
0.110050699141696	0.446800969161654	19
-0.096430216508583	0.133341826053291	19
-0.105306476113647	0.155354625873968	19
-0.052439135560455	0.11620817843602	19
0.110985334955965	0.651486342733865	19
-0.053317455256969	0.359801651015241	150
0.111344751213675	0.696895792588168	150
-0.122668893616727	0.215777732557364	62
0.116090856860885	0.746381320589966	19
0.078393097851812	0.278273902755243	64
0.022896963252261	0.399388469596561	64
0.018891155826982	0.433564002332848	62
0.035538539614729	0.666549066475787	32
0.095839271364086	0.755764346864864	32
-0.076348490473771	0.329625647987066	89
-0.056979562068745	0.34685555762915	327
0.020187920327619	0.475178321742665	157
-0.101596430418504	0.199955737236861	157
-0.100054418887419	0.179366735795771	157
-0.047609782938346	0.354148510418426	157
-0.08175272732971	0.193955686824215	10
-0.065958330976948	0.736965485613297	15
0.070602332149885	1.88908936267013	15
-0.100974957657698	0.610268233053489	15
-0.05864068386066	0.3908141344688	15
-0.047774074519299	0.249703145525687	15
0.050491552904755	0.651709241235422	15
0.067998978045643	0.875981341812559	302
0.040273727024375	0.617763665095737	302
-0.026463184897604	0.423693930411835	302
0.06453386858512	0.745813232689119	302
-0.01289869541935	0.335966685542718	15
-0.045278084233815	0.459704148451493	19
-0.00557840921090699	0.191840343514546	19
-0.019389060420541	0.455001535447135	62
0.05034234754835	0.714870141010423	19
-0.019613181995432	0.423874530091346	19
-0.062728099564762	0.294626474148878	64
0.02112246952928	0.464334624516046	62
-0.08887317436567	0.180511651326117	62
-0.07280701673824	0.251120973614072	64
0.107331651814978	0.433630103721419	64
-0.056753333086074	0.107051917739075	64
-0.072555920106158	0.380866258216946	130
0.080262776287774	0.853740050920235	32
0.00160937205460798	0.539110377382043	32
0.00401168886511699	0.522948946295254	32
-0.060289637527923	0.342153509124548	89
0.045632400929825	0.587096222699908	89
0.098524449667567	0.78609209521133	89
-0.085363047820014	0.290769187749563	32
-0.089838571198516	0.105973004141182	32
0.078069010428902	0.702605415599278	327
-0.044327865922597	0.363274582676564	327
-0.044243441473587	0.361505373693613	327
-0.034073133429002	0.343572361167124	157
0.063343677231888	0.73332167787844	157
-0.106142215841721	0.197882571188299	157
0.045789654237289	0.558374874558021	157
-0.114507377989715	0.762062808089624	15
-0.117601766413339	0.671984083698708	15
-0.029383460191974	0.651366473731109	15
-0.094293762906586	0.36196713641497	15
-0.083872669002561	0.27058848306229	15
-0.043359279625059	0.211326300117143	19
0.076655216499395	0.362898670169449	19
0.036321722235055	0.487202009250821	150
0.059198979781975	0.339861725519761	150
0.06262217238719	0.61392842716093	150
-0.119624423604062	0.208829391523754	150
-0.110943029754133	0.243738789729534	150
-0.015420759190655	0.411295466655656	150
-0.098791459459505	0.27468306341431	150
0.059951143273895	0.640367875648704	19
-0.116917886849459	0.194170159498572	62
0.093412503295479	0.435726265417099	64
0.00890458554278101	0.425549374928605	64
-0.052144401654343	0.313724706306726	64
-0.122333362606562	0.173041400622737	62
-0.120541394587992	0.162572727624517	64
-0.099484871967606	0.220471789940823	64
0.063342052862003	0.369191772304001	64
-0.045062612955444	0.194487396261874	64
-0.00737893394981901	0.184398909624887	205
0.100853278755875	0.523651411879891	130
0.02282368106225	0.488362661797464	130
-0.061094915028001	0.288891688042969	32
-0.02259852066068	0.329398750411961	32
-0.101667771741562	0.187046756610325	32
0.091848034262166	0.45476254873764	89
-0.040556579309762	0.281166542375216	89
0.06029401326774	0.564180215528961	32
0.042406370029864	0.510222169132629	32
-0.10833274711132	0.170423193429798	32
0.104101456190964	0.488096364316167	32
0.048836427648644	0.395870286573199	32
-0.048570590364301	0.362634188420525	327
-0.025589956449217	0.371891450379263	327
-0.072593659806245	0.264968879274141	327
0.115693370542526	0.723217405604452	327
-0.073323016723419	0.268958825431528	327
0.076318971362868	0.586891503468772	157
-0.00609542226172399	0.396663293290316	157
0.102968338719911	0.699732783795384	157
-0.064551348332066	1.36215450751245	15
-0.081517162966503	0.382755640139806	15
0.03377420199017	0.869288477422553	15
0.047281733108755	0.753563547240386	54
0.012096804961528	0.608930187932053	54
0.062636500687946	0.507817572670159	15
-0.043577283867376	0.41438027096388	19
0.021366941365472	0.395597033103611	19
0.062243561779483	0.38897193603025	150
0.114714758617719	0.798996909432557	150
0.074748110793906	0.616250171645245	150
0.03804986528036	0.574916468571121	150
-0.096954161815131	0.178767310180872	62
-0.059373285625249	0.318160576923343	62
-0.113742003632753	0.198932933263352	62
-0.050659622304248	0.285295933606103	64
0.057885366607095	0.48361671729252	62
0.018326273740724	0.404865714279948	64
-0.118400979934318	0.182153432793552	64
-0.072020337277102	0.283000609351268	64
-0.091415658962082	0.15811896270632	64
0.025443379246084	0.246965836623503	64
0.124177787825615	0.697627506824397	32
-0.045160449184162	0.295793731747967	32
0.071467032739015	0.466639208626539	89
-0.043085527349041	0.296888523891072	89
-0.123338643987165	0.173872989675728	32
0.081218027386162	0.460980443818472	32
0.063447353884039	0.355232052981259	327
0.090430204132536	0.577921711576422	327
0.068315505233986	0.623595498673444	327
-0.103005095275456	0.248350942691669	12
0.0303531817784	0.467294541494661	327
0.00572803505239	0.367423991764447	327
0.111350780881423	0.705729120157911	327
-0.060825541188729	0.244640453545646	12
-0.02822558497336	0.330659602479767	157
0.039635622160535	0.502549620002582	157
0.100921518342202	0.659100455654798	10
-0.118795902684648	1.05156118009444	15
-0.072422613481537	0.506983779087497	15
-0.038034953458863	0.411488249111226	54
-0.00472611321613001	0.507403235067253	54
0.082215219770928	0.805903674109347	15
-0.120707361407575	0.192503433232997	15
-0.105756235283234	0.19787665574907	15
0.039512529252731	0.468190943898298	15
-0.106062627595561	0.171999128987032	15
-0.110237571710189	0.22157824476625	150
-0.0584925209474	0.319367549896277	150
0.065149342938732	0.465174042901135	150
0.027437974141548	0.342200409870167	150
0.042971373649641	0.531816347768774	150
0.107253888151874	0.724218760115884	150
-0.076665180043895	0.254457613674736	150
-0.102602451270798	0.141631589997376	62
-0.032945700342734	0.256730607506497	62
-0.068591834454934	0.271625663431206	62
0.113584106874161	0.60234766301628	64
0.123328254729507	0.615355898430545	64
0.070789502124169	0.537792942297894	64
0.041272575492949	0.394914068750978	64
-0.051707005000973	0.258863938827468	64
-0.114381880818692	0.123741420727309	130
-0.103438090528907	0.158038701196813	32
0.093424492554807	0.426873289841814	32
0.025707916701566	0.339818959847412	32
0.070635120418968	0.4758212317969	32
-0.00728452214834699	0.383670306201523	327
-0.033409081309188	0.293647876928981	327
0.015617331632473	0.463109664468747	12
-0.124048421708923	0.1468736736174	327
0.108344731443139	0.632282708360888	327
-0.098297361897419	0.22748293104743	12
0.036381398997202	0.361496724756953	12
0.045089966735625	0.469510269804094	157
-0.107237759131202	0.190063389295124	157
-0.118589733749556	0.162773361895165	157
-0.061139762082746	0.227504987011319	10
-0.00282793346763599	0.370270671950368	10
0.053106730555838	0.571301716020935	10
-0.08778429691032	0.37227130591525	54
-0.067883754146837	0.388427755080142	54
0.07253540718715	0.812020196772499	54
-0.069003678377649	0.377258794455283	15
-0.091693506472181	0.292547591206311	15
-0.06756647706821	0.33734759029574	15
0.025090579671297	0.489544261159602	15
-0.023816270064983	0.444322632693315	15
-0.086395939224615	0.236873978092888	15
-0.096816495425309	0.242574735973355	150
0.061796074529234	0.464514033030404	150
-0.011377766379259	0.33839388772525	150
-0.117432275820209	0.211007832923824	150
0.098666023941035	0.743889361392377	150
-0.004125933955579	0.298304222385766	62
-0.047987820751744	0.321132630900756	62
-0.078142338992733	0.266375993174653	62
-0.091869664993376	0.264208345967423	62
-0.093417065188438	0.219626752739263	62
-0.103421922415191	0.194941804331003	62
0.021704693466153	0.428947249089419	64
-0.098321799965742	0.241418962007129	215
-0.122100701744262	0.184727589794927	64
-0.00386916807276799	0.293788037192915	64
0.041869870642236	0.363295770106507	64
-0.094279281672614	0.18533069286688	64
0.075052676496774	0.432471056595072	64
-0.086198646850748	0.269323282440738	130
0.046607123886453	0.370549499427605	130
0.00578843447623001	0.299703925998885	89
-0.044419113844495	0.180618557631036	89
0.066737634862377	0.661068051348815	32
0.074574377161679	0.66668018423533	12
-0.121016447985038	0.189193829652525	12
0.056020940308458	0.452360336020705	327
-0.080474495893573	0.255822801588439	157
0.018465976952862	0.391947907952751	157
-0.072590867773367	0.238449405178642	10
-0.098465398844772	0.241075830442823	10
-0.060390537868974	0.276371995076737	10
-0.116100148012179	0.262648668972083	54
0.048721274937764	0.741752406386667	54
0.034528083530131	0.683683776896561	54
0.112015097247993	0.339945337396284	15
0.025416893098463	0.626255214731574	15
-0.122012920198488	0.0998781869625744	15
0.091469523301685	0.416618046186027	15
-0.088863433483665	0.198383080956128	150
-0.098411997761983	0.250616910487036	150
-0.087938228365963	0.191032813200412	62
-0.023958730969164	0.351661399608765	215
0.03462106619668	0.510325274859084	215
-0.042148228827677	0.260296421637662	215
0.088011613236127	0.581740051226981	215
-0.115689601883682	0.230477828338474	64
0.095381616799772	0.35915304938753	64
-0.048602560125489	0.114546150257972	64
-0.023720083648869	0.182839543131395	64
-0.06086885137045	0.107350907898735	64
0.046177962526119	0.643176268986011	130
0.107548327430282	0.523552481517606	130
0.06369242956799	0.518681445685035	130
-0.089288010895702	0.248257365331802	130
-0.092830740989362	0.234678428615353	32
0.066703824679425	0.441900343055108	89
0.0340473668779	0.391478993997116	89
-0.104845021760287	0.169053875425014	89
-0.027415633620739	0.284037269419237	32
0.089229053930923	0.575160615994653	1
-0.026676154123835	0.446009054335334	1
-0.00633209257395501	0.318368270565546	12
-0.040148474496792	0.368148134473499	157
-0.002356982583676	0.403704007161434	157
-0.075696803843602	0.342955752097553	10
0.018615564132128	0.523103477069288	10
-0.035627191076379	0.357394720000932	10
-0.103109449339798	0.200961154399753	10
-0.059643557368932	0.852963642455369	15
-0.108264773078305	0.335206313953782	15
-0.041328543385212	0.80188477508042	15
-0.011565834053351	0.605537450920904	54
0.089923804196459	1.01989315910604	54
-0.031288741136533	0.51270407257077	15
0.116870963833262	1.08423286323987	15
-0.08613696202378	0.107445072615331	15
-0.043382842220359	0.168517864137293	15
0.000579424512061	0.497677255080105	150
-0.087023288995004	0.262845640501961	150
0.06576397485419	0.637192330907472	150
-0.043142312393409	0.301554105995435	150
-0.043878797130785	0.214529247351346	62
0.098953770670317	0.407598079094664	62
0.035898866139545	0.567195411659726	62
-0.005757776161922	0.289041112067152	62
-0.042692423087665	0.219185975750244	64
-0.088519537157319	0.289488046966811	215
-0.048874660244264	0.287589780017791	215
0.022689589231446	0.427699072779802	215
-0.12291908370448	0.185847630731646	64
-0.110749444180536	0.131464378202092	64
0.100231109377634	0.459032782711617	64
0.016479722773112	0.189346241759411	130
-0.049714328786283	0.335414575650905	130
0.059127182701826	0.626593488640613	130
-0.035005216923455	0.387541441550578	130
0.049071222233616	0.5349973693506	130
-0.016729049974142	0.345032697270572	219
-0.035949748055831	0.297278898901095	32
0.00477672064136497	0.395045515792969	32
-0.093318136578671	0.220342450563348	32
-0.036331827595556	0.325924102672109	89
-0.113674609045495	0.149238473682132	89
-0.044150805603708	0.249351201994882	32
-0.00709287767783401	0.306597421419679	32
0.035977212915334	0.263579107638749	12
0.079909002267776	0.693735303136016	1
0.086695481155789	0.693813662549556	12
0.00451845792254202	0.517282915643578	10
0.077783338496357	0.579682973825224	10
-0.093163958645247	0.219259459720674	10
-0.089650555468867	0.170454826297041	10
0.022018601201585	2.01201159251399	15
-0.092571263295173	0.576607694422947	15
0.040686017343625	0.460679974908153	15
-0.033193757450188	0.469602792379319	15
-0.111458755846338	0.100351361071577	15
0.090817886202993	0.537260692869988	15
-0.079272427730024	0.227725295406722	15
-0.067141987265129	0.347849400482939	150
0.124366657928871	0.874517039133842	150
-0.085582277251413	0.230918695118381	150
-0.120287977485174	0.224982705325341	62
-0.005785120238156	0.301899318276365	62
0.00568551266593598	0.451337171964695	62
0.087713510466343	0.473597202806474	64
-0.018185724363293	0.41249034227633	215
0.062534546455359	0.65591923393937	215
-0.051521639645597	0.271497490920475	215
-0.102963378311061	0.202283882012714	215
-0.120090609730643	0.191730407954936	215
-0.118646291576979	0.162845457955443	62
-0.10991651081349	0.110196344222781	62
-0.07709822201872	0.219431279715445	219
-0.079204378852951	0.205229592858201	32
0.100505007019619	0.448188658463209	32
0.031331698462802	0.395640387734204	89
-0.086602041178932	0.202381101610256	32
-0.003620235995452	0.437176786851175	32
-0.03981411945158	0.387115938440464	1
-0.100271647325562	0.276856188928514	1
-0.038478841729452	0.346407537005702	157
-0.115767820666593	0.177942745089313	157
0.033427212857112	0.570984651164519	157
0.017966638008009	0.463078815477574	157
-0.090283630805105	0.265257088088733	10
-0.107586891943237	0.234728919269637	10
-0.103464024700616	0.135077434256385	10
0.093819801228986	0.330000604330101	10
-0.00337945384021099	0.652507998636081	54
-0.028155411479321	0.586244124777785	54
-0.033221800125236	0.363478001574457	15
-0.120799742697286	0.217751366463884	15
-0.050878934322965	0.401237349536834	15
-0.079058998637854	0.325090598268839	15
-0.102244770122893	0.183927756078088	15
0.08273999749028	0.59867671971656	15
-0.033314901834722	0.237322181738159	15
0.013218779649065	0.270534003484082	15
-0.015206361868144	0.452368994292236	150
0.047243450707542	0.653227551621868	150
0.120401199362199	0.820876774360596	150
0.080757048487626	0.641498018428783	150
0.081970428880473	0.646507669574478	150
0.040849475678919	0.60426889457793	597
-0.022071379748144	0.400089936130742	62
-0.118115911116503	0.192354161548878	215
-0.027370167975331	0.304283350835421	215
0.079525970417334	0.554591066175899	62
-0.052222415372908	0.352759324482758	62
0.062814842134396	0.349438306701602	62
-0.093878317528462	0.160861719703001	32
0.022501660620848	0.382366123396361	32
-0.089058148438092	0.169163719085115	32
0.000198238286526986	0.288514425374133	89
0.00858746296078899	0.269471472610661	89
-0.094374655099145	0.218352222730728	32
0.088912240513765	0.521644357435918	1
0.121149991083258	0.759057838184001	1
0.013270226804347	0.473900311592312	1
0.105395787335163	0.717056804700016	1
0.047404805898861	0.494540097926471	1
-0.01703292647949	0.383766126994876	1
0.066855153050875	0.585436960028282	1
0.00493194050062601	0.451937640442914	12
0.04513193411933	0.51159487007128	10
0.04542816627181	0.473037594251007	10
-0.113080182038994	0.200371704876187	575
-0.119847188108833	0.253163638079587	54
-0.043678332600686	0.420624939899583	54
-0.102330946702879	0.358666581095118	15
-0.078211475006518	0.22821862487788	15
-0.083937678617095	0.244527269462946	15
-0.017266966171927	0.444321317838163	15
0.023238983160981	0.485624562324984	15
-0.058961976752107	0.379510025382271	15
-0.047429812293821	0.354644169319014	15
-0.114612144491588	0.17481496506771	150
0.042599957021569	0.705731058809023	150
0.040755681870415	0.206234782809466	150
0.10046323367594	0.639296449296211	597
-0.117602043507548	0.222957096915545	62
0.029599036362523	0.582210400998049	62
-0.057233301003163	0.303611648083156	62
-0.030082930052744	0.407835981415469	130
-0.00300338786099599	0.550122180096276	130
0.086459482133176	0.328611514934581	130
-0.101634897400342	0.107305628061032	130
0.060425357326767	0.210998299964751	219
-0.091194629238743	0.0974003901363248	89
-0.017229145708556	0.190727879741436	89
-0.010220813262787	0.505038113669289	1
0.039046808569725	0.41165144606084	1
-0.00158762544899799	0.407143809299578	1
0.00139756427180998	0.478565131076334	1
0.085895117719793	0.733939679679276	1
0.039002012292212	0.50446752783296	1
-0.110880856166255	0.166371895784323	1
0.00174279729256099	0.424860215868284	1
-0.056425568964324	0.188470595813347	10
-0.092594381982237	0.155097777212652	10
-0.082504960463864	0.329422331406215	575
-0.044027185058304	1.4629168064072	54
-0.080419230221443	0.715484104916074	54
-0.012246550793563	0.927083315678037	54
-0.083606623089698	0.350964970263984	54
0.036822651321599	0.463480937196125	54
-0.017183131904503	0.348769471041709	54
-0.013265897132285	0.508832142373738	54
0.104966775270288	0.935020461055195	15
-0.069694564875025	0.245530380766512	15
-0.100451387882835	0.222890805964681	15
0.015907063878508	0.273089292008058	150
-0.077254950602903	0.187806847099842	150
-0.063440485670367	0.258640516762763	150
0.059773751431903	0.622964771392531	150
0.089303215816285	0.220790932722925	150
-0.00772531928811801	0.236836292223407	150
0.070844815213469	0.682171183320056	597
-0.025789623044406	0.349911199047718	215
0.098464882658953	0.824542546069136	62
-0.037759870241333	0.305919155429302	62
-0.041248614728972	0.261884285796216	62
-0.010871813673972	0.397830527753411	62
-0.022128931645175	0.307039945945149	362
-0.118018976782623	0.196494135838234	362
-0.114478036920873	0.214922232948949	130
0.088444701982147	0.919504583645337	130
-0.07500871611237	0.210122448972103	130
-0.015116752237214	0.119094277078416	130
0.093413226767774	0.217385791810295	32
0.061448946122703	0.207051931080075	32
-0.010806131180692	0.310089319278198	32
0.103293645351547	0.624748166540711	12
-0.074110050230916	0.334856976146497	1
0.00379710896587798	0.19091589645465	1
-0.037902721701679	0.185221818650444	10
-0.055966477196477	0.112199707209503	10
-0.118759678473075	0.0922596130203198	10
0.083054623113215	0.511334889457834	575
-0.111704282122813	1.0171721856743	15
-0.120999061353281	0.318096956434253	54
0.039152448553568	0.54940698964807	54
-0.070097440582676	0.305286761655863	54
-0.107540308334638	0.373088142295587	15
-0.096088300681294	0.156332375195956	15
-0.113443788286104	0.132735954854452	15
0.093393091457763	0.341022037323631	15
-0.072387147753293	0.275670435560952	15
-0.047918654282287	0.415339282317207	15
-0.098420178800003	0.232414115281649	15
0.07343090426806	0.576636143295048	15
0.00589574189450498	0.311566427155392	15
-0.00790057024777699	0.574284704257401	15
0.017508417952812	0.283230358437938	150
-0.025218672209983	0.45485355055426	150
-0.05454871768459	0.11429492259053	150
-0.086164409225171	0.109713001654833	150
0.046633302593218	0.625117647639316	597
-0.114419482519682	0.268077756497917	597
-0.055364619428627	0.279203240163173	62
0.085190882197624	0.746377771286019	362
-0.048950059626174	0.383799057542131	362
-0.047146342932085	0.246231702403691	32
0.00962063266041202	0.123274074927613	130
-0.038398798656938	0.11709237313205	32
0.05544969787607	0.135508400829249	109
0.065552733582457	0.282266797916846	1
0.030429417509598	0.4130657125876	1
-0.050568294300308	0.367354191978407	1
0.072220241595343	0.627717535770756	1
-0.081968226388316	0.097237206906464	10
-0.042216782125295	0.267515141515036	10
-0.116360206109579	0.104153040876045	207
0.122584545291994	0.484231540564919	575
0.00746258306368502	0.730802073437064	54
0.022703904356855	0.382113284403928	15
-0.011601154257969	0.47203807168772	361
0.084390056333532	0.687243533787836	361
-0.12088472846936	0.223463655558165	15
-0.066784201307267	0.329467170193054	15
-0.097260206763217	0.279842773172491	15
0.036220777929912	0.515593414165405	150
0.115680131608879	0.612861156026675	597
0.019067965745605	0.522415629795596	62
-0.065438504378817	0.301475356979154	62
-0.051103290710549	0.179249609804061	215
-0.024295129980511	0.415266912343847	62
-0.120788095467306	0.214142404748708	62
-0.037178482321071	0.332269723542201	362
-0.081274189273637	0.278393130478511	362
-0.094690940687772	0.215725137277417	32
-0.084942084906178	0.105819300328465	130
-0.094052247205286	0.107469825321944	32
-0.00534676537790199	0.536488837985683	1
-0.069838187475967	0.347170814281164	1
0.033674240145642	0.270174801772925	1
-0.015831889860334	0.307203499508802	10
-0.10200361974122	0.651315973337541	54
0.066888272193533	1.5620454516834	54
-0.063273047450291	0.650502815008492	54
0.120339916524763	0.856221953809901	15
0.108602791453782	0.90730534746279	15
-0.117190952155971	0.177286460044296	361
-0.12439568813652	0.199536184189384	15
0.064686515755808	0.683986894583868	15
-0.016141864256439	0.426697920282988	62
0.09904808945336	0.723128507161256	150
-0.052960014084668	0.350731186683518	150
-0.047248711922288	0.221444531267997	316
-0.087376060458439	0.186543521136682	316
-0.074429390691733	0.289565372499718	62
-0.00473066132407299	0.436019694585204	62
-0.037024960049302	0.383220920074895	62
-0.015081072868645	0.387830448840509	62
-0.121448464930571	0.203031829211931	32
-0.113853688639504	0.220566976520833	32
0.041820156809252	0.356020521734121	32
0.00180238860986698	0.289022503856709	1
-0.066664323482531	0.220156692817898	12
-0.091487708063706	0.183375196138256	1
-0.086578010750138	0.247923994521267	1
-0.080020860608948	0.276286221015395	1
-0.036748198695824	0.316188754908105	1
0.122184458454323	0.721409397657285	1
0.007388405409818	0.432315347937466	177
-0.10852069037306	0.206705944927477	1
-0.003053963023158	0.385473915582153	1
0.044726317682079	0.584375481404321	1
0.042363504818153	0.533033805036263	10
-0.03741358899376	0.359326591685004	10
-0.079027691669092	0.233433408321717	10
-0.114312883805053	0.203974798824103	10
-0.089690383697592	0.259810391012747	10
0.083136323580782	0.583599045193178	10
0.106445247613414	0.441576942521995	10
0.00700346909343202	1.58214148371764	54
-0.111687987743038	0.547527426406329	54
0.035625030271143	1.39886089079837	54
-0.045236046083567	0.845522524721267	54
-0.087653114690467	0.355666684587317	15
0.020091021971358	0.562130487066168	15
-0.03899188398714	0.303868599349546	361
-0.051605196815801	0.356933413041206	316
0.024081186463144	0.395662537907394	316
-0.106510036954656	0.226803297160771	62
0.050474254610183	0.517228071079818	62
-0.087367508747864	0.233557463648229	143
-0.124411601693698	0.191440098704997	143
0.00897640760844398	0.428424159425337	362
-0.049466431415643	0.281413573516506	362
-0.090434530207929	0.231873178694279	362
-0.051316640012703	0.250701094498734	362
-0.013133836174713	0.342165306834787	362
0.031128604946162	0.526826733746109	32
-0.107005811953497	0.144349564445201	32
-0.044862167648356	0.177542539753131	109
-0.117554934073897	0.113293504026151	1
-0.108260516860783	0.178836663845573	1
-0.068499314968646	0.208899678273655	1
0.057104208039379	0.594077089014147	1
-0.033295581506852	0.372006503944698	1
0.056585847760601	0.581082255695756	1
-0.049994269421247	0.289011807142287	1
-0.051746907604177	0.266347778097748	1
-0.096627170477358	0.244267544051979	1
-0.069314126136016	0.248144041256039	10
0.108284417162406	0.452929475737386	10
0.048244071937539	0.449040017827827	10
0.065803084147764	0.542022075108188	10
-0.069507502120683	0.271726906687534	10
0.080553941093794	0.59333503422462	10
-0.045339249797105	0.587257816818952	15
0.016110577000869	0.326886106489011	361
-0.04117470643226	0.20484780753283	361
0.017920964912362	0.569609280893891	15
-0.013507164057261	0.174271778621166	15
-0.09916278939628	0.158445579371168	15
0.088991435491427	0.521738524632284	316
0.089768285801134	0.617452923545311	316
-0.008284359877401	0.430780799400378	316
0.051750298945713	0.477292279766477	62
-0.050885548592052	0.2260765348447	62
0.053841041462331	0.694481424021079	143
-0.095701647568479	0.103749433893094	362
-0.00173001453315599	0.426007938298843	32
-0.053265161373961	0.244892342420239	32
0.052333958682437	0.475161641294125	32
0.007562334783072	0.340801444667033	32
-0.053543220817674	0.272189978870297	32
0.08869952866106	0.461325423855703	109
0.017088926391921	0.290894409915245	109
-0.10142335967954	0.158963199014105	1
0.065312919732957	0.458144752571508	1
-0.10804182484023	0.118303149839945	12
0.048604920664126	0.269999805784398	12
0.046723322534508	0.630254247446879	1
0.056135338733509	0.574853660051228	1
0.10030113065394	0.532375071111161	1
-0.072331291758861	0.312161852643471	1
-0.062853931485286	0.316005527101052	1
-0.018042189202227	0.384285348038777	10
-0.097266912444866	0.259210992537417	10
0.091269759994602	0.749715114952806	10
-0.108565836101974	0.208792272111968	10
0.091918224314529	0.341064705666886	10
0.00725242154748201	1.59929024463409	15
-0.00967991573669399	1.37210072684263	54
-0.025656974985933	0.764502859281839	15
0.039197872953671	0.252021736164327	361
0.107950710437154	0.555017376384433	361
0.120005639092862	0.640684413892151	15
0.084086833740978	0.368029259596792	15
0.107937056732106	0.286452287464619	15
-0.00459254656232899	0.487847800048878	316
-0.043825784898464	0.227495951495272	62
0.00273995467736299	0.303137657009341	62
-0.124052184880401	0.148785841012083	62
-0.04132523094734	0.188023684310809	362
-0.0501616123069	0.2579125577658	362
0.026923536742217	0.266439491933322	362
0.062723197285989	0.601514942497168	32
0.12388345445008	0.648066166324976	32
0.11628877014129	0.635172178646408	32
-0.039970708494574	0.277684862994558	32
-0.012702315097428	0.370305036205735	32
-0.075031992645033	0.218389274308928	32
0.107467111796017	0.616540983638726	109
0.0582957000371	0.558257604268612	109
-0.01705699099602	0.387479988261835	1
0.067060667099457	0.525570000812321	1
0.042264027922809	0.640126474616987	1
-0.098775137311276	0.265880340889332	1
0.081827306956199	0.802182341123288	1
-0.017149633544552	0.380115360263304	1
-0.00943804997635	0.300062894232364	10
-0.065091283334025	0.241892393283385	10
-0.075013815920092	0.259778154479909	10
0.00877314031293203	0.481335450993878	10
-0.012144958327371	0.381845316260804	10
-0.106821232521586	0.236223052743091	10
-0.070529481958667	1.36906801784618	15
-0.046363664623917	0.381885307148557	15
0.038171284418618	0.92302567021501	15
-0.067719209077453	0.286061501238178	361
-0.045655847416805	0.2224355510521	361
0.112106496963167	0.341440833448821	361
0.00776898805056597	0.356348048547571	361
0.109972388055236	0.793938978534561	15
0.014675935707434	0.18597229564019	15
0.098109371696095	0.676800648360309	316
-0.015376884456942	0.422665350445952	316
0.068839669236159	0.611753004064437	62
-0.039868231651192	0.217254416004431	62
-0.018576867427398	0.448010936985701	143
0.083864023755013	0.650818719120332	143
0.049345025171378	0.444452077134453	62
-0.027485624767702	0.180374302127556	32
0.061488207024712	0.575797834884842	32
-0.12312674147717	0.197032585265616	32
-0.091052790598287	0.209781954868764	32
0.049248481957394	0.356244237785822	32
0.113955526801558	0.468216692986098	109
-0.040434279334004	0.266104493384799	1
-0.017076955445563	0.320729646056994	1
-0.058054238665046	0.244626853751549	1
0.11231825885974	0.613045194896914	1
-0.050443072262266	0.240050428293434	1
0.089026848174206	0.61794754311427	1
-0.12487760436572	0.184153668738964	10
-0.066866823410148	1.74450588559862	15
0.00973262523221402	0.747197294498428	15
0.040314587062769	0.386073926385433	361
-0.043827463636474	0.255862698262837	361
0.10034745032551	0.541623239777966	361
-0.065534229174015	0.202893056430631	15
0.033915859226075	0.524150325315436	361
-0.046444502169092	0.339348953901754	62
-0.057279776983051	0.347613829879744	62
-0.020202453184998	0.381755698284415	102
0.046742469568234	0.490264551091751	102
-0.045239192408237	0.261247014882166	62
0.080017336052626	0.427414874826866	362
0.097640094389644	0.438489205797664	362
-0.093972955525186	0.128415452894512	362
-0.000423006011430999	0.42147262269019	32
-0.1052034503078	0.197781989089886	32
-0.081403044352007	0.194797869847852	32
-0.048015290260937	0.242973432653366	32
-0.048145752257361	0.245021616132012	32
-0.00493987656800901	0.327820677336687	32
-0.007605796151439	0.306523048161678	32
0.102354305880788	0.52679894867888	32
-0.053296248740755	0.193596234739783	1
-0.016485316822813	0.339672760104489	1
-0.090544998565575	0.169880177578528	1
-0.049319315733619	0.22703447071977	1
0.123450049235905	0.512197639719084	1
-0.097571072270846	0.162408122824795	1
0.068288005305304	0.341331284069198	1
0.048921230479804	0.380079527193951	1
0.093064419012076	0.640373662257459	1
0.109076492329127	0.606593830772156	1
-0.017213337576882	0.28569075593823	1
0.07802495172447	0.440472127138577	1
-0.00595504203431499	0.331155001885311	10
-0.041308249747671	0.261992859758243	10
0.077134938639621	0.426601765602757	10
0.037379965987568	0.352838007667424	10
0.072491374826083	0.454651119482248	10
0.093747784017895	0.58711071721631	10
-0.061973648498797	0.242717258165099	10
-0.1062147269575	0.107301628548026	10
-0.114394707637411	0.373593984024927	361
-0.068928564746303	0.433763540986389	361
0.045848359995472	0.781327490756809	361
-0.067152002882278	0.39674110708612	361
-0.060768110173691	0.397342393119839	361
0.119903373292684	0.70219195887826	361
-0.080461680261714	0.254162334249654	15
0.113400775166932	0.745801494689959	62
-0.010533105544323	0.416486388533443	316
0.079247359327929	0.460970252479668	316
0.05478430631655	0.358886583899808	316
-0.098573754570926	0.168923406073081	316
-0.078007542309791	0.254301694272114	102
-0.092810206387463	0.183818827159265	62
-0.106215060844256	0.207848698787035	62
-0.060012144614567	0.268757104450153	62
-0.076032329929071	0.254041399882043	143
0.026375904673269	0.410010944231304	143
0.040153598643665	0.432173952436321	143
-0.104447666338187	0.227491584965225	143
0.048860449947027	0.372142091772623	362
0.087107179952807	0.431464330992297	362
-0.09769412198306	0.148909639931791	362
-0.003331382137991	0.294140806955298	362
-0.004085278939815	0.315354901188918	32
-0.048559977353407	0.216876480891135	32
-0.044362159517094	0.195693029830752	32
0.114525084752144	0.426421474176079	706
-0.049519881140983	0.207057151218948	32
0.12340299833389	0.360997595690977	1
-0.079763061639527	0.20131983579388	1
0.072937507776374	0.399363868407563	1
-0.00552475346412401	0.312818315763448	1
-0.060027890329577	0.260036067320069	1
-0.059943385242498	0.257242066385122	1
0.00350125200683599	0.360436691663019	1
0.018047159587632	0.365507431848861	1
0.120694587835285	0.70707532579019	1
-0.025238560152368	0.325229616748195	1
-0.113792307384546	0.167894199068967	1
-0.063037246970832	0.240955070128058	10
-0.00333980209416401	0.358577615799618	10
0.03226151977832	0.401737523939187	10
0.034345383320133	0.332832855941715	10
0.047524437939313	0.467683813049183	10
-0.122607745870022	0.152737513213304	10
-0.124177254563348	0.181286834275964	10
-0.034743811605784	0.292153403473272	10
-0.038685267090021	0.187598120748834	10
-0.013928162444535	0.786238551503356	15
-0.018726230521834	0.725754735073096	361
0.038965263937361	0.94047313513486	361
0.009022176389958	0.815784393495147	361
0.035419638972673	0.55705745399975	361
-0.043956691526523	0.295308078914653	361
0.082644446480109	0.440161984547523	361
0.029263304490225	0.408215988841928	361
0.048415148124863	0.49468690858271	361
-0.062386825798904	0.297864082781181	15
0.00269780775043399	0.438220532613953	316
0.027407130048173	0.524994645346748	316
0.094275435442787	0.540372729214217	316
0.069485175638035	0.601083755320837	316
-0.096137156715259	0.224791195458343	316
0.037851883434688	0.46878024208211	62
-0.054424546627615	0.292450191665808	143
-0.067569094714918	0.235780890140451	143
0.018542347746095	0.403922197965077	362
-0.031601295632377	0.214003139562731	362
0.083273664074529	0.447637579067176	32
-0.072539469601342	0.214442870646298	32
-0.102634430783221	0.163396214086629	1
-0.040188843608955	0.298303081725447	1
0.027957060289715	0.392047136503025	1
-0.071453790580696	0.25043377392403	1
-0.066705646826665	0.286059554923745	1
0.023721235031615	0.38214522470379	1
-0.094954338752744	0.178532130051615	1
-0.123840220210967	0.192996404261871	10
-0.111780767147985	0.157813549918139	10
-0.067932478157526	0.250259527036482	10
0.112992940996278	0.521258628748116	10
-0.00960801766810501	0.389471688864241	10
-0.011202485583119	0.362601673465965	10
0.058356243889971	0.343089059223901	10
0.011801871347599	0.260313836245139	10
-0.05019737712604	0.669071826977086	15
-0.065368199798234	0.596862687960238	361
0.080722872677997	1.18400100746109	361
0.123299303377439	0.691961013637886	361
-0.057417239238637	0.333620027650584	15
0.105984144924153	0.799950143148869	361
0.000837148549841016	0.486276561225034	361
-0.014422382249423	0.453935861073763	361
-0.12084002721995	0.193960740990682	62
-0.022283047856402	0.314787942348388	316
-0.071647177550366	0.282711939698375	316
0.091659210827762	0.731221131438135	316
-0.00568379780066999	0.443094301688502	102
0.014993420883086	0.415591399337276	62
-0.118693286533608	0.193388851175372	102
-0.00581231602413301	0.396781158174043	143
0.020439442906438	0.49783795702241	143
0.114489721189736	0.659907715962381	143
-0.042968830062569	0.263881698277655	62
-0.078180554496477	0.277678111326693	62
-0.08842516375294	0.181967295103743	362
0.104462140424724	0.281158879367206	362
0.02835109816652	0.259219437915863	362
0.063070029945901	0.339845572665982	362
-0.104743135803537	0.097694751124806	362
-0.080688044046107	0.186025278801586	362
-0.058986395532148	0.292833645137505	32
-0.118616348741374	0.143671176814406	32
-0.089570205227955	0.195666368615488	32
0.029943405562834	0.469833472663679	706
-0.00352789341816701	0.284186196874648	1
-0.044122053430355	0.264703771493173	1
0.00108794789260303	0.358637303258097	1
0.096676518149058	0.355537506909457	1
-0.025674090474783	0.404412999053552	1
0.042114178302337	0.572594067620775	1
0.041136679509449	0.51002030769756	1
-0.023031812563863	0.358756900538557	1
-0.061582354424036	0.304291946822616	10
-0.007449647087866	0.290816418558851	10
-0.106139449319466	0.214007188226702	10
-0.00916955270634101	0.325590863914041	10
-0.002484632708531	0.34065808971443	10
-0.05854830240394	0.274941824592234	10
-0.114335652125842	0.114414267352578	10
-0.04178789602473	0.901353886724577	15
0.000882408775184973	0.84129538720913	361
-0.083020034781559	0.497275135952492	361
-0.100364804273494	0.359245419084177	361
-0.068003961627453	0.346018488237223	361
0.027432861496446	0.462829670188427	361
-0.11036461591551	0.245794968617803	15
-0.057798743225741	0.200191102311632	361
0.038736465122723	0.346703076795173	361
-0.047935860439309	0.303247552293446	316
-0.113887991782031	0.216238187831101	62
0.054754163452001	0.510698165139093	102
-0.046585487997844	0.296913961618303	143
-0.119525642631112	0.167395513509019	62
-0.089796906558739	0.199832056700078	62
-0.013658537340736	0.193767665369539	362
0.111603017621539	0.333441788754003	362
0.100213556740995	0.353447628194868	362
-0.00952246474976901	0.253445047168314	362
-0.098905330940432	0.159332411501521	32
-0.045080519576017	0.254580466059332	32
0.042719521666102	0.389339799631334	706
0.010395618872385	0.344622657388794	706
0.050395830204494	0.410104433996596	552
0.050624552261396	0.431644969813469	1
0.032877036914571	0.395030545778628	1
0.057889245486679	0.371434300832853	1
-0.106560913118069	0.122351001560259	1
-0.00441545198892401	0.239046911467402	1
-0.035342362450417	0.347087740242764	1
0.01425581213955	0.468808779557672	1
0.08182285482051	0.534619153564209	1
-0.100007219436359	0.205777938870239	10
-0.013140489500789	0.366639347386092	10
-0.110655443467058	0.142506093361962	10
-0.048087398545559	2.08209507813672	415
0.000955541880006017	1.19457467609413	15
-0.061788374707159	0.763202986820479	15
-0.014820709068825	0.613329676391096	722
0.00226206206741603	0.507881414580974	361
0.046161698127582	0.531051490886641	361
-0.050017683468412	0.337989597794926	361
0.043692443702132	0.493882069344992	361
-0.045608706111416	0.292342640007759	361
0.026938984444422	0.505799357209705	102
0.058351852210254	0.445708211555143	102
-0.076313809579472	0.224859771307646	102
-0.004063351573178	0.354464853869449	62
0.07465303869079	0.447949061405797	62
-0.084422621369085	0.215711921003293	62
0.121434871187779	0.456340148630561	362
0.074678018414458	0.442684602799974	362
0.040112457133139	0.40127541218287	362
-0.044712032493343	0.250109655125347	32
-0.044479834090556	0.197504648424274	706
0.038253670290049	0.253548511865013	552
-0.087142314699964	0.188835540769573	1
-0.011911241259467	0.330232341979539	1
-0.00555426279159699	0.293603475229609	165
-0.113178639026728	0.204106161682516	165
0.101244855212846	0.34655903205744	10
-0.078922030595474	1.71029059934372	415
-0.069590065415467	0.499893450642427	361
0.064222717196292	1.04953298635836	361
0.036656835143944	0.945218014785423	361
0.042255670587484	0.682742157777016	361
0.03871260203114	0.534267853708635	361
0.093862006542253	0.716913963876694	361
0.065197676801842	0.699064052672268	361
0.118232817432309	0.882761548971223	361
0.106689430348059	0.748891099153717	361
0.08307386522392	0.567456367818146	361
0.060359791503029	0.465895257911463	62
0.019773003657982	0.256275699695801	62
0.10502475808418	0.441435242959566	62
-0.058571287453899	0.259705595964185	62
-0.022644626926837	0.345406730881796	102
0.036083337809952	0.371865885495002	362
-0.041630413249706	0.247239253018658	362
-0.056139560702741	0.278585093934509	32
-0.107901358386148	0.128169987391674	32
-0.115346844156547	0.110014962115107	32
0.069146113564621	0.275212860752719	1
0.093439848247437	0.358427020240146	1
-0.060817678613328	0.252247872251166	1
-0.115951372932876	0.160422452631562	165
-0.010940254715186	0.372298547050947	165
0.030423709787044	0.477647548714199	165
-0.106752741073498	0.191642945713491	165
-0.045355727460687	0.22534376427927	10
-0.099957879677357	0.137049912556747	10
0.030469141451768	0.416315548643537	653
0.035518513303906	0.382668803964001	653
0.064838874130418	2.01568250363219	15
0.007237145372747	0.809968343205424	15
-0.020766386639384	0.597275186633332	361
-0.123177701550145	0.350187151650708	361
-0.122845066092573	0.252678305748774	361
0.068557857606833	0.683991747543004	361
-0.056687115347915	0.393120216606069	361
0.00710995614406301	0.579162532158849	361
-0.064712020190031	0.280572959840708	62
0.088582325295516	0.354604306061684	62
-0.075565345042695	0.385756599610165	102
-0.006823212171813	0.442107132859622	62
-0.0603692348029	0.302945291212637	62
0.071481734708666	0.502755231049534	62
0.00869341008713997	0.576983228433446	32
-0.110448625539322	0.172197458622917	32
-0.019371047508908	0.436318092999202	362
0.050022887474919	0.128691113862095	32
0.089089185610938	0.214621796805686	552
-0.029835149669415	0.211567814634335	165
-0.093366251112149	0.229371591237817	165
-0.029227603866674	0.115657083622239	10
-0.047602757001383	0.309175088686773	653
-0.0415139672482	1.3800807421047	15
-0.105544443505553	0.511100131687838	15
0.041716572262466	0.783231990042295	361
-0.00155425879257101	0.641841564118956	361
-0.00553891194567399	0.658166275162792	361
0.080188454978411	0.894757036699236	361
0.044043775348128	0.691070480669917	361
-0.053892173946635	0.412922899874538	361
0.117176263346807	1.01639379974798	361
0.059874316075185	0.453732181257906	62
0.029805257529513	0.286222007299736	62
0.079447568981999	0.493363417419637	102
0.00694505660237899	0.290977525350386	32
0.00962119048735099	0.125706738865383	706
0.056187952077269	0.129058190261231	32
0.060435907931069	0.271815482652658	552
0.041726609992803	0.196939712908349	552
0.051520800933449	0.125621260612604	1
-0.035929646775395	0.118132977473282	1
0.074681613913675	0.345405569280878	1
-0.034359891066297	0.399116748657712	165
-0.00307958767639799	0.560056579094562	144
0.121056021573873	0.511260229906747	165
-0.054821597356254	0.204805026027187	165
-0.012623437404428	0.191247290317028	10
-0.038375284609725	0.170852227691836	10
-0.108849169921017	0.102425657927808	10
0.047379897973025	0.746377382825683	15
-0.109694289778284	0.317475121776502	361
-0.103889459913427	0.303714749276479	361
-0.035260431071759	0.475748016967988	361
0.030760576182892	0.399520604236552	62
0.105753854588092	0.608661128784458	62
-0.098870895455489	0.235624139835273	62
-0.116396258463482	0.108850988902675	102
0.10753883899983	0.76278698625621	102
-0.124378447241687	0.1860578147758	32
-0.045876120959241	0.345912295142571	32
-0.033010761077313	0.325391438938118	32
-0.072216262983014	0.106597873695932	706
0.122822751625747	0.225230594538213	32
-0.011824823616873	0.182581480299516	32
0.053427046855456	0.2698459688823	552
-0.10527807342284	0.0994280161218379	32
-0.120417737475526	0.182016916249587	165
0.107326910193873	0.80548569351408	144
0.035839684784536	0.406407188429022	144
0.011341832593828	0.270038867589008	144
0.084416680101488	0.280564398023469	144
0.013130920250184	0.4097601511255	364
-0.051467178708447	0.215864451477258	165
0.056561336217271	0.195588051432986	10
0.044761829770748	0.27107189489425	10
0.037037486886487	0.465758878012785	653
-0.00471071022237701	0.591444654613191	15
-0.026298288938973	0.361697126139732	361
-0.00993012491669901	0.495000209738763	361
-0.084603228899289	0.262439610098912	62
0.058765534584337	0.277025191676434	102
-0.103751646022849	0.15290514979999	62
-0.121941131988305	0.185622443981687	32
-0.036181324716967	0.359867118797089	32
0.026541388793411	0.496587498510624	179
0.12119679229503	0.780764279504228	32
-0.00114325243019001	0.459941626449761	33
0.095629663052191	0.439163477924417	32
-0.015116752237214	0.119094277078416	706
-0.065011788994901	0.110408001562094	32
0.011897210238645	0.126290809501059	32
-0.055980587803234	0.170621501578817	144
-0.048521855562743	0.261748079789994	144
-0.00443345756945901	0.425787440591222	144
-0.055919716937809	0.267655193317859	364
0.106148493141707	0.445825783903277	350
0.029976000403551	0.186507274920211	37
0.108866101646938	0.361422815375252	10
-0.105801000647042	0.145149400073604	37
0.089661510484641	0.838358351721835	15
0.087450012272244	1.17338923766587	15
-0.061934930540215	0.483078068866206	361
-0.073578105704682	0.393229177813881	361
-0.076874017391211	0.275776582939408	738
-0.02834057805076	0.460791872916573	361
0.084122348981744	0.642722231030716	62
-0.089000048170949	0.0986180540834058	102
0.013899479659859	0.195560634074805	102
0.027576766516056	0.474865138216563	102
0.054769754446045	0.37735723701319	62
0.104949287885396	0.685138905139963	179
-0.007051596305888	0.276554528105214	32
-0.089505932850734	0.190427418013985	32
-0.080930213424755	0.103023246617979	706
-0.109020739374871	0.121509235192461	32
0.007903381447874	0.189391487663594	165
0.103798083814698	0.687278100612628	165
0.083695280917679	0.771140313484424	261
0.016826217486708	0.324904772951182	144
-0.085299378836822	0.254662249251284	144
-0.033183742302853	0.247213447814947	364
-0.066677778302042	0.256537015527235	364
0.105254294147551	0.361002122787329	364
0.054884504152724	0.268626909434113	10
0.079223281391991	0.608421151147726	10
-0.118964973920864	0.101765980363994	37
0.040653534007872	0.60706810803752	18
-0.123719758887329	0.182629539083639	18
-0.044660291984115	2.23436478186587	15
0.02407330657014	1.23103291097139	15
0.080437130441861	0.768743210553542	361
0.116680921523243	0.810801302109459	361
0.079100247857396	0.76511523546082	361
-0.051551032571054	0.451723893019976	738
-0.009520313628264	0.551825835609107	361
-0.084658528149158	0.278353316548346	62
0.036344116084974	0.579450541248268	62
-0.036213352799479	0.342707341412225	102
-0.111612059130592	0.167541690562358	32
-0.00403947047860101	0.361854499506158	32
-0.037908335027821	0.233374597226787	179
-0.00622250162914001	0.320450959575702	32
0.02040127196626	0.442340431653392	32
-0.107762782594958	0.112967456768491	706
0.121659106314903	0.411938825100651	706
0.042136907532637	0.247615596538649	706
-0.111913334661842	0.121620683782644	32
-0.117930693484361	0.111302218731408	165
-0.064235775308348	0.217743908594638	261
0.02303587541522	0.530211712923971	144
-0.06791097934767	0.24144996141749	165
0.02644366171659	0.448911616596152	364
-0.111860871575446	0.159341566257919	364
0.021129134383808	0.393666345730976	364
-0.112315997489334	0.107224453972172	10
0.083450322911447	0.351588308651988	10
-0.111819768610553	0.175132799985149	10
-0.124598207692835	0.154748664189596	10
-0.046200243040412	0.277257424084507	18
-0.033328138223867	2.23353487760007	15
-0.057963179633806	1.4637532335677	15
-0.105737329289323	0.119538781189095	62
-0.00364373594195599	0.474992998810919	102
-0.058597461339572	0.230121282322993	102
-0.062017627992038	0.27760399755812	32
-0.00548146281076201	0.383144738894881	32
0.041158670766034	0.463355027910665	32
0.047067944383257	0.376734663261899	32
-0.036874070474677	0.169591537054937	32
-0.107275212549061	0.199690541663878	32
0.060386809962187	0.416145037681654	706
0.067912403627622	0.468533061561699	706
-0.052692374378808	0.236642367716325	32
0.00843272872443901	0.305474055286837	32
-0.114631610601225	0.118080998576409	165
-0.038096831200456	0.194781299870549	165
-0.019899873406049	0.365703802377143	261
-0.114227142432864	0.202455661460725	10
-0.110729759326588	0.214195873085758	10
-0.120527090417779	0.192782776628074	37
0.041045865745572	0.342914131771791	18
-0.095228272405996	0.453335140536455	15
-0.04049481754409	0.260269628795038	361
-0.041134070788288	0.402774768491689	361
-0.017203636394993	0.542113031039153	361
-0.10707014729207	0.217077442187009	361
0.021463814238175	0.264939364780624	361
-0.093324232779684	0.145053266427901	62
-0.073558102732723	0.303971078298865	62
0.052297602682442	0.395792422229299	32
-0.022559412496668	0.328697089816563	32
-0.102690061272845	0.132986173431839	32
0.040659964542513	0.201794145046876	32
-0.060458270638379	0.100164880640706	32
-0.057962410942817	0.111480977219521	32
0.034119020680495	0.353485662276332	32
-0.079326185923924	0.230733771969913	32
-0.011152246448277	0.355797285533088	32
-0.114911751053144	0.134654763257041	165
0.026119463118622	0.401355080481702	261
0.122829641117614	0.529522650659947	410
-0.058966451890597	0.227438664518289	410
-0.123247160919582	0.149212925328643	410
-0.05250674201024	0.185977711551673	18
-0.020252078764963	1.40965891572345	15
-0.062586657158368	0.868425428595408	15
-0.013871165686855	0.61926647510443	15
0.099287037672768	1.14039012100768	361
0.06785563466065	0.73205410966475	361
-0.03128962171698	0.539539144737937	361
-0.030499185299847	0.190305712851955	361
0.056865052793124	0.629802288058417	62
-0.124045337420396	0.211298779152828	102
0.00651396461391801	0.282480736326524	102
0.036409045068064	0.25608207448629	62
-0.025326070155322	0.368964978979952	32
0.064149979330927	0.645687490200044	32
-0.056347924971629	0.110315817740528	32
-0.044122602380517	0.207034775955301	179
0.082314173119659	0.284441193825251	32
-0.033233350511761	0.339714902795947	32
0.019229771134639	0.438901661182189	32
-0.107775651288719	0.23057660031701	32
0.114160383507044	0.754885852639777	555
0.035698769495097	0.439163291166511	32
-0.018676917951267	0.401968743893755	32
-0.093879232140852	0.201845633719918	165
-0.043492020693354	0.313125890064541	165
0.032488664306621	0.441536309371874	165
-0.093006197201612	0.230610203935745	165
0.00655700100145901	0.27293201193681	165
0.065651040274467	0.202845907835207	261
-0.00412712650436101	0.389582202817901	261
-0.1197571919229	0.211040426676969	165
0.066844206070172	0.567664543715469	410
-0.07381583805054	0.252390367727394	410
-0.110052318693017	0.213017828501698	410
-0.11190207528723	0.227306513994929	10
0.021068742119086	0.405111720755206	37
-0.113855123677457	0.16480246369876	37
-0.099002222878869	1.01641199152366	15
0.020724644354203	1.82357038318468	15
-0.094278889390694	0.449515524416143	361
-0.018673339865207	0.444854299178052	62
-0.108616572934886	0.149384081081883	102
-0.119749676057729	0.18298816581503	102
-0.064452825132217	0.257772366365236	32
-0.076164518333518	0.216887314245022	32
-0.066167948282747	0.103887812215199	179
0.020508574662446	0.234507526688266	179
0.109261292676842	0.286136471203429	179
-0.011348120843138	0.439259391556458	32
-0.085862438199185	0.264423804705458	165
-0.058825878861552	0.106753756729219	261
-0.079682794524923	0.287629357099445	165
-0.043125376124131	0.366453484780099	410
0.072711841931657	0.467928257117565	410
-0.109214652971623	0.192927310934853	410
0.115661047264149	0.767520559660047	410
-0.050850137563684	0.274608220027436	410
0.040875918355134	0.502166046477014	410
0.058417928359845	0.497245309123588	410
-0.004243796327565	0.472049535851361	10
-0.075289251587927	0.277851735522088	37
-0.106182235384992	0.196710506652342	37
-0.033025110938215	0.179413694769539	18
-0.095571907100396	0.166641091511908	18
-0.104736301297657	1.23515558465317	15
-0.095937439061901	0.411034907725555	260
0.046313014415544	0.349222956212062	260
0.00668483066070702	0.733220586965345	260
-0.079487609726783	0.334238863163931	62
0.113470571431011	0.987100889217862	102
0.083542708260076	0.720237510684411	102
-0.089441803872497	0.331166030893811	102
-0.033291970287872	0.465030117641923	102
-0.041333875993806	0.278578797908813	102
-0.071307652061114	0.359646661282574	102
0.019723722921035	0.440555184130455	102
0.107608487146127	0.81726316109907	32
-0.103481662168369	0.204100587044122	32
0.018155712431485	0.196859671881131	32
0.040823200020473	0.468649032430637	32
0.072741689252995	0.474628920175889	32
0.073843447024576	0.481466388096825	734
-0.043970670924874	0.306242173679593	165
-0.05828078495734	0.364638960580019	410
0.056078668854239	0.511731095799436	410
0.120902726416469	0.712819484000438	410
0.062335139739822	0.498980325057213	410
-0.060586497615505	0.329095416226724	410
0.070001368863949	0.683894325466553	410
0.00057117907783899	0.298345672876639	410
0.100658043554225	0.605068218151867	410
0.020789928597023	0.527467304376571	410
0.038663839937339	0.489558641530194	410
-0.017386385860816	0.348932488125925	410
0.113117916214396	0.756042837285468	10
-0.08373688362406	0.282717654362966	10
0.10718259626537	0.807337645288699	10
-0.103214117245651	0.223875362517988	10
0.012639766540149	0.285003565697282	18
-0.036189572940907	0.811318189989513	15
-0.094962319143406	0.525181807550613	260
-0.111831184635345	0.554411156944977	260
-0.077030511197867	0.64243628351336	260
0.113516501893411	1.64788127369442	260
-0.065040038999966	0.281878672963755	260
-0.080130419806285	0.279709793476619	260
-0.091166693746851	0.415195478042779	260
0.015562093111444	0.570009948378187	102
-0.093800728033073	0.292387279569887	102
-0.010484147857145	0.467754123127245	102
0.08176182306005	0.358717998863407	102
0.08280296432518	0.678121491709975	32
0.082257293169816	0.548908503581999	32
-0.062155456094751	0.320999238254411	32
0.075916749650175	0.354483028693646	179
0.033844955036674	0.192776963885354	179
-0.017471149193788	0.389544586720796	32
-0.085700617963999	0.23061589363491	32
0.080336535294247	0.623886012399568	32
-0.078001021998006	0.232607075793434	32
-0.1175089250342	0.158433958529846	32
-0.079298492350409	0.21352279818993	734
0.00701222793926398	0.329083640820502	734
0.01544327016677	0.3524870871597	734
-0.05451130221649	0.263415206836754	165
-0.077161235766559	0.223540674066145	165
-0.053919420867382	0.196600347947567	165
0.087081278202401	0.704084965449607	410
-0.046479569353187	0.36427287296734	410
0.103821466526225	0.560767018354933	410
0.019938348325994	0.491151254743869	410
-0.02529830821312	0.364873771935617	37
-0.003152657795225	0.437144453798282	37
-0.102774892568117	0.232445907284095	37
0.055585505780143	0.275520354019679	18
-0.052167749533054	2.0140807632507	15
-0.108025567084613	1.12897182270113	15
0.06504369086443	2.10435132977562	260
-0.006198034212128	1.20271241352016	260
-0.00427873527659201	1.08983907893571	260
0.082703888421686	0.970185734978763	260
-0.054574464045815	0.437251671363421	260
-0.069521433182494	0.333066507122144	260
-0.089992682470103	0.436864255056066	260
0.092561079375603	0.654917454242143	102
0.106192962455554	0.652006872653823	62
0.091689759290562	0.592487320714525	32
-0.093651398442234	0.167411984114815	32
-0.037804464363909	0.262483848233731	32
-0.094606592143828	0.147657161375269	32
-0.077140042085881	0.310405076155678	32
-0.050471312539716	0.35632204873987	165
-0.095910538648044	0.237194057049891	165
0.060174765231636	0.556530323088947	410
-0.116177389050508	0.206370243732267	410
0.030828942471292	0.527386965573877	410
-0.080818092617958	0.264475485143661	165
-0.1101661076407	0.222492183403591	18
0.057809702037832	0.444109896316891	18
-0.087781527456406	1.16191373786822	15
0.019904967304652	1.58248558193511	260
0.037497901866883	1.67233926617125	260
-0.121082823059632	0.447575148719821	260
0.108750063272538	0.94379593012809	260
-0.043706082252448	0.193404362818928	102
-0.043873348082979	0.243737180724727	102
0.075358218441693	0.631985122903441	62
-0.023209753902045	0.436365268419944	32
-0.119136821502288	0.159029719358015	32
-0.095819118859551	0.222234611459325	32
-0.057887139319019	0.308594895166779	32
0.018233870282399	0.280254152660272	32
-0.11078893288245	0.106534983846104	32
-0.00882317633545299	0.181596990600849	32
0.063328817599067	0.350400372792592	88
-0.112637976744773	0.124885970169677	88
-0.050968869395156	0.326428900675433	165
-0.048948212084515	0.286870313454107	165
0.07940224189874	0.59940087979181	410
-0.075993664217327	0.210874563362931	165
0.059395871379446	0.277767231694495	16
0.112727520654527	0.43623565249763	16
-0.108531059602403	0.193042477997996	18
-0.024389374880312	0.660100952422012	260
0.031695501934873	0.534323732417893	260
-0.083844160282367	0.261099106411559	32
0.115498197966842	0.499737951743489	32
-0.124321572156109	0.148903631171871	32
0.071495008201478	0.33461107397829	32
-0.067086915758418	0.267342085992122	32
-0.051200820187459	0.263812446749048	32
-0.051773490801917	0.300383627552052	32
0.030971721146029	0.193043441104428	32
-0.02253924756419	0.185209202638637	32
-0.086829522049092	0.106181721807072	165
0.046734686569217	0.210732925680266	96
-0.070583764681866	0.107157285906926	165
0.045594787437175	0.205742659279004	88
-0.082504135493775	0.199789544802483	88
0.028227825181508	0.230168249764579	88
-0.081321110717994	0.269557407483266	88
-0.0450074019463	0.281665970594005	165
0.106430032006568	0.654190280635017	165
0.107656833293658	0.444361579143246	16
-0.034757672011502	0.23887175705906	16
0.120025908520802	0.285488058953509	16
-0.087485276414646	0.175803647419754	18
-0.101511470475036	0.21345670609813	18
0.099333310054205	2.17017881113263	99
-0.075639331310181	0.561213287120635	260
0.071728174265333	1.11544173221099	260
0.084043440813477	0.635892085666865	260
0.063556538628485	0.607313067758926	260
-0.12191856622968	0.189023181578484	260
-0.095108616755433	0.213513816830758	260
-0.016968041562712	0.1856180000516	62
-0.069317405887765	0.309838620498894	430
0.07512896012807	0.466419673998214	430
-0.017597863846629	0.365729258155495	32
-0.024352341285095	0.385048748293316	32
0.121032187093345	0.685463517513637	32
0.00165239474237699	0.275976757619441	32
-0.123871001020124	0.136630167930894	32
0.099304151388734	0.224793766897032	96
0.050294795766459	0.128353658639019	88
0.037471023122071	0.573262066817902	88
0.005004178788801	0.392065942622853	165
-0.091706255783304	0.18166840298688	165
0.098518983904704	0.426204329864022	16
-0.035958961356141	0.193162317759591	16
-0.090553628434162	0.102094452264832	16
-0.070378035415875	0.10478535756349	16
0.099209216175649	0.349511697861098	16
-0.101021836358681	0.106140532074675	18
-0.07898495423808	0.29849514303606	18
-0.120895727632107	0.991513319771829	260
0.109817896543955	2.10442572279859	99
-0.009675017897392	0.981734307008043	260
-0.015853648187177	0.71585308084948	260
0.032813716640207	0.784344804955392	260
-0.116906201218242	0.180153863375026	260
-0.05704388844986	0.333906389725912	260
0.091462874397399	0.286846340022867	397
-0.00162013510518899	0.40536630889555	430
-0.051977338220657	0.318391422751248	430
-0.055447262291966	0.192662891440755	430
-0.080079742208015	0.110134949506972	32
-0.088138047537814	0.108138241154137	32
-0.048393946717798	0.275946657935073	32
0.04305732442346	0.196980963267714	165
-0.093757767477495	0.10607470085161	88
0.117317374626373	0.369556038060627	88
0.019225160474017	0.197473245833413	88
-0.064579959307189	0.110257887089349	165
0.051814842060709	0.377828570398884	134
0.012822461899827	0.276086758282552	16
-0.10718805832791	0.103398859941881	165
0.042886971768436	0.208215524941375	18
0.047829421524247	0.311519086221212	18
-0.117547868822844	0.107571643861102	18
-0.086501546319141	0.361493115989248	260
0.046889059704012	0.518725944337787	260
0.075678068745661	0.60836753770321	397
-0.108389110804474	0.180101577621924	397
-0.113334701512341	0.113504830894624	397
0.045641926059369	0.210738957553568	397
-0.023705532157808	0.184094050725425	397
-0.021521155665994	0.320671516621895	430
-0.078301844342389	0.235542046245747	32
0.071877884704514	0.351746192437215	32
0.072640066493651	0.212778802228829	165
0.064752066746997	0.270185133418423	96
0.040034500505562	0.197629465758537	96
0.015539221531114	0.188384446408944	88
-0.021719174197301	0.196633935530439	88
0.08418969194653	0.36317427709017	165
-0.117918255387302	0.102850111102763	9
0.023803370816621	0.382174105121503	134
0.074518537845756	0.35513599782928	134
-0.095263452301699	0.104682837270244	165
0.042596981580744	0.207207335963684	16
-0.045991552866501	0.255775478203953	18
0.100440768203572	1.30733489348799	260
-0.114600412343695	0.227507026674674	397
0.102207640238894	0.430719583922434	397
0.011516912182927	0.261664487828688	397
-0.015025732698505	0.379915276904814	430
0.074112502538741	0.540952174565921	430
-0.059507536857468	0.258909992123681	430
0.041309586358468	0.369426284734094	32
0.10728391317855	0.52339828790371	32
0.063679248575831	0.448920881399849	32
0.00899488443157198	0.339826039604655	32
0.027174150684491	0.3960760820519	32
-0.032334081323348	0.257948038503555	32
-0.120988989817133	0.100436896668573	32
-0.058047675161722	0.19225199178866	96
-0.019084723365574	0.185941403134656	88
-0.111682654127254	0.125129537962875	88
-0.112192635100296	0.110612760328499	88
0.027059646981053	0.279626139341974	88
-0.023552795927958	0.185214400883808	9
-0.051142908060863	0.194889971465415	165
0.067814842938524	0.356690834561968	134
0.120839384142358	0.452609586294294	16
0.084450965764593	0.317911459126118	16
-0.051025275418364	0.194671221701662	16
-0.018510043498366	0.184521897462052	18
0.037169454899736	0.367719953249684	18
-0.00979064238730101	0.325713109982155	18
-0.081901705856682	0.187224873405691	18
0.044236560913256	2.18739329783705	62
0.010675785247784	1.77483639632388	62
0.10279729956041	0.962915644094756	397
0.062262440228304	0.77461484855086	397
0.071684117806346	0.745383215896779	397
-0.013722141350205	0.315018983224514	397
0.098675122953607	0.417558429849889	397
0.044264533318648	0.347237983572095	397
0.097236186580979	0.579233891484314	397
0.094637987490241	0.7067025413499	397
-0.0457039052071	0.318286071368712	430
-0.073650011608632	0.236698269573848	430
-0.003261796076691	0.364732213917579	32
0.043414069763701	0.399447658986876	32
-0.005362659380168	0.332156156301713	32
-0.002995424902698	0.403981951379939	32
-0.062029367558796	0.220656940641055	32
0.020715089081679	0.363027201006098	73
-0.040605767112551	0.259627248979242	32
0.064077977125933	0.367033384632999	32
0.115363819784938	0.343588360836356	96
0.07825139662229	0.359392055297155	96
0.117246295827426	0.619790736445937	9
0.085823577128974	0.467497680963415	9
-0.076533762867483	0.199515575914073	9
-0.018838466591851	0.267289420143999	134
-0.042856977105664	0.247928711389591	134
-0.00414020869204801	0.344447501760073	16
0.055820546450371	0.455463941983299	16
-0.094270810762642	0.161702418647515	16
0.090515878345867	0.337515093861273	16
0.000306909426006974	0.317519731479376	16
0.111340781706111	0.546521658834375	16
0.06994700460263	0.326065176875724	16
-0.043273425873705	0.229206166926033	16
0.034228231915889	0.408901212503904	18
-0.017882842747337	1.77821390859012	62
0.01775661978326	0.420232831223831	397
-0.109269699165267	0.140035693541798	73
0.114221353152851	0.447736656319144	32
0.026866281888326	0.377852197452157	32
-0.117197172607072	0.143614904297186	32
0.041974857475679	0.348611374814218	32
0.063092571611279	0.43333971577271	88
-0.085228802091803	0.169991043080578	9
0.003919866673124	0.317499377152626	9
0.01847003561094	0.481066784857538	9
0.020096085132381	0.461104872648357	16
-0.068861456012058	0.254863677800982	16
-0.120132437982008	0.14356739118497	18
-0.09390520827159	1.46823883396708	62
-0.095679395739345	1.09122597553963	62
-0.051601393543041	0.357529307489393	62
0.01615638472494	0.510698637340743	32
0.038447202481262	0.558101287086578	32
0.07997817653106	0.476610638508596	32
0.121440843213436	0.725710438006028	32
-0.080532603564967	0.231462799851465	32
-0.087045451753992	0.19541487816729	73
0.034471660754847	0.412528701048683	32
0.00732376390799899	0.413160083802584	73
-0.106579965210304	0.136738112473126	32
0.031389475202953	0.26338647084724	32
-0.006172912835746	0.264255697114761	32
0.036595447774803	0.35439218756027	32
-0.082714475197622	0.20175479759415	22
-0.0592462003508	0.183750418623516	88
0.065012140974841	0.499435737092906	9
0.00970251727850702	0.368806554530506	9
-0.046568236892976	0.273968391341833	9
-0.046408012392592	0.344676602308821	9
-0.01130637565618	0.285639069406547	16
-0.002646523136274	0.278227417738471	16
-0.00125296171124101	0.363476093410732	299
0.026149784771842	0.349554406695121	18
0.078698329889927	0.370573890188295	18
0.019682112234825	0.629427005816551	216
0.029122031330534	0.490568157536033	32
0.024555165965351	0.494245940572974	32
-0.000581037903916004	0.457756355400808	32
-0.078290892590974	0.323100061441302	32
-0.039745750971623	0.362407238975434	32
-0.088566886264101	0.215564564477847	32
0.050111151042012	0.343933447186275	73
-0.022225983116148	0.320917038536393	73
-0.029839477613276	0.378368601984728	32
-0.00837131431899399	0.266629325386793	32
-0.082591358204008	0.194918320803022	32
0.085820412513256	0.342350575061388	32
-0.044667454648693	0.214877689418121	32
0.056027834958378	0.349784585347202	138
-0.04678693741265	0.219248899783736	22
0.044314463623272	0.401067435059964	9
-0.068647452077772	0.277025839329095	9
0.00819045780523497	0.306984816422889	16
-0.055708508872665	0.248631725861004	16
-0.120066251251339	0.167062101446515	18
-0.108518131667636	0.201232995113352	18
0.013551965847135	0.399370601054239	18
-0.073370853079404	0.441989625541342	62
0.029296828996776	0.468660978864637	32
-0.01467408758585	0.521047660149507	32
-0.108514725524921	0.242213637564238	32
-0.077219519455773	0.336748066859537	32
-0.027145841561773	0.403544345804212	32
-0.119637334797678	0.224548852397508	32
0.097012024839302	0.664034286708708	73
0.120095019961589	0.702282103185412	73
0.123964512586093	0.705927499171529	73
-0.01359940416919	0.396656623711167	73
-0.041682439649171	0.379954569087773	73
0.069240815360367	0.345690989230336	32
0.107021537383646	0.396319724158607	32
-0.025558804271795	0.214389153150178	32
-0.122151683456881	0.180929953858533	22
-0.10912455161599	0.173562345851073	9
0.013577689226833	0.347415388488739	9
-0.09650170327565	0.210173329717612	9
-0.084540769709023	0.19781450687697	22
0.121905091028107	0.504499395149238	16
-0.119564146027221	0.1517893255193	16
0.032107764208167	0.2758668347228	16
-0.102956635725796	0.105241794177813	16
0.092998529498706	0.553875628866029	18
0.03506849111787	0.434852906049563	18
0.037017272236117	0.611984639410488	216
-0.089784379003296	0.175808901016353	32
0.073005587041502	0.73146046072749	32
0.060299521136181	0.65159035250252	32
0.111114500977641	0.661241594855329	32
0.014024062599211	0.423073213610013	32
-0.037485920568527	0.344810663083251	32
-0.049771567952874	0.326349401462225	32
0.006131022367108	0.430370461429451	32
-0.042208790497218	0.355854661565567	32
-0.003392388327248	0.508794655748325	32
-0.072313913578394	0.304205206122327	73
-0.075766762104985	0.284569825168143	73
-0.049835086452954	0.257872904898955	32
0.00813392559246801	0.294738714320277	32
-0.037140321443091	0.116415370346365	32
0.00546607369048702	0.122371603428265	32
-0.086418240412725	0.110020062944903	22
-0.030499185299847	0.190305712851955	9
0.042788314449642	0.330094969262649	9
0.022500229954521	0.407444724122886	9
0.00208896717273999	0.346371984515929	9
0.036313026987054	0.271992028020072	22
0.000117572655414011	0.34446083313362	22
0.031701959360659	0.382904712008284	16
-0.00999910950150401	0.192847328545716	16
0.020645249559174	0.2819114019037	16
0.069641244614451	0.349267973210711	18
-0.040260398993185	0.369850264135553	18
-0.098790181922013	1.4281070290927	62
-0.060927280581554	1.60911308244218	62
-0.034250745094216	1.46111248252289	62
-0.012522303299146	0.806660174625837	62
-0.00351557442961101	0.751118615503382	216
0.036565685460335	0.195614378144532	32
-0.038835608429913	0.17608674550239	32
-0.075052704554358	0.369265285163017	32
0.09798627915814	0.673686247163437	32
-0.037845969569087	0.457894803338751	32
0.031005484581461	0.470124943857677	32
-0.117060777277441	0.0964896485990612	32
0.048173706779015	0.608207473965117	32
0.00663945063872401	0.482572198698525	32
-0.027848586182891	0.288325476318199	32
-0.078883494463567	0.336252328643868	73
0.096585406557329	0.975974630907058	22
0.081614105106289	0.40889545858914	32
-0.025445898772457	0.115968336079662	251
0.010245678173436	0.128100162495374	32
-0.017740575477018	0.121070827857298	32
-0.050990309478257	0.105359083853412	32
-0.001411930154783	0.332719910761283	22
-0.117669354324705	0.210428203082401	22
0.006842305167164	0.4706498554717	9
-0.110385749753923	0.255549352400847	9
-0.00758496712041601	0.183926742962418	9
0.066466807346159	0.564805012542425	9
-0.114021976196612	0.112249650571845	16
-0.026441607240056	0.184210511078898	16
-0.019029903411809	2.25848264096134	62
-0.073564116707464	0.375252845620949	216
-0.099312906367924	0.104021279510803	216
0.045005792772036	0.356563747567745	32
-0.121417675890604	0.203322436154296	108
0.069276709671066	0.451170118253071	108
-0.077630168230284	0.302201627536847	32
-0.124794977350693	0.24454763003668	73
0.000485113602725018	0.285134933803643	32
0.015265831931907	0.122467230122332	251
-0.039955200303714	0.109550146603095	22
-0.022827279558971	0.116314408799985	22
-0.095384551888391	0.102499542240337	9
-0.085318585082476	0.24216755888253	16
-0.088796189358469	0.170021080393167	16
-0.069619927806041	0.110726483124305	16
-0.059848270441777	0.106286090302107	16
-0.04042262685545	0.211599431574738	18
-0.100220766086752	0.0977016879785654	18
0.06142370636025	0.206594251465535	18
-0.059873400579356	1.92773343655573	62
-0.027153830361248	0.664640652845403	216
0.048883055571231	0.736493626475332	108
-0.054137449046771	0.232004413775169	32
-0.081157000344535	0.331884279320523	32
0.00390836531727201	0.395810077874909	73
-0.014800033146945	0.441375703854867	73
-0.105601944092738	0.231771724528587	73
-0.061010978888946	0.342278530456308	73
-0.084082288634806	0.30718628170328	22
-0.058714661395876	0.250241292671639	32
-0.042634755018348	0.114358856902821	182
0.039525777030098	0.391246999939662	22
0.093916903565844	0.347924372036986	22
0.00612010563367099	0.491185240497735	9
-0.121071720988992	0.25568592305519	9
-0.102577936672683	0.126363737967028	9
0.074277837612144	0.464217212982655	16
-0.121507061532452	0.189847287276983	18
0.00206839439883399	0.496420130908653	18
-0.111468108024436	0.964213672048388	62
-0.098026248127109	0.847486384415477	216
0.050270816955525	1.70504820367343	216
-0.091525717381417	0.490888938328104	216
0.069739002208192	0.822318600586013	216
0.004521705431278	0.651577113165736	216
-0.105011704917942	0.319534167776515	462
0.110840045179835	0.726399342211205	108
0.104412199159663	0.950539015941837	108
-0.060397930942301	0.343959373786712	32
0.067675790609113	0.671698465966646	73
-0.101535750381204	0.198730134678829	73
0.046175546376048	0.363257054688886	73
0.08546410669175	0.428755425743643	73
-0.11341775474788	0.167029010748189	159
0.098261783590854	0.361242157259304	182
-0.05239504741275	0.242726308114248	22
0.109890932309311	0.433082938178787	22
0.01220360067752	0.501575057179737	9
-0.092975085422855	0.260566291270408	9
-0.087607251275776	0.260170067917229	22
0.015378309231841	0.525433984609595	16
-0.00444441296055501	0.351078835826179	16
-0.108657430934963	0.157549649325613	16
0.00560643955371698	0.422745231409588	16
-0.051698530944903	0.315482342407894	18
-0.058089999001962	1.21787082662416	216
0.054722003114737	1.92733757229849	216
0.083000024278099	1.6115840654692	216
0.077071078298522	1.12015066396558	216
0.045570897543988	0.694761298136612	216
-0.068015861782897	0.402132299321872	32
-0.103567639845694	0.380302499145883	462
-0.078057303046592	0.450507887784732	462
-0.012147928880429	0.453143705327403	108
-0.115833070560637	0.257709616924675	108
-0.096386639745202	0.309265583514918	108
-0.052183020697419	0.406642968809785	108
0.042163773590324	0.628451585258488	32
0.023922721501199	0.488053578005461	73
-0.078828619503814	0.240696307724503	73
-0.086266543817123	0.210128332603868	22
0.065171822395109	0.458052130347362	238
0.003794221154858	0.28177395074621	22
-0.000499974145761001	0.288418127890287	22
0.000509045010398002	0.30693236786911	22
-0.103122774028329	0.184175935334032	22
0.079047808039075	0.476021290284629	22
-0.076120957681196	0.244093844554429	22
0.014789609338236	0.523677396164875	9
-0.04909724928998	0.317291476207059	9
0.040800285159788	0.558599481173832	16
-0.095434926838396	0.25658091596588	16
0.116767062591731	0.793994781405314	16
-0.099142957446318	0.218662544155924	16
-0.036503227092874	0.28142649127638	16
-0.041660141231397	0.321865835517905	16
-0.057948480358765	1.15421964117399	216
0.094496826364437	1.28117352106039	216
-0.081017070882837	0.344025216571705	32
-0.105716421630397	0.315167236550204	32
-0.031717133991545	0.540416064415562	32
-0.0926361381422	0.384916478244555	462
-0.070860542446749	0.363121375024362	108
-0.092055045467	0.359896666955523	108
-0.049995725915605	0.368725168772808	108
-0.09613122048994	0.317512855317672	108
-0.004161615409883	0.518073637082575	108
-0.109205338683416	0.25984375391612	108
-0.109776361574402	0.270044448170727	32
-0.105077539642632	0.192824873816896	32
-0.004681689245255	0.317955283396437	73
0.069289605418028	0.428652089994164	73
-0.00211173753171301	0.314225343451108	238
0.046751536204087	0.386542876135978	238
-0.124539498990132	0.12657628111054	22
-0.099038509776139	0.153503050829172	22
0.06707039849454	0.352753030182481	22
0.081093641409614	0.356255276467239	22
0.118984268655022	0.635508742951408	22
0.00165453621150702	0.341058185702862	22
0.092746039492515	0.57042923131336	22
-0.032410796757175	0.319173859863096	22
-0.068608044577909	0.258194974508541	22
-0.019080799981928	0.412063984063092	9
-0.026291290209353	0.385774732243755	22
0.121199968316632	0.781804397533428	22
-0.119251023245301	0.22060456285402	16
0.026560360231378	0.521074329791793	16
0.043819568943735	0.542348105182124	16
0.088863765219046	0.489733779396517	16
0.11190108312097	0.506310060228944	16
0.07205559000096	0.594164089657427	16
-0.099634796072132	0.199673204604803	18
-0.045521926658863	0.587034595412007	32
-0.085251856181502	0.343906390589071	108
-0.022146346863928	0.470156724180184	108
0.008530627781069	0.594699328796526	108
-0.030740817348881	0.371567405075278	32
0.022488809633809	0.648096972542815	32
-0.04802450958968	0.336465881320645	22
-0.00267486664632699	0.295396339299937	238
0.056413112673632	0.365531300278368	238
-0.10336541868231	0.144850660593816	22
0.00831216672435298	0.236387320322892	22
0.096768497569993	0.635619905380755	22
0.05798035722534	0.523294842645452	22
-0.114375337735708	0.20171341052445	16
0.118908250960959	0.775223788887526	22
-0.063250686206996	0.28891325769465	16
-0.107360185073438	0.168274532783694	16
0.110667290406329	0.539196041282601	18
-0.055406961271745	0.29792155094057	18
0.117887840151611	0.688089332225917	18
0.05917391706831	2.11292710706009	32
-0.042407792230097	0.909853616840191	32
-0.095825008485283	0.46118647145734	32
-0.103792227436347	0.334371941878926	108
0.11567831987477	0.801572326025431	32
-0.109150618739745	0.313710557243453	108
0.050172806522923	0.662054125080909	108
-0.00498033441913001	0.437037196199195	32
-0.035098146379785	0.25895649625432	32
0.06328537698612	0.372525347490263	73
-0.118388201049554	0.110484254218571	22
-0.00544699286487599	0.42461925082929	238
0.026644330784503	0.460417567637789	238
0.059909038440101	0.577612345055928	22
-0.055217128113532	0.279783544245203	22
-0.075876295542365	0.221607444027523	22
-0.056523631690701	0.236883335958366	22
0.027952809756051	0.247816593237231	22
-0.014607732892001	0.257484555068718	56
-0.096357651736927	0.303314073192083	22
0.103523181359776	0.666608574659071	9
-0.103027011570428	0.248246000313432	22
-0.109012266130098	0.224697588003551	22
-0.104463086289024	0.214406696051845	18
-0.029358900708056	0.407340133837313	18
0.013396085448567	0.48686224878054	18
-0.05694836686809	0.362644816308966	18
-0.069591805197127	0.629865913096744	32
-0.120154915509864	0.269392466615707	32
0.014481141447404	0.80699275383613	32
0.104483045388403	1.15152219657343	108
0.052859663577284	0.949121624119634	108
-0.06366850803504	0.414885994367431	108
-0.065904775290419	0.317672175935445	108
0.114048799032963	0.869081859744178	108
-0.02169049667032	0.354922627112123	32
-0.071865134480611	0.287588877896651	32
-0.119826179405229	0.252838668107112	22
0.08600710909061	0.414397114271164	22
-0.103981665407109	0.132785942930873	22
0.043518458140857	0.318385083844521	238
-0.040263188176137	0.200710166280902	332
0.00386363216697799	0.370647967169201	332
0.120438391119652	0.524137529660512	332
0.00954022288043299	0.505758667613244	56
0.042811046354973	0.618649479508207	56
-0.094935525756531	0.228437863454639	22
0.03760220245731	0.456731394917892	22
0.067356944421709	0.647494658653201	56
-0.038682384767965	0.361682715168979	22
0.019256506742302	0.424823413067539	22
0.070897978408797	0.583297416074763	18
0.037817899120246	0.489646889111037	18
0.024803515371705	0.501593178847236	18
0.053739602818113	0.880156822893203	108
-0.00991088303070001	0.70621964310089	108
0.020639481689659	0.698467278357688	108
0.104569239890504	0.924071128164332	108
0.122630114595302	1.10499464119839	108
-0.12144740068954	0.233940370561214	108
-0.074260894968595	0.365321544385955	108
-0.046445877822092	0.420623651875046	108
0.085867581141134	0.613376971008476	32
-0.054749121072902	0.350009479833588	32
0.026685055716307	0.418881201818994	32
-0.1237161919844	0.141904774602959	32
-0.105800356548229	0.276123419032193	22
-0.051899161645815	0.378953835467177	22
-0.026459887515669	0.41228781374785	22
0.115507187210153	0.738295989403872	22
-0.039078843021335	0.280235457966815	22
0.07080077392539	0.461999898612951	238
0.044071132941018	0.410798195809074	332
-0.05291455160108	0.22025875421465	332
-0.098725482642766	0.163999353324994	332
-0.00845787196043499	0.29082607018369	332
-0.016180008716097	0.348703465267131	332
0.061796385180066	0.518652715775957	332
0.039181509083354	0.487011184105616	332
-0.012273809881806	0.364770453801297	56
0.086447196018336	0.676181303317297	56
0.040339708650441	0.553163615143922	22
-0.119038237961531	0.188800246151832	56
-0.107335264055936	0.220762779611756	22
-0.121644531174599	0.171434116234293	22
-0.060813925621224	0.288029914340197	22
-0.085457090521989	0.271257941386825	22
-0.11127883485027	0.182798984384436	18
0.044454946717209	0.556453052338982	18
-0.081791304009471	0.273710966409216	18
0.098057665885737	0.697901206825747	18
-0.057245223364972	0.439094733794814	108
0.091064814112421	0.911024915982658	108
0.047594272391995	0.700530474204653	108
-0.00901019230345501	0.411549197116549	108
-0.00501167260827901	0.194323347777269	32
-0.016763721393234	0.118898030516357	22
-0.101232204096498	0.107182656657537	22
-0.00271090887542899	0.278777090522071	22
-0.00495650039168699	0.438951028271396	22
-0.052052737090242	0.316183062224821	238
-0.097042162831858	0.251663261970038	238
-0.09924174928668	0.242833360647779	238
0.010370730387243	0.420153667067668	332
-0.034597180850702	0.368972690783624	332
0.117332950313047	0.687178863685659	332
0.116799965566902	0.729855661737456	332
-0.109489204233888	0.112727744966396	22
0.012051790372079	0.193644113975764	56
-0.099444648102286	0.238318913906253	22
0.024919615585292	0.394051950485455	22
-0.100971277668248	0.24345944402759	18
-0.023814871603876	0.357301146789376	18
0.06199591911675	1.07049628862274	108
0.081244282828762	0.594003905303753	108
0.094649558545978	0.717941190535795	108
0.081388930409629	0.591476632214514	108
-0.100599210938229	0.254890696816478	108
0.060073808489024	0.423328831989976	108
-0.102588964866372	0.138134535662322	32
-0.038101526600512	0.114935512561854	73
-0.024877865175599	0.110471717729898	22
-0.115716975773446	0.205460418632479	22
-0.076308362181433	0.237906652357501	238
0.049359910022908	0.479446270846483	238
0.080304317583471	0.505709412212559	332
-0.00914927460009901	0.335761462982045	332
0.116530473301766	0.538871885169898	332
0.034570236478464	0.41761317769891	332
0.070432737893061	0.352491073335532	332
0.095414404372357	0.659691730797292	56
-0.113975970892703	0.161605396892649	56
0.010083579602339	0.28465196334101	56
-0.052618891276265	0.191071536742641	56
0.015977424360172	0.441961228192343	18
0.00601809133637898	0.312490098483721	18
0.056307507836778	0.512653868635915	18
-0.050138327545495	0.281865881606713	18
0.106734781126423	0.27926726064671	18
0.036604419460815	0.839617973047401	108
-0.015907419496728	0.519889790230012	108
-0.096831950468788	0.316676938924705	108
0.044940645208674	0.619029587815482	108
-0.00424675507811301	0.406260055588942	108
0.040677600310369	0.49813272029325	108
0.097290650005234	0.579107500516303	108
0.088755565298101	0.452614023971999	32
0.066130075559136	0.544248822557349	32
-0.033975856571726	0.208306861860159	32
-0.042848538800295	0.309285092894797	22
-0.015901071814929	0.366797470350763	22
0.102802663195202	0.73999943000485	238
0.03931612998065	0.563665364981181	22
0.00288768564997	0.422590379560542	332
0.079458117609781	0.616635300878531	332
-0.111000184533295	0.214599081872451	22
0.100389287826446	0.40095615411762	332
0.069137329487623	0.218164715180937	56
0.035950129039367	0.276369425160201	56
0.011338710907785	0.328434214849391	56
-0.107493815215734	0.227257817931063	56
0.007375941120982	0.259209447628602	56
-0.078961858142996	0.219656398525838	56
-0.059416048748006	0.287556850367748	56
0.019730727425511	0.363415614441828	56
0.05922432493261	0.459254861579964	22
-0.121962837395053	0.164166572588431	22
0.112761045762652	0.795021592264469	18
-0.056717801634927	0.358115382692572	18
0.068527365395615	0.587701806202888	18
0.044206046015032	0.736748337396935	108
-0.067356184901497	0.259450878596699	108
-0.115884394569328	0.261700176753363	108
-0.097231591922553	0.289644662783574	108
-0.091529695894472	0.242358759957192	108
-0.059211813066486	0.109954186505124	22
-0.120556129871113	0.208826245197889	32
-0.080919628000115	0.108969247719813	22
-0.044604170616181	0.280621161687446	22
0.118411396388614	0.813829704918409	238
0.046921800738577	0.567897212500494	22
0.065146463446188	0.537349816739371	22
0.099845920600566	0.558719250819474	332
0.075427815971896	0.574526432137829	332
-0.096944386562881	0.230432436030112	22
-0.063586839196625	0.105562113650988	56
-0.089100329673294	0.267230268482062	56
0.093343929107009	0.385836492006962	56
0.07038182859916	0.467271662133124	56
-0.011833102677091	0.396532147149151	22
0.106362140072812	0.473026727630766	22
0.062937513778648	0.5990855944169	18
0.122320185367723	0.694005743826465	18
0.012279076958914	0.447773775137067	18
-0.122819923047743	0.783167505239339	32
0.085996220680919	1.09405950050963	108
0.103001279352719	0.914620602224027	108
-0.06092056330421	0.435303296995183	108
0.103449689767238	1.11946569425182	108
-0.061816279251424	0.348021496238554	22
-0.00606378036640601	0.41581867290218	22
-0.023383461053485	0.397195678576898	32
0.120080731149384	0.366484479496653	79
-0.077270728245093	0.307429513247851	22
0.09314134442121	0.63348209697547	22
0.07996829796208	0.583159228007779	22
0.065691699932126	0.56382931776594	647
-0.12079485476847	0.160262135341668	22
-0.122491041223304	0.145673093318783	22
0.071537673523598	0.356248786811579	56
-0.012083608932896	0.271012347487104	56
-0.104711098182476	0.184648228888442	56
-0.063075486081138	0.199928121522269	56
0.093988705837511	0.445219904245111	56
-0.051026414722733	0.25644042717211	56
-0.059980886886056	0.295708444163869	18
0.11439373997732	0.749083616009823	18
-0.03727877791353	0.3548468616247	18
0.03788197738754	2.4265445190065	339
0.098204052355853	1.28699045167127	108
-0.04899982225598	0.530028152223115	108
0.032985011219654	0.786535106166886	108
-0.038597891433392	0.321067681645766	79
-0.052186456416639	0.281178886666573	79
0.097419434167535	0.521423161183873	22
0.048665249393035	0.443445624630476	22
-0.00723410950119599	0.28180723964012	647
0.00611283906562099	0.295621061747778	647
0.00690315339691799	0.317538058873363	647
-0.073375254719424	0.199463547447833	647
-0.086510291484118	0.254450421623225	22
-0.028213134793132	0.379353118837077	56
-0.00211042339332401	0.379611985976002	56
-0.071382333045715	0.259960649994875	56
0.116076011691873	0.729926435338377	56
-0.052398224895354	0.305853878995552	22
-0.116503538356999	0.177693247456271	22
-0.050395080478402	0.196717853016775	18
-0.080174219725523	0.848814535177787	108
0.092085059741335	1.67365859737247	108
-0.113054535231617	0.283572585422283	108
0.100616048175658	0.64693660302284	108
-0.117719159570286	0.27965638019445	22
-0.123975447253973	0.104714280441563	22
0.062771118199192	0.20419079741177	22
-0.106701676206378	0.118021926159005	22
-0.019025105808291	0.188313532221742	647
-0.102486683331169	0.100558207341468	22
-0.00656946376838899	0.246510809649505	22
-0.041559595906412	0.410952391756096	56
-0.094233732963079	0.155226660222759	56
-0.039433894976016	0.382588331012844	56
0.04508658901322	0.246769124690511	18
-0.092933963176341	0.104793407054883	18
0.086154011453341	0.401277968338849	18
-0.036883575130346	0.241755495057228	18
0.107852418259137	0.439544021978427	18
-0.124513279306495	0.184394447246867	18
0.061912025183077	0.557156843763976	18
0.017002298980756	1.89850453750224	108
-0.096268246016669	0.620578773844671	108
-0.076303244754233	0.630048581131098	108
-0.09361505168606	0.35180401376083	108
-0.053257987028112	0.518755158762226	108
-0.083283057419752	0.278988266947372	108
0.01660984940441	0.545058963802306	79
-0.081707993080041	0.296127266068398	22
0.102960039873445	0.353927863801267	647
-0.033836281735621	0.173880320156869	22
-0.008408469271283	0.320692537561146	22
0.052911252693098	0.628265167317897	22
0.00599911899845601	0.290987778273851	22
-0.024652843788046	0.405502263543094	22
-0.006759505313673	0.397695184985662	56
-0.091953518148364	0.155358902533923	22
-0.047070223084782	0.304917743522371	18
-0.044961886080149	0.996682497121424	108
-0.001517567624778	1.42457160154286	108
-0.120168612830379	0.44778779235989	108
-0.072047966833585	0.604232191562026	108
-0.100076380631592	0.309101642219304	108
0.077111223127065	0.613097999131413	108
-0.029036071543902	0.389356699188001	108
0.018069811310661	0.553989139638921	22
0.051379415765325	0.472561595943493	79
-0.027885604240137	0.454375972330052	79
0.11872105272293	0.723789392461551	79
0.02589356724911	0.558260180606795	79
0.096927400268735	0.405971747218136	241
0.041728427224448	0.272761904911687	241
-0.104122314857486	0.107826118664236	241
-0.071496717777356	0.110094266610069	22
0.110067965923306	0.408146415635573	28
0.058635463594167	0.388731233601974	22
0.061323941228204	0.34722180337154	22
0.068986799855661	0.648547879524325	22
-0.04627229315442	0.322898442006376	22
0.049326093596159	0.276438795408854	56
0.030665626655982	0.267423282075529	56
-0.107261819713148	0.549322083518464	108
0.020621397676065	1.29294694403607	108
0.018769591244329	1.03832226147105	108
-0.122210782531734	0.371641514829046	108
-0.087284597249407	0.337553700849219	22
0.058815797681829	0.499582167707543	241
-0.015657061974719	0.317471235786789	241
0.020742340773402	0.377236324621371	241
-0.042378812779387	0.25019059475872	241
-0.114775413175548	0.126216836110615	22
0.091177210370366	0.550079861787119	28
0.10724238155132	0.815725141507629	22
-0.088294482189637	0.211586788960721	56
-0.109240204174537	0.216204487125666	56
-0.085098886623669	0.225130839645284	56
0.116989405924232	0.614199445865477	56
0.079902304853674	0.696332073023093	18
0.020675386672791	0.51967179043521	18
-0.031267877969044	0.923645790061639	108
-0.048896509328916	0.533233137942627	108
-0.019347779559731	0.672802327548157	108
0.014737874574604	0.511814923318867	22
0.05875538205259	0.626516965375352	22
0.04826205367497	0.632509645924534	241
0.116132496833576	0.598154152291374	241
0.111511843785659	0.41472844799702	28
-0.103886417390008	0.190793206015572	28
-0.087430359305241	0.204982597411704	28
0.071383768811453	0.594132377540909	22
-0.024562697677625	0.396787698704718	56
0.031757266299433	0.359988349112447	56
0.030418635857844	0.316849375009122	56
0.032598081519979	0.483444724679353	18
0.077073482061427	0.635613333165323	18
-0.041666940714519	0.35555818319882	18
-0.069108024978274	0.792909331010168	108
-0.072366360032402	0.616831723538145	108
-0.063201732079896	0.508682675265699	108
-0.104284138571386	0.299974289434309	108
-0.105006290078293	0.236188835831725	22
-0.104612780180019	0.261391518917274	22
-0.021620650525608	0.456103054784568	22
0.090120833948908	0.532949677540549	241
0.047510009210454	0.264751003226642	241
-0.050412062488689	0.188888823637944	22
0.024744534962387	0.199380014879775	22
0.080528818559286	0.451323439239913	28
-0.00613580498702199	0.399567066773974	22
0.07755570604345	0.566014754438209	22
0.038840016552376	0.477227518868814	22
-0.075506623141895	0.246549690376473	56
-0.042705320126113	0.219417436864361	56
-0.050615928460599	0.262401523709719	18
-0.093211516589346	0.169491505216094	18
0.089360493117323	0.669783401594977	18
0.101953076469857	2.18351002298241	108
-0.023409500988929	1.02791612439671	108
0.032895357349116	1.20359805544187	108
-0.055879879257851	0.561187659412103	108
0.033061617403126	0.999328033512317	108
-0.05192525390432	0.280240229690794	22
-0.042773861209378	0.429997260140168	22
0.00876788378119198	0.520879517597063	22
-0.117921600918418	0.198717548726098	22
0.048735735086355	0.357174083207839	22
-0.00380897246390799	0.182813404639297	28
0.121614116591915	0.363895867146841	28
0.026228495761423	0.257119109447307	28
0.066736402490001	0.41255973869993	28
0.034381530643905	0.41055321912019	28
-0.044817456790746	0.259534808964935	28
-0.08013918662442	0.246862701129187	22
-0.038017390029521	0.324265229891154	56
-0.053851709200787	0.198897802541807	56
0.069523182994552	0.451876429169344	56
0.103185754846869	0.416054454171835	56
-0.027072107462671	0.372024282848596	507
-0.033272660436772	0.186441420169594	507
-0.10300618964339	0.844402373613956	22
0.073375361412733	0.764147944099402	108
0.028079942977953	0.232379771289298	22
-0.095794823045879	0.298579181897766	22
-0.023395960784396	0.310524888225121	22
0.048533338603457	0.353175065554553	56
-0.00919263507121301	0.263257175935301	56
-0.020989793660143	0.182961376487158	56
-0.049387899237168	0.198605802706629	507
-0.085382737361484	0.222474736822142	507
-0.01381204202598	1.44407899064574	108
0.000226079938943025	0.799551537323022	51
-0.092949750842171	0.397899399319859	51
0.036590587781033	0.774426051698579	51
-0.036653643427974	0.409909962257891	22
0.090786807883491	0.583840408774969	22
-0.113839415823097	0.106289952785037	22
-0.06778559134303	0.109219572221279	22
0.013381738677487	0.185592598784701	22
-0.109290587529208	0.249808371154523	22
0.105958824252347	0.578901433009458	22
-0.121387162504535	0.144553441053068	22
0.099446838408833	0.657440672547872	265
0.01672929163647	0.331347207893858	22
0.029047337675264	0.477563823498903	56
-0.103351564221864	0.1361825411895	56
-0.012788826883086	0.299906746145046	56
-0.047331287112181	0.297551277995259	507
-0.055382197819222	1.03368924824872	22
-0.001356345104678	0.687561128151247	22
0.050510526023304	0.608287669356201	51
-0.075772837766736	0.340787548780556	22
0.047824921587344	0.435757581083714	22
-0.123668193710059	0.141940052866997	22
-0.048968324415399	0.232454238633778	22
-0.046408349430225	0.194349404982767	22
-0.038728983383779	0.208378570354052	22
-0.109793968055744	0.118398713622443	22
-0.030783924862377	0.278268543490702	28
-0.119138977289698	0.216748002492405	22
0.016688824868849	0.512032418391984	265
-0.082247145540868	0.257496022991677	507
-0.00321879688453999	0.332579718690651	22
-0.048386364469168	1.10751088789519	22
-0.117992164376728	0.47199332587906	22
-0.104195059494642	0.292345473279655	51
-0.02687467083385	0.835397917617903	51
0.027841378699862	1.21980612454657	51
-0.022329100087378	0.589689143238909	51
0.106751781642446	0.567048751985839	51
-0.090458782443714	0.268293892800073	22
0.069345245810052	0.670754989438628	82
-0.013774653815135	0.356376609182884	22
-0.095308536367436	0.166368548968192	22
-0.039790594615454	0.24828628634664	22
0.030629390170138	0.271821637930868	22
0.018423158403689	0.276100152750292	22
-0.019495261964985	0.33446486166078	28
-0.01068124817946	0.396283215724158	265
-0.099282408755709	0.19656723416657	22
0.065137287739116	0.625505481192669	14
0.00591282844278301	0.405385615395853	22
-0.080525516057911	0.211163952667504	56
0.015285922334432	0.331009601290658	56
-0.061388729604579	0.340870605060362	22
-0.0882398807079	0.286024861558401	22
-0.107681271523637	0.134963084087624	22
-0.051592345561738	1.63007935171175	22
-0.09095065452562	0.485397878729639	51
-0.018929631456052	0.866492571791231	51
-0.05637107099204	0.684856007411715	51
-0.0539204039117	0.549453972019205	51
0.081084261629925	0.914082732307715	51
-0.088188278427215	0.273929347336252	51
0.056949367611717	0.653160846146049	51
0.084717187254499	0.648027625087947	51
-0.089230174142374	0.238375459890765	51
-0.01531861876643	0.511349000472725	22
0.069864586504567	0.633695578063449	82
0.111040542264938	0.524247640114206	82
-0.091248029809362	0.182060263645458	82
0.067161532350978	0.376572892598531	22
-0.110103312956755	0.130282010026208	22
0.102495747427252	0.544627162449485	28
-0.069187970087674	0.254909078380225	28
-0.115737469089787	0.197784151746415	28
-0.073954226603083	0.281218161330226	22
-0.103835503503749	0.218810317173096	22
0.114930282880985	0.797324001037307	265
0.105217129276311	0.684544063549491	265
-0.123290013832986	0.2009905211959	14
0.116682806116387	0.760705747878218	14
0.103382885932135	0.641686552029376	22
-0.014811967254222	0.383266785137108	22
-0.00843306416762299	0.451898003319457	22
-0.119695335316916	0.184334463099368	22
-0.122540936292538	0.19579697056951	22
-0.071354681293704	0.290352993398952	14
-0.057168769120987	0.608474456250968	51
0.06509615544708	1.41308020405043	51
-0.021496711006867	0.58296502015326	51
-0.000297488768005005	0.380811094458425	51
0.00570350846880902	0.343170778219779	51
-0.117049349873158	0.300158706826268	22
0.058462917870703	0.693331891209294	22
-0.096104633248594	0.257368377581873	22
-0.052846904191952	0.3182114782381	82
0.080744131525155	0.52211278780807	82
0.093190539367251	0.459301450641797	22
-0.046767421052335	0.220422702093053	28
0.00608060530566001	0.276708775004379	22
-0.017152148435696	0.316466441238458	28
-0.00142768657498499	0.317559908734358	28
-0.030038326421463	0.36852831362502	22
-0.083999787072501	0.293342164174209	22
0.041678660889521	0.501069023528976	265
-0.030033300650768	0.352318403229127	265
0.045512275087272	0.516021614112061	265
-0.064908591753214	0.288362492091299	22
0.048963812059283	0.500228334457388	14
0.030484269001109	0.506390985204018	14
0.006819286242574	0.349480265067667	22
-0.013122471205054	0.348053235376999	22
0.057408790928513	0.51043766321478	22
-0.013604673023866	0.390052909873234	22
-0.03129667335628	0.362524459276172	14
-0.088398477012469	0.779001486367127	51
0.081723448224571	1.90185689744707	51
0.084324762458528	1.71374171355598	51
0.039185448424571	1.21780287811301	51
0.026870265771928	1.16154216762183	51
0.057360634641528	0.377409698817699	51
-0.017323371128246	0.495207636350922	22
-0.071065370994219	0.297446919603805	82
-0.085551517783169	0.285565548757606	82
0.081637640796597	0.647023343113742	82
0.099298033135642	0.616118583024959	82
-0.01529767982223	0.375677385544966	82
0.04146341993966	0.490100791993671	82
0.00196478538041101	0.396025893969742	82
-0.107039036578916	0.17831504838632	22
-0.00512606116756001	0.309713346162477	28
0.062961438589579	0.44925426000762	28
0.104843238277464	0.524321901701311	28
0.110875492280954	0.482027595868749	28
-0.012430165150688	0.289959943499841	28
-0.039667583445971	0.195470821071084	28
0.123153622902128	0.363361274826176	28
-0.121750587090098	0.163559349212471	22
0.063703387709467	0.651403238132766	14
0.088274640028885	0.471212787758325	14
0.042223928788618	0.360541946002447	22
0.088557397908593	0.577314843055085	22
-0.062663353878372	0.266111535281636	22
0.083987696214242	0.586202583116571	14
0.049789551268886	0.456430326006503	14
0.018140157915374	0.509454993791814	82
0.070057240597377	0.57103693129956	82
-0.068000376896206	0.281997328826561	82
-0.11236593893892	0.166916057888443	22
-0.022329481918381	0.316038521015888	22
-0.034766183249977	0.265613124726483	28
0.114823522642698	0.492734309987149	28
-0.087908082616685	0.275761784267069	265
-0.073403055048453	0.236434831696464	265
-0.079184449205693	0.22131751410775	22
0.00285842267431502	0.339482461734892	22
-0.060302404006798	0.284860752295583	22
-0.053299168526069	0.261477888364196	14
-0.120502058020933	0.19609365755788	14
0.045425864230122	0.462102193429958	14
-0.083559661612646	0.232382968362263	22
-0.100623133096602	0.206031162037823	22
0.024682095276178	0.491756929042974	14
0.100592836600655	0.559532956305663	14
-0.123288867637847	0.176157466135582	14
0.083258381169151	0.615749664575256	14
-0.036655871671498	0.168778027755225	14
-0.115605966942382	1.17434702373152	51
-0.090831113611833	0.88334129239167	51
-0.044850922486374	0.925142730974064	51
-0.065392248424188	0.753833674522564	51
0.105034680704126	1.84310891639313	51
0.058152463271031	0.829234172647651	51
-0.017264770552768	0.535541810189685	51
-0.105382839186438	0.267080552123479	51
0.063146907648357	0.734544468727423	51
-0.04698311777281	0.398026054754099	22
0.093866154743791	0.981925629869726	22
-0.014481471754962	0.49182065890032	82
0.052690912249183	0.459078090951903	82
0.015024533943265	0.324015143841959	82
-0.020964450823945	0.193925254654273	22
-0.0336210392975	0.187898500744866	22
-0.117861627745174	0.115515251031231	28
0.053550670761406	0.513106909835369	28
0.064991168197889	0.555008824367394	28
0.05910418774522	0.586079005105679	265
-0.066568956982571	0.314358965096832	265
-0.01061808573694	0.400785413469673	22
-0.035088251570622	0.25473281417388	14
0.02541500932329	0.500782431980445	14
0.087980177419891	0.711267446907539	14
0.075748861210402	0.675122212093237	14
0.042745640533526	2.04430445782116	51
0.105734920189485	1.93542614909843	51
-0.00493783376419299	0.736093147458435	51
0.099551911504649	1.08012469351596	51
0.106839360436642	1.01054166626821	51
-0.034416084733345	0.466296653422976	51
0.034355734853235	0.721325176896606	82
0.054437474688244	0.355162678046958	82
0.053696753194686	0.376125651403888	28
-0.055338237330452	0.17879124439894	28
-0.019930547200448	0.190069392306107	22
-0.100762601745987	0.113710302293862	22
0.00528242536841001	0.193188822582437	28
0.043377679261808	0.367610930870696	28
-0.039932891438369	0.286759456067192	22
0.08103086391082	0.573148437673498	22
0.060812203130399	0.616255471676432	265
-0.109228421413985	0.220933073315655	22
-0.110758315882018	0.114098786417951	14
-0.105768149592877	0.220987767116814	14
-0.079813358028139	1.08374249674139	51
0.004921872703256	1.25136714193403	51
0.12058151190979	1.47423684690408	51
0.012353580325113	0.752854884679316	51
-0.019106204422819	0.604439686224368	51
0.065509040032535	0.76938035114346	51
0.037141417331281	0.694741770782176	51
0.019844661602577	0.645912246291859	22
0.070436018348884	0.848250238998381	82
0.108135201947725	0.937226820627778	82
-0.000680426963139996	0.481693001317184	82
0.000625640324319998	0.270134777066158	22
-0.105429402880231	0.139676120289802	22
-0.116078081536953	0.128440053289844	22
-0.106274008117553	0.113159043643636	28
0.098185345319819	0.454745677452744	28
0.087444703470096	0.689335810095524	265
-0.043826661291357	0.344975383326273	14
-0.02878876470277	0.388326249869762	14
0.115806542484088	0.627730045545392	14
-0.053205867314912	0.233144520197536	14
-0.117370075457415	0.121449641903422	14
-0.093893232340199	0.156347915510331	14
0.068373073377402	0.5637816325299	14
0.067735250015745	0.61700212039923	14
-0.0885149495101	0.178981750601828	14
0.096351945373684	2.3888687608033	51
-0.07967363488192	0.525632915263561	51
-0.027745136586136	0.650443520437737	51
-0.08021281927151	0.184793906247491	22
0.00239979308034	0.255099028070638	28
-0.018452840129179	0.183390287885464	28
-0.08209716872305	0.260996866168292	265
0.016301667727207	0.480065268626189	265
-0.068337506410274	0.273292987945907	14
0.047015901019511	0.412451467526008	14
0.06696697958829	0.366782459413728	14
0.095023335252062	0.654837276052597	14
-0.0564385268715	0.321055907612066	14
-0.029666554914902	0.961909784312825	148
-0.018775385961033	1.43045576225645	148
0.076876133722208	1.53606829240569	51
-0.106419500017118	0.503856786338279	51
-0.046907800238234	0.509990960547587	51
0.124796376927913	0.23639246661402	28
-0.019955261319777	0.113236454863513	28
0.048374345674351	0.582640913937655	348
0.018882352702835	0.619445753219423	22
-0.090164447675199	0.234037015254004	14
-0.095414010731178	0.241552904473693	14
0.120217590033402	0.672922353302684	14
-0.115640937345956	0.803815611038216	148
0.050190039452039	1.01452472540567	51
-0.113038560569694	0.321751114420484	51
-0.088049941669109	0.371802747480187	51
-0.010711428445871	0.517153659662306	51
-0.018333026849676	0.257506121621499	22
-0.096141677133796	0.15170688683592	22
0.079112686190796	0.357497549169857	28
-0.110555821728196	0.104366730328424	28
-0.037054191638096	0.187334148953992	28
0.00353861264744998	0.350396108544664	22
-0.015277044373607	0.28626147345641	22
0.041998270057168	0.493856865977516	22
-0.072295675835763	0.26847456660875	14
0.064774693595348	0.486707137865033	14
-0.01861122720005	0.375009500891484	14
0.080104204484712	0.452375001649634	14
0.035005163026674	0.274032448575309	14
0.016621037968973	0.256088371076584	14
-0.00568133893598399	0.285161883199274	14
-0.098968148701818	0.182277204019008	14
-0.04895799616324	0.321539868602492	14
-0.103810638340723	0.217514433949016	14
0.018814531551779	0.646612462975676	51
-0.056692135945812	0.464467968658292	22
0.000278138418916996	0.742428358705215	51
0.015863410873294	0.622503576085227	51
0.09952393561105	0.531828472076022	51
0.015779358496747	0.272504197988862	28
0.016565094833549	0.280535092286548	28
-0.040358541585984	0.20246518271065	28
0.048968550678778	0.264252126934405	28
0.078465579558168	0.477659758125656	348
-0.073096451666518	0.29958251658236	14
-0.105369072024006	0.199646495623666	14
0.075311339384514	0.696853281871527	14
-0.109868116815078	0.20926017333746	14
-0.00932727109009701	0.370541973432356	14
-0.058749769392296	0.266057952418141	14
-0.023546061269864	0.384454775764878	14
-0.057152509451898	0.331162918804484	14
0.100582539951099	0.439403800803055	14
-0.123913950438964	0.471323748933474	148
-0.026099231753392	0.755359363633145	148
0.027998675305305	0.907334617216145	148
0.034642143765336	0.613911065117085	51
-0.017498620620513	0.536636208039721	51
-0.044166276675789	0.357784754128035	51
-0.057653346701594	0.296273097859598	51
0.099257544667826	0.577798308645424	22
0.112006917889622	0.536527902515109	22
-0.023363043816681	0.253988768873301	28
0.023844149330122	0.357303527484128	28
-0.045075889905514	0.219875151837817	28
-0.101562684460281	0.158555672528924	28
-0.11432816045663	0.119056811611254	28
-0.053160039785397	0.209072271770181	28
-0.053767315155862	0.214929038371439	28
0.000177598272411983	0.274321402867598	28
-0.083470849666721	0.280383593442233	28
0.034721363841926	0.545489801005849	28
-0.122091335869633	0.193591276053556	28
0.034234203125252	0.504857035798208	14
0.090266024930988	0.43576841915025	14
-0.0112449337059	0.296918211530399	14
0.118536850182839	0.630228049665632	14
-0.02156502939766	0.327690402148394	14
0.025682569969619	0.418415391209855	14
0.019195120020961	0.504086859504323	14
-0.113670503664721	0.806412030571041	148
-0.033862679272387	1.40531462763008	148
-0.046257745048556	0.951622102266783	51
0.052389194659496	1.33319670974838	51
0.04364160399286	1.4606141953002	51
0.030839867483432	0.619563621300259	51
-0.05294916671595	0.162699787486926	22
0.052980998263586	0.278640336289624	22
0.018738330410404	0.193287417360585	28
-0.10632630212329	0.109508219931183	28
-0.076886467227465	0.108800422370222	28
0.015746622765532	0.511259376281564	28
-0.047724012333726	0.440944196494102	28
-0.027873137821361	0.519978717567384	28
-0.106204829990296	0.189602116036315	28
-0.119436690652681	0.184731295408406	28
-0.00727841656609601	0.447362792261287	28
0.017749556946102	0.464226976299149	22
0.122616434402901	0.726792892941401	22
-0.004249567384498	0.410843546663359	14
0.121452153969581	0.290621863149906	14
-0.102130980145776	0.113276769413269	14
0.034309662155395	0.270759279695508	14
0.00465119813185799	0.412661100351671	14
-0.009123860776317	0.31843420379233	14
-0.115207428328513	0.204559070951689	14
0.011996221798461	0.273711011624929	28
0.025626931886445	0.264339044274079	28
-0.108009658945284	0.100586195038688	11
0.120025908520802	0.285488058953509	7
-0.00279808424610101	0.188039437678184	28
-0.098836540265917	0.141499321423976	28
0.006872332253547	0.258312118710936	28
-0.058606135557234	0.274450400926954	28
0.017445007971973	0.459851267847259	28
-0.011058328171178	0.34890884595186	28
0.047168064298133	0.519512935575938	28
-0.022070261576469	0.327812544154098	28
-0.095590200232533	0.22420292385848	28
0.011422522492105	0.372672502306803	14
0.09337897099683	0.548351085260761	14
0.00203094027466599	0.345424873604257	14
-0.048646201597806	0.201571196736687	14
-0.042905459763853	0.18939227031183	14
0.02628885555165	0.454787984406117	14
0.079370175973618	0.442305927115089	14
-0.121282408045447	1.10975586759864	148
-0.046039504667845	1.54494982946673	148
-0.057820788758071	1.21729393552116	148
0.0600095472384	1.65688250490584	148
-0.075363203578892	0.399364738427888	39
0.097675412205977	0.609620164056956	39
-0.095519722130617	0.105540938615761	22
-0.063876015953619	0.11071532547262	126
-0.110637028219772	0.127999636283158	28
-0.094075028545017	0.228576770496819	28
-0.032428737040135	0.354870605912657	28
-0.030483060242085	0.216973105475174	28
0.115034717568127	0.719388432411087	28
0.064229507697519	0.538531869676372	28
0.109767212416364	0.541876297720013	14
-0.03794587489858	0.222758045516093	14
-0.099289832972693	0.157103401549113	14
-0.034102793880509	0.182902514519545	14
0.067136727825063	0.211463930628809	14
-0.087153116000646	0.175240921045051	14
-0.109662941010919	0.139087251403067	14
0.032691962456047	0.256970072515906	14
-0.109530196193097	0.230527334706295	14
0.021130135242765	1.63451370845734	148
0.053585905785167	0.726465558718988	39
0.061553092221837	0.205319009516818	22
-0.074189396685296	0.110547063315622	28
-0.042845492601321	0.191197724334891	126
0.025494657398935	0.52283978107087	28
-0.017905639757575	0.425511173257842	28
-0.092474065474122	0.231430775021671	28
0.080184059575103	0.832438878656788	28
-0.093668303873778	0.26651158251141	28
-0.124070371704573	0.18603787070229	28
-0.088544384690731	0.187143578144806	22
-0.016878259754721	0.277894177840151	14
-0.00626226098260099	0.351057070071799	14
-0.120975993154394	0.635617264028924	148
-0.113024774652665	0.105926688057254	22
-0.094445273874283	0.106811872592322	22
-0.083007598410104	0.106913980366085	7
-0.116361953442432	0.121185950789239	28
0.040586411016162	0.268172230635453	28
-0.077388970855974	0.23766287556146	28
-0.113387013444655	0.122781480007731	14
0.026510594328306	0.278073639800919	14
0.076457078062368	0.353993865007963	14
0.040934385640095	0.265972000084494	14
-0.050608512200901	0.168480627772579	14
-0.075584999616362	0.112185871388542	22
0.023109780716887	0.197489486558837	22
-0.023642900765493	0.116729493763763	7
-0.062295573110587	0.31909416222658	22
0.026667426018344	0.277618547541109	14
-0.048986290863363	0.184656676039769	14
0.015363150819425	0.124443684860973	100
-0.055081308945939	0.16980645718369	14
-0.039526270918977	0.286458383965195	14
0.00558922652970201	0.357018456157271	14
0.104483218104088	0.292336383256191	22
-0.098162596495593	0.109049216678379	7
-0.029543766633302	0.104721898512661	7
-0.046632506840101	0.388028901325077	22
-0.107723925258969	0.246672701217905	22
0.058934495223449	0.456705459549288	14
0.02329257799516	0.269026220517298	14
0.00190141487411499	0.33421997941082	14
0.042060014354563	0.203297157561402	46
-0.05593351693739	0.111795993150661	46
0.052809130869149	0.193617600564342	7
0.119057837886593	0.215014233566886	7
0.056943442540057	0.206485363905213	14
-0.020906504611084	0.177720746804881	14
0.111221099567551	0.345921073908435	14
0.10758685505316	0.541167036715803	14
-0.089930798387577	0.108409246917307	14
0.00211443058685001	0.308492389753935	14
-0.085667463347678	0.110328182801502	14
0.117789517896118	1.17315508850192	39
-0.055483486761371	0.368453195241028	39
-0.061369579235804	0.333111959292618	22
0.112089342108183	0.445799113346685	14
0.061002778151274	0.275256122861667	14
0.123924607476587	0.145473063523634	14
0.00753199000458499	0.194187988052592	100
0.02627172353051	0.196477337741723	39
-0.023547525264305	0.186130040058409	39
0.06590559144117	0.21536890008023	7
0.053206744606059	0.134198984226242	46
-0.115246684812287	0.322359974623896	22
-0.104774078450915	0.254432998990564	14
-0.098094761026059	0.160778932368314	14
-0.00498890643025701	0.28924756803564	14
0.026583366461876	0.27080016610887	14
0.05636702445771	0.790485354750917	14
0.018966564322405	0.291594606238627	14
-0.095564813983397	0.102734861932816	46
0.090556755236535	0.213029878172516	46
-0.113464421145772	0.0918036739456834	46
-0.0294260425465	0.309744839370361	24
-0.119274197181911	0.116068502183497	24
-0.093502866856687	0.152989232486503	22
0.018552314221629	0.276729415627075	22
-0.110612970479739	0.214844617963606	22
-0.024420243684624	0.410277414489156	14
-0.051994139283089	0.210113471353349	100
-0.112280885762009	0.131700325602564	14
-0.103006653474825	0.182118590561435	14
0.100721279917595	1.13589718392132	39
-0.012474118583409	0.348162962441574	46
-0.112824530565118	0.236361002150117	22
-0.011894265910565	0.34741664644037	14
0.093904183335791	0.657214844780035	22
-0.076298827600143	0.364374495152515	22
-0.116627450389084	0.274828805326167	22
0.101784957902558	0.877089145032768	14
-0.016709439444354	0.399213720534688	100
-0.033668442138256	0.401939473510761	14
0.102784681408737	2.17819723351203	46
-0.059413340159779	0.542699165941591	46
-0.123528693660401	0.344950420835661	46
-0.101638328841862	0.245582555341752	46
-0.012991680350775	0.349231848034864	46
-0.123716372889471	0.167772645426946	46
-0.101525074447902	0.282041198360189	22
-0.032217070292787	0.416894252676501	22
0.118306646017485	0.71185774940033	14
0.013758565332532	0.389953762453767	14
-0.056116014092511	0.327758142581128	14
-0.00861478700707199	0.358236739787831	14
-0.105297714651253	1.01148013063756	46
-0.120418360145384	0.230839559451807	46
-0.028257698284669	0.441584889622957	46
0.016075688728695	0.539800607149119	22
-0.06609031427476	0.340826279786964	22
0.072553516439293	0.700527639296716	22
-0.034517053863971	0.400159833958453	14
0.062781592961612	0.763833920321269	14
-0.00013582693585501	0.432032669992074	46
0.10744169672579	0.761564127728799	50
0.114700847831272	0.828142568562796	50
-0.008360987996962	0.326215733162323	50
0.00229067068310301	0.289244961857302	50
0.092040266692453	0.5340652097351	50
-0.101541131675843	0.247444504564435	50
-0.119141081827326	0.215413007425891	14
0.102454265501235	0.811055921981029	14
-0.09213745373645	0.286570658939931	14
0.11517051901153	0.774573521976337	14
0.060237151912996	0.673430662895749	14
-0.016797614435012	0.267991856951344	14
-0.056876349948134	0.195941593151021	14
0.024835459513264	0.469734541020051	50
0.014624232831497	0.48144426535685	50
0.010150587557265	0.522057396314173	50
-0.096837800207114	0.156828248999333	14
-0.120426416404032	0.157479039117382	14
-0.00360617845560099	0.431088299853611	14
0.031826750941348	0.538467551963659	14
-0.043470842915408	0.367756881743979	14
0.100250706166494	0.410773663011872	14
-0.006698813508002	0.796922521208834	46
-0.089576225317316	0.470430073359886	46
-0.00338511906787201	0.803343257461821	46
-0.09189922400694	0.418582204188345	46
-0.02295965405921	0.446159247432088	46
0.099561372995284	0.750354222672563	50
-0.058933277530917	0.357752702353263	50
-0.067543077034344	0.171469472515471	14
0.114266877279653	0.541443618120639	14
-0.124439211541989	0.1959854805882	14
-0.047465124916897	0.442848019295067	14
0.038634491029689	0.558450367405339	14
-0.028773161209833	0.646721730551729	46
-0.012384385348723	0.439924868230008	46
-0.00716126366998801	0.231726844125653	22
0.005756151396827	0.431856092157658	50
0.030843592848434	0.561767801321535	14
-0.093371543894788	0.260144633558863	14
-0.061480640932014	0.433813621692076	14
-0.122948155678056	0.290327556403054	14
-0.085707111092868	0.273484709205718	14
-0.061180909463293	0.280302966613459	14
0.027230899280436	0.999054489522672	46
0.06497605437697	1.21122513920434	46
-0.074966141973108	0.530515808436814	46
0.053694100415354	1.06672463395841	46
0.0662370170959	0.698492294618187	46
-0.038491572887762	0.42721491868298	50
-0.035870562889996	0.386233140707646	50
0.00189761252187898	0.365769336503497	14
-0.035293785187309	0.330981366894563	14
0.021606776790103	0.267404890155869	14
-0.040207248024436	0.365885817760308	14
-0.075545594300441	0.446812924468537	14
-0.088116265385465	0.396017102583948	14
-0.032730167745388	0.428312507546561	14
-0.038714067833983	0.361147404083855	14
-0.068544095963931	0.276508089455061	14
-0.086710200796205	0.194907048930405	14
-0.020141863050851	0.77531092089963	46
-0.081005028997751	0.505881607664202	46
-0.052202126414824	0.515390234535575	46
0.055196125605299	0.343399617768753	50
0.082355018998034	0.605431323510841	50
-0.028087517664355	0.347848173688957	50
-0.037920245147513	0.32298011191599	14
-0.113919823677422	0.294693454127714	14
0.060790966941682	0.653202871363033	14
0.040429886058377	0.394318171511193	14
-0.015572182100606	0.914096773127979	46
0.000947894173165986	0.883608970898494	46
-0.037614279490288	0.724542972833286	46
-0.017357535881444	0.492453238962627	46
-0.064797626937407	0.320487088850648	46
0.00512533849587998	0.515939792708379	50
-0.12204071388584	0.184914872295554	199
-0.107482709678638	0.123488205132354	199
0.047051051403942	0.590416815389478	199
-0.07889759354491	0.241626922869185	199
-0.043624368117005	0.335334678340718	14
-0.115417156475114	0.303423525226802	14
-0.048320216770683	0.469982580865662	14
-0.072046113072102	0.411789998891264	14
-0.109457461377158	0.217859566140611	14
-0.099105173260789	0.223286169071815	14
-0.00951746822951799	0.386557652536982	14
0.015242409244903	0.552721843975768	14
0.05334696733854	0.260175536575053	14
-0.006301923947512	1.07146493382188	46
-0.114899034437894	0.408839107683668	46
0.080119697211395	1.46602546316603	46
-0.042483866275025	0.732383664162476	46
-0.038770970116628	0.536425197344517	46
-0.109715721602183	0.276861351060641	46
-0.05362273948733	0.354087875538047	46
0.076033031322444	0.340166558781467	50
-0.099406358773244	0.217180993403283	50
-0.072372650931237	0.326008855746122	50
-0.048620228553705	0.360111307769585	50
-0.050343214861792	0.214411713012598	14
-0.056453431843326	0.328375788523814	14
-0.09171222911282	0.334949022786522	14
-0.076784723950713	0.390512883861836	14
-0.096318087536815	0.345250832656412	14
-0.094420390271908	0.252068345703208	14
0.08779231412747	0.644965408544109	14
0.076718520970529	0.572392662042545	14
-0.100634250079641	0.124108443817224	14
-0.082646494669814	0.780622480486682	46
0.080698462973586	1.95139729935874	639
0.013250579225452	1.18644724268806	46
0.110089874291418	0.922038186057764	46
-0.060190081743432	0.19860394113925	50
0.00593409906246101	0.19410267753478	50
0.117932986760824	0.947842063458139	50
0.034687818568993	0.569630838827386	50
0.096377942587973	0.76542067227358	50
0.082141834309197	0.667070659821331	50
0.093410090035069	0.44852259237985	50
-0.098648152439874	0.157720721168326	14
-0.01514877992728	0.320893205037801	14
0.052061897216454	0.558005686834371	14
-0.121753469039175	0.182752424350258	14
0.02730619756551	0.546740225839596	14
-0.060906931495524	0.334645231729114	14
-0.068573150899986	0.42297480323063	14
-0.075993046133059	0.415167554927878	14
-0.004207346066258	0.463991213334515	14
0.018620194100821	0.496551634529364	14
0.014017373857644	0.292289680441814	14
-0.049522569445623	0.266505042436196	14
0.024896872505009	1.92623907754482	46
-0.027371018113447	0.966141371627776	46
-0.024572965184138	0.663791705442654	46
0.072562954487916	0.773325405557439	46
0.105363903914069	0.541654585249832	50
-0.058105492480747	0.192093543424435	14
0.09262266421678	0.421331708161187	14
-0.029217220531658	0.282049694672283	14
-0.04494406114165	0.297461251472193	14
-0.050793412105427	0.43493347273261	14
0.040853434118112	0.621215843144209	14
0.11979256926207	0.775257160138932	14
0.114303042606039	0.682547681378835	14
-0.107698919379121	0.138308161859114	14
-0.014035591583914	0.313076475163781	14
-0.00653619101939301	1.9578924732336	46
-0.102006810045026	0.561904040109352	46
-0.070520770388126	0.24303255227445	50
-0.00283435777513899	0.247840809865254	50
0.073100606258757	0.606850483666392	50
0.104716625232123	0.779659971586715	14
0.01313954959404	0.432378137492676	14
0.00758371159201099	0.253690997321311	14
-0.044398632116924	0.278203265975832	14
-0.039496602686426	0.238535850714015	14
0.104878712181186	0.454076721035716	14
-0.110301734408326	0.138197089199087	14
0.063375818944959	0.844796976905369	199
-0.077547332469358	0.246805145376226	199
-0.058009519585531	0.290543000438256	14
-0.115681023929151	0.95235165030666	46
-0.012745563759226	0.375646123592181	50
-0.00689200579328	0.510985968235013	50
-0.080291781158162	0.243428748515929	14
-0.015306705627207	0.460306866595582	14
-0.111493744824103	0.23074140788547	14
-0.078531676721005	0.3053071855794	199
-0.122557072016032	0.206304371094716	199
-0.011596535211225	0.335572507150797	14
-0.00459786081500199	0.33561716987939	50
0.049557548285675	0.757500080119791	50
-0.089054392690547	0.270454556991537	50
-0.088465936802834	0.197310779744944	14
-0.10776821313102	0.225421705763712	199
0.055343870059952	0.749573500859989	199
0.010918281350626	0.699313923398543	199
0.029307610651797	0.661230320601386	199
0.042519335994118	0.606950843717092	14
0.076905884882802	0.611032922386579	199
-0.023803065468581	0.304022743194766	14
0.017725345302866	0.269521415648287	14
0.081157794940493	0.477887230769699	50
-0.100815085864408	0.102657064279492	50
0.043672809494883	0.613442761231245	50
0.117496593842266	0.840058012005077	50
0.113460156377868	0.734973375182025	50
-0.112857365279778	0.15902069153523	14
0.00763437846502701	0.451709971228669	14
-0.039389787489129	0.240637133068717	14
-0.078920857959908	0.226153697882941	199
0.116519550146537	0.726953776774061	199
-0.022431560984674	0.446912913961915	199
-0.078101459204958	0.362651831129935	199
-0.122154420029709	0.26218167661996	199
-0.085233584234483	0.320119065883229	199
-0.002788150287962	0.395392949353744	14
-0.061326401598963	0.314436648778989	14
0.038478568664217	0.479431413616879	14
-0.043425451708024	0.369157703580087	14
0.051660937163398	0.560247090741934	14
0.058971603306428	0.460514111257087	14
-0.022520757388781	0.18148218704684	199
-0.081813600316776	0.174236551499802	14
-0.060388493763772	0.238551057620263	50
0.020434236148194	0.599873601208619	50
0.090511731187358	0.755093271091466	50
-0.062504813772311	0.308098107248408	50
0.092360804474304	0.414979960521175	14
-0.028702844497772	0.228840320292697	14
-0.121986426071924	0.181129846265421	14
-0.108910030908727	0.198688653706429	14
-0.114101289915123	0.125342041630298	14
0.014000332973629	0.343139319551061	14
-0.00646945462182899	0.57727262571784	199
0.096957545671294	0.665987764572026	14
-0.111176670195216	0.153409322780795	14
0.075080758130019	0.494136819588875	50
0.014467743595746	0.335182980597271	14
-0.016663508529807	0.368883851972665	14
-0.099993900714722	0.154288260230654	14
-0.042352746427929	0.269951540838246	14
0.073685080084237	0.638315330752312	14
0.044578180812193	0.530788565694483	14
-0.014911766039179	0.553412092037636	199
0.056114037920642	0.787538118747806	14
0.047522590840956	0.577162315611785	14
0.072044854798219	0.351331032480307	14
0.03917028120947	0.475643918663244	50
0.078222445189655	0.396576511682646	50
0.029749524854165	0.590194959781968	50
-0.115393335872237	0.162500011284328	50
-0.04654588296825	0.354702537173067	319
0.037726523439538	0.82706244685216	14
-0.040235982031583	0.506531248400958	14
0.03299310539792	0.697614499417139	14
0.057770823651518	0.598394165045177	14
-0.005792051943427	0.471243990705982	14
0.028295284073893	0.516302952951781	14
-0.078830633328998	0.262132824022315	14
0.078895937779137	0.702415397657511	14
0.032473534149962	0.268462166313222	14
0.07577300670154	0.464927564776993	14
0.088216972468109	0.644763201623927	244
0.076526025314928	0.845241728188026	50
0.083706827271015	0.798174097741998	50
-0.077840481193482	0.274332087735888	14
-0.088746603840997	0.396622965242768	14
0.04288611161772	0.794888102531388	14
0.020208988116429	0.503085850504415	14
-0.103186316556855	0.255198715604955	14
-0.10511283273774	0.223371074203492	14
-0.035446237183345	0.328319369999403	14
0.111465589199421	1.04134866648831	244
0.016912916506195	0.489274328317093	14
-0.046490237570231	0.332789476006529	14
-0.074506890369862	0.360928121883312	14
-0.021242667666425	0.62338236602893	14
-0.024624221196544	0.496409080947578	14
-0.106235454460289	0.23599340460906	14
-0.039192617377369	0.331590904277688	14
-0.049029565408043	0.347679266156655	14
0.05273000571036	0.499032964772488	50
-0.100957237707451	0.223201515444788	14
0.086368737945385	0.834912843010378	14
-0.021638073351976	0.521876829765664	14
0.086719505619411	0.536866582218396	199
0.00120566425319402	0.530165706896951	50
-0.08877953476723	0.230351502753001	50
0.086720377015871	0.689861500024143	14
0.04683189499955	0.346682221878345	14
0.057362815324734	0.463599683689968	14
0.101444880879611	0.56199441043669	14
0.011164162351928	0.415203045415275	14
-0.002489734524521	0.40257169994159	199
0.030194873110378	0.588134161624679	14
0.106029252221531	0.847570202662045	14
-0.083462888801799	0.310537646799591	14
0.071302746871048	1.64904968828227	244
0.111459756985819	0.967663573839521	50
-0.118105178441584	0.238441340145688	50
0.10079397390145	0.880421278918911	50
-0.086355892395895	0.273498057581366	14
0.065269286098874	0.673537182604783	14
-0.025130127649483	0.411437664491677	14
-0.106175915582017	0.208717524266342	14
0.021607227564832	0.49355160782335	14
0.095766466359581	0.708493622770673	14
-0.034594860092926	0.401423041693581	14
-0.014186638424251	0.470533778147616	199
0.057188089337384	0.60027529058769	199
0.086690052940365	1.08346864383564	50
0.02243158284699	0.743987994034678	50
-0.032341389991343	0.461685892411442	14
-0.048131228348133	0.38082473179171	14
-0.09893181750519	0.271675821396191	14
-0.099828964056355	0.242093856423562	14
0.089914303430732	0.734277743771509	14
-0.073647611547563	0.26688193744833	199
0.06463503257043	0.563323878652057	14
-0.06092898630785	0.348539637783361	14
-0.11247738110587	0.247675896151216	14
-0.036306260177463	0.331793780019542	14
0.078593007169507	0.661371829317024	14
-0.069003470325305	0.345666084766511	199
0.109285924060645	0.73894807141642	199
-0.085123761715057	0.298433806417651	199
-0.048090269305869	0.377099378843906	14
-0.017418353540999	0.506303906877352	14
-0.111718753055004	0.235415209079704	14
0.042278626976686	0.6732369774445	619
-0.052264716134036	0.430737569368757	14
-0.044211676755201	0.272984005459435	199
0.10269092806245	0.537042574443736	199
0.015405598577843	0.537317006428994	14
-0.043617828661504	0.400454097891093	14
0.038292551710872	0.586245572953065	14
-0.031427544433369	0.389321973015652	14
-0.085558465791159	0.312691879018687	14
0.042293124279681	0.670687645765661	14
0.068200426237673	0.772888759446973	619
0.101656533699883	0.919140770178171	619
-0.120743017180396	0.2333692183092	14
-0.036260555366833	0.441175371575103	14
0.090712347912153	0.688244039213543	14
-0.078582741093641	0.223637461220434	619
-0.106499938934239	0.206916873103099	199
0.090021259724905	0.659742321076094	199
-0.12369617994617	0.61904370040568	46
0.09815493433479	2.18516784234957	46
-0.116942688522259	0.172044158787203	14
0.064156625273786	0.482102108601648	14
0.00746392127170598	1.89235709423241	46
0.09071197682318	2.30363999468263	46
0.059665190628519	1.2542042700299	46
-0.00172297919457201	0.796004595450392	46
-0.096531409159539	0.320598826161381	14
-0.049693941352583	0.213188259034258	619
-0.051195497358447	0.188312175497419	619
-0.091927757666602	0.270539659177826	619
-0.099241405726719	1.31178271439775	46
-0.011321680555501	2.12937852350334	46
0.121017241284264	0.427102884667536	619
0.118795286957681	0.473437004104325	619
0.041377506952686	0.485457523722085	199
-0.083597743007053	0.242707659882917	46
0.049600596595257	0.474765405083798	46
-0.089056795325129	0.184631806530141	619
0.094961156143272	0.682894895490407	619
0.034212635227112	0.571845959275776	619
0.053201697851394	0.479177703605607	619
-0.115969188136702	1.18447695494291	46
-0.057971259494532	0.486760397065112	46
0.090598378727484	1.0085156844659	92
-0.067503374517242	0.305965266212708	92
0.040943769934253	0.271437886224025	92
0.064269225481434	0.44081938800826	92
-0.0736944921544	0.319715130857492	619
0.120565579289239	0.924878026068917	619
0.011603169191153	0.808953599112953	619
0.059047562531909	0.926781817956269	92
-0.00815484426120899	0.454900428366617	92
-0.057711579215714	0.350640402272654	92
-0.007058409072667	0.508249726564366	92
0.004572822034978	0.626400287230059	619
-0.013350852854667	0.601057444639409	619
-0.021591519054027	0.481619623767628	619
-0.025669896017979	0.491775837402279	619
-0.00794915275800601	0.376549023907963	619
-0.103880214301048	0.243772065543795	619
-0.086897517032919	0.23318988518428	619
0.095743059174101	1.18314741832133	46
-0.119886509256619	0.351657976256762	46
-0.036073445773028	0.741221268205346	46
0.011048571450315	0.661390029110916	92
-0.014559985274046	0.672527750647421	619
-0.112463371073118	0.294368678887078	619
0.037407299230334	0.8466517637705	619
0.094636864328566	0.933393769083206	619
-0.00948889434837599	0.611218145020591	619
0.091648364759733	0.584938116705834	619
0.078656469171033	0.566941170994025	619
0.03705099026704	0.735432908587557	46
-0.029502598824917	0.570441341721156	619
-0.123421484795691	0.251731400747171	619
-0.096897568169851	0.370702051623014	619
-0.064986523344488	0.451796610570721	619
-0.104272132645955	0.306366295974549	619
-0.121182303411166	0.232657102790082	619
-0.030908640156416	0.261341767836929	619
0.017509365421969	1.16307697210052	46
-0.107782854424539	0.493558145013766	46
-0.009344560881732	1.03111933750327	46
0.032430075043577	0.846752373179653	92
0.087522515833959	1.27288314772487	92
-0.012413316166339	0.891525237891925	92
0.091386237062838	0.825051284026319	92
0.093920246149449	0.974008774242997	92
0.054457309114073	0.947528672853769	92
0.083731650392534	0.999826251701058	92
-0.052707453417408	0.553555394056053	619
-0.09398800353212	0.359049442739676	619
0.00964303277649497	0.754470426873823	619
-0.115004334862322	0.343248049271625	619
0.041190323528859	0.699452319727692	619
-0.092679376536661	0.178828967279764	619
0.079437293571921	2.13913369930728	92
-0.087757026953853	0.78425599636476	92
0.012056867354772	1.16419203692792	92
-0.080351870395917	0.524126079592194	46
0.083252115269395	1.27690459521932	92
0.099686655661866	0.855801534110368	92
-0.091802887071456	0.378608496699505	619
-0.020154375415114	0.623575742643256	619
-0.107363426018353	0.353354001688633	619
0.106121980242999	1.06530051420443	619
-0.015201126852367	0.577923764443711	619
0.026772035189206	2.15682386944595	92
0.00598197187454202	1.76198078996502	92
0.04715514591385	1.41233458105413	92
-0.049043812678743	0.637261511059449	92
0.013516235921187	0.713935783569679	92
-0.025489106329125	0.394852899052484	92
-0.111799419046554	0.200942628035512	92
0.022920073303607	0.608571466929943	92
0.1169062848159	1.17723177402503	92
-0.084160769045183	0.349094583260116	619
-0.018455094879401	0.457517056523678	619
-0.032419934018288	0.49418655937828	619
0.047072554761375	0.677493377879903	619
-0.118300013099068	0.291666176784546	619
-0.124862543747676	1.07044551215985	92
0.064295518273432	1.68267218363876	92
-0.048027256032142	0.80204497786682	92
-0.040706431931793	0.705493889201903	92
0.075710380329007	0.84930959753472	92
-0.00357927437408401	0.528661244488277	92
-0.078932714167592	0.40764265428931	619
-0.098803840728096	0.264873289136014	619
-0.078821533467772	0.298324571629955	619
0.016828324917841	1.73132174907818	92
0.045150613605206	1.55717578828107	92
-0.011050748794719	1.02225748954024	92
0.101510714051195	1.602370327355	92
0.07185118072853	0.980409351634387	92
0.079675137306397	0.968414917496435	92
0.112146192016043	0.801024560404342	92
0.097883284249605	0.944435169784497	92
-0.071167770616575	0.426709104285557	619
-0.099273534934059	0.329444037312517	619
-0.00609867240758699	0.562257106876564	619
0.021958165483776	0.589508256122668	619
-0.06987811453407	0.382379762448412	619
0.119572056671471	1.48581035661399	92
0.00274360576718502	0.56068827625447	92
-0.088849702597834	0.279467126705631	92
0.111549943557635	0.927319740215357	92
0.077152495048985	0.882992354701681	92
0.00883996355396799	0.661841475998277	619
0.097958583227333	0.988579011523053	619
-0.00544140436364199	0.450895867258005	619
0.073274157090367	1.1257222395036	92
0.077722660392568	1.04568437085796	92
0.00250168344343699	0.717939753669821	619
-0.090732992488987	0.327368732892053	619
-0.055456939149618	0.431776376121922	619
0.084346073777523	1.12983193515302	92
-0.067644867035311	0.513656470340179	619
-0.114147636336357	0.35760603895411	619
0.034112053625564	0.856240296325672	619
-0.045583775441885	0.469601826387226	619
0.009457916122181	0.696444014308666	619
-0.082072098078152	0.42208130661829	619
0.022253088751793	0.485408487794788	619
0.024161606817798	0.518288427548185	619
0.093816155848862	0.560875589636102	619
0.080031309697657	0.70405662541378	92
-0.065053387981851	0.341184770702075	619
-0.02620901953063	0.489102477839828	619
0.071359062025	0.723379014293584	619
0.076644499778422	2.08332127914918	63
0.050800860166418	1.81955259286783	63
0.061538679874676	0.836534189546672	92
0.054229784398358	0.697650783236223	92
0.062209310711324	0.750645910881778	619
-0.057713873341824	0.408641955856618	619
0.096318957777829	0.878570403838858	619
0.00116511448740603	0.680997585189857	619
0.038700036530593	2.07773915522045	63
0.079460353870917	1.1576663821994	92
-0.097717749082711	0.374915126307219	63
0.000469488458056999	0.922876308302527	63
0.039337459882145	0.913111978195938	619
-0.120899734019872	0.272849947045057	619
-0.113822329445987	0.483297064827092	63
-0.089321705110153	0.210957741940153	63
0.028861123569868	1.49696618030374	63
-0.084723019765267	0.706839588879579	63
-0.045534836024452	0.633600052084638	63
0.084230479814849	1.21693912157524	63
-0.050985835149114	0.35953677579751	63
0.00534701675711102	1.10179327590155	63
-0.11176954487937	0.337968940334267	63
-0.096301071890584	1.34646367887747	63
-0.077105557968318	0.39993751757157	63
-0.074788490485414	0.458335946500478	63
-0.110837530444414	0.270733198952755	63
-0.016549344163849	0.344910820469283	63
-0.107491666412449	0.411727287988385	63
0.00280433839149902	0.700209047568382	63
-0.123874145606041	0.288000261546451	63
-0.115616612915549	0.212605745184248	63
-0.034940883088196	0.58675106801476	63
0.072513317965895	1.03492134183533	63
-0.029294723383583	0.736266577261501	63
0.106267796169816	0.706284773631945	63
-0.086518878265061	0.691467185324514	63
-0.124620416461926	0.381210877030924	63
-0.040174600354093	0.856278423063894	63
0.089798735189876	1.47213283936888	63
0.059384348597663	1.02353066986087	63
0.092374002291548	1.06433436321571	63
0.045521424259694	0.482332362391604	63
-0.11251975866612	0.30748082159969	63
0.0870324118286	0.450072373229002	63
0.067815604018413	2.20571144370528	63
-0.006305721489442	1.14947563522867	63
-0.115095243545629	0.48022393806111	63
-0.021723869926053	2.17846774392829	63
-0.086054190050859	0.848071819826138	63
-0.111332670535337	0.339093532441649	63
-0.099327048811242	1.38014724874192	63
-0.049666318804868	0.44383297715537	63
0.118386457184032	0.909500000007748	63
0.098911835945415	1.17935074124826	63
-0.116713628818542	0.867614604459924	63
0.038804928206661	2.20843318051983	63
-0.056190955602751	0.942973056388831	63
0.030083516513251	0.924081076262811	63
-0.068504801227779	1.18298251781541	63
0.066136535276835	1.60520569599485	63
0.00479106167016502	0.890842467909758	63
0.00000518000477500724	1.18643415835046	63
0.095531866944255	1.51075937784253	63
