x	y	clickSelects
0.00220493221277801	0.540600020302346	169
-0.048011749078852	0.894289920953152	169
0.023234924020567	0.645706824129943	358
-0.102406270247162	1.03045332069456	40
0.096271109052989	0.573237662688935	40
0.072588713680707	0.608933758999907	40
0.064236598065225	0.586973423836389	40
0.031518873565404	0.643146356886293	40
0.095993415631335	0.627250670622536	40
-0.00753222792282904	0.797067420021206	40
0.053364084718876	0.503689949105703	40
0.028355761701196	0.711693075097179	40
0.01688350599709	0.702660335394557	57
-0.089512428584942	0.952462022274376	57
0.021721479376077	0.675418443793596	57
-0.046040165401098	0.828025039193799	57
0.017495050625237	0.724212121537418	57
0.037591802210417	0.722491376887261	57
0.095640748574489	0.467479943354583	57
-0.069903921900542	0.876463502276706	57
0.0268272942134	0.548014598813088	57
-0.106542194574912	0.718481413035741	57
-0.110116647614634	0.820635304477628	57
0.051462569873101	0.537778504253701	52
-0.00124147750890402	0.603862007813338	52
0.014326770976305	0.66723212738268	52
-0.087397744670515	0.948466007806016	52
-0.07971575774825	0.491724207626041	2
-0.026375338594426	0.502989557096412	2
-0.00182467091691696	0.746677836034648	2
-0.02280825630496	0.454005781404906	2
0.071869873339421	0.523180502786636	2
0.000177747689286023	0.571706178000618	2
0.003526374847797	0.624997792036132	2
0.082203117909216	0.541868866706558	153
0.015132149990931	0.697351608402271	752
0.064223816239738	0.619125530937865	115
-0.01729360325818	0.541209345182435	470
-0.097252438998622	0.672143728510928	470
-0.103800102606888	0.685575835959149	42
-0.088703165248989	0.561300507804686	42
0.115488019478606	0.311007142142271	49
0.088979191216954	0.452707913895329	35
-0.097911793669676	0.764216592764554	35
-0.0539951397369151	0.643083320100444	35
0.040201336378155	0.506854386691996	35
0.124023674008532	0.329789695346412	35
0.044100445746287	0.572170129896586	35
0.028279632415968	0.574518333585738	35
0.06122075273934	0.550850773662429	35
0.022325800510425	1.52605872201998	169
-0.055622678826037	1.12509606476068	358
-0.059469482485118	1.47577997347921	358
-0.090186838561267	1.59889290610787	40
0.054151858707956	1.34014863652744	40
0.051854827648872	1.35343413819232	40
-0.014928985447029	1.29848934648923	40
0.086888368419779	1.16502786295489	40
-0.058441905100564	0.94055458716555	40
0.094566479493738	0.834259595362017	47
0.031614040708997	1.09407750825671	57
0.118357209572955	0.617347012962517	57
-0.014487507300733	1.00407415034165	57
-0.026918873319436	1.66138697581628	57
-0.058090414627719	1.40981063719581	57
-0.00947515756738904	1.42529699505471	57
0.08787383006292	0.901869317279842	57
0.106947408029696	0.607951197088459	52
0.083275622594398	0.624012576224315	52
0.011402471091188	0.817579609742546	52
0.124090220011709	0.584135679461426	52
-0.031411482545383	1.29482401019722	52
-0.084863755243842	1.49942114301188	52
0.025301432782477	0.840638699856364	52
0.07574382265054	0.881843389478912	52
0.021126798928304	0.764497195729077	250
0.074336948421882	0.811682127482591	2
0.06793947953585	0.831008593816409	2
0.089834780035194	0.855430943003536	2
0.020804303105641	0.986838532164473	2
-0.01792688568529	1.0358206660163	2
0.065433104237726	1.08188678172712	2
0.099858460008685	0.936786786842607	2
0.065133508958735	1.21470619274184	2
0.057737581611917	1.01433379253	2
0.037066164372161	0.616909961827631	2
-0.070125974938823	1.26751687571481	2
0.043477451844941	1.17026134670881	2
0.018349491146647	1.12151345756381	2
0.092308990728383	0.787833745327491	2
0.063373946831499	1.1278053832169	2
-0.041102974263973	1.18284714065721	2
0.05794153845264	1.00142531859124	2
-0.0131292670159781	1.25777629838719	2
-0.115486756930101	1.38400552930784	2
0.067371580616262	0.870877539809089	153
0.036866296940865	0.888703557676748	153
-0.00558960085208304	1.36990357810248	153
0.0321470996912	0.503992003278406	115
-0.038827448034899	1.31623888584537	35
-0.023237679638717	0.714170438494595	35
0.106931415191997	0.538149641067364	35
-0.047451064668407	1.83561650083056	169
-0.0288792965636691	1.50785258997743	169
0.104696793491352	1.24121728988957	358
0.030648794689063	1.55332520586137	358
0.021407290721243	1.43563948750064	358
0.088609499156723	1.06624007130116	358
0.080877809826276	0.753810905221704	40
-0.093255484407204	0.757777205842059	40
0.068241005266582	1.29687785382203	40
-0.018767942762868	0.530070800534038	47
0.00969074453416402	0.785708187124347	40
0.041134048059099	1.51976844359884	57
0.059743382353691	0.932308919176846	57
0.116803982873001	0.794902076309188	57
0.115000958126492	0.892203288413657	57
-0.087523172380047	1.22494398494339	57
0.083140549905596	0.699801422257279	52
-0.06353378205894	1.59242145249676	52
0.065070154343513	0.609730544738557	52
0.090012229885734	0.861330385781992	2
0.01873023075156	1.46661507402269	2
0.000634815485205997	1.58115240878219	2
-0.0381592272399131	1.71767944653804	2
-0.0363476053016431	1.71474827764562	2
0.072557232165967	0.926883320826501	2
-0.046261864825192	1.74495203420775	2
-0.091583233687114	1.55693715402056	2
-0.01447297711232	1.31485285729684	2
-0.026657140636643	1.1723167214687	2
-0.014859229090209	1.08402060250085	2
0.019785810778386	1.09341096712489	2
0.011433351475731	1.25807583992574	153
0.023106416055357	1.20429395898176	153
-0.121401759410929	0.524566518581474	113
0.064007227977365	0.350062030888707	42
0.032603051011632	0.655640012478424	42
0.065327277881189	1.11580202064865	42
-0.10488615543229	1.64119469397623	35
0.112607863119281	0.741385750623078	35
0.099363446070607	0.646737610082623	35
0.073899185983572	0.446046815911061	35
-0.0620068460697381	1.0718566294551	35
0.018018994750981	0.530729295569557	35
-0.069758604339453	0.848198822397347	35
0.041025055016722	0.69798072394701	35
0.051110306155585	1.42821400640837	169
0.090944895468238	1.22210808922806	358
0.087639375549231	0.42032713457813	57
0.077041977933407	0.429135635837072	57
0.00547916586715302	1.12802582708567	57
0.079137853640419	0.951739230210498	57
0.046595422339894	0.976235906952621	52
-0.001257163892319	0.877679788487142	57
0.093248010807702	0.719234305518834	250
-0.094097260694665	1.1692606951965	250
0.098478023905564	0.951371874408806	2
-0.101040876803378	1.44626657837793	2
0.085862689923591	1.00512142507849	2
0.106461663567841	0.883530191983876	2
-0.089307905509832	1.40838486377933	2
0.027907264423868	1.20218852706546	2
-0.114715322281226	1.3121087279386	2
0.106097329532704	0.939773112141961	2
-0.072006403508398	1.52238372077803	115
-0.04545272671294	1.5712008003828	153
0.124535365418353	0.368575782933262	115
0.073690192775836	0.518751006285191	42
0.049670003382619	1.00990266213279	42
0.123088483483924	0.739925635967934	42
0.074407086345113	0.867588020772343	49
-0.017569792390592	0.709037195739485	49
0.06116128610427	0.582077308424502	35
0.110698873722228	0.343653066951742	40
0.038725686106832	0.290433723734411	47
-0.064513640273196	0.905536452234647	57
0.086842020371845	0.362159519482216	57
0.09213063326255	0.614404273693656	30
0.117274281095054	0.894129350614558	2
0.063310482692837	1.06471667211615	2
-0.032786669187536	0.332062574051374	250
-0.047200433430607	0.620824007992158	250
0.097383044491781	0.96561288918347	2
0.087606822467526	0.862833980772726	2
0.076338830696732	0.826699761869372	2
0.033876162858337	1.31664612462635	2
0.090277194230095	0.872427723382003	2
-0.045454665465862	1.67151975728555	115
0.000966333231433025	1.29431291658878	153
0.037236691226372	0.311449188089136	180
0.085893636218937	0.497019578721105	180
-0.01799301143544	0.538260387732113	49
-0.076153786284353	1.15161888925172	35
0.056657661878176	0.951747156811562	35
0.08967760623641	0.575309374321804	49
0.112955575178107	1.82216254014856	65
0.020418104262487	0.831871345346236	358
-0.09659840330977	0.415926050321319	47
0.029560951683858	0.367727024470146	47
0.079590950793495	0.400984867184609	47
0.025985213868874	0.537049952001666	57
0.050781757074626	1.01221217119945	57
-0.030525127408921	0.356873476594829	250
0.055527584196128	0.45451148335733	2
0.094794029787053	1.01180346004237	2
0.028596823374454	0.359664131569509	2
-0.092131225426913	1.49919256418383	2
-0.058755981064908	1.50150738640303	115
0.104154407634513	1.15357594549963	153
0.010085744268438	0.470589340383406	180
0.037776441312144	1.2743527958819	42
-0.099691418227533	0.705024032043951	49
-0.035077665979995	0.38767973700229	65
0.097672975760551	0.272303964269242	40
-0.035309128789387	0.273586022336432	47
0.032192207734989	0.606130499918987	2
0.050587353732379	1.29408415506988	153
-0.014569384052878	0.185835914555209	225
0.063280930366889	0.235895819767454	225
0.077054787423201	0.455046034947023	35
0.091718645313231	0.640238249575563	35
0.04492007205865	1.37900840306336	65
0.054841119925798	0.470876788735935	47
-0.067365332327067	0.838743518265831	47
-0.068283690245653	0.541757539379366	47
0.01708247435852	0.704135688405696	30
0.1067891860329	0.695161144936312	4
0.046984970012388	0.703036383531823	57
0.019731383793833	1.04804983320178	250
-0.119559911327153	1.4466020895797	2
-0.00636458862945299	1.2391210278861	153
-0.038352247321266	1.26303047734664	225
0.051478627127899	0.814152167308398	42
-0.0652821317522601	1.21956129997863	42
-0.0352685398463271	0.755198333836698	49
0.03201893372112	0.848230049624361	35
0.031374543510973	0.72272393331716	49
0.0980566981852	0.658116031166285	178
-0.080576249972308	0.724858097789021	178
0.090619063128273	0.521289770034588	47
0.095852977561014	0.394734070964313	314
0.107404903133719	0.6268477413119	47
-0.017658405590438	0.486100492330121	5
0.049853527067106	0.905634060866845	250
0.056670055339097	0.418746528511628	250
0.016264004798388	1.15985297996277	2
-0.020766422076262	1.35955470996882	2
-0.020560255762049	0.488190035219491	225
-0.115995521759598	0.57237991357064	122
0.052978896963086	0.397888068816716	413
0.09054553090966	0.604395451632197	49
-0.086831797953738	0.629868034148569	65
0.097094019969764	0.511467349393375	178
0.110196063011808	0.303317447409326	427
-0.076656479195428	0.486359268414723	427
0.099773811363873	0.54313221979565	40
0.107960037812205	0.444583214661473	47
-0.018942628867565	0.426045709754912	357
-0.020535624804261	0.381762728783825	314
-0.015738536259432	0.360146773084275	314
-0.063034949139964	0.832631675046964	47
0.110349468737183	0.570598948986058	47
0.108500997555822	0.471988996962254	501
-0.00778029062345098	0.50659431440445	501
-0.027263824557335	0.266833469816454	47
-0.02160884995098	0.675483122358487	5
0.096972019331501	0.447507975072564	5
-0.111086605475034	0.86888756145918	30
0.05877963861295	0.388695147742834	183
0.045314103593898	0.658225840543812	355
0.109303772349371	0.309245908354689	74
-0.026596096574715	0.488368033925004	74
0.114316557563031	0.477833067948689	8
0.00704103231295	0.748180095338386	101
0.079353063304724	0.660852594536449	101
0.12408950332382	0.621624491064297	101
-0.02657558666105	0.401513673915355	2
-0.028518338281036	0.513519608953129	115
-0.044673020260422	0.679723368343241	115
-0.114050388104657	1.69385757343698	225
-0.0340732149627	0.338316191204406	363
-0.08250209319842	0.48268254011089	122
0.07404938646858	0.87179163334694	42
-0.0520320853658161	0.560930891088389	29
-0.084032214909174	0.967576896369367	489
-0.055390899849143	0.590029543783141	489
0.041794083369104	0.743388335433665	49
-0.034182021224511	0.38908578183583	34
0.060554867834968	0.539254932592697	263
0.069073954788813	0.325418106283785	263
-0.083506151282151	0.403717675310701	353
0.079612063083265	0.506151575071856	353
0.020743229548492	0.820205540347378	47
0.115858119554899	0.387280736319857	47
-0.0326498488754819	0.464004420855054	314
-0.031564981731539	0.464409172951983	314
0.00962941732925998	0.516221829307297	501
0.124002519531928	0.34650976808846	5
-0.04397407528467	0.259865990647422	72
-0.017067684913729	0.492842855006603	5
-0.095596421696973	0.427560249659095	5
0.033543342043914	0.7004015971819	30
0.090226736343117	0.278046853683059	183
-0.020584736684171	0.533522833900257	527
0.010316646892762	0.419691988123217	220
-0.015545167669798	0.41024414604054	74
0.01879851094132	0.683423957329998	8
0.085246531840463	0.824116024906759	2
0.044892008496449	1.20269900197481	2
-0.00846404206967999	1.19123663858007	225
0.103753194084244	0.918336636011442	225
0.044568177345104	0.808732536084066	225
0.056336199753545	0.244352379815988	122
-0.089955237899376	0.416477533114119	42
0.070609649425895	0.811377699337528	42
0.047194786347174	0.439490323490599	29
0.031394603160565	0.801571797950205	29
0.07783752542754	0.644204375278578	489
0.051599835483701	0.496427446259933	263
0.03254412591	0.595907046427018	67
-0.057234333706933	1.04602282392132	65
0.094395666902356	0.507779985682887	65
-0.023979793214154	0.398678223894263	357
-0.028734267946657	0.396386270983346	161
0.036648634092082	0.937421575188941	47
-0.035287311821689	0.338997505237917	5
-0.0935397213536841	1.39675708597993	183
-0.0669803422377711	0.871382475473514	8
-0.0302516508447041	0.376370157574572	2
-0.0770447979772541	0.720330795802473	2
-0.00693913516024403	0.864857367710279	2
0.10531098586813	0.926891030981332	2
0.101589190553339	0.468187893976697	225
-0.057556378360676	1.4130442381726	225
0.087589419542637	1.01916931013838	225
-0.027001807143857	0.387131106039988	225
-0.032095933281264	0.391216300179832	180
-0.032386946503251	0.267091584090863	42
-0.00502493227784295	0.618515083141872	42
-0.00483004035593604	1.241510137047	42
0.108682477961622	0.555739153509622	49
-0.00950293963497295	0.608800082837225	34
-0.036061517963464	0.311617655322179	34
-0.031976898095971	0.348336992526739	263
-0.018784326543539	0.372507413960008	40
-0.076876390271731	0.441695956702049	47
0.025200546780725	0.399175067635855	47
0.0630856955946	0.239538630911285	314
-0.0357306035396719	0.338725549429346	71
0.03931737444325	0.743262219980797	71
-0.029251673859917	0.768407375013387	5
-0.077274172295608	0.488177989240436	5
0.057596659378118	0.232576918613457	5
0.121337380979005	0.37561796347501	5
0.029642417684506	0.684009823756749	8
0.107268147269896	0.683805667301861	2
0.011798466570458	0.684335131267212	115
-0.09934766701397	1.7580587250481	225
0.06655327918581	1.20238105804435	225
-0.080912830473496	0.981925423203464	225
0.120397122423678	0.153164946609991	363
0.117248800216596	0.150406362777307	122
-0.023790962088325	0.384876866625234	42
0.093264564990548	0.656237917170857	42
0.041140267607923	0.75463553024663	29
-0.063509238807253	0.53136070468745	476
-0.000733948154153952	0.773194764782525	476
-0.076061215141369	0.714254902683699	34
0.057596659378118	0.232576918613457	34
0.039080776488892	0.291520388835876	34
-0.081679513574373	0.490401816849266	65
-0.0336540437241341	0.266826610688704	353
-0.033192633887339	0.345658049631709	47
-0.032133085592551	0.263657238099816	357
-0.00894352699157897	0.639492495917916	71
0.121199284275978	0.613181680696772	71
-0.095213244387551	0.43664603759008	504
0.052007244057846	0.217274699004606	5
-0.030814403450405	0.334790142139538	30
0.112136287835441	0.750144515177211	4
0.076702263618329	0.745558608513913	4
-0.092758004989575	1.13178838531859	4
0.025062065153893	0.362982177323387	250
0.067180477086622	0.694829951562979	250
0.09593655464588	0.387890350465715	8
-0.0973824280151659	0.584444428578535	8
-0.019830710029907	0.190124009670206	206
-0.014137889029855	0.175120947964136	87
0.103748295374837	0.553118738735951	2
-0.0928485152378991	0.877711668450858	115
-0.035787341186966	0.421353476279756	115
-0.0351509563096279	0.948651415927394	225
0.097000095141301	0.989226387489404	225
-0.080530525340331	0.644568194814149	225
0.124837384544495	0.379650866953847	225
0.031611255304583	0.867322203581755	225
-0.118583790969078	1.76960186525906	225
-0.00410473291928504	0.67346521168953	225
0.088763909424884	0.376976819102446	225
0.121511152508198	0.148872545900646	225
0.11031452962362	0.39138431822397	42
-0.059673863216632	1.08583164035734	42
-0.0924085619881559	0.436379261123324	29
0.115000038694842	0.305629978530736	34
-0.0929581370190951	0.433600611197681	34
0.081390619043311	0.675387662589576	23
0.019677762868288	0.691496298508065	23
0.055976017951679	0.424190407881208	353
-0.11746040147093	0.356178564842843	40
0.061266332529439	0.231510644796191	47
-0.042661725930447	0.2576618485682	47
-0.029883341968164	0.445491951077587	504
0.024409025625557	0.4165554001258	504
0.013179318031266	0.45085958517084	47
0.118226418104092	0.148296693063966	5
0.122258198889457	0.152548393717724	5
0.094709525250853	0.364198861459267	5
0.031137858016423	0.300638363933424	5
-0.010076357237611	0.506015706135131	183
-0.05510469376157	1.1068217857545	183
0.002346865638165	0.598782710643963	5
-0.12332536519322	1.01366937429234	4
0.059809020741544	0.245826423383617	74
-0.032386946503251	0.267091584090863	74
-0.105263621862847	1.21974447562438	250
0.102249285430498	0.61573930011843	8
0.03502560486584	0.343710946000828	250
0.045123341158967	0.549646614896639	250
0.027739658295676	0.541634863767222	115
0.011942283543189	1.07757105349174	115
0.00447013162010002	0.801635464333038	115
0.095672641901746	0.748336258207879	225
-0.014569384052878	0.185835914555209	363
0.120947310123503	0.147659042564361	122
-0.017656509504081	0.191858508440971	329
0.123764702982901	0.157385152931829	400
0.124112460868554	0.359443330136502	42
0.121364296419764	0.145914382556174	42
-0.023825515934279	0.93644864224565	42
0.059809020741544	0.245826423383617	29
0.079457853108096	0.421663908856168	29
-0.0250379542959041	0.586434558134605	65
0.104905882476936	0.398704334022594	65
0.070741788030246	0.34725394633776	40
-0.034613143184169	0.866848092081979	357
-0.084221729048672	0.387385257690688	47
-0.118245324840603	0.556552851885002	357
0.023835248809694	0.538037815923866	504
-0.0563856785549221	0.718024459770664	504
0.00762986713835601	0.444420596539649	47
-0.031119302166606	0.262126918970489	5
-0.053442825578704	0.706576007695304	5
-0.033805941330187	0.434082560283132	183
0.051143992163388	0.521953154556039	5
-0.06135336032798	1.15383175598334	4
-0.00386009487393402	0.599862993125686	8
-0.0736508324874911	0.713369722399522	8
0.035408406467301	0.296885024385118	4
-0.038677222440541	0.338428102996486	87
0.018797466438807	0.805355257623245	225
-0.012220442450965	1.0029028826475	225
0.00918064679411101	1.32122294300559	225
-0.030475766963209	0.263322114472205	225
0.045688317371465	0.437819245163031	42
-0.094113159347901	1.45211582149594	42
-0.023469767335648	0.449989609898742	29
-0.066551368423019	0.66426284267556	29
-0.107428082332298	0.822308789219481	29
0.09827542167653	0.65380578525586	29
-0.076055190262818	0.968417203237234	29
-0.025578106369447	0.3345490322711	29
-0.124583809003665	0.557976047563732	67
0.115021836539142	0.458926808883694	67
0.124402843491826	0.696677499756008	23
0.041817172705516	0.307483220857172	71
0.061266332529439	0.231510644796191	71
0.080879859409662	0.399711883715652	71
-0.030874344798242	0.313011386448073	5
0.020765042476028	1.28366479234466	5
-0.028828971582169	1.10843044019478	5
-0.0391214024758571	0.333917873283622	5
0.066356660834361	0.231843648152481	74
-0.108407547926565	0.619632912520436	74
-0.123913612430148	1.02506536508182	8
0.108847357216136	0.510287606970531	4
0.057545103491218	0.434820569242237	4
0.059781912319789	0.535547984440935	4
-0.042707000017389	0.268871964679625	4
-0.059117552864623	1.20186903680876	2
-0.042971604530659	1.14840308384323	225
-0.117714475323161	1.27077882975208	225
0.056626879914556	0.844210994326017	225
0.079474486061434	0.651177098990873	225
-0.098234118144064	1.65509190999063	225
0.031083388994997	1.23881379495665	225
-0.023553065114001	0.326856978786034	239
0.063041780798278	1.09692769399013	42
-0.04847863680267	0.773415243449724	29
-0.097752473493939	1.16236010171276	29
0.087085103435032	0.425657780929536	29
0.021668155330923	0.791541347114641	580
0.040444729523812	0.711285941231837	357
-0.047063589562315	0.900269944853999	357
0.042229538853841	0.754790688727506	357
0.114257930477927	0.356892455575878	47
-0.012101683072995	0.707873377472948	357
0.017664818039606	0.513938594037626	357
-0.000366203392861975	0.59706296720828	357
-0.0463318377082	0.892787792769831	357
0.040148171090795	0.54215583689104	357
-0.045262269010469	0.745402950436501	5
-0.109259873425839	1.04752664972292	5
0.107567144554338	0.479869507682796	5
0.065346310591492	0.598463602168205	5
-0.030781606095128	0.743498174561381	4
0.109644555721364	0.50481400393021	4
0.057646338351258	0.691103128093258	4
-0.091113457724994	0.73508066932075	8
0.04970889745557	0.687294827502762	250
0.045105692494019	0.70472169975659	443
-0.053740644060588	1.04158655914195	443
0.04468533958982	0.966305046443409	2
-0.00767205761501	1.21388489624945	2
-0.087423943027052	1.3104277284145	2
0.011648075407074	1.21398080613899	2
0.077055100140312	0.907636945074253	225
-0.0979573406680539	1.27769437550061	225
0.023199613958208	1.19402338178568	225
0.026841585064189	0.961206722947108	225
0.056896920272676	0.885429291376797	225
0.123144979478065	0.775922507578918	225
0.045867226816905	0.453779418771255	363
-0.058993563279045	0.582239063788713	363
0.063022419992541	0.346600778623792	363
0.066881927623386	0.317513873055379	363
-0.117977191808907	0.363726618408025	42
0.016669537787867	0.550794784342072	42
-0.104738603292008	1.01198046353258	42
0.070402753455834	0.689108603449884	42
-0.03378373536503	1.06139407733149	29
0.063464268512933	0.782365414472184	29
-0.018343019735949	0.513310182634022	29
0.05786429222252	0.388813521993685	67
0.021765091075851	0.614072031527604	29
0.079044214941537	0.495008046552889	67
0.094154208137971	0.283365984740143	47
0.057154882297763	0.508918020487398	626
-0.047251084863351	0.59766397090233	357
0.09148375172481	0.37657581421123	357
0.088777279097934	0.360195687026965	357
-0.076505459694499	0.616883201408583	357
0.089442844005574	0.404236845001369	357
0.056542997133379	0.239358615127558	43
0.096944153934809	0.26164115988671	43
-0.0357306035396719	0.338725549429346	451
0.093567828284519	0.368808295294616	5
0.00448744413435498	0.500646700243494	5
0.010781980783659	0.574271733290673	5
-0.113775269196337	0.701775758251997	5
-0.00729549242255501	0.564321954140032	8
0.045346989084916	0.444791859980611	443
0.018175808090962	0.492904089904834	443
0.108100601597447	0.484984731705386	4
-0.036872042063303	0.328905981277331	4
-0.01590973912567	0.677092847512269	2
-0.012327013085175	0.558664403300196	2
-0.123330489940678	0.938842991517595	225
-0.050584016091041	0.952289269902572	225
0.00167029563830201	0.869946016903344	225
0.049530978872609	0.721059569026116	225
-0.119771996098902	0.366988801862738	363
-0.120329647096259	0.364296719571128	239
0.066356660834361	0.231843648152481	42
-0.095936619584223	0.434648865173623	42
0.098551651955514	0.271816921040519	42
0.052759711205494	0.466932933713662	42
0.070871766063106	0.467243867797213	42
0.076281577011715	0.429576228459034	29
0.077404680573759	0.490922339780157	29
-0.096555348350128	0.422963239397522	29
0.09225834307899	0.264437357119744	67
-0.045137160456077	0.355947226533616	29
-0.00562456772310405	0.575558123616693	67
0.000912457515065024	1.6551565807044	23
0.064712423590662	0.232410814135311	65
0.038417312326482	0.303403276257661	357
0.124506130204095	0.148435324828772	127
0.102264429059774	0.538397165069327	357
-0.00440004670535099	0.799054936428577	357
0.039844089303324	0.289845323761925	357
0.121623426727867	0.364412373284261	5
0.066067728810174	0.687575934652038	5
0.022106982522687	0.570668004181738	5
-0.033121978695812	0.523448913431378	5
-0.100618100608619	1.11981386708373	4
0.00119349681891701	0.58417640648355	4
0.057977170052028	0.246553501216924	4
0.118393399807194	0.479544897399731	2
0.084441549154769	0.537871263514352	225
-0.00646829972824603	0.68227769777009	225
0.112894189033687	0.356550102194105	225
-0.063028857903366	1.1480536117514	225
0.062837480237538	0.706864255586109	225
-0.092202300335677	1.31146612755806	225
0.00241939796365398	0.706099809352762	225
0.042451870785084	0.657551252557077	106
-0.019830710029907	0.190124009670206	239
0.019107127880194	0.364410437299492	29
0.038907136185109	0.308651942557456	29
-0.115298183969885	0.569963422724728	29
0.00243364269177199	0.868753819739208	23
0.122451761788018	0.412208175495686	65
0.084241380696271	0.635534542527073	23
0.049717362430582	0.385317545480286	71
-0.0253705368878659	0.503119471639745	357
-0.047133169981379	0.685575656518856	5
-0.065646560201873	0.668032944688255	5
0.088240221087201	0.865073129904117	4
-0.022991244098285	0.493130425041619	31
-0.051799950284295	1.50734810909867	4
-0.04420105366492	1.39551699284019	4
0.098381579935143	0.592771374210459	4
0.076881207531941	0.900902729103817	4
0.030466456228598	0.346931575993952	2
-0.100782342454545	1.27513333490042	2
-0.017144143751436	1.63527127136662	2
-0.063929353033025	1.51675234447758	225
0.074098814302934	0.952538474547468	225
-0.041818151667536	1.99279423517843	225
-0.094531911645852	1.04000324482793	106
-0.025640654657362	0.327535112333935	377
-0.115090284976561	0.374739518033124	239
0.060021409900907	0.230139960234864	42
-0.028844573026292	0.403298387491917	42
0.110851524674768	0.835879637691745	42
-0.0918264664673	1.09585930086074	29
0.081918125304242	0.498472129730699	29
0.012396685512402	0.402857213071036	29
-0.10155655263511	0.622540564749577	23
-0.116255223528423	1.00896173141489	47
0.011938595242156	1.07806045096259	47
0.077147585959675	0.796102550602376	47
0.116612993799049	0.81854200671151	357
0.122057636596012	0.536064446913639	357
-0.0287294578938651	0.438464791386765	47
-0.044331434861233	0.7173207595709	357
-0.066388430560164	0.852753959147235	5
0.099483805161189	0.851238132494946	4
0.081523506792413	0.977775005194659	4
-0.0506693543963061	0.537246817281081	268
-0.067000574706511	0.816318104907123	268
-0.080431175382722	1.34119936458415	250
0.086989476482375	0.831727916362246	4
0.064585750571159	1.02172846089824	2
0.00883414320854398	0.791303336431006	2
-0.075762575672476	1.36432619457164	225
-0.00389273138468504	0.85433865135185	106
-0.015991346225517	0.493286245872401	377
0.088355517581227	0.280049854844469	377
-0.086189215444365	0.419253934680668	239
-0.111502786869974	0.508615480141291	239
0.063098284523376	0.227479479849012	42
-0.11038623960154	0.55739613583625	42
0.039651261664402	0.309007110120075	42
0.073619983567164	0.330393320226372	42
-0.02707684418241	1.34906146630452	42
0.018080702518453	1.29672276138301	42
0.065600142811523	0.596977365628291	6
0.076141127449276	0.715186639565495	29
-0.013796210471315	0.738851548166775	6
-0.003259774988564	0.990717869444519	29
0.057320229528041	0.410294814220244	29
-0.076456271963656	0.893357814608886	29
0.067814979475476	0.488654015679726	67
-0.0266045259641819	0.462408215892643	23
0.082767917581613	1.18371332965146	357
-0.0298900475763511	0.638937187934555	357
0.075980914246057	0.455254533371861	357
0.111581046004798	0.438496159475825	357
0.036072039223163	0.686042030545492	357
0.042452918149233	0.637011757062127	357
0.06512230481143	0.22403986879933	43
0.101204039193658	0.687922534107499	5
-0.046895998177517	0.846089919580313	4
0.114090819351392	0.563925747265083	4
0.072568684136336	1.01497212739881	4
-0.061527593941187	1.46985611571761	4
0.111623882525281	0.799193749978875	4
0.074928128770985	1.12485187782574	4
0.00714265805509301	0.981252850479432	2
0.083061721519591	0.830624793006653	2
0.074451622074221	1.1203001585989	225
-0.068064425789203	0.533043908273465	239
-0.098291016499053	0.427294920868258	42
0.016779156825823	0.386632602392919	42
-0.027847767426858	0.635575886631431	42
-0.089255450038583	1.89925441183148	42
0.083497597545398	1.09001187460238	42
0.024892272531656	0.7633214179596	41
0.071761278894926	0.912024356170253	41
0.114279468696167	0.911773927560496	41
0.082422582519952	0.899983626579028	41
0.121298168540956	0.492708733187752	29
-0.0145337101467951	0.365662189784272	29
0.059057876580539	0.843754776546106	67
0.006744669989662	1.49098679706835	23
0.083347412423403	0.935367534390786	357
0.037091603797586	0.93667885369213	357
0.00113577022260603	1.19483844662153	357
0.044071147803423	0.938085661405852	43
0.05116886937566	0.79326884685018	4
0.105549597408663	0.698530252823348	4
-0.106161400528891	0.832467454144654	4
0.065912282429058	1.04664992993918	4
-0.00845690394966403	0.565493867623038	250
-0.00530127953335902	1.54045101085667	4
0.080801507725275	0.80816530891113	2
0.111155968843898	0.653249636282344	2
-0.111274844474934	1.59780549836923	2
0.049394747770728	1.28121982563063	225
0.086961022839249	0.652733791065199	225
0.08461415413628	1.0797107839679	106
0.062054395490201	0.625773762563935	42
0.092149527779821	0.592420830266392	42
-0.104215051650123	1.34413063928629	42
-0.043273067164699	1.19227510692501	42
0.04364170364285	0.814932989130473	6
-0.024445187342225	1.30033659896333	41
-0.0896577134383611	1.39116244457489	41
0.00772451893592901	0.880841179764257	29
0.082241252896088	0.442881484901686	67
-0.082173787395762	1.65731194808445	23
0.10601512229086	0.699727601091211	357
-0.034889083794116	1.24134808190358	357
0.059254006544365	0.793228215363223	357
0.090713694165148	0.777608198667035	357
0.07444212975077	0.755697792763499	4
0.006702843050366	0.86015566034495	4
0.112230099920107	0.772661723366387	4
-0.095968200991064	1.33350980346096	421
0.055297953002345	0.815136544397425	4
0.077578820197933	0.780773173654954	4
0.122598370188193	0.444076127234098	2
-0.031607907534055	1.13637638643745	2
-0.073274966346209	0.513561134561006	2
0.119755820787597	0.705372340373721	2
0.058241842298036	1.04304857871869	2
0.087863221584385	0.688037952091056	42
0.011097406513021	0.886807402065797	6
0.061584758239977	0.820411571219126	42
-0.060028403792039	0.619686944832552	6
-0.00164577591347004	0.632508038275428	41
0.014460860712848	0.713064851109271	333
-0.105145941258522	0.596638665588034	67
0.015143962617809	2.38538754053475	23
0.072189655365306	0.610289284088155	357
0.087810971867498	0.814287734293684	357
-0.04576051395542	1.07841407211332	357
-0.011953791005977	0.771876684403548	357
-0.064783846923122	0.850692275933746	357
0.083656003443819	0.715599532625	357
-0.086085487990942	1.24370643584342	357
0.09569592876383	0.704419749395241	357
0.043644702887874	1.00200192464452	357
0.090007287759165	0.774169373894467	357
0.124830273662295	0.676148324536058	5
-0.066687887606344	0.880183867292602	4
-0.08099106978878	1.24715244647306	4
0.052532083159236	0.72894635025677	4
0.039310922155096	0.591510187608889	280
0.115928125107932	0.371136478262691	4
0.020667042428956	0.496884741785073	4
-0.105558584046712	1.47365181708703	4
-0.026064599478137	0.508848713030703	4
0.019702554128419	0.421647609216644	4
0.00694857664306903	0.482950355607747	4
0.081100168083587	0.823350600748522	4
-0.011857414017171	0.68425979045046	2
0.109384179729595	0.62088809118513	103
-0.027394615518912	0.991020370322109	103
-0.029572373376788	0.642321865928799	103
-0.00636631565411006	0.939479190427634	2
0.118973622633826	0.338860857449774	42
0.066510024904742	0.770492352367644	106
0.115832884724508	0.794714505302284	106
0.098727932220954	0.745745089817422	42
0.092570283949636	0.631946948477321	6
0.024177208257283	0.455071862816272	6
0.073426745577856	0.480356267619761	6
-0.122627124297395	1.25619026175596	6
-0.055232891153809	0.839780949769015	41
-0.023751741174184	0.983685645895567	41
-0.111757985870463	1.25247141538092	67
0.056821804786131	1.40201863994523	23
-0.019161478394077	1.18751887195843	23
0.101358921339975	0.861462589821553	23
0.091412927783118	0.83293157795069	23
-0.022252355470251	1.00799470615613	357
-0.088924594909465	1.335090930849	311
0.07387454138086	0.520414022170222	357
0.06405683964758	0.757626514944029	357
0.096430292154516	0.73851040996773	357
-0.092465777666898	1.1963591414619	357
-0.105867616448943	1.35332869509078	357
-0.040257101817743	0.944954959874505	357
0.040711397496042	0.906693022513429	357
0.088286357362711	0.823301652027723	357
-0.044147683612311	1.21715207390472	4
0.068559263441743	0.719926023746311	4
0.118903695082993	0.695641903266163	4
0.00317039132568397	1.05022673720618	4
0.023584119432035	0.93449708548151	4
0.00664628896574099	0.651565479545717	4
-0.022869233196339	0.836678693065352	4
-0.025779536249871	0.70833246175719	4
0.056010253881962	0.80015341155402	4
0.040182847236476	0.944627391013262	4
-0.095640824805284	0.763262911309183	280
0.119738989865302	0.818385544962236	4
0.016522624091123	0.467054982142435	4
0.075122077083388	0.829304189058519	2
0.025038883898177	0.573316341469165	2
0.085143394005931	0.44145687265417	2
-0.034122812860946	1.12181657813292	2
-0.046790756070348	1.13949318828291	2
0.124449844401869	0.136431082607279	42
0.112966028426471	0.714977853146556	42
0.013156011330903	1.01706745176634	42
-0.102438062886004	1.17761548168348	42
0.098646895480207	0.597590455015989	42
-0.09021071739945	1.06483773816244	42
-0.00823137279585395	0.793336152441672	42
0.113345327843863	0.478705484679321	42
0.050831503372072	0.631496791428228	381
0.100551825034455	0.470684066774699	6
0.00257630189199198	0.960726021588901	94
-0.073240552352531	1.3481176036616	94
0.087624497111338	0.574360543598045	94
0.070514140556203	0.678424208639837	67
0.015538502458905	1.80194329232111	23
0.041902069691662	0.787763319973344	23
0.111564709877849	0.765994059336423	23
0.080258040638218	0.954899340377586	23
0.119415559537849	0.816101092989191	23
0.052676170899693	0.970653376355474	23
-0.114862075045362	1.17699375339604	357
0.028631949676988	1.0138119368878	357
0.119058346847012	0.604378428280113	311
-0.011067928423469	0.952576817221228	357
-0.088346428996474	0.971235118339278	357
0.052101729711222	0.708483737553293	357
0.052483336698534	0.795355483311544	357
-0.011663454808126	0.75081410558318	357
0.065302931387396	0.756162002999023	449
0.12240087479556	0.657798662166587	449
0.04795564895073	0.92156159668015	357
-0.090847229455858	1.44102925745704	357
-0.00351589847729705	1.11262025591569	4
-0.016973113762686	0.948405256031815	4
0.115130345591598	0.676552434821579	4
-0.0734307070949251	0.897845662058414	4
0.057319614249698	0.564565764552092	4
0.097790176987343	0.495529762030869	4
0.022611731665519	0.888389232565741	4
-0.056841070884374	0.870220251596944	4
-0.014988009464733	1.14813220718068	4
-0.011142740605082	1.08972652752019	4
-0.062685361723163	1.2707100626942	4
0.114050122571065	0.84778588146994	4
0.094822411781506	0.818406340598832	2
-0.0544005500417321	0.974440378171728	2
-0.00869305268046105	1.17291325467115	2
-0.00987245476749199	0.963617586266533	2
0.025688887185705	0.814901252987042	103
0.119976802379672	0.724082591036442	2
-0.044503505531751	1.19202023263305	2
-0.00000289093634797677	1.12334972842565	2
-0.02818099481874	1.28335463254767	2
-0.021958397964106	0.982588801675961	2
-0.093178723150808	1.11719089595074	2
0.008709817925668	0.728788040217863	2
-0.034714764578771	1.23404561381702	103
0.029310707977745	0.6777962877041	103
0.032153210464038	1.05651876762598	42
0.039956582806858	1.06152649816571	42
-0.108204062217035	1.18349388402281	42
-0.028231841169239	0.816160451554764	42
0.019961852456265	0.826889859677909	42
0.0000976765980399974	0.592692669232111	42
-0.070774918222336	0.865201862614374	381
0.096518528475703	0.43858650413048	383
0.018890848186187	1.00276368382398	6
0.014907020726647	0.918794284178004	41
0.012717345155454	0.85773234307815	41
-0.041432981209652	1.17481314880507	41
-0.050109583018113	0.996957364702403	333
0.065851138813445	0.775484897215542	94
-0.062319129717591	1.14166303360758	94
0.030017296177462	0.484662457918063	67
-0.108294316858351	1.44034409473749	311
0.024250011187352	0.70195873535105	311
0.12250533763905	1.09749058434304	357
-0.123521725385707	0.690727676189376	357
0.120452574067311	0.603618212345414	357
-0.033016996761188	1.49105069457643	4
0.019819743737655	1.10755947688908	4
-0.034193531680796	0.491470979881291	4
0.017466174594087	0.736505472934818	4
0.071198743299687	0.709713290132867	4
0.114726727509939	0.424088801669656	4
0.091920611911751	0.68055475991326	4
0.097146785654318	0.784341788290986	4
0.045119103499277	1.03765578504404	2
0.075343865195276	0.948503612842459	103
0.083220857798204	0.970929965294369	2
-0.0357763416679801	1.18207840118388	42
-0.10842795296546	1.7334461798459	42
-0.022000473486893	0.661501881335188	106
0.094827724767406	0.359486489976414	42
0.101002007632132	0.383761325126476	42
0.037150388479141	0.697674001712548	6
0.117128586357173	0.567348073443902	6
0.00018251929652402	1.2188106008229	383
0.090497261884389	0.829954212029718	383
0.09475228962777	0.611336919259527	6
-0.062950393388593	0.963348986040905	6
0.068318006786055	0.854761449072661	41
0.099142096107577	0.779691885120949	41
0.078138568227558	0.798858555619138	41
0.117921312307003	0.593614291468207	41
0.112674920972255	0.7714418335315	333
0.00211397470636598	0.512074625500749	94
0.068750015464144	0.578817435330369	23
0.10821833417716	0.320917171652756	357
0.056522357202102	0.228999018252264	357
-0.026717673902977	0.39529853088559	357
-0.029734072808952	0.452589783906135	357
-0.091913692306147	0.646240901143034	357
-0.0255110889919981	0.713362376676092	357
0.12415125713298	0.439488265986026	357
0.124696047105676	0.212598765071589	4
-0.032361016511978	1.13024048656523	4
0.070509625513729	0.337600708720855	4
0.085045303987055	0.512433001382067	4
0.019367814104113	0.420580462987692	4
0.093990386198557	0.770571348185818	103
0.072482606253828	0.556027046627624	2
-0.0861958386021719	0.428849753025579	42
-0.029164912028965	0.333044343993699	42
-0.018371873635959	0.187149766208306	42
0.109613532308745	0.469335516288463	41
0.105366001791975	0.300794248124325	41
0.031077127645366	0.852414918431802	333
0.096996450601145	0.439162648417689	67
0.0137501923443	0.48206848811093	23
0.010496583547627	0.893659134928951	175
0.060720147717223	0.744101191451368	311
-0.114527295770275	0.568661906118296	357
0.115329658468709	0.439516660070675	357
-0.067206803393468	0.864407977119207	357
0.055651450168701	1.43629825460229	4
-0.06280445717704	1.49102955298102	208
-0.028229291052973	0.460771853362957	2
-0.034752016446977	1.52977577465684	2
0.056540061335118	0.57153086266367	2
0.043086416678517	1.03892250106345	42
0.096153378829376	0.820633364953747	42
0.053782680015794	1.00559667967273	42
-0.074660106695037	1.71942492091181	42
0.073510693335875	0.753317499663186	42
-0.029810337124075	0.332803104217798	42
-0.090483105382915	1.64823595294102	383
-0.016783835470136	1.20408740403528	269
-0.100440221179241	0.589596238134377	6
0.070660347060207	0.975289301712608	41
-0.0568672213298011	0.581339179445302	94
0.083958743596345	0.361732852332796	171
0.00925007002595502	1.3240636626102	23
0.09237785213679	0.733834546070568	23
0.032679656732494	1.05188309470375	23
0.119832223615533	0.668293616618037	23
0.107635666504678	0.851402660818689	175
0.118589791133401	0.609493685970766	311
0.081966700948187	0.654659328321905	311
-0.030519623048593	0.954008826966962	311
0.045587280432701	0.790438748209359	311
0.057695948397656	0.603405739146418	357
-0.078929152616159	1.21259877686101	357
-0.019774244645493	0.983653857709783	357
0.064794005820051	0.907673033397528	357
0.112699445524316	0.744125608579202	357
-0.032892946192403	1.09288361982889	4
-0.094039942888924	1.19693214212297	4
-0.070308185768117	0.719513015280963	4
-0.082289237021427	1.12593219510698	4
-0.00371255118507097	1.01130567842734	267
0.082638247370461	0.608420583533579	4
0.00543829602948398	0.787287868650071	4
0.04283832228876	0.890135439887223	4
0.07291748214241	0.810687669015986	4
0.124977376643181	0.675228644932195	2
-0.03728716346913	0.951419247705434	2
-0.090002472116066	1.26753013051189	2
0.044708404687903	0.61976335480202	2
-0.022170623992905	0.900773014738113	2
-0.069781660457563	0.851823508453833	2
0.019371141965769	0.964490896561923	242
0.107904852711601	0.429167001744034	2
-0.09598678930422	1.31480972479522	106
0.037613700644603	0.676349922709544	42
-0.103369590810234	0.789672367774146	42
0.042067392121899	0.64077248855844	6
-0.0237571210508371	0.550063906712478	269
-0.063883584652608	0.746935627089756	269
-0.084446545342471	1.39637387465339	6
0.00623666293192199	0.959973184823162	41
0.044445739811957	0.883300300426282	41
-0.000602873615369037	0.994392133379425	94
0.013255030136779	0.670188999317911	94
0.031916944117531	0.714919054082678	94
-0.117538281098604	1.39882233342283	94
0.03878336086917	0.809517632806819	94
0.056839892680984	1.56351801990937	23
0.093746590039893	0.910823539831416	23
0.081266715020209	0.836809076952614	23
0.092574917035325	0.840116025492229	23
-0.0554014858279011	1.11169169136807	164
-0.0100508524051111	0.673936748321221	311
0.014427545500668	0.590987988208943	311
0.023744797468423	0.686292306117899	311
0.008766843986107	0.706268811305948	311
0.034599025189355	0.807465032985879	311
-0.051785748725632	0.576417640281293	357
0.077200868574058	0.426091901847653	357
0.069604492972132	0.721066444349764	357
0.017039372281056	0.933508706992697	357
0.122490789034144	0.723453800353629	357
0.065224701181663	0.644582102091816	4
0.093293256675549	0.277189774411127	4
0.089832140902136	0.800626103909676	267
-0.012558747820488	0.736974769372473	4
0.048602541940112	0.582306908171961	4
0.071469989367571	0.651810291771134	4
-0.02145886962482	0.388011474076205	208
-0.00717689408973099	0.776416318762657	4
0.096563257724228	0.588682541706052	4
0.114337552910996	0.658818572228142	4
-0.074805750369165	0.98931404958456	417
-0.0724913118210731	0.483469051536024	170
0.038320886795855	0.637819950794488	2
0.074691106741532	0.793981403637896	2
-0.024382510361468	0.980698061725321	2
0.064690746365754	0.436759857644747	2
-0.062959636649103	0.894753583006641	242
0.092756921903403	0.595302745299781	242
-0.076858723304831	1.07097311354684	242
-0.107031246993872	1.28012436713456	242
0.120444198793662	0.488670747325396	242
-0.108442725085545	0.885176376859773	103
-0.048483013423401	1.02189696536096	42
0.00476439564404002	0.79722270605119	42
-0.055712842480796	0.911213245649712	42
0.043997792567308	0.601374598268414	42
-0.090820650421095	0.929956280896295	42
-0.089148178907278	0.832394419927032	42
0.055972602362305	0.575578929640795	6
-0.02016004633796	0.65269188266307	6
0.084371250022801	0.577916879190202	42
-0.071788522684337	0.531761411328374	269
0.088457834931854	0.375353639974996	41
0.118131817113194	0.562349989408705	94
-0.105768274959911	0.945193976556483	94
0.00319188407536097	0.958525063942211	94
-0.094022121900601	1.06532312478795	94
-0.00795656523270305	0.725381898321995	94
0.032852451842234	0.783329421137528	94
-0.00320153425116898	0.84264270167427	94
0.04717615456935	0.82450442987275	94
0.048585795244654	0.668749776043413	94
-0.000363563367741016	0.788619502251357	23
0.090043155019144	0.712395969249633	23
0.104729481242207	0.540792429999757	23
-0.062438491077729	1.11497231070534	23
-0.022761940023115	0.952541759654443	23
-0.110402993092906	0.513564125531851	262
-0.050625745625589	0.80780515136283	311
0.107724638190406	0.539214544438387	311
-0.06890107961588	0.947067123048762	311
0.021170949672111	0.671472703196662	311
0.029258893040293	0.575767372575374	311
-0.094490025346072	0.646726708662033	311
-0.046805206451027	0.766665530584532	311
-0.016130503945582	0.369895257305389	357
0.104178163930102	0.548326377136853	357
0.082546150934238	0.611827531815912	357
-0.051967102486264	0.761348301030803	253
0.077220841579638	0.49169357141843	253
-0.122043621290527	1.13620830862292	253
-0.071128603986973	0.841895336893533	4
0.11067450912573	0.466556350338722	267
0.01458288973144	0.737516422065081	267
0.054222762198611	0.440387759984172	4
0.07746756934533	0.514032488662463	4
0.012496697509895	0.794703722934179	417
-0.011159725695338	0.629090692634012	417
0.123443716545277	0.213390021281719	417
-0.057489479873361	0.793768400500816	4
0.077975860906895	0.448873907274821	4
0.122258198889457	0.152548393717724	4
0.096260042019155	0.281670757041192	170
0.044303223845105	0.642410014620523	2
-0.114039520713985	0.840890628974114	103
-0.06541206477829	0.530251747398307	103
-0.041550763954204	0.772736068157236	242
0.00810429684881703	0.897937571346498	242
0.063494582114197	0.517174793479445	242
-0.115206015462786	0.76018025967706	242
0.000297982864667978	0.703008826399753	103
0.060672670774938	0.346066801503467	103
0.122258198889457	0.152548393717724	103
0.046304150610514	0.219246910418783	42
0.062440294194849	0.582951150992747	42
0.068285395883216	0.529856594053723	42
0.083498194015679	0.526389468407893	42
-0.111170321547084	0.714276270323802	42
-0.00875766899154595	0.633344007988852	42
-0.021807733128169	0.706205792105262	94
-0.051155895728047	0.604136712297741	94
0.051127261588587	0.515035400722662	94
0.031436013360812	1.58103802298476	23
0.014821694114137	0.871274101260653	23
0.00162504962110599	1.26689961354571	262
0.012344691653361	0.898539099784035	262
-0.045216654181107	1.20308957343886	311
0.078903503522827	0.739896207472512	311
-0.032785082463447	1.05312296994905	311
0.12137018113533	0.729883791926526	311
-0.00776936201827105	0.557103903562789	311
0.075240752798703	0.621891432299871	311
-0.095699495052159	1.03246674774077	311
0.082195128026347	0.640541430368254	357
-0.0963054728034211	1.21472211737024	357
0.07963311811162	0.802374416425684	357
-0.02246039747038	1.30270939675919	357
-0.064193682549201	1.29058930641881	253
-0.119553908330314	0.842835355267636	253
-0.070451624038122	0.857785739529012	253
0.07141215810568	0.642703618813721	253
0.025193811240351	0.651574643047563	253
0.07950343592837	0.858910865752038	253
0.029058951580393	0.853179085031584	4
0.099007408512165	0.755566036642663	267
-0.0203234240782409	0.881645421118407	4
0.097926282284371	0.622394975889905	4
0.036521188025485	0.710879184638882	208
0.048531394665984	0.760707707138891	4
-0.120288134473049	1.04516600823439	417
-0.00988374711756101	0.89414032850325	417
-0.061241375669413	1.12994503699256	417
0.00202059466028998	0.905206753086393	417
-0.034732809440944	0.712042276825389	417
0.08285463031162	0.681511067589727	4
-0.0256770828203	1.31144005228405	4
0.02113493705585	1.09031051364063	4
-0.115949912523297	1.69289014990821	2
0.06012802224832	0.849132363484748	2
-0.00156786188731395	0.961590620215496	2
0.101036540155053	0.706678231543409	2
0.094899247985374	0.700381355097397	2
0.066056280478178	1.04620883793038	242
-0.027783249571574	1.13306922936476	242
0.032481785804498	1.01631093656223	242
-0.057649721227407	1.32268805601561	103
-0.012398512553385	1.14462619122232	42
0.069368005484488	0.900350560490665	42
0.088927626872867	0.824847620045659	42
0.124596719984896	0.54383078137201	42
-0.044963763690579	0.728813566925711	42
0.10119515073414	0.469105510574391	42
0.019792562138723	0.70388941784489	42
0.010018847452745	0.563766571063284	42
0.076725942416119	0.52164203340457	6
-0.0459383054336801	0.914773181048915	42
-0.082994202376115	1.09127855916951	42
0.099533325603873	0.599206614190095	6
-0.09599202179192	1.27352920150874	41
0.090661797931499	0.763558736573575	94
0.100293635283222	0.604252019767315	94
0.094411299305035	0.832115478309247	94
-0.085526635938685	1.16410161466199	94
0.08199353217993	0.633562900500159	94
-0.0491821691122351	0.789366228755523	94
-0.00516462689136998	0.846170911686352	94
-0.037252236519713	0.861163767210409	94
-0.05917590850772	1.23310230464077	94
0.00629956191146303	0.899395388903945	38
-0.057798757534494	0.723908167849414	38
0.017072168992593	1.46169914541296	23
0.099614452283905	0.39556796249827	23
0.112483571673853	0.312544609296396	23
0.081087081511445	0.514267296126615	262
0.04807288972034	1.22567563987929	262
-0.0929581370190951	0.433600611197681	311
0.059979413087613	0.397378089230914	357
0.107447943991496	0.526521343461231	357
-0.026626729577571	0.312987316143457	253
-0.033897261246072	1.03618698883153	253
-0.027829651401895	0.459175019658235	253
0.018412637629494	0.918543284051062	4
0.00510715653079702	1.10457444004663	4
0.01816975423963	0.426928242960644	4
0.014332684283349	1.4127546979041	4
-0.037156393724596	1.52858877494311	4
0.000233959622549018	1.36079046503452	4
0.006338166220132	0.475339085215918	267
0.094010033339756	0.759208124724703	4
0.039786446047262	1.15787405642589	208
0.10436143766638	0.9695369798817	20
-0.082189003879411	2.02078017229368	4
-0.060174001884062	1.97619395067685	4
0.045191836518473	1.25061657611285	2
0.07023103939327	1.04734241031064	2
0.073752419355536	0.937709453327261	103
-0.075587662178474	1.70050549696598	42
-0.119089294745217	0.369248433802204	42
0.057385829155745	0.234901081952225	42
-0.090651797036667	0.437691679017366	42
0.016948645642781	1.48674993078079	42
-0.077259416464338	2.26036987854711	42
0.08846566059043	0.496669195819367	42
0.093267432732318	0.37334021678484	42
-0.064083008215852	0.528201888191788	41
-0.051692860423202	1.03804938422471	41
-0.061313419302199	0.714591134382269	94
-0.059874646595717	1.39625330096144	94
-0.00902458285666696	1.23419345819211	94
-0.049048508901502	0.832283162140211	94
0.021657966787709	0.683606667052319	38
-0.062020421475419	1.57414140992664	262
0.047628939951912	1.14629112505039	262
0.111070506405518	0.986661960455305	311
-0.092915277538446	0.7784583049539	311
0.118420297952761	0.661014442427927	357
0.018611949754912	1.06008251075351	357
0.101223831539238	0.89097116137247	357
-0.062349803680206	0.657740341469403	253
0.025475089433438	0.697028512603298	253
-0.021764540872888	0.817677015568545	4
-0.102011054175314	1.38455945300532	208
0.019732705129443	0.655424437133786	417
-0.071816942828825	1.07247678654234	417
0.06619487861204	0.633952004677897	417
0.00805976425727101	0.828648028217973	20
0.062516879839557	0.808587013128701	4
0.101205385314925	0.733299116245106	4
0.013187590726022	1.18908468366443	2
0.092229147021465	0.888113567662039	2
-0.037576881653706	1.48555307455313	2
0.113248427090247	0.91579749901867	103
-0.02354750572688	1.33493037566344	103
0.105934285396498	0.973994414907437	103
0.070804549324719	1.15975438215777	103
0.03896061334598	1.00007874335618	42
-0.109882348635859	2.1815842320851	42
-0.065119544038427	1.21555240755706	42
0.07737546925432	0.523520623817857	42
-0.010944415278469	0.530395426027391	42
0.049021814804798	0.670428833401907	42
-0.032892054811962	1.27441901534815	41
0.046738423539396	1.00196394052869	38
0.051637970618694	1.0038142930928	94
-0.062779100358523	1.27134948137763	94
0.004377267649048	1.01436589988309	94
0.122486911035468	0.468935010651599	38
0.111403496454646	0.70953621362097	38
-0.046321148127592	0.809017598137732	38
0.075115904671422	1.0029978693495	262
-0.100222840623631	1.40383032015846	175
0.039190534628125	0.599244582239026	175
-0.024712286401137	1.03337891478865	357
0.039526071550145	0.977667779990286	357
-0.044238849884349	1.24450559866103	357
0.100532394922034	0.637568883972047	58
0.02857038764972	0.750972138497477	58
-0.070882536812897	1.5291960697777	4
-0.108847223700723	1.34914260793107	4
0.023473697181225	0.981395661897693	4
0.100445037616593	0.490885194157242	208
0.063569558133378	1.02474673302682	417
-0.050985388070461	1.18989054409501	417
0.101183784120892	0.47995528121788	417
-0.040638538400824	1.19563576329078	4
0.103547395280405	0.542188973193191	20
0.107146983901111	1.01278295082921	4
0.0697643458526	0.999519308375873	4
0.07284192907793	0.860330067954393	2
0.019008371838487	1.12558893709851	2
-0.037548893436799	1.507066325605	242
0.08502288134817	0.672899981643282	103
0.06520720557133	0.861550701530836	42
0.018312980761653	1.57482243244409	42
-0.028023039649789	0.897918146268218	42
-0.048274122163174	0.959207225163459	42
0.058974493179322	0.7169940144096	42
-0.058260007790475	1.45959079581336	38
0.037698492767553	1.18109051472174	38
0.020000029970094	0.762285984703564	38
-0.093606963895559	1.57483010988521	38
0.081408029209794	0.466318994195004	175
0.02736463579725	0.768396201042917	175
-0.047606914266116	0.619389656696897	440
0.080306736464162	0.486353034914547	175
0.040681730252373	0.30128893340537	175
-0.048044106355098	0.522105696146119	357
0.098323173432858	0.564128534852025	357
0.087180707438721	0.690560800534757	357
0.064131892855972	0.238004330680621	58
-0.078379157526255	0.491531799733901	174
-0.110326366895096	0.958889610753167	58
-0.043454249634605	0.744153501257986	4
0.048707837425124	0.620187702556332	4
-0.090422728285164	0.77404987898008	4
0.058632437100398	0.46114453426769	20
-0.041313868243323	0.792810724094839	4
-0.00323504991308798	0.743775562766307	4
-0.00304337420469503	1.17829960037025	4
0.057211447110051	0.369613592535398	4
0.04623208167238	0.824676198293909	2
0.053720487349994	1.22454287015193	242
0.092985720584041	1.4224377060749	103
-0.064349798764908	1.41091741772386	42
0.061558171044222	1.16370868485927	42
-0.115501731936665	0.352978413829863	42
-0.032386946503251	0.267091584090863	42
-0.032092819033908	0.280259928752435	42
0.084509428087379	1.26660098046361	42
0.058969982656862	1.0815891006602	42
0.085261870143697	0.886560458178276	38
-0.041296317320125	1.18142859098851	38
-0.029413645325468	0.919367176216323	38
0.069606879739763	0.545246204655828	38
0.109584919376807	0.400893366679717	38
0.075159040110687	0.485825927444051	38
-0.00800478170669805	0.624684756243526	38
0.123163006988515	0.75276675725021	175
0.00718814888742197	1.54948357118363	175
0.075403869294825	0.848732487540391	440
0.098471966576452	0.470496783939709	175
-0.060155004455574	0.722156114120584	175
-0.052453104403559	0.899028977380559	357
0.103261962535705	0.553345613393328	357
-0.076128476363359	1.1489207566102	357
0.079305404079655	0.90980683781334	357
-0.106187727149696	1.24567210590526	357
0.00613381958835502	0.845024339242298	357
-0.065016455988403	1.38131082346836	357
-0.027845358248747	1.26650003142623	357
0.06617054542016	0.358724803564743	58
0.113804941068488	0.68671199178683	174
0.053392592118489	0.803351864489738	174
-0.082244580520788	0.867750249181373	58
0.02480832151552	0.845006554574041	208
0.034341434488847	0.641059508276244	208
-0.04486128655047	0.758577564041144	208
0.044669366744257	0.874945873924709	4
0.101945625946978	0.731045260256065	103
0.082619910047114	1.26797891318155	103
0.108154596596887	0.899402879593939	103
-0.111330318282358	1.09862781795801	103
0.041947925266855	0.998759283539056	103
0.089169617764584	1.0768979025666	103
-0.013187859414925	1.51600699930776	103
-0.043269673567832	1.76268434309147	42
-0.005287473752975	1.07492678311119	42
-0.116498251920001	0.572713321765937	42
-0.049781916029491	0.562581433931494	42
-0.0544867160934131	0.890533969231272	42
0.002345374570696	1.14264152647192	38
0.00893822405630201	1.2129515064982	38
-0.088710357964124	1.26364531663962	38
-0.047419744743207	1.20822687369442	38
-0.00255463306737602	1.11895452373475	38
-0.0827348798768151	1.57265116848953	38
0.030524430680443	0.881630706897097	38
0.110164302385187	0.597787643399523	38
0.106070206541747	0.672312218811595	175
0.107660821258442	0.620258787010866	58
0.087225245827577	0.630398938835458	174
0.084416467129427	0.721347099275222	208
0.026778165680057	0.72001349308493	208
-0.024616729896385	1.00882279684075	208
0.017801879745131	1.1840208690329	208
-0.042636827149512	0.691933590689835	208
0.09205924780494	0.830726087166382	20
0.116755916813661	0.564240078374079	4
-0.019847529011617	1.4064652572694	4
0.106914143680405	0.770683714532929	103
0.022770015933498	1.28876156308255	103
0.089783675074983	0.529146273625262	103
-0.119807875693255	1.15820765422132	103
0.032617667000054	0.74488534089505	42
0.000236567774375973	0.792016707000243	42
0.116304927704103	0.465049540417955	42
-0.081219767767701	0.840538516757994	42
-0.105274186531429	0.908634623271639	42
-0.023018725965447	0.867695441905133	42
0.099012648944755	0.634941213119256	672
0.114559201321987	0.682820751319936	38
-0.101946544518409	1.40166191141331	38
-0.116873221433481	0.740739056803652	38
0.06578521423806	0.958985168199795	440
0.107754942382217	0.932232280700886	440
-0.106947054118537	1.84878398726101	357
0.081588930368418	0.998939208716927	357
-0.061593481623112	1.6026369671913	357
0.094412519025732	0.590688913994767	357
-0.096661615602575	0.70596840007345	4
0.040685142785966	1.11149891876024	4
0.01478608104243	0.674222680443368	208
0.120935191055139	0.355306505448469	208
-0.0243829213725	0.456617839796853	20
0.113366254217571	0.901104585204038	20
0.00556316364639697	0.807854603447459	4
-0.050875009738124	1.4196141071793	4
-0.019890657441061	1.07155584433527	103
0.073680480557312	0.562419347424745	103
-0.020177753596882	0.734321801449517	103
0.027238647871891	0.364323067540652	103
0.093982104874518	0.622499998271499	103
0.065155400346295	0.852704091768175	42
0.090278205611906	0.597412609617139	42
0.077759624282099	0.731570010151206	42
-0.034548124149462	0.843433176342813	42
-0.096479846712068	1.01555374371202	38
0.055929865717946	0.691836110167076	38
-0.049871740218738	1.12356692264031	38
0.061873203329773	1.01822183262395	38
0.112172300387536	0.629253436704437	38
0.059859051306278	1.33386201827768	26
-0.066670902461259	1.22966064180891	440
0.107071424704186	0.787090201439763	440
-0.014248362208206	1.30186848665934	440
0.117303341391531	0.822573727091721	174
0.056865718325941	1.08782141276304	357
0.050835583302371	1.08302017583678	357
0.042068139820622	0.885266704376998	174
0.123999115495009	0.716065908249302	174
0.110265591018223	0.675206155206493	208
0.046498359332167	0.984791835775015	208
0.104199406158978	0.694194998729387	208
0.056955539974422	0.647609478733193	208
-0.069313660446386	1.3954003638113	208
-0.00490016128025606	0.675121358326649	689
0.05684658710829	0.874208618012702	689
0.094825832415319	0.633193887500371	689
0.044444659745502	0.737976172234506	20
0.113159542215384	0.72995634907005	4
-0.00225098799184897	1.12657522734148	4
-0.052207273882505	0.814417423243694	4
0.025614454160841	1.13026756953925	2
0.0927179187941	0.528546886482866	2
-0.033647052227891	1.37322489255552	103
0.049749020304581	0.475582693266796	103
-0.014789401740933	0.938112296879707	42
-0.068087555112778	0.800392210077648	42
-0.029677746578479	0.652789975326704	42
0.108292019332531	0.518321407745665	6
-0.00378154405463804	1.03619255895745	38
0.067537327620229	0.833446516247625	38
0.084518710953373	0.788898858903015	38
0.048823283427257	1.05945073611007	175
0.00212613055194499	1.69408934008429	26
0.079182434569521	0.808746985702881	440
-0.055672748680007	1.04188475961151	440
0.044540334677421	0.900586990817024	440
-0.056259272500829	0.904571564508475	175
0.113876353268379	0.783879107558936	357
0.013017706722434	0.918417588905221	58
0.020119916078417	0.837937982644881	4
-0.012215692591697	1.08301417517494	4
0.030311264415094	0.798989114542352	4
-0.052022217294252	1.1985579135886	208
0.102190536696316	0.736264977363126	208
-0.0203841516148801	0.864201007224278	208
-0.020341770219507	0.839485412151588	208
0.123481778942386	0.544441694003307	689
-0.040900735143067	1.09073721851743	689
0.013602437704403	1.00570495716332	4
0.066299659558868	0.986226386235557	4
0.103699187023342	0.435610712307534	4
0.045415486110201	0.948246677004508	2
-0.043347036660588	0.989360832508041	2
0.016970145057172	1.07117543765908	103
0.025421762867083	0.577712624651711	42
-0.071889440772324	0.675189597513619	42
0.067821860103936	0.749611606977969	42
-0.025930970318551	1.09699029738047	42
-0.0338042252348451	1.05120723741439	42
0.061543151796511	0.859059592837552	672
-0.031001064158472	1.03538482037869	38
0.107056103845698	0.745238966056047	38
-0.00960149053498105	0.578740743434913	38
0.036576717773872	0.442365130805038	38
-0.00533781220410201	0.730110362713995	38
-0.0947311575140301	1.19514605465525	38
0.115140196989824	0.972748657961233	26
0.055554942996003	1.11366516279963	26
-0.055368179421428	1.40439947845129	440
0.078145060210874	0.927011717357688	440
0.00511217853861101	0.633500442102272	175
0.042807608573316	0.966629597768413	174
-0.045023371694618	1.32386255788957	357
0.07858665941057	0.449943073505849	357
-0.014251891759576	1.03779842056284	4
0.036464334686919	0.962976715106459	208
0.033137893209715	0.938814949858138	208
-0.035266352574764	0.801762895131809	208
0.123958313771844	0.664107431754576	208
0.040206941337408	0.847714249597015	4
-0.028935197129102	1.07263818710252	2
0.059283908083609	0.82954958036925	103
-0.02542409779354	0.864773032628018	103
0.108640076310421	0.571021272653724	200
-0.058059898110672	0.881277987432139	103
0.122063064027001	0.720372651797054	103
-0.075764384445284	0.625890519205471	42
-0.0789177190365949	0.64331267399804	42
0.02371933335222	0.499163248796286	42
-0.069859028234769	0.64948741434764	42
-0.031918400178237	0.478277427772332	42
0.087474737123104	0.665240904668232	42
-0.102556092101656	1.30672654424915	672
0.097469097957044	0.749168703724103	38
0.04161753033782	0.615463469920157	38
0.116616221081936	0.354616701807777	38
0.12044854526374	0.900497581132211	440
-0.09318271096389	1.69784584480265	440
0.1222363723797	0.653929965706299	175
-0.068731459262998	1.14949882331829	175
0.120527760818984	0.733873209806129	357
0.099211036700123	0.773961583145401	357
0.102037998568135	0.555376547196419	174
0.11221898649922	0.757877128869486	174
0.070641635159419	0.890084403730884	174
-0.038745832840464	0.813386444981832	4
0.027092312725444	0.932602256057618	208
-0.067544886890868	1.00994946780786	208
-0.072700363597084	1.61213129463408	208
0.015285848970699	0.672021475711839	20
0.099386272364507	0.691508372181114	689
0.059257417240416	1.04300443614768	20
0.039895824395717	1.13824644781777	103
0.057205933646264	1.01671270168563	103
0.100594543780042	0.772421127591313	103
0.085346674430179	0.792684772984451	103
0.049669987080994	1.03039338704094	103
0.065915325025433	0.612649141856434	200
0.026205043392049	1.04459818777443	103
0.053281971400743	0.667714550530832	42
0.031028501095555	0.685731429444633	42
-0.0501374716908251	0.826338822888519	42
0.122954359402706	0.705263712148697	42
0.039984740532061	1.05789362105072	42
0.123652067802463	0.787553667236872	38
-0.065374635416553	0.984875427009737	38
0.045110273137909	0.836579512753961	38
-0.06176113283508	2.17430799781558	440
-0.0742528239402081	1.40081755857897	357
0.029380733237546	1.51949120153942	174
-0.056250825763088	1.04745481013543	174
0.00820064244058	1.48471031241452	174
-0.109251171091266	1.85934154808982	174
0.064396723077318	0.868277887731244	4
0.087382749016404	0.755888082100026	208
0.08739734646277	0.948435763315702	208
0.107251042076974	0.311540969472201	208
0.0857673959738	0.645988814398153	689
0.00722709054206599	0.742400127444802	103
-0.023468543534596	0.635961323192508	103
0.014848067766637	0.761069624415949	103
0.119939895096362	1.00098372222629	103
-0.071548833125033	1.10661746987078	103
0.00450432249902499	0.771998720627118	103
-0.03295554964485	0.51198148074	103
0.090665209379727	0.968246922091977	42
0.117902528898658	0.776515391593573	42
0.087869431278879	0.406063629224248	672
0.016337763014566	0.487170897284603	672
0.111670191699496	0.391700233806357	672
0.09637932475051	0.503783025434917	38
0.036075753840475	0.837697776075689	38
0.07646722251082	1.03023631211387	38
0.055753201334213	1.26068988465045	38
0.103282426902293	1.53260504709442	26
0.074114335259712	1.67385277168749	26
-0.050734160900239	2.28593436726227	26
-0.0550439848387661	2.08097763306256	26
0.09936905713515	0.984447070698276	440
0.105399713896234	0.950177832149497	440
-0.028180949693839	1.22520296632922	174
0.123390179003073	0.794636589198083	174
0.082909580351893	0.853883201548482	4
-0.005231132026288	0.821509559335257	4
0.111076141596624	0.625826898269519	208
0.112562050394784	0.45495210152313	208
-0.02280000377431	0.554518960972264	208
0.115306012491272	0.741001678465405	208
-0.073952053565789	1.3558741909755	208
-0.087081020126208	1.32015932605574	103
0.05749941525463	1.00292616358202	103
0.110236678021593	0.446565833781491	103
0.00727504456439199	0.941417361974896	103
0.027163427382768	0.541692388803286	103
0.123116646050533	0.348007124813198	103
0.010433300538677	0.415237537582861	103
0.092087772134432	0.525371354356502	42
0.109493842953148	0.554322121359814	38
0.020046196412495	0.760861868492427	38
0.076437436302645	0.779859070451501	38
-0.047202110786566	1.06515520116087	38
-0.014944145814544	0.643719920907165	21
0.042728357636373	1.89711344792815	26
0.00959486572067297	1.73867983604794	26
0.053497445166218	0.971671575318186	175
0.089998783325755	0.732008420315901	175
0.069744327960636	0.74189566638693	174
-0.00207742445688697	0.72299301956541	208
-0.049886631422975	1.08274424620234	208
-0.051836921572887	1.25388807245466	4
0.000758272475840982	0.786269415653948	103
0.044607600226681	0.834289509945766	42
-0.013421661216525	0.857733513111096	6
0.053550162783261	0.786005984143948	38
0.078106741571192	0.785176614583256	38
0.032729189938188	1.52651321000217	26
0.060252736974258	1.386090592595	26
0.043775781019292	1.77599022515869	26
0.122089119991699	0.94259872775044	26
0.00955430688978598	0.963401020607331	440
-0.03032157415319	1.43694704738232	175
0.045783398629111	0.645679126011985	174
0.06565242289619	0.543227704750301	174
0.0000628976382159863	0.913573961701415	44
0.082906400702146	0.664585551338566	208
0.02193649189842	0.864822230544643	4
-0.062348222945525	1.08991214780477	103
0.052797088637299	0.752371102860729	103
-0.11439330605705	1.37006833668001	103
0.035937024026967	0.583005847042858	103
-0.090271534231003	1.03342431321859	42
-0.057434380893011	0.70399734421507	42
0.109299953699644	0.588207547090105	38
0.092995780246796	1.2053680095415	26
0.022980104179646	0.796289329859916	175
0.000385817488443019	0.876743420705776	174
0.091293079843489	0.781481189816214	174
-0.041439542903209	1.03408341337298	4
0.04642518380608	0.833460811409451	208
0.041426347974088	0.622147648094728	346
-0.013301756515025	0.838419945210967	20
0.115660856445868	0.469954089090686	4
0.053106326087995	0.432524726433535	103
-0.102184181185451	0.701459999289986	103
0.11951121712256	0.758151089260283	103
-0.106549185842815	1.40336117732594	42
0.120150419260472	0.490263702693561	38
0.098500543000478	0.584278900047667	38
0.041963732017371	0.503100554802041	21
-0.01802567194312	0.647824403331822	21
-0.06664449049393	2.23991747239872	26
0.037002379728732	1.36466080261114	26
0.035751572331888	0.900845879668828	175
-0.023831951710786	0.890672345312812	175
0.08467628570696	0.566221670202661	208
-0.104583033283818	1.02722533324677	208
0.013475643285443	0.868130812812428	208
-0.091958591807258	1.35391802668945	208
-0.099361104302472	1.07344603696827	346
0.114500004873201	0.491207661349037	4
-0.081995760507496	0.913834040296411	20
-0.089427732064519	0.739920708921605	4
-0.094945684639688	0.998968224829617	104
-0.055885064690097	0.791464148125773	103
0.093165560041711	0.553092775873483	103
-0.00323195638976703	0.790880309924704	103
-0.084322009952044	1.11142618945331	103
0.095514930943008	0.753125717053685	42
-0.095527759575797	0.789498841310253	38
-0.092396108988534	1.17741881270517	58
-0.00548783755707805	0.574975355250063	217
0.083789261751081	0.378302391689779	217
0.090251866815241	0.463696078566111	208
0.104831495230117	0.50636520931327	4
-0.057721243051078	0.824549171859769	104
0.05079053843406	0.586563729324348	104
0.05345594623892	0.827190842902998	103
-0.064651265871695	0.531009979768759	103
0.108232772965606	0.45328635899057	103
-0.096720202013029	0.99927731228477	556
0.121991978593694	0.255835593745003	103
-0.098445322126752	0.413886035325961	228
0.104703587256589	0.395907022357853	38
0.02920735075985	0.665558858473642	38
0.09019075023072	0.77282521676328	174
-0.032193383606705	0.662993323189692	4
-0.0164395077905311	0.416959993129758	217
0.070930000724106	0.318736075379274	346
-0.031202487295294	0.321166478338483	103
-0.058371134458585	0.696768816495492	104
-0.088290025237061	0.778029441531285	556
0.043926082911811	0.303771619071694	228
0.092500319976626	0.637690450515345	103
0.04132593694137	0.307458498412265	284
0.067042977787988	0.351592834621898	285
-0.017902393909339	1.14225945579694	27
-0.066950675616851	0.771329024198048	175
0.050843082125197	0.544677664194342	175
-0.034464192537238	0.447552022474911	217
-0.098722900281885	1.31925108759268	20
-0.11823683806682	0.563319595079401	346
0.104459197738141	0.539504185310019	4
0.093724542637128	0.520967878139846	4
0.048907453928344	0.447696766118932	103
-0.036932139163836	0.722570747374762	104
0.097946097931857	0.481233754149767	556
0.029708064891602	0.665076882070132	197
-0.033062793130742	0.406553653225903	401
-0.025578106369447	0.3345490322711	228
-0.025247782664271	0.993777037300725	103
0.024991936510788	1.25836833694543	103
0.113984679831164	0.545831504311738	21
0.111175436302929	0.66598899716003	12
0.07352800426582	0.811649704992074	12
-0.054890621437893	0.722762986780969	21
0.050775026394409	1.59304583478665	27
-0.092358387052242	1.46208029369664	27
-0.082655817261112	1.02192569101293	27
-0.029095369146814	0.96604905565916	27
-0.107288880142723	1.94628183036838	27
0.033655386472418	1.28517705959019	27
0.109210710155223	0.927275427777539	175
0.073727672915507	0.772323026969879	174
-0.000641904208377953	1.18122178587066	174
-0.0965732384404	0.894050626038578	217
0.019334830594597	0.834714059299661	20
0.04115674494107	0.806566802599077	20
0.02380219548488	0.417665469534086	20
0.110886765637856	0.684023388711946	103
-0.026674654438741	0.473340188693298	104
0.078161663644112	0.376618573447142	401
-0.04628681416356	0.61458038740157	401
0.056350201858901	0.231209569095941	401
-0.037390005727878	0.310832825374433	401
0.032703553268311	0.311798819155077	401
0.04794108865021	0.633050132372667	590
0.074053553093505	0.331000466642211	38
-0.113062207084879	0.662386205905935	38
0.00828408284203402	2.25765518596459	27
-0.027043141356364	2.30337629531182	27
0.017179719841859	1.14205361758965	27
-0.0793230471897211	0.803029091283958	175
0.041668094885193	1.01915671904814	174
0.030975657181024	0.82714703883761	174
0.050653445825905	0.897904961941258	4
0.046857943261648	0.77006539691247	346
-0.0658496763983421	0.534150507176329	346
0.081686976447022	0.27904821557411	4
-0.056708862139273	0.780151695928063	104
-0.00778029062345098	0.50659431440445	284
-0.061618079014372	1.17322902702457	12
-0.073303108735279	0.530595553317583	201
-0.119739874261802	0.556992654363347	201
0.122431795063368	1.18883073217288	27
0.058219823543707	1.41373980605747	27
-0.0495474671770511	0.913340942520074	217
0.093910108877711	0.525254764042329	217
0.123545295718566	0.56623713595029	217
0.00618486709096799	0.692954804852761	217
0.093951922660185	0.695241327352328	4
0.090977605317961	0.703467761299962	190
0.120125275110345	0.622856570048711	104
0.058690834122037	0.579438823438127	197
0.088502228668172	0.921880690678599	103
0.091235528073292	0.868180022348837	103
0.00296992023711201	0.944885211926274	21
-0.062488101572197	1.21225897763046	284
0.058182110914161	0.878246917958448	55
0.055269296507167	0.521799694276272	201
0.010990684733289	1.28354536745213	175
0.051009718043785	1.03448269108504	601
0.075764770527536	0.870937373654255	4
-0.025336129013473	1.03348263759023	217
0.024269682946107	0.858361899460633	217
-0.093068004994887	1.47784411212742	20
0.113794721730019	0.44536023262499	4
-0.029765288618543	0.871179097581139	19
0.123718124600485	0.614923305659976	38
0.077602495668147	0.92901066770404	27
0.036300220082339	0.87255769277515	4
-0.086131645782228	1.02702973554465	4
0.02515787438608	0.980720805747307	20
0.089781635061297	0.679817741530638	4
-0.045215991865399	0.754828394795304	4
0.041410354345338	0.862291000387154	4
-0.007784691250599	0.573808388305356	190
-0.0269348740588921	0.993071880722937	248
0.074247936775214	0.341157463659473	19
-0.119771996098902	0.366988801862738	19
-0.101352473003863	1.39259142116111	542
-0.06064739306203	0.569875991647978	55
-0.031976898095971	0.348336992526739	55
0.066352587030956	0.728876234017867	201
0.044897233027353	0.425899712805477	201
-0.044564820416325	1.73942586055905	27
0.040900684176776	0.59081292082945	44
0.067006736197914	1.08634010886078	44
-0.080963197189329	0.47995792758416	44
0.032127218590068	1.09267881381094	20
0.046155500101069	0.710010152641369	4
0.075903125517113	0.485616289315146	190
-0.030684216462367	0.326117129531859	542
0.117728849775944	0.71527540534965	542
0.105039360438412	0.692438450295149	21
0.111897268082963	0.871886381626143	12
-0.033146779637349	0.981653803733532	12
0.096796371930703	0.422415141940887	201
-0.0571033189247691	2.12244330223581	27
-0.000264410208672961	1.6272055346438	175
0.08251074761919	0.610280891436773	175
0.09915704901285	0.364039788429063	4
0.012692648463316	0.82976801566628	44
0.038252636047634	1.05726726288155	324
0.095103068162639	0.365883918437961	4
0.077355792717634	0.560690387149705	248
0.109584919376807	0.400893366679717	197
-0.079888906514012	0.466112738130765	19
0.107148862532051	0.589011319011388	542
0.105284779948708	0.56349200543643	542
0.12295388023409	0.900662234732645	103
0.083644486954201	0.946387162616966	21
0.112721851833156	0.388867353494541	55
0.114187270419522	0.62346707545687	21
0.04536041437293	0.743421759326528	12
-0.026717771230244	0.832747466345495	4
0.044331346833894	0.750848236008511	4
0.086232449620164	0.558612720831615	44
0.044575012868535	1.06768360855196	324
0.097644924515017	0.309861525742169	721
0.032376335803506	0.689569680499828	4
-0.00807310202227396	0.932595865283034	4
-0.059711502345743	0.702544599872473	190
0.083885839332881	0.43283479110068	19
-0.030475766963209	0.263322114472205	542
0.088793594119285	0.489374736460328	12
0.069169488439265	0.577609657629817	12
0.047355523865178	0.720090866418089	12
0.0928749145048	0.882688679428389	175
0.085619035551834	0.960806357956374	27
0.101703575787502	0.430308954381754	324
0.060305281170283	0.891502573211239	324
0.035044056048076	1.0198275325975	324
0.076133501050227	0.890503481539442	324
-0.03068706377673	0.343680992216894	721
0.063490751362752	0.806036982139191	4
-0.079107252305977	1.33705094088634	190
-0.053715929375079	0.776953979061288	190
-0.00849426798381003	0.632961952121456	248
-0.022432975922472	0.380144709077954	248
0.05880581316717	0.878027891406374	103
0.08901908256558	0.764402083578915	21
0.115744267668109	0.644960715343074	66
0.104512301157261	0.469587922251567	12
-0.00404021445263802	0.832521568412889	12
0.122477841753551	0.752599013006623	12
0.118553597479035	0.495088591785724	12
-0.083859967362873	0.497312973339635	12
-0.093251177506365	1.35869762660515	27
0.011447550419024	1.34551085085743	27
-0.0199506509965059	1.34980433471371	27
-0.00759606460014295	1.0644505538433	4
0.122341695314363	0.642214592985365	4
0.120822426938089	0.646144260985964	19
0.012272402494227	0.612520045785564	19
0.049098587764229	0.84010934400368	103
0.080606316801686	0.440538468422252	66
-0.071355920750747	0.780015746947378	66
0.079037834418217	0.721016027044662	66
-0.108743428604665	1.5614527299003	66
0.016755263087635	0.960311959995465	12
0.048776442867113	1.13532317046753	12
-0.032170783782471	1.23326610844887	12
0.010395120732009	0.881818342138612	12
0.100286266289792	0.910329452155998	27
0.100897224498043	1.0502293545716	27
0.030082699161603	1.05321336744508	27
-0.009248627062312	1.51445406126172	27
0.048171151694399	1.10863089027881	27
-0.04372798616309	1.71554177422239	645
0.122547689589143	0.491698634431883	645
-0.074901628353243	1.59411839575397	27
-0.001017745201642	0.964329357897688	44
0.039179113791959	0.649078753134313	4
-0.036242045213208	0.917517718415966	324
-0.103882923819142	1.27527377916481	324
0.031537571936925	0.721246648064517	324
-0.00750804737469002	0.785684630207562	4
-0.026564011970505	1.18946934422136	4
0.067843839679316	1.01735424541454	248
0.04463122821589	0.609723616923565	19
0.082186503964911	0.530796757991651	19
0.045089868271282	1.07968951965892	103
-0.069622913366131	0.926726825270737	66
-0.051401784896561	0.733797789255956	66
-0.10182849358586	0.994656728685002	66
0.040615666849512	0.657684948254889	66
-0.075981652277221	1.05810735611642	66
-0.116204243909718	1.03125815845608	66
-0.00131526630789003	0.76673637529714	66
0.002748579225541	1.12868710615024	3
-0.039597598346321	0.974724777608862	12
-0.040690623353603	1.18697616593851	12
0.108875501530433	0.592209112539679	12
-0.031052872975479	0.838955285117898	12
0.022711999358215	0.948676376220408	12
-0.054139517683062	1.15948594748534	12
0.042209982774979	1.13411018841843	12
0.039420148117885	0.974724401998743	12
0.116916710714196	1.53103434396237	27
0.07165757544018	0.93916375080474	175
-0.028321141975606	1.44049799580817	27
-0.108437343533861	1.80197313067921	27
0.117426766809266	1.00770954390954	645
0.045218345509971	1.27880274353262	645
0.112769344731361	0.928627903752287	645
-0.044673452876503	1.14866175198081	645
-0.00155463303888703	0.847584367163225	645
-0.0178598841545869	0.80651673841461	645
0.088781188541249	0.624292198206265	27
-0.019340150513437	1.30505892991218	44
-0.095411512288726	1.51557665570452	44
-0.066671740971311	1.00150790963501	324
0.018165801996976	0.879505538187273	324
0.041647819437123	1.00085292507102	324
0.010802687136207	1.23169808542717	4
-0.01473469505993	0.878916648826828	4
-0.02633920591374	1.02418818554963	4
0.115744026814592	0.97325990495237	4
-0.019816127481062	0.807954102156032	4
-0.124866948932095	1.62785233874577	4
0.108667940175196	0.750514747130622	19
-0.016448136605396	1.03703816099901	248
0.045989705737491	0.972757630555188	248
0.043119550722797	0.877474181477317	103
0.092478010682404	0.478294650413825	66
0.012836170541247	0.611802133596538	66
-0.015429642698196	1.05050580240157	12
-0.080906241603699	1.09131936264727	12
-0.109983585308082	1.35936547571699	12
-0.023446992684015	0.996665085821864	12
0.060004173955486	0.732182493773355	12
-0.00753172872987296	1.04888313010223	12
-0.045821803270431	1.21759299595266	12
0.078049634224322	0.87987047901727	12
0.114061822008863	0.59912063223234	12
-0.084427063678522	1.00915545364143	645
0.086952908014056	0.899407232054077	645
0.038032446380542	1.52548487089794	645
0.066793003032343	0.34933060181392	645
0.076377628984535	0.46395390972241	27
0.117509645339218	0.568962843777049	44
-0.124411587323149	1.72763096960794	4
0.096056127538583	0.72329088895953	4
-0.0682749460980791	0.883142648140532	4
0.098284932600246	0.696555404383048	4
-0.118351059421156	0.582014589530896	4
-0.04208665271075	1.38927818201022	103
-0.032340832923823	0.337939655489442	66
0.088826353682479	0.267169581393694	66
0.085572805049507	0.796599229376093	12
0.079491838620973	0.413675833106882	12
0.00649556784122601	0.479907654491984	12
0.091604478509775	0.712482459173899	12
0.06685237359532	0.556862463795583	12
0.015828141937029	0.560262486254917	27
0.020583084363441	0.787452241884393	27
-0.102952532351422	0.898394992170857	645
-0.020527781336706	1.25174403872529	645
-0.072067685164031	0.464544802735862	27
0.00968871323047199	0.780865764095139	44
-0.089564595641362	0.718423743880192	44
-0.062168321823597	1.22842791939579	44
0.079013206002932	0.599738908043102	44
0.103362291874773	0.684523648401502	4
0.045731873041408	0.387476554762173	4
0.041799669190226	0.575350696414921	4
-0.054897726559901	1.03255962954434	4
-0.01055445612503	0.892055763287517	4
0.120033611789802	0.506719827046699	4
0.077965960992866	0.546900042915675	4
0.120119986555345	0.737839351407869	4
0.037971766642078	0.490865012705596	4
0.090574417275957	0.804691249739658	4
-0.013155329452607	1.0025979029042	19
0.054515135346725	0.47677386257605	248
-0.075481496088478	1.29656256547917	103
0.109108482925827	0.319108403142317	66
0.041817172705516	0.307483220857172	66
0.00300645120219401	0.635208429083895	66
0.122529077121066	0.546423213939085	12
-0.027167512269808	0.492928006508489	12
-0.032062748318989	0.77962949455322	12
0.041852778671226	0.950588975730008	27
0.103421012401688	0.520045130416758	27
0.015788968737936	0.647503457930585	44
-0.00610514995281397	1.05100727483043	450
0.045495567611483	0.611909004532389	450
-0.079329540336742	0.802345549051103	4
0.112212726100193	0.602065895839533	4
0.050579572700745	0.458416276491552	66
-0.049137909701915	0.559561247564772	66
0.028567117889017	0.531390605459098	3
0.073410898923452	0.337507659569805	66
0.015086391299789	0.552269283678279	66
-0.090262315509489	0.711278843951533	66
0.020133598689864	0.544399422760537	66
0.061394907298554	0.683852919668745	3
-0.00328269371524503	0.594707178206647	3
0.11544780552578	0.603513448827111	12
0.034469231443027	0.70357685724015	12
-0.122221382331256	1.00075416952167	308
-0.0500957371101191	1.04838694745833	308
-0.080896985373133	0.78384214468939	12
-0.006963772144715	1.07259553575542	27
0.103787036185229	0.853643905859842	27
0.107552602523731	0.635292441663797	450
-0.0877141958062721	1.12663987906988	450
0.015194090136122	0.814595031438025	450
0.086252679508729	0.659459058489753	4
0.018612625996189	0.791907914012388	4
0.118878493778119	0.44588138123546	4
0.109557543568386	0.532922406172124	4
-0.116665744733995	1.20886375600507	4
0.00893990033451297	0.67776560669221	4
0.068453716642157	0.813754073684829	4
0.087012106927338	0.804895807327557	4
-0.00475804927121704	0.870598598099554	4
0.090890732202609	0.725236523361999	248
0.061676914557639	0.823935977155616	248
0.048182814955369	0.59876660099247	19
-0.049398743205666	0.56534655656695	66
-0.05402015931627	0.548361969212922	66
-0.08047955663284	0.813943061868975	3
0.106565555011551	0.663540245433467	12
0.053840152325447	0.657067545013418	12
0.043166302641749	0.877449567592445	12
0.015270891792419	0.807932549741942	12
0.061151973534609	1.00900969213641	27
-0.00315643565051504	1.05633097264753	27
0.058597589235385	0.962563064852949	27
0.071179857197899	0.680713204349733	27
0.012583704835855	0.543402695856144	27
-0.10200982157396	1.00127404517403	27
0.012718784537949	0.837171522038802	27
-0.122703898138885	1.0354514357204	450
-0.0129728414831251	0.747317149730078	450
0.108200499827711	0.559621012765894	4
0.038928267090431	0.720935353346196	4
0.046721695555296	0.796001194306675	4
-0.00572957202580504	0.914105671387754	248
0.011283024009873	1.00960352501953	248
0.05121013843132	0.570411147355003	248
-0.098523161384125	1.16538130393503	248
-0.0964074768619439	0.838253446274108	19
-0.053976983394284	0.925977286257866	103
-0.00297456758926795	1.10416304791986	66
0.107151633920741	0.585614677293835	66
-0.07643797428377	0.69314569162161	66
0.013929612371586	0.765241484432538	66
-0.0196364500423331	0.973314383526264	12
0.111112609479265	0.619072399532008	12
-0.042757045346018	0.900536977659658	12
-0.113707611207276	0.959208639263045	12
-0.0000667617291539857	0.634122288273169	308
0.089229587974223	0.500637838452405	308
-0.035688598713109	0.64628152006155	308
0.088295298818195	0.664353866956002	308
-0.02774684845951	0.757013273191877	12
0.002301122039299	2.11189273554408	119
0.052334845303281	1.16406269203724	27
0.092389237270271	1.01001248287543	27
0.017478246115532	1.18723281854346	27
-0.122236853895813	1.91624857078621	27
0.032943162611872	1.10724934742005	27
0.034068087181399	0.468414651086162	27
-0.034184366119982	0.721086185721764	27
0.036571834428209	0.684843132037354	27
0.043721158172622	1.05147018213279	27
0.017133051381296	0.960892293150045	44
0.067216975433152	0.849481842408855	44
0.106943772412772	0.693676970297791	44
0.038184184598446	0.831615803826952	450
0.00782444954866202	0.906465342486658	595
0.115978088418338	0.529365281646146	4
-0.075519321463373	1.3354539742324	19
0.095998402570204	0.821985699472708	4
0.117917614445701	0.542533306606554	4
-0.122135387487247	1.12698885366992	4
0.057926326765515	0.840427173053305	248
0.098483355671429	0.780884793886662	248
-0.062591089425562	1.14781332546763	248
0.059798175808158	0.678488253140117	66
0.122397672460433	0.491380274564381	66
-0.062538278466183	0.709259800353309	66
0.052308768509155	0.517919630556257	66
-0.0394379827399149	0.560968570789703	66
-0.045253066092467	0.751438724282486	66
0.018683068187845	0.739855773267807	66
0.057942595554374	0.642804984223542	66
0.094949181099918	0.768556503976631	66
0.049142498933872	0.74383416561064	3
0.082111747000834	0.742380834699552	3
0.049260975399846	0.917836582824991	3
-0.111343089551316	1.24052301778819	12
0.123223381674667	0.606151561305668	12
-0.022158934078702	1.04891036024372	308
-0.108403726833848	1.18719752286596	12
-0.104897941389736	1.37938145059904	12
0.081965868954568	1.28242971156443	27
-0.029413309479599	1.85103236857265	27
-0.097698625583761	1.88416875357355	27
0.068474594692796	1.10034069228945	27
0.093126500141549	0.36765088028708	186
0.101808099033959	0.753377624430954	450
0.014452056718776	1.18574348099705	595
-0.021107068411073	0.858434485846719	4
-0.022242968551377	1.04735335383718	4
0.052010702137072	1.05379441092204	248
0.00737421922992998	0.957206586037902	248
0.114285781313367	0.72651954605302	66
-0.105290214721184	1.24569975939868	66
-0.054825362561467	0.873961542198755	66
0.103012509965658	0.54123569326166	3
0.102926919338402	0.884890948382828	3
-0.031017811464396	0.941678156912878	308
0.067182264423461	1.03787793270191	12
-0.085144610691348	1.88988792417752	27
0.084182179466717	1.1719102595794	27
-0.00537118272102299	1.15167075989022	27
0.025780112465708	1.22767410035242	27
0.048906983676927	1.05935080257393	44
0.043649660392794	0.525482754376769	186
-0.082384799962663	0.954569828819221	186
-0.0585128927102599	1.25027272924124	186
-0.031345701566297	1.23738428448528	595
-0.0752550344501171	0.720474482269686	19
0.039357057997375	0.70006600154184	4
-0.116405910068225	0.755762455914348	19
0.054805833843782	0.490300946048066	19
0.013010253530329	1.06784516789924	4
0.064136399321331	0.608150731593193	4
-0.056837016180364	1.13661213681153	248
0.101384057808511	0.46678988316019	19
0.058456840598036	0.51704411620206	66
-0.00927841305129096	0.994012050335989	66
0.09834008376977	0.490991634308433	3
0.05634343818419	0.811406489506825	12
-0.099977625322621	1.50332867366334	12
0.094787075772602	0.70372691625715	12
0.109119930816896	0.321360423601683	12
0.105145828527988	0.673851622909569	27
0.017877796104396	1.46197218292964	27
0.096562534363146	0.654019052746579	27
0.117173363401571	0.564585635961416	44
0.063186560788805	0.317933155610767	595
-0.015665190553921	1.10206243107829	595
0.077105971290665	0.80575737519263	4
-0.020501061803422	0.668932061743254	4
0.120327192727069	0.687406980232795	4
0.096626947007742	0.439456940963381	19
0.050383386233478	0.48838045468101	19
-0.0830909458593601	1.17042889356548	66
-0.025880873512233	0.788864407406361	3
-0.104874393279971	1.07113092093237	3
0.050645449587691	0.853035240488159	12
-0.0579304730833941	0.583636996015276	186
0.047717050470539	0.441995646749289	186
0.096624270073953	0.765073412386029	4
0.012328251330336	1.01242922464502	19
-0.121410536544262	0.378915167415218	25
0.00355843723076199	0.822487436443112	4
0.030911745630473	0.648228413950758	4
0.086833729753161	1.02343878278419	4
0.092787173994768	0.798501723285153	19
-0.06253332820591	0.98768672056627	248
0.00637618622830999	0.717927921327017	19
-0.035862786417511	0.446512882918404	509
0.05101926538302	0.401593745073059	509
0.037792599228546	0.67156655840915	12
0.042115725675925	0.710874885538665	12
-0.019941840758497	1.03237362861745	10
-0.117494078255945	1.07701372078416	10
0.11052043077701	0.688296281670051	10
0.11718935871315	0.708398482425868	10
-0.018567742912921	1.22256833646616	27
0.046938962037306	1.47015395187807	27
-0.056573161128275	0.706450741684812	4
-0.093834338422228	0.41972930115392	19
0.020827269864878	0.838150398054689	4
-0.00159526282588895	1.19792947177019	4
-0.029221225444942	0.64380389593972	91
0.088843539172029	0.815046801934951	19
0.079151773827911	0.926722021758162	19
-0.114203189628037	1.0567453486453	19
-0.042901857219434	0.909291367336717	19
0.091380461633316	0.286008996190476	66
0.080845509826074	0.612055601478232	3
0.077878246260541	0.410358055333397	3
0.08456692875433	0.813396782545831	12
0.038945355634134	0.895789634084962	12
0.112018241162786	1.62378909064517	27
0.091378387460261	0.641201322873946	44
-0.014060193900019	1.27364312237681	44
0.119877196686873	0.745118324236455	44
-0.094957791493636	0.881913690838447	595
0.082362512422495	0.637823439801882	25
0.124034219800769	0.589401987588717	25
0.068619017367531	0.898257544728521	4
-0.116031959839855	1.17269449064406	19
0.085750063870731	0.560566106381247	19
0.029077124200318	1.13994246912766	19
-0.00542917724025605	1.19957408939969	66
0.113513267330084	0.312412514675106	3
0.094167748562985	0.319314693746019	3
0.048819357970751	0.452760860002177	3
-0.083767079585107	1.22046358974669	3
0.062185212131794	1.04334868461372	3
0.05539855438865	0.884213856926996	12
0.00667828056439501	1.25707288936587	10
0.029584166478825	0.558899028248922	10
0.094825253493906	0.471941722941808	10
-0.0231264499207901	1.2249765771002	10
0.037862634543243	0.865361905197598	12
0.00944308294749802	1.93484192331469	80
0.048459082194975	1.37645021217875	27
0.00529513304317097	1.82796633526576	27
-0.105014576735485	2.24551358182228	27
-0.058233455718016	1.04687212353986	186
-0.038136403621756	0.595486282848164	44
0.017564814559741	0.709023747092007	595
-0.118930041988453	1.30001827158646	595
-0.021788491443601	0.968277630348169	595
0.02402773851146	0.636612215093116	91
0.060967290974547	0.379810988705947	66
0.00202290293813401	0.869208114014073	3
0.024516916328545	0.776296142844723	3
-0.113149093537389	0.957136532598497	3
-0.095050211465713	0.43605981434548	3
0.100461093700372	0.823154008973919	12
0.121724014652369	1.27479174702905	80
-0.000216366888558972	1.88433576672455	27
-0.00576591927942105	1.97582632337803	27
0.118078528185093	1.15510459401908	27
-0.00484655319516003	1.23992978441741	27
0.104800312603914	0.990595949447904	129
-0.076947432530491	1.39685571348171	129
0.091466677562417	0.617514312103136	186
0.107695606102606	0.68169266800122	595
0.051466292131494	0.440281500957456	25
-0.046290409221514	0.613982876848578	25
-0.027746641515667	0.329975477642897	620
-0.079582748864617	0.517662495756402	620
0.094639804513054	0.283211524161339	66
0.108241371280491	0.811319792874208	3
-0.058943102688836	1.39267317855964	3
-0.032957431075879	0.905332368828763	12
-0.002154667758128	0.826213303991066	12
-0.054550062873674	0.534955057342439	3
0.104470043177519	0.459374873556385	12
0.083973620082534	0.64241942841913	10
0.010108883059059	1.05009083932561	10
0.0442412989209	0.982253646044182	12
0.114508446177836	0.829203484629695	12
0.065805013419949	0.373886081808898	12
0.031003814477839	2.38399847993919	80
0.112347159706822	1.58958316651342	80
0.114808433449846	0.978623015384383	80
0.081617088632051	0.882941502066092	80
0.026684026049566	1.74664305539295	27
-0.042762116487435	1.39101470120771	25
-0.0291981070170561	0.385418275063527	620
-0.0203327759231871	0.579541887398713	4
-0.080790856276185	0.495762772276106	91
-0.034300251887874	0.267570270194944	66
-0.10770107460028	1.27111981831236	12
0.060297462341432	0.796939255434589	12
0.024756674730694	0.372504881344348	3
0.112173236389379	0.315502630650633	12
0.017139157177145	0.39735988381873	12
0.034479456882883	0.550191372638594	12
0.074175935185184	0.604967381247279	12
-0.093715195470502	0.995337166401147	12
0.014843333835076	0.364213617117785	12
-0.016556170003168	0.906814904741405	12
0.040284739289924	0.638215905865658	12
0.057545755427558	0.814934763696628	12
0.033929228268692	0.6042604307423	12
0.042308587881159	0.30080687604343	129
0.030765688212306	0.750033666417644	25
-0.096939935786395	0.685881279676072	25
0.039107959739465	0.30203222776908	620
-0.036889535228209	0.598518282941249	91
-0.0222083052657031	0.450119111146589	131
-0.11811922911651	0.388519773699985	131
0.068385328851817	1.12326030916189	66
-0.032682569697197	1.29466378002747	3
0.089686269333792	0.505567041994954	3
-0.063615854751404	1.01502642671327	10
-0.024317828266517	1.1485521359364	10
0.095351414576587	0.601379468362556	12
0.105525985641886	0.518303313950886	44
-0.084124088396817	1.04535273841807	83
-0.088024388521981	0.632195639795055	25
0.092834486412752	0.583716881614048	19
0.091977462974549	0.502691673592337	91
0.061446554502219	0.235483456085944	66
0.00342304586689901	0.703162639559497	66
0.113653195143419	0.52051223341245	66
0.114183207962329	1.08481415603959	120
0.06956904685222	0.552998492163306	173
0.059276464146616	0.683372376576335	173
0.087090159093883	0.58273533677799	173
0.036996798741109	0.679190818685752	83
-0.051624100413408	0.930953602089945	25
-0.072447262586695	0.842269474570023	25
0.020072499855363	0.425780575451281	25
-0.025692009793336	0.251250822923811	620
0.05368079298229	0.554467168667691	19
0.108714724129464	0.458680854051841	91
-0.035368802752985	0.443345682213075	91
-0.120295527706709	0.759544744561538	131
-0.01985066092537	0.344183375201386	131
0.034456299760462	0.592426174942295	66
0.039153346344343	0.675371336497444	66
0.075318153814033	0.733208747038565	12
-0.025649178256799	0.331215011671572	243
-0.078620646194361	0.896092599943024	12
0.059900210263724	1.13743145811573	10
0.102366343888131	0.934682412694504	10
0.052718379056906	0.557679178513502	173
0.040972415136328	0.620409861572812	83
0.034286377921708	0.797736299579642	83
0.113034257600583	0.641207443981062	83
-0.041202611015925	0.670349136622533	25
0.057903825661337	0.558114152975886	90
-0.023766085712402	0.300968615833786	620
-0.119358273487868	0.387623358477918	131
0.048282393788247	0.561652358247941	279
0.056159703625966	0.565705458916116	12
-0.0938528171793001	2.01415603047798	27
0.016101688265564	1.44377325914321	27
0.021420832017335	1.16401561703741	27
0.00926127646779301	0.748625680982788	44
0.080099466840992	0.501066451471983	173
-0.076627248241368	0.487450400736963	83
0.093724375260454	0.275800957937384	83
0.096666214132369	0.648551531741076	83
0.011945297753517	0.715691485460441	19
0.12020038867405	0.355471640287946	91
0.110777331387469	0.306938491934812	91
0.092348690221471	0.373805853828138	91
0.076097682823486	0.523046953893557	19
0.065671477542584	0.795219665515022	19
-0.026742475042257	0.450576897963358	243
-0.044495359093165	0.51190289449363	12
0.121625459570241	0.574799833781989	12
-0.080207037186555	1.35733224765572	10
0.072197245203466	2.3048263044375	27
0.1138669239035	1.03012368046105	27
-0.015652742173778	0.675742906072264	129
0.121631485444235	0.336805452085148	129
-0.045489601183678	0.742509382727289	44
0.096817251067319	0.353102622999655	83
-0.058834857696495	0.645260381189118	25
0.067615900667881	0.578820106361278	91
-0.025469743696483	0.453536900842357	131
0.105839745233798	0.316226800966999	131
0.115106702527882	0.570810581595889	131
0.090929911658966	0.575054107401145	12
0.06341434232851	0.695677926943158	12
0.00660455018677802	0.695552374798218	12
-0.124485818112165	0.906226950944859	12
0.10214846328648	0.41581333393754	12
0.04071274257192	0.646193982627129	12
0.124959110802171	0.547894321105395	12
-0.0134244014570331	0.734325658261466	12
0.022112396136823	0.738419092472896	12
-0.090725775177131	0.929930160805893	10
0.043500013244349	0.502764998087964	10
0.013532878398288	0.543996033256609	10
0.098056322508485	2.47092767909157	27
0.096632583703403	1.37068775530484	27
-0.105035196594992	0.746425997165123	129
-0.100612825412919	0.829253836674191	83
-0.00837607241958305	0.572916879316964	83
-0.032425388628751	1.02117813265946	83
0.081541739260633	0.715750781012408	25
0.075231600464092	0.663593210777622	19
-0.124166703466228	0.684836157015936	19
0.0400709828426	0.719440495011053	19
0.110626852203368	0.59260906587783	131
0.091219281918266	0.310277913077881	131
0.070743576434266	0.685352566886372	12
0.078435684668849	0.557012468073395	12
-0.019762869567844	0.763238509988737	12
-0.04341957749894	1.17771083228977	10
-0.006615818128759	1.24452552043367	44
-0.111794533392935	0.551961736637123	25
0.00643497525856601	0.968509810618487	83
0.084505132638915	0.891955327915625	25
0.085710406132702	0.406730772771042	25
-0.04524702933984	0.681727601179986	25
0.06605856455089	0.521876220306263	91
0.026108749301104	0.765232580277232	19
-0.029031506309476	0.345273245984471	131
0.12268053944162	0.559078683801535	131
0.087489340006913	0.378465316297733	12
-0.020897593288616	0.792392536463251	12
0.090534329482597	0.595657217481595	12
0.063773231277497	0.663050473663624	10
0.112433287542511	0.908334307414701	44
0.091762357354659	0.464020101026614	25
-0.122205779365218	1.16283121457542	25
0.116616221081936	0.354616701807777	25
0.07347686738209	0.623574192353111	25
0.019461978415908	0.993703901935553	91
0.099575632477364	0.704207822365116	19
-0.012851289050783	0.5705695965772	131
-0.0778612979608601	0.726408044925751	131
0.112890589677283	0.386719375848255	131
-0.091055254362486	1.2138622476344	131
0.12077100436389	0.821105286101714	131
-0.078523809444238	0.893137474758543	12
0.017175491303136	0.917835266263938	12
0.104934546301375	0.808363823401256	44
-0.065073003761279	1.27512010722912	44
0.047927962970694	0.939703114409219	44
0.11852212089763	0.668101072044278	44
-0.039386623835161	0.759011543316601	25
0.067873575013025	0.661858105362734	25
0.025877698909477	0.735552792597468	25
-0.109739280926392	1.38796142459844	25
0.066665930222896	0.620948396809069	25
-0.00809028533633105	1.02673416273248	91
0.051899644017254	0.52384412984294	91
0.015957576178869	0.976397284464922	131
0.108358498898419	0.484381035143744	131
0.062963604836443	0.511428216358972	131
0.061723511416828	0.571592785835173	131
0.108931348988468	0.558148071656714	131
-0.037727970987903	0.87484376221627	12
-0.011003612422509	0.742451066171907	367
-0.116830492092453	1.31854886854999	12
0.073756614845612	0.81752451138768	10
-0.105171227903585	0.969892934371824	10
-0.016320470905736	1.4132816394074	27
0.094998735607135	1.23921223793373	27
-0.00947425733401297	0.526718521614337	27
0.063155433614955	0.990671017584821	25
0.060444368195294	0.710086712099826	25
-0.071405996868147	1.15079490404681	91
0.013569694914812	0.412885482196271	91
0.057583473798241	0.544544126645611	131
0.100824632622567	0.94619264549335	131
0.012695512364326	0.523656723334341	131
0.081254835456909	0.572551917980842	12
0.076713659120932	1.08211104925191	12
0.010054734386412	0.884698196852063	12
0.06155067606328	0.557678610821495	12
0.11634980682698	0.495479240517121	10
0.046559567884564	1.37538679806553	27
-0.00693889708278095	1.19915022294078	44
-0.028413742995114	1.01408313320597	44
-0.05015071399493	0.853576506328825	44
0.123697583781949	0.735248025576955	44
0.049794617981289	0.68711166346137	25
0.096621421035755	0.82672873199945	25
-0.000317966890547972	0.608386084470758	25
-0.020165492984472	0.977347212786792	91
-0.058418537942225	0.699271701016675	91
0.06840496519101	1.0505350805163	91
0.055324605019966	0.782838782190267	131
0.093170452856659	0.933015853430632	131
-0.093444007433402	0.564210625453286	131
0.04887909719173	0.396240729031016	131
0.098627849406454	0.37383383777718	131
0.030495961613882	0.775338174807273	12
-0.00207363207198696	0.698053291323295	12
-0.093195031925544	0.778597513911538	12
-0.066491223116299	0.574462533841533	367
0.066551415398375	0.755015726786538	12
0.110692941219067	2.16815171827189	27
0.039375209303396	2.27210544437488	27
0.100555396009912	1.80067570900529	27
0.078373338148165	2.41954719722282	27
-0.115105776360026	2.16119016114274	27
0.023930401926	1.79220790133099	27
0.065386239821767	0.670384159693325	44
-0.053669320694886	0.903657415052548	25
-0.019594021032417	0.809174594151642	25
-0.0435847229758149	0.833158085171852	25
0.088677752546507	0.530477337373713	25
-0.018537570058493	0.917617345318858	91
0.113983674255666	0.71291620326816	391
0.044068157655723	0.680300717398165	19
0.034950451846095	0.618959254955699	19
0.01690490657736	0.623989899883126	19
0.055984813672679	0.834497857963173	131
0.077928051384466	0.423054632811142	131
-0.01806036660896	0.498277356267484	131
0.093009120474052	0.895628433625822	12
-0.07371627434922	0.863151519759358	12
0.086046756415831	0.519565035960875	12
0.108744862764749	0.450086343308529	12
0.111795669682559	0.6740300359041	12
0.120063021087477	0.487142175090258	10
0.120163613599114	0.465161389817865	10
0.099862492063106	0.690101093614082	25
-0.103646373625278	0.902982001245556	25
0.104010024637329	0.78706236230326	25
0.124523018068029	0.67287787114277	181
0.00976844547781702	1.08117639169526	91
0.110078207815969	0.645619534523014	91
-0.065961191509836	0.848041050431937	19
0.040091949588144	0.907813671283687	19
-0.085021593369166	0.68672767235322	19
-0.0640830226792251	0.751320683061186	19
0.108040305062913	0.395677157900043	131
-0.11383042045978	0.569159604044717	131
0.061174973039269	0.544428028115648	131
-0.108711642047985	1.03099839002935	12
0.110922099923579	0.603983032420975	12
-0.047094769512722	0.520941668226789	12
0.082107252271964	0.721057025251247	218
-0.012479331263123	0.921958556597771	10
0.010710222773851	0.818308078588771	10
0.100108073691336	0.350813454224258	10
-0.097445290286582	0.869546608293507	181
0.020107294649306	0.770944726000523	391
-0.057616465409243	1.10094293492843	391
-0.027243863138149	0.966135741260774	19
0.027528827113465	0.966031274232032	131
-0.080049654694114	0.629396071649918	131
0.047578972264876	0.283236932044576	131
0.097940919709667	0.81999510611018	131
-0.00971358501728803	0.919843581825807	131
0.083529860776122	0.509911073419814	12
0.110465242063617	0.693697039810769	12
0.103317007623444	0.697010957108894	10
0.00768083947390702	0.79838282205686	44
-0.018935386980659	0.650682322851952	25
0.114324567810323	0.307936598313429	25
0.099188748597024	0.312713047760401	25
0.016872267998211	1.00287189827644	25
0.03046520250551	1.05209963297384	25
0.00593885301360397	1.36977413551417	112
-0.111955615408847	0.69839726347685	19
0.063446304504394	0.336744468540627	131
0.072030190456127	0.806846393872716	131
0.054036253843975	0.753896528870507	131
-0.024389936327448	1.10631030915905	131
-0.082567549852607	0.744169981710701	12
0.108309668989494	0.417439648972999	12
-0.00745494576504202	1.06741867051266	12
0.059784618900398	1.08040788183441	12
-0.0345067268334039	1.16735584526437	12
0.064687525398476	1.14912247188328	25
0.076602498253013	0.881552448072062	44
0.103519816016067	0.524057038346547	25
0.033601807793957	0.945737555867266	25
0.049047719935552	0.754779193059044	25
-0.084191253413367	0.807240423121893	25
0.062385529806805	0.920776407862709	19
0.116234319695746	0.679725347867678	391
-0.051568181962748	0.786512404892154	19
-0.094424546934163	0.428746821531291	131
0.092687706912286	0.614103911317701	131
0.026053414829738	0.372303370275958	12
0.0502851300202	0.394116531925145	218
0.06627531869893	0.637744129385647	12
0.10534194715971	0.53671969066996	12
0.00954657614700699	0.780652359638955	12
0.077408444274676	0.714045811201697	12
-0.106807910073139	1.25742073568944	25
0.117268020715143	0.752822928427468	25
0.117602495807613	0.877267775216411	25
0.00101879248056802	0.854379714355328	25
-0.00745233223567798	0.828673372259053	19
-0.0923171524276269	1.47586081250515	131
0.034692217448629	0.58893234927131	131
0.077093757642545	0.334695540639572	131
0.107724700833142	0.400319112329953	131
0.016574642686161	0.78679906437606	12
0.111189012680232	0.458542148665306	10
-0.057063596975607	0.77757416577594	25
0.107310848563323	0.490844143890319	25
-0.00623888611995105	0.844257484196761	25
-0.108937671182489	1.4880812387672	25
0.089149448691152	0.399235415866983	181
0.015789991119426	0.532417877633598	112
-0.038421806151232	1.22842539398727	112
-0.029555120099212	0.621003037792518	131
0.121367677700269	0.489655699546542	131
-0.115704144097384	0.692925699587961	131
0.094811592212534	0.554792990883121	481
0.032620906962495	0.702533194242156	481
0.068174404527407	0.817459621384795	12
0.036179490750091	0.747983338574009	25
-0.00711182031737501	0.866502690275057	25
0.109731894975092	0.59048665018974	181
-0.113761188139624	1.09109658137929	25
0.061882025396322	0.54485292083019	131
0.107107185266075	0.838111225376291	131
0.057964879056017	0.426381448771481	481
0.054669993758504	0.433422404244034	481
-0.075272146672572	0.462817218155487	131
-0.105147813128853	0.711016306324838	45
-0.112524438295522	0.848664679761367	110
-0.051459598766173	0.852383531092617	12
-0.080847966280225	1.27800279110724	25
0.016635256391554	1.14044333373749	181
-0.067959724497789	0.605477565224062	181
-0.044834334214533	1.15500125840401	25
0.010739500785249	0.741245940143854	131
0.087641709610486	0.878746036412147	131
0.012137204123431	0.742528168950839	131
0.0840319465228	0.933444334378036	131
-0.00328653364054299	1.23230614464284	131
0.100682142811073	0.527560899243168	110
-0.065037224230359	1.30877436021569	12
0.066034715514363	1.08552095666624	10
0.117030106957885	0.513936103116866	10
0.039396056681063	1.42163671378859	25
0.015809748615954	0.880134612418233	25
0.102637821160499	0.47981194189675	25
0.120673648830959	0.760764788168747	181
0.074690409980307	1.04773872201265	181
-0.076111204197023	1.54840071007017	181
-0.083989633007283	0.692697434301228	181
-0.054423817618899	1.79540198591113	112
0.071586444318899	0.924421750157072	131
-0.049498007153846	0.700204886824299	131
-0.0993472784063471	0.794684773461739	131
0.098142469437686	0.662987355137422	131
0.04114997399688	0.90426689039923	12
0.082029032590674	0.668262215868414	12
0.043136260153869	1.02007950005141	12
0.039306028548018	1.04505011585654	12
0.088084998701098	0.83472183398791	10
0.122418527593844	0.434180804027525	10
0.109492345216598	0.732359933224813	25
-0.101100494505524	1.12977551255707	25
-0.115419701776199	0.969855762525118	25
0.075039289448328	0.851304069087812	181
0.030576935805776	1.12825966132387	181
0.075100310472069	0.459975796638485	25
0.017559514083638	1.14522751310365	112
0.118311648171887	0.70775614887807	62
-0.035009610524909	1.26718194944756	131
0.055921919097603	0.933695832896172	131
0.096244554259529	0.74370494129217	131
0.00630545221985301	0.697748827199186	131
0.120502692895295	0.414734791181394	131
-0.074932173981802	1.09919992021789	131
0.124362073393818	0.648357423793685	12
0.044002720398594	0.625334589033786	12
-0.095775813620025	0.722904840235342	12
-0.010598253743634	1.08386183473292	12
0.018741382069657	0.900956258836855	12
-0.071663063136033	1.42407189775327	12
0.120513056917511	1.35511237492432	25
-0.019054250710864	0.485935258165337	25
0.042837223315123	0.623593058852225	25
0.072879771603474	0.981782880796763	25
0.012069997204469	1.5602960511497	25
-0.064380174370721	1.1968231185883	25
0.076976286931806	0.41988793125927	25
0.116146821033505	0.855504121469143	181
-0.0111400808833531	1.41746057010293	181
0.037593909597254	1.37833504755833	181
0.041138386513846	0.587811693571963	181
0.057199465643714	0.675289462892575	25
0.015795700432911	0.453533766837069	25
0.100891617222064	0.494024364270895	112
0.054942578015573	0.620342132743602	62
-0.015402175343433	0.697277836082533	131
0.078017123120994	0.541950224503028	131
-0.0959326099133681	1.59889606070394	131
-0.032977896076717	1.3761102737087	131
0.041777163879227	0.452848022037113	131
0.04921885112883	0.388033862826661	131
-0.00794498544706002	0.527085778315739	131
0.018034326804902	1.15203318546178	131
0.10313257440936	0.708503075566423	131
-0.00893539968427004	0.726058807414535	12
0.072299551188677	0.453311337385434	12
0.027983319418634	1.10512254877032	12
0.061139625281482	0.938104841876636	10
-0.021038478729265	1.95897728912433	25
0.084176281029479	1.43220426400612	25
0.073770237887506	0.935854433662167	25
0.021452851390835	1.27767544684868	25
0.062741076810756	1.03990686891755	25
-0.091544892917756	1.45362804491986	181
-0.024335502517733	1.4385852260394	181
0.083333242711392	0.554606236720086	25
0.021103227610596	1.09939936730314	25
0.104973258293711	0.859510446007787	112
-0.018236958465999	1.1610865775336	131
0.076445101307859	0.958968928185542	131
0.00905458872325199	1.06687086080416	131
0.07828429960854	0.607052328740853	131
-0.0270654967710851	0.923380583023938	131
0.00342304586689901	0.703162639559497	131
-0.01780662835467	0.784640774653485	32
0.018521434706971	0.94019035728032	12
0.084832086470791	0.646623864372126	12
-0.071895237109195	1.4107377732665	12
-0.0863492058051411	1.13312168612857	12
-0.011751705023631	1.2490614232434	12
0.014834101664146	1.21197476517467	12
0.030285291442914	1.07637760107967	12
-0.034948868764605	1.33247099168394	12
0.017859252877745	0.943186602189989	12
0.069425228164814	0.927148611061812	12
0.080801510254429	0.879817268397656	12
-0.016576014997698	1.14481436216747	10
0.013657860560306	1.19998335107896	10
-0.02867529582824	1.24802606154588	25
0.065720637397807	1.50915270539504	25
0.067060127073375	1.42980381983502	25
0.067368862414206	0.787500618679286	25
0.096126847668846	1.02188097355839	25
-0.028412514659811	0.905875243647319	181
0.086462467459456	0.648181451772695	181
0.00282315521486098	1.38751753673816	181
0.0355550859231	0.938577660443218	25
-0.047592891675773	1.55749060076057	25
-0.024821815912902	1.54057217493632	25
0.074072425932155	1.05187111750228	131
-0.030146689103552	1.77789735474366	12
-0.092550657264355	1.05243143809706	12
0.082982541035715	0.879600519656534	12
-0.041960850832624	1.01430879932857	12
-0.118716259263598	0.684208118885455	12
0.104323108254751	0.465339838702561	12
-0.116239866032192	1.81219512348729	12
-0.031697348022116	0.928997865465015	12
0.058244315042736	0.635970243157726	10
0.041390136074789	1.83361738744442	25
0.032248080405624	1.67306624883147	25
0.070858837855962	1.50387449047445	25
-0.016319320261875	1.8312265945562	25
-0.020843819917396	1.73275153701503	25
0.034849467055433	1.35001149313985	25
-0.023018394581113	1.27250791193454	25
0.020849946634348	0.948787006559295	25
-0.079413972994545	1.42732667182188	181
0.060172382894213	0.907512745490652	181
0.101270446075146	0.907379906846075	181
0.019714466382397	0.828047207691309	181
-0.068861075412317	1.22593087849635	19
-0.013500547060543	1.16668019754072	19
0.122860109216072	0.828756512761882	19
0.044157126144045	1.01596880184233	62
0.068840735173308	0.896182066991776	131
0.013184429725317	0.933168478099197	131
0.021452298719454	1.01407579657944	131
0.00552872573370999	1.04068300324819	131
-0.00340965262792903	1.12849853008979	131
0.094167743985688	0.816352391704274	131
0.114674575839336	0.508922869701216	131
0.096843965312792	0.832948273361839	131
0.011631644552168	0.553960788554953	131
-0.014364770415325	0.740556852781642	131
0.082260748911531	0.869134559780328	12
0.017213790913473	0.963707642693639	12
0.088006037560227	0.735840122701407	12
0.044999528120472	1.0362311258325	12
0.075878874064543	0.901235103232924	12
-0.046354036523333	1.37719456681843	12
0.097993669378896	1.04924679971436	12
0.103079690256499	1.88115661954139	25
0.059112505051219	1.84704177026468	25
0.010581497941367	2.19565855034059	25
0.046661502990585	2.25776077486176	25
0.076805148666157	1.32399961400517	25
-0.041001349489372	1.98831460092312	25
-0.0442179912905381	1.32543456878927	25
0.049104608026662	1.01620625127231	181
0.06751038152601	1.01568925930358	181
-0.02669289916428	1.17111541290017	19
0.027098586265856	0.689516517274587	62
-0.072556924863136	1.45446325642595	62
0.075942717440447	0.941455146865942	131
0.124078704855572	0.600889509656783	131
0.107088716200388	0.683225759851553	131
-0.08970247778884	1.29012566597729	131
0.11489646165983	0.442786279178226	131
0.026417979347682	0.984130049124456	32
0.122377202930016	0.653810448451364	32
-0.11140804152179	1.27385678202903	32
-0.122031365511339	1.08371270459516	131
-0.0891680137480561	1.32385611020551	12
0.035984027696932	0.554009231842619	12
0.122324458688275	0.635863361557808	12
0.086649443733081	0.866106925747894	12
-0.055220463994471	0.800613778104751	12
0.021523257963426	1.1116452173337	12
0.124653553075738	0.588204587240327	12
0.031401748591669	1.08158202620874	12
0.007190922098057	1.18000108294334	12
-0.0282074191173159	1.14727918038078	10
0.045080457564268	1.93094634284151	25
0.039841521749731	1.59615589616227	25
0.087871672120341	0.722047415264903	181
-0.11015842223314	0.807341986432256	62
-0.123676754986019	1.33313420677288	131
0.079376729236059	0.669476103499988	131
0.061828144655312	0.75291685898209	131
-0.119045084356587	0.572627616085075	131
0.091638840937679	0.370662880328696	131
0.014840069066327	0.475807527776224	131
-0.035298082486335	1.35127157591557	32
0.093347920414012	0.891942098433157	32
0.002989142958852	0.710287307253833	32
0.113376578225567	1.84218936383905	25
0.095123499818629	2.25110913956308	25
0.077853044309764	1.46949834967211	25
-0.0529050993172	1.72664532771329	25
-0.02993666696081	0.457175255374356	25
-0.0133301944859781	0.528400917774604	25
-0.018467640005282	0.543053612374105	181
0.076612968030051	0.83159757851369	181
-0.121192317717166	1.51832691330615	181
-0.101648945277187	1.10158305347134	19
0.06552568201131	0.351837223023157	62
0.040834285926518	0.505716093507016	131
0.124696047105676	0.212598765071589	131
0.033398578621901	0.297193026998945	131
-0.029031506309476	0.345273245984471	131
0.025751579052075	0.579773819533957	12
0.068300299060803	0.634562350123045	10
0.077656318166914	1.71745774586944	25
0.093487556597191	1.27535569541755	25
0.00844379094478698	0.770681217021199	25
0.12160977205246	0.350265295746672	25
-0.114531747190354	0.956740039235782	181
0.016909420058736	0.366886009962327	62
0.00261082958403402	0.565054972627338	131
0.040188585739991	0.300975564938793	131
0.06452799995797	0.236115535766772	131
0.102162415321185	0.718115184356932	32
0.106215223127215	0.388013112517501	12
0.104886758590849	0.330853491520637	12
0.031699768114429	0.523598136128456	12
0.032491884105341	0.738218611708148	12
0.100504433755798	0.511520628610494	10
0.034574107993828	0.308454136289401	10
-0.041584774743435	0.820447945441933	15
-0.117977191808907	0.363726618408025	15
0.074119197160129	0.632234976285033	181
-0.075806732147492	0.91591558558169	19
0.069228204914311	0.349596043509475	62
0.03959900251742	0.306691084900837	64
-0.035954946007125	0.276902907327804	32
-0.00617397897902705	1.40818832529597	32
-0.107467408507119	0.533138643903723	12
0.033586145076286	0.853934380542751	10
0.051792026911264	0.475023465729883	230
-0.015099159054948	0.963963206669617	181
-0.032479332021759	0.264999945799311	19
0.08255207183396	0.44385850469227	62
-0.114119576434506	0.571261121681839	655
0.082637136096764	0.514754045760737	64
-0.118709452922685	0.551556869600696	131
0.118472111287793	0.683390405137386	32
0.047581606553372	0.582459521334015	12
0.00226203080826998	1.33599016349	10
-0.036800342077848	0.646237412041011	230
0.092158998698402	0.941196816728174	181
-0.036876870114598	0.483335416305222	337
0.060678668193284	0.231115081603331	19
0.027163427382768	0.541692388803286	19
0.124108214047736	0.207537025841171	573
-0.09400761443023	0.755339174992536	365
-0.0336540437241341	0.266826610688704	64
0.122258198889457	0.152548393717724	205
-0.034366381227624	0.991678806540343	131
0.101714826112713	0.559871309226836	10
-0.0218260788512999	0.953635320688128	10
-0.0357306035396719	0.338725549429346	230
-0.081411939033622	0.479415529933308	230
0.020978742176243	0.369553932927416	181
-0.093130551381204	0.417554254154487	62
-0.122184447678389	0.577220848679026	62
-0.03116602551446	0.407913314598524	205
-0.11481719699095	0.375289287139501	205
-0.0182247269696429	0.706696105122216	32
0.108098229543592	0.513730731722967	32
0.102263905118811	0.935134765958785	670
-0.071850547073562	0.476132257810712	10
0.063118286389774	0.700032810876043	25
0.096248136196806	0.459208966988757	230
0.104856064189973	0.315697932170956	230
-0.120200101270446	0.505133134464633	230
-0.078132988057662	0.698149567297533	181
0.020262271440028	0.950681584215851	181
0.077858161949267	0.94604431458965	181
-0.083133516253922	0.737617794319641	181
0.084364620375061	0.510702144065388	62
0.095125503191215	0.278139206742233	205
0.033999759471408	0.305331184605314	205
-0.027958349170905	0.404634961857431	32
-0.066751475746435	1.3299158951104	10
0.055502853109748	0.784870377552628	181
0.08806713652387	0.566079719548325	181
0.030856256816216	0.702264418334417	70
-0.098217425639183	0.968618038589172	19
-0.120509850144003	1.34972496627102	62
0.0823475946313	0.687272186258351	62
0.120910617859254	0.618426756734756	62
0.023409270589458	0.814268919180914	62
0.070413069744591	0.728658472382478	205
0.01050915337055	0.629855358584702	205
-0.095080346643679	1.35911737345121	130
-0.029076497581135	0.874640477023958	32
0.019671829178389	0.844880710635574	32
-0.109025757600416	1.22129910292338	10
-0.012601927378878	0.759205865230489	15
0.051217097863199	0.743661368093061	15
-0.123970010520399	1.44127008667187	19
0.00146369784391998	0.75530024320279	62
0.051678759077872	0.639188222734466	62
-0.048379052879265	1.06158825545086	62
0.00259168194263199	0.904838700310711	62
0.044569155631052	0.565974858544375	205
0.081443905752918	1.01159296431244	130
0.034850446932687	0.976219542734882	157
0.063683086917004	0.821696834323775	10
0.024527085263533	0.665854742928782	10
0.118638155503303	0.382319859409777	10
0.1064339482632	0.832186869777734	15
-0.01268740431312	0.853971936895267	70
0.108429242618402	0.400007877622958	62
-0.028434634951779	0.321520165792704	130
-0.078621865149708	0.493432771451717	130
-0.033239721741251	0.684936293069503	12
0.024332852076333	0.745831771731008	12
-0.062692176530455	1.02395226869279	10
0.099022438823489	0.728312237590397	15
-0.0395313747109231	0.597554934980088	15
0.103039741853048	0.402261493750592	19
-0.013430723464222	0.56175258049897	62
0.121362819433474	0.727280288429339	62
-0.072677588001967	0.478293055615664	205
-0.025841935552875	0.400155931482991	205
-0.025462928477615	1.50397285003615	32
0.019115588585679	1.09192520220789	32
-0.00622567890547798	0.611695981222256	12
0.060676773777724	0.894889698688466	12
-0.044242428922021	0.968040191933303	12
0.030371823425974	1.97336402998794	15
0.018432169036277	1.12814983146695	15
0.088468146095539	0.58368569887523	70
0.080012203056087	0.840065292486453	70
-0.104528141244836	1.24231638744991	19
-0.115472621997961	1.52555956210323	62
0.074414956412045	0.974647933118743	62
-0.01210966812162	0.672016636996887	205
0.006161429953364	1.13738909226907	10
0.04589352988905	0.657231516525585	15
-0.015401560654323	0.896005930766566	62
0.020377858129407	0.76343325703837	64
0.021945707530096	0.824624981663947	130
-0.099655323450111	0.702451284578517	12
0.051976561463565	0.79370808960286	12
-0.00530366012330297	1.08792823552901	12
0.103050187185005	0.770138540879587	15
0.102166886919963	0.704579902475382	62
0.061425473510792	0.589613577824117	64
-0.055663054018313	1.28189609283966	130
0.118936886851619	0.425445527973956	89
-0.000444045505652024	0.971775270786242	12
-0.033833659416173	1.06277728381347	12
-0.010021688913755	0.901116982111471	12
0.032591432487876	0.775974211069765	10
0.048515867088366	0.734977311036836	10
0.109055305369723	0.647921424848191	62
0.119543236810137	0.754607977807314	62
-0.027928095094464	0.89374230272087	64
0.094982684164086	0.628225553747676	130
-0.033933479490539	0.694981677114292	32
0.097356902891266	0.59802262779953	12
-0.00809059920316702	0.847882215191419	10
0.123369689805896	0.726369917491767	10
0.111389607606004	0.835522806672206	10
-0.035172897210075	1.63564223991731	15
0.041019652588715	0.584901499272807	15
-0.070441944337426	1.19230061512339	287
0.03400655784737	1.32200732163631	287
-0.063706698723053	1.81997422670264	287
0.01085338873216	0.7760863518362	70
0.121240477109073	0.716921892234345	70
-0.016399050397416	0.296458513409777	62
-0.041732193748779	0.646709762433884	62
-0.0132115073211661	0.757656596535046	62
0.023585547831961	0.818721090194287	62
0.069825332403633	0.763500863405879	12
0.00969332482027502	0.452610862792438	12
0.071932684296239	0.784290703220117	287
0.03053823683376	1.27342205040511	287
0.051695483887945	1.21773379647428	287
0.062748903111809	0.676798818746389	15
0.114653321480962	0.592974624908554	15
0.082609957245411	0.509165620834906	62
0.00829521144087197	1.48018373794188	519
0.105828737440485	0.577268806205064	130
0.016227897835811	0.936057006591344	12
0.052886176706054	0.803948001247123	12
0.023097175916325	1.19470407663034	12
0.118864117018746	0.665348799914401	10
0.118562749498972	0.620612754284049	207
0.100052164778528	1.15258986777041	519
0.107783801194768	0.994989769388936	62
-0.042119448116094	0.72118956232616	62
-0.097977132223551	1.40374850671478	62
-0.053709801524342	0.57276615189048	130
0.085192861713068	1.05035622765839	130
0.100235769777647	0.56803313942783	32
0.043754640067712	1.07739752124394	12
0.098331894086948	0.776455177041687	10
0.062919700076244	1.05285057253374	10
0.100227442875715	0.794978040865026	207
0.090680200463638	0.841946532108075	15
0.08790445961019	0.963982395392079	519
0.010761612636219	1.00359592461293	62
0.057036616118651	0.468318598071877	33
0.084251489501421	0.505301777155064	33
-0.023936475465745	0.752877040282077	130
-0.0288111316080461	0.693571704571103	130
-0.029455978526453	0.909027199019417	12
0.043458102048074	0.960774485553163	157
0.111133100396066	0.808870615397225	207
-0.055648091017941	0.802595049198295	207
0.036518635046614	0.698793223532976	15
-0.093178506994041	0.776025910617	62
0.065567440862451	1.08223810672758	62
0.083807308619697	0.978267133585387	62
0.077480943607855	1.0729351402146	62
-0.105015496934674	1.07655925870839	62
-0.081234561866926	1.23117607561401	33
0.067668294290534	0.861242557081073	130
0.014352628918331	0.43244008815968	130
-0.026589284729388	0.449799777552851	32
-0.022072445141698	0.672621209131681	12
0.043833766959254	0.724188542858191	1
0.109668137999483	0.696126728130055	62
0.001024832912912	0.573518808682407	62
0.076110732211071	0.633569428936595	130
-0.013676240519592	0.816389064232552	130
-0.0945544351676389	0.443491247099156	130
-0.033554202946889	0.338622424858794	32
0.061500147307264	1.15906810579225	12
-0.00989349689084096	1.34388867529022	12
-0.023369617296036	0.396132185326648	207
0.026715967852883	2.03533723850813	15
0.06261866862438	1.67942617894849	283
-0.000936656862091989	1.08862071275069	15
0.033630831037716	0.617833346560606	62
0.040143359888196	0.311646078498003	32
-0.025440592051037	0.502683376129478	1
-0.050690880484682	1.38811281190309	177
0.029032766817127	0.571685449947923	10
0.054445481031454	0.512294388422378	207
-0.034647167850327	2.46617705381314	283
0.077567669664906	1.63364190033974	283
-0.0252622839027959	1.64532424866073	62
0.00982816794677899	0.434647729713421	461
0.081685164173869	0.724173275392848	62
0.053110467346805	0.72873432913095	62
-0.025462867389102	1.21998767289125	33
-0.02460733699858	0.501422624341553	1
0.059426786864424	0.238425493232887	621
0.00269326084401	1.2824504398588	12
0.051153244938339	0.939250614589493	177
-0.00467023417924295	0.738870407559348	207
0.041923112034804	0.450805238235609	207
0.122491365452599	0.471735590632963	207
0.099733007447594	1.99673225288601	283
0.107139125600303	1.47445989811177	283
0.117424214574415	1.34894502678826	283
0.044740603010107	0.990917857026014	62
0.028241427245638	0.867394034575569	33
0.118578750875666	0.40628854723288	130
-0.00946354466882304	0.659333693228985	130
-0.00643821104569997	0.734394843525286	130
-0.120232178172237	0.913394815865846	130
0.107264438181132	0.641044120206687	10
0.101427264895674	2.18565684906538	283
0.057699955666917	1.72957876328843	283
0.119095554248434	0.87889099185959	62
0.122060179094276	0.739117247930973	62
-0.022102714308358	0.946941751061723	62
0.1218864592148	0.730403270328643	62
0.08195109928151	0.72392617423519	62
0.034511721592262	1.02243075833886	62
-0.053645582959281	0.867719684712646	33
0.12200652921619	0.462690673852755	130
0.103179487069624	0.45710545672154	32
0.091741170298554	0.496168950748362	1
-0.065702617512007	1.24829414466032	12
-0.010493161445618	0.955695547785025	177
0.00684731327813598	0.955350302796677	10
0.114676343631054	0.669391405236011	10
0.092908901540288	0.803785868572086	10
0.049643020240982	1.458652611593	283
-0.062222212791943	2.2729476722123	15
0.052336487489284	0.483293357295152	361
-0.039092671097867	0.968957095136148	62
0.00038974538004799	0.56389456701775	33
0.056160694494706	0.567759530524997	12
-0.051214543698919	0.651439034850742	62
0.0516659011092	0.574525321419984	62
0.112535073536896	0.308711641667255	62
0.052232019036033	1.06417769923172	62
0.094846264139681	0.82878541949778	32
0.059317083986079	0.825340471248376	32
-0.031809827053361	1.03058438101966	32
0.00943964056200203	0.707490058976679	12
0.043715739499788	1.15006496075369	10
0.095066735928855	0.693942198965333	10
0.088805470781035	0.688598552952612	10
0.024295356608079	1.548442923002	283
0.122992544180123	1.06335912142197	283
0.013251623198486	0.973936380864187	15
0.091871225885742	0.778133640514559	62
0.02884108817256	0.901075337342176	143
0.000750747033645027	0.886727600483652	62
-0.030010029691167	0.983878517815035	62
0.059187016656372	0.342825862461664	362
0.051624837541349	0.230347755448359	33
-0.039389200795961	1.07353799220198	32
-0.085206880864186	0.485755018285234	1
-0.073336692969415	0.607245781374252	10
0.074843600260941	1.92074788418361	283
0.115242398914954	0.775888628622122	62
0.065223246040919	0.830429168350004	62
-0.027207460319033	0.565513265383963	62
-0.059146300821006	0.95872661140736	32
-0.091580026097888	0.761288895923043	1
0.038795319629628	0.873635891593134	10
0.029985646144	0.740664384595296	10
-0.011670532440573	1.12054257966001	15
0.069568971700688	0.859956436138353	62
0.118412375621882	0.732698759526219	62
0.109885713868491	0.417487686236016	32
0.048769901327105	0.436243272914581	1
0.011625889817434	1.20396925876062	15
0.124345757041143	0.438673770950638	15
-0.018973938846402	1.10603858096877	62
0.102950522118151	0.51841366414701	62
0.07243892174355	0.725017362806958	62
0.061891964786987	0.853895279538149	62
0.018264897640594	0.507613260267001	62
-0.078074543106507	0.707133315567206	33
0.119738827979295	0.675201691859325	33
0.118829460066223	0.462140725200068	1
0.120965877701393	0.484385599996474	1
-0.056941991550722	0.896973529244852	10
0.00906178624770398	0.519105696568839	10
0.014201509741005	0.78592628685634	32
0.098769389061758	0.553480966209035	10
0.019379133188444	0.630618454766267	15
0.029900685171363	0.942143599919611	62
0.00410198858792399	0.494053810408881	362
-0.100147987055839	1.0164776028592	32
0.044431960397177	0.639476655239563	1
0.030976423281459	0.515123271064423	1
0.06784363902873	0.787651389304346	10
0.093457169316374	0.47570015314901	37
0.066794517881821	0.828479476755469	62
0.029536260917267	1.18505948925548	62
-0.059192540456089	1.13639910018709	62
0.110902482462493	0.670668287132433	62
0.037370360098179	0.842209511378245	33
-0.00406623021580499	0.614787694211422	32
-0.036791799753177	0.594169449557987	32
0.073737594064283	0.633633036900623	165
-0.039715978547904	0.975585659791948	165
0.000197660098940011	0.797327505382424	10
0.044970882371887	0.665570021712233	10
-0.093253456625191	1.05229449562374	10
-0.115288886275497	1.34237297878863	37
0.070296936386492	0.704888173948126	37
0.122915894398392	0.525016948659478	37
0.094829915892498	0.758356175232312	33
-0.10090299704093	0.713949379093408	32
-0.12229988447509	0.638857809845959	32
0.103670650115238	0.462240208086077	32
0.029720672719915	0.593306536974449	165
0.050477967106903	0.785767673539309	165
-0.069484937934258	0.98426837078874	165
-0.064487791080202	0.791742112688417	37
0.104870401235314	0.68480583261984	37
0.052508020135493	0.651216247740203	37
-0.033829883012942	0.980639913150648	102
0.049006423910841	1.0121771513522	62
-0.015227498431801	0.708571684528195	33
-0.011824077704738	1.00967594987985	33
0.077937928017984	1.09611231386698	33
-0.109344081197301	0.546143283486187	165
0.047669493598952	1.24939582627781	165
0.059639176930131	1.07202033064733	165
0.114497300602255	0.490638163747445	165
0.115394151052092	0.70002149988824	165
-0.10093274947598	0.911325166759223	350
0.085162327038781	0.280177548416174	10
0.080034367385684	0.494331432662794	37
0.070976450379422	0.479749181599088	37
0.021286847126604	0.970470778100142	37
0.056894139870733	0.790494597391202	37
-0.0246205416963881	1.4066055932143	738
0.016610357188051	1.27495423834582	62
0.01299823216041	1.40233086158694	62
0.00475895644528401	0.643464294526411	62
-0.10247366728389	1.47970424613306	62
0.119328878037204	0.695456788871212	62
0.067752653676967	0.800079908016587	62
0.105829294024384	0.807158419129852	33
0.038480512680885	0.284966749813575	32
0.10965433285329	0.621317989624039	165
0.00319671543855099	1.29029889084515	165
-0.0258162520981891	0.4294289594642	165
0.108094818015648	0.729305753373721	165
-0.032063526411554	0.960975266991688	165
-0.017698380933547	0.496017273822293	350
-0.01755032670197	2.14979264546741	15
-0.036216272434362	1.56157891890925	738
0.02057326284341	0.461889128445678	62
0.046522723934889	0.59863390370053	102
-0.036635616497129	1.38496069272823	62
0.027228144993685	0.912925891522201	62
0.00154724553770402	1.04075108423961	33
0.086139787972414	0.402123920390745	555
0.095326692584099	0.273082151374407	32
0.060074264490332	0.328025888529034	32
0.106847962752946	0.327074392341369	32
-0.029830404487488	0.392344181378316	32
-0.07177841105428	0.619929632382327	165
0.05315783530965	1.02097933661178	165
0.109722422602284	0.830412174042101	165
0.110467925781346	0.780818444104473	350
0.088924559588469	0.464956510795374	350
0.063739644023363	0.582697046435107	350
0.005493319246898	0.964939517397451	37
0.080711928984802	0.68508406643154	37
0.078208341824593	0.543223704318394	62
0.103158045015821	0.617178914074135	62
0.097996833429694	0.692130633570216	62
-0.068312368704525	1.10543389481751	32
-0.098736726382611	0.868881037670559	33
-0.037082606593014	0.38915283167813	165
-0.044867292098162	1.21315178313685	165
0.097837756157669	0.719653092177353	165
0.00350726708858101	0.906722595252079	165
-0.025743232582778	0.372908963584527	350
0.058261461200195	0.781097809933927	62
0.116238489607156	0.794151199018088	62
-0.10290403743731	0.897712299695622	62
-0.011509085128906	0.672167602274982	33
0.042930452978858	0.694279961671318	33
-0.0357991903056371	0.340756930053286	32
-0.0251183271508521	0.452155465398026	165
0.110551817034383	0.595357212401989	165
0.081333222245063	0.455525100483992	37
0.084075419302578	0.610775496663181	37
0.015827411042682	2.31610363886016	15
0.00607984059836197	0.750689158144422	62
0.106309218421458	0.431402862797507	62
-0.087644430606781	1.40891164126039	62
0.090262916996138	0.826410090971051	62
0.098259373859142	0.69436424276086	62
0.076540888017685	0.810752752513776	33
-0.06405696706297	1.18802254077015	33
0.019625861947773	0.673855078101033	165
0.017466174594087	0.736505472934818	350
-0.030027473789769	0.820063388131369	37
0.011204038321686	1.40141861326593	62
0.089767356523925	0.916235914282815	62
0.053788819071677	1.01246760228236	62
-0.0519105366710551	0.999770523027433	102
0.00835999017185701	1.07793856799365	62
-0.118424239600251	1.27192650344006	555
-0.041851000841051	0.847938140014302	555
0.085504989610283	0.668322841779646	555
-0.081202744779057	0.867466596818793	165
0.095133024970715	0.496041674640936	165
0.061292620216287	0.962700087106245	165
0.077064870320352	0.873319747527882	165
-0.029938158203476	1.19084017860314	350
0.114641186152595	0.590621509299787	350
-0.085713291962344	1.05361870691836	350
-0.051684348955503	1.14497273699686	37
-0.105028465037518	1.49731135231754	37
-0.039807068060533	1.2579648532609	37
-0.080240868571389	0.734505247497887	18
0.010789353023528	0.608301978543059	62
0.065775589280548	0.232117223580545	32
-0.0154131841505309	0.402221739854654	32
-0.0230963277673421	0.324521896255723	32
-0.062851275673307	1.23893002693354	33
0.104615439563015	0.629047351364322	555
0.114342636350136	0.632895559346943	555
-0.035362138969714	0.937149375673045	165
-0.052090704742504	1.00542033541836	165
0.046057845763418	0.761422963017979	165
-0.00863807089933	0.581405526696571	165
-0.032352569071003	0.442787906434131	165
-0.079129084499469	0.931134449776894	350
-0.00546524395572101	0.73674674127672	350
0.078020670123117	0.881865338875991	350
-0.087145103524791	1.74638608560397	62
0.098900501154212	0.968811671973526	62
0.057061754605248	0.841832414653436	32
0.06315075572458	0.336173637937599	32
0.015804743320826	0.859679864308736	555
0.120164312159337	0.706322415198614	555
-0.087771525899626	1.2830644514771	165
-0.119152682838153	0.993289287892198	410
-0.0437152617848789	0.810329610552149	165
0.078948069102857	0.709542125351301	350
-0.0720741535564921	1.50970658948688	37
0.059353945563425	0.394307541554623	37
0.043643891852535	0.956578577857103	165
-0.085159404459227	1.33131799020066	165
-0.044998428084984	1.10665981067774	165
-0.004609081466875	0.668208453949426	410
0.054079072778005	1.09400342531981	37
-0.038835297319086	1.3374120843669	62
0.120903827280648	0.759400086645533	62
0.00956092268727099	1.03130451211688	62
-0.054817528884786	0.701603371837182	32
0.023268990901008	0.37676038833897	32
0.018003043838385	1.19319609235352	32
0.093614437952943	0.588951345360265	165
0.024158785314828	0.684392196225833	165
-0.111278491108103	0.75208315105014	165
-0.0369927556899891	1.12319519378716	165
0.018660818475225	0.98054462980997	350
0.122051492572393	0.809841842015964	37
0.017134563509575	0.465837460111121	37
0.05150463960782	1.2003770389901	62
0.034978411811369	1.10257929466927	62
-0.052105018328559	0.696456635438837	32
0.065306718208531	0.340596209705589	32
0.050901498044472	0.52210273849946	165
0.019093761796922	0.860806357144017	165
0.054133548538197	1.16450388522282	165
-0.119383017835427	1.29474694045766	165
0.079010255005591	1.1606084051643	62
0.073212592221481	0.732396721630341	62
0.042090169785811	1.12849200654033	62
0.100774348552204	0.878338134915771	589
-0.059720409096953	0.774143392844788	165
-0.06745015461557	0.820154445906101	165
-0.031296776938488	0.841941029229315	165
0.106331059906309	0.426087474365941	165
0.095527982604618	0.564427784891159	165
0.097052685225795	0.499098100807811	165
0.00208041151833999	1.0181902991496	165
-0.051760986084212	0.865903594186428	37
0.095731649011324	0.775833310176712	37
0.081067251074535	2.09976346612434	260
0.106372394873028	1.00349822772932	62
0.062769584107565	1.1242793340936	62
0.052300441448466	0.8378063573868	62
-0.037067507790103	1.09522504014709	589
-0.066406977149877	1.71679886251407	32
0.124606014811106	0.929151242085264	32
0.107692010838228	0.702584072342124	32
0.015980819087127	0.478645856290596	165
0.062708562864016	0.341859508094496	165
-0.063907131616737	0.676093773148998	165
-0.00988398642858002	0.84294669246336	165
0.00492898612520998	0.869389602633783	165
0.094214167898779	0.929098865537812	165
0.060707174321601	1.14632774427347	165
0.025465549232764	0.769878836287674	165
0.024468196140681	1.07206153486295	165
0.034356831321167	0.837953042931374	165
0.104829839260587	0.616405665813718	165
0.070566684348148	0.750188564220384	165
-0.054010081073357	0.561677973300779	37
-0.0201772910093579	1.08391308912921	37
0.02397658045152	0.670034921886237	37
-0.045574222443406	1.09741536072284	18
0.073657841404085	0.427989912461188	62
-0.108673016041861	1.55527353536851	62
-0.04709274656881	0.689621531838223	589
0.026944526294995	0.598161068239606	32
0.092827438907742	0.264165510086274	165
0.020318277074436	0.420831317396712	165
0.020805024207088	0.466753953449458	165
0.108602027331215	0.319749826847094	165
-0.118289673655015	0.66387902229417	88
-0.00508455053998203	0.691362400620457	165
-0.05816531935625	1.06034888788363	18
0.119164886833013	0.930294601785361	32
-0.058303695576204	0.956120907818021	32
0.012112253524277	0.43221483493601	88
-0.093130551381204	0.417554254154487	88
-0.124266205190862	0.686471717277812	88
-0.079372797759574	1.27822528770541	165
0.098716117816861	0.452918563015699	18
0.043515279578315	0.47803192528939	589
0.088226831473397	0.562407947712453	411
0.029535725463125	0.858067875456788	411
0.120886159775705	0.356666291843042	165
0.108537182685982	0.313694478182283	165
0.077843022535982	0.454200149323224	18
0.112382556904222	0.521970185965694	32
0.051914120967727	0.676057541826843	88
0.00712755215384497	0.478047836682508	165
-0.116174618208379	0.666926996800447	165
-0.033031829711099	0.26261395231864	18
-0.104957014239048	1.13940445699642	18
0.088722878848779	0.583014227093973	411
0.065204291646811	0.475058893040811	32
0.067478565502167	0.409553926709351	32
0.114103145864426	0.523213927078606	165
-0.014797957436156	1.22335348308854	62
-0.023734437737389	0.860630427914563	62
0.118646267706492	0.404073111451158	32
-0.115586490869872	0.569251596043961	32
-0.032861127650085	0.761543096830794	18
0.104879721264108	1.23298510530999	62
0.059048429116679	1.87184625133099	62
-0.042210956850117	1.1547119329568	62
0.093690335536462	0.936472857405521	62
0.093782846352543	0.924386431808954	32
0.123250639067585	0.705389233556454	404
0.047302216395688	0.926635749541386	404
-0.00491764686485796	0.861458934628202	32
0.082377520656262	0.496942743986448	32
-0.028564528041926	0.699001296796538	32
0.110000495403375	0.437158774590078	411
-0.098933120045779	1.58637490188183	32
-0.066377005635866	0.887166477419786	32
0.114043663933838	0.577210745246533	32
0.01319324082115	1.12385265321578	165
-0.021380684062865	1.02997673063387	165
-0.063374776569245	1.12971990517919	312
0.049071311315611	0.775081986859584	299
0.096662543824205	0.721012097804332	299
0.123748451627176	2.09356180137533	62
-0.0596533350844221	1.22550976412	62
0.084554012361912	0.614544941069315	62
-0.026304794026966	1.3233179235604	62
-0.038055633945548	1.22302631137983	62
0.099086913069218	0.813389030369312	32
-0.116609606504123	1.38169436959625	404
0.013554342452068	0.624402903685137	32
0.029708812263152	0.516446947474392	32
0.056317358227204	0.722095096585419	165
0.048432002984181	0.58456979546535	165
-0.000411722768208	1.00618871348239	165
0.091459698498347	0.704290792650373	165
0.030043307903509	0.885101799145795	299
-0.002562386296182	0.820693784573929	18
-0.050005940677041	1.05686383567305	18
-0.01779473263149	0.816731808165707	18
-0.106745226746783	1.32321973270831	18
0.119693555573909	1.5857710747341	62
-0.066986301593549	1.63562772520809	62
-0.122975827146011	1.33022019105449	62
0.04809179585594	0.890223253096638	32
0.124139169597304	0.766898303408252	32
-0.054397965610874	1.50564062889978	404
-0.105523507737775	1.7208238438078	404
-0.0182644399912421	0.964820034060181	404
0.094414527481079	0.514528102664882	32
-0.019229915567848	0.950853298615012	22
0.093112230630312	0.842292793707645	165
0.086060290116971	0.714143709791438	299
-0.120791389266399	1.08086305232247	18
0.069569271590649	0.633717862153346	18
0.00501540692500502	0.584546005627158	32
0.072253493646635	0.753918177470781	165
0.021661545669268	0.917117152285375	165
-0.119291448973783	0.851449217555694	18
0.06624671745985	0.673287863960302	32
-0.00183199175841298	1.2930420405592	22
-0.1227857066109	0.38710441950944	32
0.04132593694137	0.307458498412265	78
0.010703299896381	0.47628465111511	165
-0.025198311218474	0.377199126597079	18
0.015374964966253	0.424309036433677	18
0.098568500314288	0.558608881905612	462
-0.0754851986284431	0.634467596218875	22
0.091095035400016	0.556079637941939	22
-0.030172258379914	0.891656788506027	165
-0.028568395298098	0.616877621223642	165
0.00793791991613502	0.614614265144584	299
0.018881620681392	0.400368714474575	18
0.028564074950043	1.65284191700565	462
0.045549815975412	1.65277153029959	462
-0.04675230952099	2.18050932879236	32
0.092439706823393	0.872534214152428	32
-0.025755319573191	0.854160642425444	32
0.100381034873011	1.17389853715756	22
-0.123317274661371	0.851069682581425	159
-0.038523934192549	0.393551098284655	22
0.011561009417971	0.716199180347826	22
-0.115131175286523	2.15258295689036	22
-0.097248537034147	0.427595066334208	22
0.111963052039083	0.528123022659499	18
-0.101605093536003	1.06443126061292	216
0.028002069734231	1.27956062876508	462
-0.093901455228128	1.07792000883917	32
-0.071536742569269	0.50152631426909	159
-0.033705253786952	0.390184272249249	22
0.027149882917226	0.664613783607633	22
0.031612231263142	0.767467924329007	22
0.025062065153893	0.362982177323387	16
0.000690041484807002	1.9201613137579	462
-0.06367956002467	1.34982468363243	462
0.022675048576686	1.20978902519878	32
-0.060406766156198	0.776554957319025	73
0.097835795988659	0.435051161440781	22
0.028516228914556	0.7832504048673	159
0.097188054362496	0.723148091740508	22
0.00900276809331901	0.904083146373525	22
0.106721844997274	0.730144912894265	18
-0.024880486880472	2.27517460194917	462
0.106460173556039	0.835134748620448	32
0.113159411896987	0.978603396569153	22
-0.064974364483507	0.67144245900154	159
0.008955801309106	0.814630438695316	22
0.115827128918623	0.829420057226552	18
0.124870168737682	1.35245767657098	462
0.069960763083019	0.571685607392533	73
0.069213028349771	1.77099350061216	462
0.108761294407618	0.635582823315279	73
0.107413571803744	0.790665555561	22
0.11230066411303	0.51099782309882	238
0.057718262056595	0.539273673297523	159
-0.112821491560829	0.878963190042816	159
0.056808179147428	0.849026041328234	22
0.000314001235209027	1.12579309218978	22
0.032552242801285	0.855210014260578	18
0.037194899147382	1.59460622115143	462
0.080398420558308	1.15527622277336	462
-0.087715270496129	0.727217124148026	32
-0.028205016253653	0.834964952345562	159
0.056659283156988	0.68213804052259	22
-0.00847200747319199	0.835633158437777	22
-0.112790515725268	1.87364424285382	22
-0.11076944053277	1.87821742197682	22
0.118017797761039	0.774354513847635	22
0.089034930874091	0.800390129248558	18
0.117486893642158	0.895874956609342	18
0.00734002296471498	1.3669123515369	18
0.053965509224905	1.41257760667152	32
0.025586641016028	0.9736998121742	235
0.11362431437846	0.393686027961329	22
0.003893922608463	0.618903859970278	22
-0.01705309047271	0.90349384764915	22
0.093881648266623	0.787575754872361	22
-0.045313084696996	0.925372674432011	18
0.046133235242735	0.820444753716729	22
0.106433055817486	0.642005070982549	22
0.061329371875513	0.821640970585052	22
-0.021077964346693	0.893610873178248	22
0.08491322284985	0.540768399020542	18
-0.048265813207749	1.79479643848506	108
-0.0142155215866771	0.541437298631533	108
-0.112935945260848	0.549290001375707	235
0.111249332160451	0.317894745830171	235
0.059033187613554	0.238826357737402	235
0.013070632132471	0.517934806403248	22
0.060207597905175	0.226750062835621	56
0.124858567089496	0.489248746122207	56
-0.024015778319386	0.602463723678359	56
0.094161005192361	0.65326643301734	18
0.108275030552038	1.31519706797283	108
0.101823915977606	0.263643352906774	22
0.020389322297027	0.405385582151464	56
0.041715778057172	0.304741508927919	56
0.027941835395972	0.565932867723489	22
0.026906536765534	0.992652971622127	22
0.049246327068799	0.922412140506733	22
0.048640715071503	0.389047129082087	22
0.104066545492268	0.317821735269874	633
-0.08234080409133	0.382550973643129	22
0.063804712564549	0.967846141072135	22
0.00733979954786401	0.394874550190016	22
0.124840751092026	0.705982274837529	22
-0.013962556187705	1.04020471570279	18
-0.108448701963553	0.716761181454675	18
0.04947448229257	0.430759097315856	22
-0.030822196633612	1.02289029545069	22
-0.082231060611381	1.00563521010231	22
0.123442018006865	0.657308946642751	22
0.096095437538777	0.681046724377537	22
0.00113690859744803	1.00333235422031	22
0.063362768333145	0.990255558889574	79
-0.076238847569039	0.525198673363815	297
-0.024935685402802	0.501708906677394	22
-0.02829029642848	0.372224158279975	22
0.032535655579041	0.567142737634739	22
-0.00135280331278398	0.545408363446767	22
-0.105093272729519	1.72217321562751	732
0.066881587650887	0.825344175255642	732
0.087706065641815	0.702937613381155	732
0.10158924139161	0.596813076098247	22
0.102888769884466	0.312708489310893	18
-0.008567290739245	1.25375425813338	18
0.00597390973787798	1.69809983656492	22
-0.032488398823749	1.48212097756011	22
-0.026525171873992	1.21356860699189	22
0.058209817913121	1.00837335109155	22
-0.0518402872698061	0.570540332754546	22
-0.0278626578460071	0.615494597396779	297
0.070347544707581	0.457500933216741	297
-0.02742439672699	0.500286748405179	297
0.100331587687017	0.328767095446659	297
0.107827488227291	0.425567871927322	22
0.057713098748174	0.434332712984138	22
0.026252341826782	0.36493824531474	22
-0.100351130816932	0.619673317622902	22
0.09788784181812	0.712595026863671	22
0.029258893040293	0.575767372575374	22
-0.025142946090485	1.39781170234225	22
0.042081018568504	1.11297058851754	22
0.073051119036058	0.642586198771015	22
-0.102156701079285	1.36114687909915	732
0.098596198304385	0.69203713058822	18
0.025480398052045	0.634255155894626	18
-0.044273401525574	1.93877850264755	22
-0.078493824687391	0.529109334251067	297
0.044148957469724	0.449705584535333	22
0.017663433122276	0.460967778709415	22
0.063097123613133	0.589669017305168	22
-0.099444301828708	0.753566561121739	22
0.019670406709313	1.29881499507875	22
0.059949091222639	0.554418794683042	22
-0.063034949139964	0.832631675046964	273
0.015189334107078	0.636243729345318	273
0.047947138638151	0.913020517621742	273
-0.096575333389728	1.33342024137535	22
0.104215818711645	0.657403089427838	241
-0.038800167883045	0.741621207811296	22
0.00622057182882002	0.752394741090093	22
0.115889886320441	0.5556450528222	22
-0.00379586005523902	1.11780309241903	22
0.040335884718002	0.894488879871912	22
0.018651190284395	1.11425391563922	273
0.074948257202217	0.85315455129067	273
0.09996256552449	1.39874069723463	22
0.104938369879044	1.33029540056682	22
0.012243515752669	0.902577905570203	22
0.069057347528255	0.920977754574742	22
0.035473559933274	1.06809241792418	22
0.124961815216434	0.692921328592206	22
-0.117858188544967	1.49527875424889	22
-0.113083359733123	1.58827443342411	22
0.11736814072642	0.630998944994621	22
0.099403086877358	0.667941988897037	22
0.011261868042001	0.922289935219764	18
-0.0809593435884251	1.14114565953788	18
-0.1198186095586	0.89303683760431	273
-0.100155199231849	1.86614718273204	22
0.019811309096406	0.460936287577965	22
0.017664047634057	0.452124050876484	22
-0.066260443891673	1.14268106692858	22
-0.00578399705032995	0.819618391072915	22
0.041638127388996	0.712325958822582	22
-0.025984175985061	0.539118322626465	56
-0.107730163183984	0.801142908435312	18
0.052141733617792	0.791738583468623	18
0.079149703395894	0.623935299460741	273
-0.045740731604728	0.724560807829584	22
-0.020438403384251	0.667601784548227	22
0.089846876007986	0.885141858563113	22
0.035354524075284	1.59339830324765	22
-0.0182176508935989	2.02897666075236	22
0.011372902670951	1.26051816273444	22
0.020145287456964	0.377169379641555	328
0.086862111928155	1.12371762018676	22
0.103913199021704	0.538885014767991	22
0.051733943791315	0.549354931098202	22
-0.109781891740099	0.773083535247752	22
0.052828273386511	0.68971454806973	18
0.089561886853976	1.8153337130117	22
0.097101067587099	1.23087819996212	22
0.05504944025584	1.39180896125516	22
0.123725666408861	0.975603014149927	22
0.101522854375274	1.24147367780968	22
-0.098097378065771	0.787415624471177	22
0.033768894523657	0.68646624171858	22
-0.00251081919848195	0.573263486967624	22
0.124759821800677	0.82138127587024	22
0.079334513224455	0.853029611185416	22
0.12215251357242	0.81818952452148	22
0.100998381640346	0.910633662973845	22
-0.0247244920855491	0.888420287062787	22
0.08032743370628	0.53770707559189	22
0.026447717755181	0.497966207472759	22
0.09420904986488	0.597578252010978	22
-0.086828864454727	1.3897890769643	22
0.123294572429713	0.754022280799677	22
0.081491194375966	0.777612476753821	22
0.070615424007945	0.981980724402753	22
0.092370853427397	0.920939107202185	22
0.11084595938302	0.485784556884866	22
-0.106969372256788	0.717448414151063	22
-0.056406794173385	0.585952200393366	22
0.049554640321269	0.845642450286193	22
0.106915855883409	0.800401053616894	22
-0.019496377651628	0.790657157332819	22
-0.023051419297342	1.17452841160053	22
0.103129831422475	0.432493088283688	22
-0.069419339333875	1.02160712779376	22
0.016016296626395	0.777060298409232	22
0.100237870173605	0.755040039638211	22
0.054364113090762	0.985450332420364	22
-0.098334002587903	1.11705447682058	22
0.075891292927747	0.599592387636007	22
0.108717391245199	0.313819917934674	28
0.079803852592148	0.718066425645545	22
0.03403451457739	1.05976360119589	22
-0.024359028151993	0.872648219755339	22
0.017241338130266	0.700833173212792	22
-0.063638248295102	0.747636615539845	22
0.058294968469688	0.580051003799701	22
-0.0707145147033	1.17423076268295	466
0.001585433259088	0.58637485399859	22
0.120918465194597	0.857286339492218	22
0.085558206639382	0.489755361340285	22
0.106229394074198	0.45494162400054	22
0.072865018246267	0.524607807456284	22
0.108976278450287	0.441790335329868	22
-0.055360762264943	0.762650599333119	22
0.124297441279876	0.785946555048825	22
0.046683053630503	0.769823496586523	14
-0.0188052208023	0.690538472877397	22
-0.033865856210848	0.650431628647504	22
-0.123240803960743	0.792115960045079	22
0.109648155536455	0.630164338352033	14
0.123627457085749	0.413730380918264	28
0.022531212440409	1.04910523010475	348
-0.066015495848507	1.55750383255472	348
0.057840995128346	0.910656365560792	348
0.091820030405047	0.760168745660012	22
0.072176559126922	0.635681817736737	14
0.100279594597837	0.702178215524945	348
-0.0473010359487101	1.19270270645255	348
-0.061996923517446	1.10990538867178	348
0.000795250055828978	0.936911750494983	22
0.00458008755328099	0.677868981091156	14
-0.014947498819569	0.56706994216888	22
0.095622941357847	0.756921574846017	22
0.050186059772732	0.656129247702579	234
-0.113407427891015	1.5110466753028	14
0.047833347491929	0.859176457754134	14
0.029463498732064	0.63215745220787	14
0.07426872232811	0.884085346253286	22
-0.035793477557161	0.383455424406671	22
0.12048176557371	0.212928128926791	28
-0.093974092180359	0.598190364250671	22
-0.0572695388353241	0.791920760003614	22
0.120105900589511	0.588076856979572	22
0.116303447460722	0.355353769038238	14
0.064228654325657	0.339651213233292	14
0.100387414414888	0.264249136551367	236
-0.016679154375566	0.493025760323902	236
-0.022641884324329	0.772603884914155	236
0.119431666489481	0.698846838716989	22
0.014856957504254	0.41880821035165	715
0.060793056821808	0.971934219380963	348
0.064848537308806	0.804220549557597	348
-0.0335661811825631	0.888190664415787	236
0.100892060519422	0.812740235588783	236
-0.120209324136823	1.36657970909603	14
-0.07804558740209	0.769840547920961	22
0.061915576421768	0.487337573045818	28
-0.037318651910445	0.494598309220362	715
0.076036496420899	0.613698413105739	683
-0.0222021773504461	0.769736947450867	683
-0.061718304463754	0.949045734976576	348
0.084047976327557	0.776820841737553	348
0.010353363974074	0.962182418488359	348
0.085630857798082	0.910028036608149	348
0.050815113577726	1.00908642710918	22
-0.002753451782743	1.21941188202428	22
0.107286813809268	0.797476651543613	22
-0.094602993898361	1.45135115070582	22
0.107873771755889	0.799994061141482	22
-0.00898544419582903	1.18002877756732	22
-0.0331352424600589	1.4369267946266	14
0.088039602343785	0.735507767268269	236
0.014460827159472	0.549201590767486	126
-0.08210936887276	0.826099564953495	348
0.120487750642055	0.759956811267585	22
0.103386985312046	0.944489499796081	14
-0.027516588148181	1.26650102644431	14
-0.050550191954093	0.889919357237077	14
-0.0197538558786861	0.52976205077406	22
-0.12418560132657	0.374815493369441	11
0.036177163187527	0.296029579435556	28
-0.028566708639411	0.253247209020053	126
0.061988006914163	1.20402777619708	348
-0.071102466512223	0.87479171815044	22
-0.080389343539745	0.801947061150947	22
0.05329392182566	0.392858571682691	126
0.077310422772124	0.54377922643967	348
-0.032244460280017	0.391317131293386	11
-0.0872739923206171	0.418779748964648	126
0.034227634938889	0.295062186313282	126
0.038583526158003	0.294174636772983	126
0.096305270178394	0.616814690801683	22
0.038477423667814	0.45043880195788	14
0.00592044483479898	0.953737587488303	14
-0.121410536544262	0.378915167415218	11
0.08398376283738	0.417676925877275	22
0.099868145372541	0.546590643929497	22
0.113200513106038	0.561848265418316	100
0.070553213891305	0.34615374894635	14
0.099666496898593	0.673203310959414	14
-0.021095107445023	0.435064312003055	11
-0.118172417973501	0.569453986616298	11
-0.028802781973533	0.44492550899038	11
-0.038589646270036	0.834367407549497	22
0.042254712500256	0.765513159316896	22
0.111432963836461	0.401825255198279	22
0.076795422149915	0.441076422059091	100
0.036812918700569	0.600130852781636	14
0.106570243542212	0.538558139884814	100
-0.074654826693752	0.483599281582004	11
0.097290232130333	0.400550397756803	24
0.048891612516619	0.883205358017399	22
0.049000523438986	0.55460279620317	100
-0.113298995698217	0.749174365087787	100
-0.048335905359341	0.557698306728864	14
-0.034300251887874	0.267570270194944	24
0.067173040019675	0.524695539342851	24
-0.00852928476189896	1.545239209462	24
-0.079069152392	1.05952045888874	22
-0.057840195102417	0.734314409109007	22
0.112419878054929	0.5882797776923	100
-0.0220078049422811	0.181613529241998	100
-0.0384883139401661	0.266641809508615	100
0.02768720195186	0.300223513110937	46
0.093095255258481	0.455317106772422	24
-0.092650695211851	2.04867100204531	24
-0.031587123605196	1.66570918212806	24
-0.020998753949883	0.630083409115685	22
0.07600407928489	0.474194420178565	100
0.053712842632871	0.478041115632731	46
0.093003844372485	0.280669390066075	649
0.106431509150657	0.860984526937931	22
0.002675827041969	1.15783046954105	100
-0.0402401782717861	1.3413884259079	100
0.049523838636938	0.728246713187664	100
0.095800019112435	0.680702839125444	100
-0.107734834627015	0.594191110711293	649
-0.086298223408499	0.477685698074378	649
0.040211417977598	0.377357227526522	24
0.052156936631051	1.49145584272975	24
0.073263433535901	1.54048249990582	24
0.015674709622723	1.4169017948254	100
0.090665659135375	1.05836519855007	46
0.026144063989024	0.832897985121721	24
0.085224394562175	0.929504491530526	24
-0.010867356462207	1.70709099343464	22
0.073173259573696	1.35767075081458	22
-0.089787907344075	2.13861077840572	100
0.108871350968918	1.3120394411051	100
-0.00110781945843697	1.56091846691981	100
0.040238929469099	1.33384998861866	100
-0.00302708841658605	1.80161920124034	100
0.110762302654005	0.829903988645468	100
0.093213384513288	1.13299356499071	100
0.060392609500283	1.14319899681876	100
0.081237341277053	1.10766021485882	100
-0.00637272675112899	1.6181653042846	100
0.020775525668558	1.50450926052647	100
0.025024227007415	2.22653251000545	524
0.067575478914633	1.77764517172557	524
-0.106241025160069	2.42664523318288	524
-0.016307765737963	1.67625376053437	524
-0.071491137198997	1.81463968273963	524
-0.102033801844342	1.68445069762628	24
-0.121743806886516	1.58836656585838	24
-0.0120795964217441	1.33900650435735	24
0.061236711453566	1.22192637128793	24
0.00645263049869599	1.71584213197975	100
-0.012274588304415	1.37069418244005	100
0.094490148642521	1.16800178458408	100
-0.060876718989949	1.75340679837483	100
-0.019370401877759	1.60932558186381	524
0.054594502655955	0.81262035296099	24
0.06238337403594	1.24762132676537	24
0.039677413160274	1.53096485801005	24
0.079118335566906	1.04943851555492	22
-0.090368995111811	2.22359860729883	524
0.06443050639601	1.66975426655417	524
0.110556571788812	1.01684586635504	22
0.106113098934278	0.834950460585905	22
0.113510574582373	0.924530248805951	100
0.038789002942733	1.3388021448171	100
0.117452732449223	2.37390383696033	524
0.118920673102612	2.22817232236437	524
0.04288193560825	2.40604152785115	524
-0.097724022807804	2.23493374067378	301
0.09968782665432	1.21674242718334	100
0.013249397070485	1.83470196803659	100
-0.108006025554188	1.02993313524376	146
0.120607446903963	1.81672928617711	524
0.02807831356684	1.66869505699722	24
0.124045410881085	1.1916001083367	24
0.097996137045986	0.507093205499917	14
0.107040835289287	0.431604470711972	22
0.055977831818425	0.981159203855954	199
0.055974628346678	0.638894412311869	14
0.061192408177284	1.44905059874775	24
-0.0468080670022381	1.22526649952431	24
0.020437645290486	0.366126346827422	295
0.07348542724332	0.565972872613292	199
0.085518154090575	0.586781005373445	199
0.006731919961041	1.16397692940226	199
0.00414462878264799	0.889895923537827	146
-0.0470794314602	1.1393128565265	24
0.107032637894984	0.757925092155413	199
0.034541179904969	0.977112549240823	199
-0.097762191435661	2.41211536012327	24
0.04474214539245	0.909980704846575	199
-0.032498078846023	0.768086592445989	14
-0.044186136429706	1.4153572088242	24
0.103646026227035	1.12975900197384	199
0.031610897132485	1.19574597552549	199
0.04812639550499	1.10902106419863	14
0.053811039672237	0.712598946078913	14
0.016658405344994	1.98213710805	46
-0.0296599395717571	1.4233870488673	24
0.053385698881993	1.79229093202117	46
-0.04492164582654	1.26027016074555	199
0.03703091044582	0.743726155136653	199
0.064276646720124	2.34504736947536	359
-0.079769944833321	2.19259977031848	359
0.095282548231982	0.472673151609883	14
0.046391413492773	1.00343224643495	14
0.050391315717442	1.14664727455365	199
0.093794614044556	1.89593647325016	697
-0.016330135713309	2.43805243109829	697
0.103192728814396	0.685825736864195	14
-0.106276978188377	1.43847219812216	199
0.037293249016056	0.865508686288031	199
0.117626818809717	0.462674098197308	14
0.075833075429945	0.525982305943099	199
0.119596613225312	0.782383076573344	199
0.079433260266942	0.839385325670837	199
0.074015668060386	0.926561733832596	199
-0.0263954747512361	0.558381008635925	199
-0.0127486754667669	1.56156799188326	14
0.056696227931706	1.12842950605794	199
0.015034750398797	1.24301835405508	14
-0.037433250519302	1.70644584021207	199
0.010665681430342	1.42400419052781	199
-0.004185177847285	1.51998499975877	199
0.103243616259477	1.13165031032355	199
0.056317992780626	1.62568398386562	167
0.060610412806038	0.539324844981811	199
0.118152675439348	0.606484551193678	199
-0.058257044757797	1.86286070629739	167
-0.027092200489791	1.42545038234749	167
0.119465009438683	1.1640207555576	167
0.022460999172428	1.54431153786183	167
-0.017415737038605	1.02123220455293	199
0.05584178223087	0.780946534360514	199
0.107011457602435	1.31674631940638	199
0.00607893606437299	1.71722690135256	167
0.030962409812219	2.02572358157907	167
0.081088611667891	0.886322697452485	167
0.075073349797249	1.31540772863364	167
0.098203490472505	0.982317304178	199
0.115543609412624	1.30267566092627	167
0.014774398530134	1.95612218732383	167
-0.045222985795943	0.612117766920211	199
0.066920645355025	0.571436509271494	199
0.021426076176685	1.73418429664032	167
0.073448925471953	1.48979139753926	619
0.113753444274649	0.472446122818689	619
0.074801002885302	1.92114248094765	63
0.108100706381154	1.41432485242139	63
0.089039832368948	0.875431330031038	63
0.121276342607874	2.16770692189866	63
0.116388803241438	1.22790947727168	63
