x	y	clickSelects
0.049613310626037	1.06481667058589	128
-0.112212263194682	0.678576067436403	128
-0.030811900816969	0.402785009066018	169
-0.025756620422447	0.746729635287792	40
0.030084556790548	0.853209726336277	57
0.045777560972626	0.73146961862633	57
0.076391551582923	0.351794850821591	52
-0.030085426134577	0.33744131247137	250
-0.120174399787698	0.369286064377753	2
0.042728340558176	0.663247969166922	2
-0.093214331873179	0.368242927769814	2
-0.092618499879679	0.575952619694562	115
0.086699609971612	0.720029307257708	115
-0.061592216766023	0.456829588265628	42
-0.098295129749385	0.347627712935215	42
-0.077249871801703	0.380144385148869	35
-0.095301828656752	1.95746612784503	128
-0.069287918509636	0.83315907054251	178
-0.058473457749441	0.767946997023896	40
-0.00449127974422198	0.662492024091387	47
0.104294906063241	0.767780477826653	47
-0.094314648505933	0.440758119653012	47
-0.070689312912415	0.43661848773807	47
-0.09533008118684	0.880081267461265	57
-0.113357762552514	0.655187260429733	250
-0.083129113941371	0.646985720314445	115
0.09720881720019	0.841317391877875	180
-0.10647983224192	0.435515547088613	180
-0.098548158742517	0.7114773425234	178
0.067164325083471	1.41639593026058	40
-0.026319812831671	0.746713156321357	47
-0.071247253348342	0.940564723282283	47
0.014026087649387	0.852823745145492	47
0.00917729517550103	0.609943162915837	246
0.042745331961877	0.794675752891063	246
-0.116100111814376	0.783772456344815	250
-0.074652400677752	0.539861249341291	250
0.036871748221588	0.484483156820611	115
0.09894516831127	0.684620986606991	180
-0.021341412067632	0.417365531119516	180
-0.113127876935774	0.762956276398515	49
0.00151316288945003	0.664703364071635	49
-0.00565111821744502	0.593730701683437	49
-0.067070900163635	0.880817168119709	65
0.076099641323362	1.20032037837243	65
-0.115213446457417	0.605115864666655	65
0.015958123924077	0.822948979665531	178
0.008143678352728	0.540380819222841	178
0.118624361400582	1.55046346010864	518
0.073690077956711	1.10854074128229	518
-0.04475175621371	0.793634108177124	518
-0.026097267678341	1.16362750957065	47
0.033615743844717	1.25456850971498	47
0.0710102093724621	0.781689763335409	47
0.076836605448948	0.824138593825111	47
-0.049935438813123	0.748975403926649	47
0.120891044277159	1.57997045080804	47
0.034360054149741	1.31948794019377	47
0.046706815104442	0.681641488115917	246
-0.082958392969557	0.853739469674288	30
0.120716503484776	1.30626418759207	30
-0.064503335155081	0.944224940105901	30
-0.090075975917171	0.684788959475905	30
-0.068743861177511	0.597492336087652	250
-0.089763691298258	0.504518084756819	250
0.0641289374691421	0.849648208720968	115
-0.018596560372206	0.625403165308724	115
-0.099852820705053	0.44226960796177	115
0.017445975681603	0.537032708382688	180
-0.036037941985864	0.458799832160541	180
0.097599652063674	0.602613926195784	180
-0.102164472576865	0.797620817515557	49
-0.111558440862581	0.669853570941878	49
-0.108230642490565	0.545560551780344	49
0.085901835732489	0.824311782982765	213
0.007091729472255	0.978971129666134	213
-0.037277264104164	0.547642249343469	65
0.030293895436772	1.04207485932739	178
0.024556960100371	0.936330104475091	178
-0.055716491883645	1.04825280768725	178
-0.008939144991371	0.854337040106301	178
-0.119062988121969	0.699723212311081	178
-0.07371219996957	0.526829514133701	178
-0.055127414103074	0.373117624711094	178
0.043818504240684	0.515007644565195	178
0.054679921724482	0.583265098657617	518
0.039859883377276	0.604528722708391	518
-0.035863445785877	1.08577344221808	47
-0.102068989543951	0.830512162214759	47
-0.053361203125026	0.394889823980308	47
-0.019205097094107	0.42098069802809	47
0.058862870886231	0.738403036226451	47
-0.102733027236659	0.335860121801609	47
0.10484384970225	1.54980602185623	47
-0.090218980764377	0.55054729555783	47
-0.108899704313772	0.496746875530302	47
0.033854956835062	1.09587319241606	30
-0.053010433792089	1.09433855440717	30
-0.086510540765122	0.762539190577635	30
0.080428573315018	0.911819220289066	30
-0.056841345234758	0.53452738958002	30
-0.079916924002867	0.513603301418024	30
0.104009221283276	1.24329085822747	250
-0.049805805546667	0.720930047697618	220
-0.026371104644891	0.875893765126194	250
-0.101058293452361	0.705906654467314	250
-0.042167496947486	0.922202876836614	250
-0.026269040248501	0.951253630903438	250
-0.00440882198016601	1.23273524078918	250
0.016871895542141	0.639442711756509	115
0.010400965524857	1.04408838535494	115
-0.063898371836527	0.722167538384457	115
0.078167199823389	0.366451304463012	180
-0.120099462574624	0.232595821214253	180
0.084553888915803	0.380481033539769	180
-0.105363678532518	0.292116108024052	180
-0.066071543503514	0.321054678575321	180
-0.121520494736745	0.296017459218981	180
0.045861389321063	0.887486130812213	180
0.006745468009554	0.422206727966461	180
-0.051489275269805	0.589087427670739	49
-0.059959844503227	0.824232420288302	49
-0.120513650402175	0.620948619452947	49
0.115097257081504	0.765013548862432	213
-0.113263762300343	0.64468405472844	65
-0.046590271897372	0.541277652914179	178
0.011297656142681	0.647074556013926	178
-0.094799119744407	0.83663927285213	178
0.0926143575371911	0.757849447021825	178
0.0728853330699391	0.691675501331325	47
-0.110540648727598	0.775113739392383	47
-0.031556253425424	1.09607386292764	47
-0.122285996223057	0.302528671397034	47
0.052169461323609	1.7035823850409	47
-0.023989698366282	0.342177305161042	47
-0.063194832194916	0.326467175714199	47
0.106866803307737	0.673012767120137	47
0.067759263392557	0.854591368680416	47
-0.019210077971304	0.334512238514662	47
0.049163284844611	0.419187347709838	47
-0.092752885965151	0.949295772960611	47
0.00883830133931996	0.757053532064252	47
0.100319655532805	0.96514520208166	47
-0.109425177976832	0.328775644183778	47
0.023556581848115	0.367100691383264	76
-0.05271752372959	0.621692869762022	76
-0.017944961854197	0.627983223826869	30
-0.094612598443362	0.686508994067801	30
0.004676456947869	0.589650652286239	30
0.00855910737940802	0.413449697673418	30
-0.023291007110035	0.325981511278959	220
-0.02547731652881	0.698204923210951	250
-0.00789135696520099	0.830843810142476	250
0.012127645465108	0.881079997697501	115
-0.025481734701166	0.262750354449426	115
-0.076951656604593	0.234888867473297	115
-0.025697741360954	0.266542341958528	115
-0.118223779270582	0.211160860187707	180
-0.029751583133732	0.25366876685992	180
-0.029146071240119	0.257098270573732	180
-0.082559995594823	0.234181033797024	180
0.087150677482294	0.374786723838551	180
-0.028564580212036	0.258419124878243	49
-0.034922658650682	0.702259764641123	49
-0.124910564595158	0.587797044079413	49
0.074572589603651	0.665100801791849	49
0.053021814164097	0.288392362416929	213
-0.073900724363621	0.451568407260155	213
-0.056951106086291	0.76537757036546	213
-0.104765435790561	1.40866191094467	65
-0.100743700817876	1.22796668821105	65
0.05010769684489	0.289672889349281	65
-0.06034876249139	1.01354150533131	65
0.100196081745384	1.39492699891708	178
-0.005042635460621	0.742361196842089	178
-0.106147766372102	0.826705393076377	178
-0.016282530850206	1.07272793224773	178
-0.018071217298549	0.82758199302598	178
-0.062602486982002	0.462978696476537	178
-0.039242375759648	1.01903415010078	47
-0.105691542019796	0.680251426337363	47
-0.02798006004157	0.33987518986889	47
-0.055865521401712	1.03271622951461	47
-0.124316387245382	0.221776054905022	47
0.016479127274299	0.343714677938823	47
0.029248289543115	0.61477020947578	47
-0.106040565838698	0.440225574859959	47
0.08835436183653	0.369519682740623	76
0.00140181688863505	0.679876608791803	76
-0.105999103111067	0.582158243994215	30
0.050485613999086	0.42185120774961	30
-0.108311123884988	0.286775101801429	30
0.043773232413855	0.804430065868191	30
-0.120340484673609	0.521925171467817	30
0.058621305593715	1.37086227542058	220
0.04713066364407	1.56999513712851	57
-0.029603491624944	0.262324352739697	220
-0.079121824470558	0.520350183975815	220
-0.101940775351303	1.04237241862497	250
0.013657114450696	0.857533022961529	2
0.043943766343955	0.968602038748937	115
0.112251754915039	0.842606148775232	115
-0.08798646505026	0.230558454032156	115
-0.083352904760687	0.248688680623107	180
-0.036033481623181	0.466818129864326	180
-0.062665108425392	0.609012383350602	180
0.0101719607433139	0.856835752631623	49
0.046435629595127	0.906667101813672	49
-0.123080555678656	0.299239190339457	424
-0.023418583962644	0.791392740647966	213
0.024113774187827	0.648616320433213	213
0.025273558564102	1.18461952078274	65
0.082286349858259	1.31407504419554	65
0.089058824401388	1.09968443375378	65
0.00796607835676599	1.30855450907195	178
-0.094709382039752	0.7135429893213	178
-0.116008463030462	0.580996669395903	178
0.016725236820146	0.864076952737145	178
-0.083230929597025	0.624235820543891	178
0.00253349009843396	0.64308693469514	178
0.039153594145256	0.617733647173604	178
0.108478297116407	0.720078444589433	178
0.036601413778506	0.64833638211202	178
-0.047832154452558	0.742798985352008	178
-0.051087489998741	0.894857087461099	47
0.023655209735127	1.10847002455362	47
-0.027902754676048	0.603928483762801	47
0.075748967340446	1.14873770691062	47
0.038495034010163	0.812732214712239	47
-0.052805232874709	0.525515901828629	47
-0.086248636938809	0.430742645692961	47
0.092078359342302	1.11991933420977	47
0.078242409408114	0.922715300366835	47
0.118286798254936	1.0490185558061	47
0.072136440267355	0.59563933687656	76
-0.092745552009224	0.378027112879935	76
0.011762604154309	0.749963135059629	76
-0.071936623086942	0.499183945480043	30
-0.049521099866628	0.700387523898727	30
0.0194737434746241	0.823020802070158	30
-0.097540053094609	0.694546940058664	30
-0.056720279326575	0.891770897400981	30
-0.048163584486846	0.769311678141003	30
-0.034751042987568	0.846380664129327	30
0.100894229001418	0.895400625362504	30
0.00944776397592695	0.919823968452153	30
-0.120810404893738	0.41370858481784	220
0.106805088931998	0.748573617042522	220
0.091898485813424	1.24587494431905	220
-0.06067338145538	0.69828465986354	250
0.1085202337461	1.21931335288436	373
-0.085497055832131	0.738240090250252	373
-0.099066916075424	0.818071448664527	373
0.030496674080728	1.0885563787664	373
-0.086964726313188	0.858459612742821	250
-0.096895788181185	0.421526442994119	250
-0.088887130574847	0.511127781353502	250
-0.050043411129378	0.899453904023168	115
-0.018908020122078	1.01935073562772	115
-0.086291806614461	0.352915258524539	180
0.119300807319282	0.633965480138954	180
0.052064367216293	0.449028241144821	180
-0.068078841965052	0.387159425482327	180
0.014319640330383	0.485705219852652	180
-0.114138135037307	0.523798793369351	180
0.015018633402037	0.569600325321943	180
-0.054554939630548	0.693293425717532	180
-0.108841400909651	0.62712343687152	49
-0.040438682408815	0.427967663577405	424
0.0450206240782181	0.753712841369925	213
-0.056723592550876	0.610820108514318	213
-0.110065191658788	0.717736061552599	213
-0.10842590622687	1.15416341334419	65
-0.094095825924299	1.35213352327423	65
0.06192795956697	1.69105889217434	65
-0.030521692339656	0.97023978196662	65
0.028014894869493	1.02061891129681	65
-0.059338210147626	1.24379687858351	65
-0.034251227387469	0.914752336608941	65
-0.02696904773843	1.35537385479401	65
-0.011465725215515	1.3713054383832	65
-0.085342903776363	0.903616675019907	178
-0.087669242215602	0.644138031892983	178
-0.068423445017586	0.562819319949542	178
-0.098367338236091	0.606813241266415	178
-0.100829509973135	0.748030777046011	47
-0.109210107980249	0.718516662469524	47
-0.052277231420639	1.02145766353362	47
-0.010501345783497	0.556064672314855	47
-0.059004823029913	0.683937074890667	47
-0.106920948128166	0.538183608855579	47
-0.087418162160458	0.791370112293479	47
0.109247530405118	0.708430676727375	47
0.083728545401402	1.00978290656405	47
0.0749761893276411	1.13952760199864	47
-0.09319438300631	0.760410218082611	47
0.095945116022739	0.685063548817331	76
-0.050397600369629	0.791907821308222	30
0.091064945470862	1.18046798110452	30
0.038859809846009	1.22349578698213	30
0.069052512344454	1.03628673526001	30
0.070551031091185	0.963315063493512	30
0.122570316266659	0.801498468878352	220
-0.061246327453756	0.715394295839879	220
0.033992084307618	0.947642256529373	373
-0.091508766873554	0.770328674064704	250
0.0583615254086231	0.953311564749145	250
-0.039366108791303	0.532215157793078	250
0.058478005936626	0.589062716815027	250
-0.00137369098996898	0.651695181794437	250
-0.096146390838258	0.912449256827398	250
0.042796847933657	1.20596150930865	115
-0.036063434313348	1.04358640696199	115
-0.041553174314866	0.77340264646016	115
0.0449834750752181	0.613862958692017	115
0.060256042377332	0.603095533920583	724
-0.049664793564457	0.4289884492652	180
0.096456609686372	0.681128585647171	180
0.011768407234569	0.411489260984062	180
0.11531831885751	0.857960263780638	180
-0.081344878767946	0.78271329761341	42
0.0574028427275301	0.759532966534459	424
0.076890809947901	0.674254645805013	213
-0.052744580184084	0.612488904167358	213
-0.096697333659231	1.52908458250941	65
-0.113541146093209	1.90323123694358	65
-0.000834914210912974	1.09995744914149	65
-0.079297599178629	0.516482748053124	65
0.010101460154507	1.09963231694483	65
-0.115846645812291	1.0422723578906	65
-0.063376062909186	0.313532303560578	178
0.063068076038917	0.506217567654622	47
-0.116242404190023	0.358783961078845	47
-0.098899728842187	0.31181921684784	47
-0.10002202216041	0.748145823356616	47
-0.047620568670165	0.377252080975293	47
0.021173906333387	0.354444511872022	76
-0.020994166326111	0.62389288559446	30
0.056018689724311	1.43982008133827	30
-0.107660725127341	0.520870211210754	30
0.0229972943525461	0.72324294472138	220
0.0406049083041991	1.04726552958569	250
0.00294706913573595	1.28315795918738	250
-0.020910540567017	0.686612526945291	344
-0.0959450498751	0.602135828656699	115
-0.06209104635322	0.786708093586882	115
-0.108975553143254	0.953257391721951	115
-0.113053266685282	1.03492905466764	115
-0.083776954672191	0.235234507761792	115
0.080261891351149	0.382896995554001	180
0.0817980223218791	0.375285359342106	180
-0.102508727494441	0.535807248545028	180
-0.02338678429765	1.07180521797947	49
-0.090700900181974	0.682515371239424	49
0.051052801245432	0.62943944444716	424
0.021433402448345	0.536423014865945	424
-0.055102128214998	0.398515700072952	424
-0.076667736704031	0.422859516973673	213
-0.096571147761367	0.428460396148758	65
0.023272081452403	1.06109451873607	65
-0.066086066537407	0.526882796612318	178
0.085265795534633	1.05055872531264	178
0.0102071675958449	0.471652431355938	178
0.118308057347244	1.01566237832596	47
-0.028971007621475	0.529673178401751	47
-0.04692396822731	0.58067035219197	47
0.097972323258261	0.4519554677261	47
-0.080184221699853	0.244051039423282	47
0.0853797964677781	0.373654011933373	314
-0.008374169351966	0.908352660840242	47
0.066363787783818	0.513756454906516	30
-0.073142294668375	0.392353185257694	30
-0.058526851674643	0.880124800298144	30
-0.042683923356851	1.07434870768513	30
0.124241300683059	0.834634920192224	30
-0.046499574304383	0.779353771096325	220
-0.016649890257987	0.34032242126377	220
-0.094131630033781	0.292509068611103	220
-0.10350785134816	0.446567017702533	220
-0.085786978562862	0.241832941883089	221
0.00235374156377	0.801980361453663	2
-0.083116545781667	0.229897038960791	180
-0.082244070839432	0.241639167166536	180
0.0225209791886259	0.353524297118285	42
-0.075353173486974	0.566323348780131	49
-0.122514634756169	0.511240804547342	49
0.037563788719026	0.646018239236829	424
-0.028042661889787	0.373746592008019	213
-0.098058750426631	0.883735905824905	65
0.039461056731814	0.761500464883456	47
0.0117171248906039	0.650072637500507	47
-0.00470673007963901	0.859981553516114	47
-0.033515935198362	0.313391920176534	47
-0.06424238626675	0.314586996624449	47
0.082147221234469	0.370120001460638	47
0.040696436536911	0.790631844160989	47
0.117717839584835	0.68263487326159	47
-0.099418902659168	0.599041984350899	47
0.00528819756275201	0.284568082489895	47
-0.082841595651793	0.447831650104815	30
-0.021463734583038	0.474660429979923	30
0.107272614102504	0.550977792230035	30
0.078088987346318	0.58324065657968	30
-0.041095708061389	0.581478631008871	30
0.052360584605907	0.280856084246129	220
0.014492637659233	0.628771950424194	344
0.114332429422872	0.548261048989023	344
-0.083352904760687	0.248688680623107	221
-0.025599959852498	0.740088168131782	115
-0.028103016755023	0.247091397412237	180
0.022654281886746	0.341209287450701	122
0.00955931890587203	0.569249617703435	166
-0.022137202044022	0.522678067069653	321
-0.043506883710764	0.521997331004483	321
-0.111522968190238	0.216795464368826	65
-0.035475111917919	0.529480556408336	47
0.013110381550072	0.767643184488959	47
0.093388302699303	0.354488278393093	47
-0.020325349796259	0.340661584330172	47
-0.123355779224142	0.225186956538969	47
0.021403598539621	0.355343450851553	47
0.00734514276118803	0.428958492160467	47
-0.117622494398154	0.580899989935312	47
-0.022549674583115	0.549404026951515	47
-0.079255074986383	0.367017477126922	47
0.026507419154587	0.550959699897153	30
0.005034014075319	0.41814547121162	30
-0.090929624461508	0.755010879474677	183
-0.034065531027284	0.695181107909088	183
-0.017115493322568	0.339263748888358	30
-0.023117403005776	0.336157723322677	220
0.097646431754688	0.681632144096898	344
0.05008334500507	0.274234929744854	221
-0.068603837368232	0.322086364104929	115
-0.031209012651761	0.246662133899141	122
0.055273646702421	0.805520503320805	49
-0.068405346948098	0.395102929993939	34
0.02641648934332	0.366699253272202	166
-0.123208996553119	0.231799868018812	166
-0.081155432428103	0.240763362592035	213
-0.109703283107883	0.362911157197013	213
-0.030225845046393	1.48145652111654	65
0.045226350400255	0.630921407642268	321
0.057797098142097	0.971767903727276	65
-0.085963467282602	0.72326898955291	65
-0.076446563007309	0.29524766685828	65
0.0842047079596701	0.380118560529233	47
0.037769801265514	0.576223244480536	47
-0.055082554912478	0.463128711983023	47
0.031465375533085	1.01356125254055	47
-0.00801383059274902	0.327541389629844	47
-0.064231340549918	0.393141632202984	30
0.061082723807641	1.35633820622365	183
0.0783957998643851	0.38460997548517	30
-0.055052582578592	0.528017063739207	220
-0.023067587280539	0.261929752605143	220
-0.00369942867441098	0.176172683328702	250
0.029590582733387	0.355047704151869	250
0.01009611152957	0.715068968547563	250
-0.06033115802405	0.52887238031422	250
-0.062959179129846	0.329415336676065	344
-0.087010798134544	0.37897590096587	344
-0.056770802705187	0.695989964938591	344
-0.053647481054847	0.847365307667614	87
-0.01943478126871	0.682607398222823	115
-0.070008692938464	0.918807982438791	225
-0.00504148576362101	0.169550041987917	180
-0.085770921964325	0.448771933528128	49
0.048558550421011	0.2731560330219	49
-0.000621323065593982	0.180551201364872	166
-0.018986723861535	0.346506390731124	213
-0.00722147179676702	0.173416215701113	213
-0.118239762208878	2.1220597290647	65
-0.115703927203749	1.48005380887123	65
-0.098032475781308	0.609879362603904	65
0.00028689773274504	0.482017022558273	65
0.042739849731657	0.431407423235825	65
-0.066679524117375	0.581689895586438	47
-0.117475556705187	0.296554284482711	47
-0.102535280196135	0.429552708850847	47
-0.023847101631351	1.26772025687547	183
0.0509711300963061	0.270519960123753	30
0.049465874223881	0.68921791232868	30
0.0879492901047561	0.387540228872892	30
-0.083463806050731	0.243140838487191	30
0.095755389972434	0.440930201450633	220
-0.024700757501411	0.259579260354552	250
-0.032940146248227	0.395856874350253	250
-0.04707841324931	0.650678233460897	250
-0.095858933366422	0.594194691916776	250
-0.080709563808258	0.484051459064925	250
0.103068097591356	0.67600204992299	344
-0.070548544379263	0.313374481856149	166
-0.004142438390702	0.179531818530155	166
-0.00321383446437601	0.530917549782436	166
0.036925111192617	0.514176921217247	213
-0.124837088572076	2.46255225987304	65
0.02386343322883	1.35682887396136	65
0.080566691740349	1.13297064808427	321
0.096072007136506	2.1542143738338	65
0.090526232798609	0.977233730983736	65
0.089755145631041	0.577221176863835	65
-0.123212305425329	0.898186808141381	65
0.023327810467816	1.00749926634185	65
0.00359531159208204	0.634002886608083	675
0.04307456480225	0.586733016619695	65
-0.052371684963073	0.737426962189694	47
-0.058008762199961	0.648671991588804	47
-0.077214569414021	0.436293452957268	47
-0.037037592360942	0.745107434405126	183
-0.100031818076977	0.513519269055842	4
-0.00443984559839899	0.709097958941585	250
-0.11057120205936	0.653431912902135	250
0.060909673580386	0.808792461810428	344
-0.025481734701166	0.262750354449426	87
0.098939052825751	0.646101030796977	87
-0.104581989284004	0.521921591244575	115
-0.045833730785717	1.17046926723221	106
-0.053498422431398	1.16084560996779	106
0.0524072555820671	0.265872576889591	180
-0.123006147741406	0.230056839081592	180
-0.058374773540601	0.318567176831376	106
-0.024249804750152	0.333324039465668	400
0.081827794033614	0.372728547189161	400
-0.117981374926609	0.363155351040036	166
0.00809959063410404	0.725493396629402	321
-0.088515111891625	1.77288934753026	65
-0.079406642435078	0.364805346756802	65
-0.016848188764306	0.344964495314429	65
-0.092874707204956	0.301894877692164	47
0.045497493981374	0.833379732850626	47
-0.023117403005776	0.336157723322677	47
0.109638999493447	1.05829458462174	47
-0.107660916332709	0.765167197335432	47
0.020412589850063	0.547335220766319	252
-0.072421751009826	0.420446608019002	183
0.043598833981355	1.05884108386198	183
-0.019734086611787	0.695966630108874	344
0.080457146932302	0.372289553263169	87
-0.119842267678362	0.676441178590526	87
-0.118131950039751	0.604072586041389	115
0.05763200399466	0.579790948265796	115
0.051367717182651	0.293310277248673	180
0.05176087627654	0.284917644450146	141
-0.02712678509199	0.267732025906578	166
-0.018007565078924	0.407100639436362	213
0.039973563781762	1.57242176254535	321
0.0727597537225661	2.21368511390039	321
-0.121436961987617	1.71018451170578	65
0.020765921714312	1.7575159323426	65
-0.106026519767082	0.750268725643726	65
0.025848988520092	0.64332866090638	65
-0.077817940097442	0.621890471022867	47
0.093975486000634	0.677602084516685	47
0.016090005072719	0.650196079100548	47
-0.067259430506528	0.669166076253528	47
0.039386542389495	0.884194900718367	47
-0.062634460489872	0.316991598239361	43
-0.099015205421404	0.432728997520655	43
0.01087719712285	0.633297779272347	183
-0.054049940680449	0.462518697971622	250
0.089211432065839	0.835359668278349	250
-0.07949855095287	0.523993766827563	250
-0.023457115705554	0.553960252748306	166
0.010177267264022	0.67547813941604	67
-0.053882253351813	0.619086681066187	65
-0.057672973992781	0.92352758678376	65
-0.070090517735816	0.462736330088238	65
0.108796333087122	0.693364477882599	65
-0.024134713521017	0.388829859207572	65
-0.019484662794128	0.41542582540175	47
0.00887559661471904	0.43150136949818	47
0.108783408425937	0.546974491880838	47
-0.049770882246022	0.447698794327466	142
-0.057922146378808	0.522927332163058	47
-0.051929807487411	0.438175299923731	47
0.076855262207623	0.366199026448855	43
0.081115261256146	0.605143043507186	43
-0.071761061609046	0.452722456900061	183
0.00945818136885102	0.776678521595564	250
0.097636935617156	0.760867964125302	250
-0.084770427273989	0.526495964756564	250
-0.12264954880528	0.517287026340604	204
-0.066076155440096	0.457334801413472	106
-0.029972161734858	0.251175170304744	363
-0.120501033202073	0.228717240960365	106
0.026116456136555	0.353694552248346	567
-0.052093405044646	0.402415346982217	739
-0.048191523501436	0.458698395659895	6
-0.00162566023864102	0.474998330345454	65
0.083941041929829	0.37243997286323	65
0.051373777588006	0.8083966228554	47
-0.113766212389334	0.364182888352067	47
-0.086897801042767	0.246335958711717	47
0.048558550421011	0.2731560330219	47
-0.00885855831967203	0.167322945347952	43
0.056236980381704	0.287018099515627	43
-0.011665598855501	0.324654742582966	183
-0.023059988518848	0.3277889488411	31
0.115832599641887	1.01461775562617	4
-0.029603491624944	0.262324352739697	250
-0.07347338734032	0.380927835980578	250
-0.09245940733212	0.371861491512296	250
-0.09193348363089	0.592674281207049	250
-0.051465064403269	0.590225275016058	250
-0.119178182764828	0.227141310963766	371
-0.00443035302344802	0.178082445491303	106
-0.028695426567801	0.331899500880804	42
-0.10894052416757	0.442323812795084	29
-0.107144904363947	0.448667843631502	6
-0.084511666593005	0.493994019836815	67
0.078457999474881	2.43719541196437	321
-0.022309451321801	1.65331817021487	65
-0.044108740121524	1.05367924113334	65
0.074416618575557	0.728485774297635	65
-0.122566972996762	0.297653938720219	65
-0.025115022559862	0.390806800587132	47
-0.020361761652998	0.994734294406236	47
-0.102306415679837	0.964998494892206	47
0.0236541896539481	0.362516170768618	47
0.05420585042016	0.588208829961087	47
0.048903953561146	0.733300918560593	142
0.103588202286217	1.41932964846794	183
-0.044825015314514	0.402292049567344	183
-0.043240627971133	0.399203186906158	250
0.084748322773246	1.43773652214048	250
-0.123794105521825	0.150565056806403	354
0.01530901269915	0.343162074286542	42
-0.072514483180636	0.392750144586448	67
-0.079955657243111	1.72760326707256	65
0.038673075522504	2.24609396800145	65
-0.05617588426508	0.387232611281841	65
-0.124623361599282	0.359616981079476	65
0.094419236910785	0.620026646653472	47
-0.00795461160137401	0.888797638671896	47
-0.077950223032483	0.507281918084715	357
-0.014520296520183	1.27847958617288	43
-0.02034224594917	0.336044265243968	43
0.059876879679536	0.493554508689823	43
0.012919412425891	0.540619308321427	31
-0.011487552652656	0.731195743450721	31
-0.106827608050228	0.353342658667394	250
-0.108055171839042	0.891035096225194	250
-0.12346362970902	1.74906274807757	65
-0.102742265670287	0.812041661445413	65
-0.110615710552623	0.647747236752815	65
-0.03855547346153	0.726473168490322	65
0.104627817905998	0.85691065427619	65
-0.01750002511782	0.53655159654806	65
-0.061253837060628	0.44184943854112	65
-0.026115927567563	0.377111476243563	47
-0.094895396130667	0.314420288017151	47
-0.026372925528901	0.335237521041948	47
0.076717151748996	0.585138771152547	47
0.086479292686359	0.842803074932791	43
-0.090159342934915	0.30944779902989	43
0.106672779979691	0.5438207064328	43
-0.07062102413034	0.597360638350874	43
-0.083027208369612	1.02546356240697	4
0.095791055759822	0.688067082321256	250
0.021478800258245	0.695071987973661	250
-0.035482750370155	0.990584251301876	250
-0.053489941610188	0.396463158631621	4
0.106214263509692	0.550838785954057	106
0.096511848111898	0.440194964496988	106
-0.078414531159024	0.245668151258776	6
-0.032277201719313	0.532988812393725	6
-0.021629538574356	0.404678559971861	333
-0.010615550531058	1.97769888525316	65
-0.09635722265251	0.938307016418248	65
-0.031599566877559	0.945357993092228	65
-0.087184090271994	0.981484319588762	65
-0.090251353757343	0.876979404279355	23
0.0838882761040139	1.09659568924054	47
-0.111870062498134	0.60959901868773	47
-0.120109726017133	0.772539303680796	357
-0.090421650308097	0.625301004094783	43
-0.124070389141076	0.342499805091382	4
0.053281007997905	0.896084225663308	250
-0.12094052720449	0.789143611817809	718
0.077747317145218	1.06359144369345	718
-0.112006388707877	0.512132414258429	617
0.0777580749921301	1.24118383402745	106
0.098212730286108	1.00816716483473	106
0.098545621863558	0.918330961444975	6
0.00549217160556104	0.839470425429558	6
0.098296351296837	0.91811128021755	6
-0.117863378684582	0.653527138577892	6
-0.070254650232269	0.778729996041801	6
-0.070434930164045	0.661620460111754	662
0.075310767990706	1.15728970812845	65
-0.04501808189227	0.943863629033524	65
-0.110751288842465	0.848702678071161	65
-0.022275944672227	0.506570084320932	47
0.030751634387497	1.20204465439578	357
0.013399594490612	1.03302284380502	47
0.010260376000585	1.03991767122302	47
-0.029752431052489	1.16927437294845	4
0.099206444202263	0.472730266061829	250
-0.057841359047871	0.319946343674699	250
-0.108476764788461	0.348066159340334	250
-0.082268611100609	0.417861465943538	250
0.021790094664076	0.46981874502115	103
-0.052872667300281	0.423829721558105	617
-0.07584651561347	0.382854442192043	617
0.0391025587506419	1.01762363009882	354
0.101461341340245	0.480382539150601	6
0.096058642577418	0.924943302008394	6
-0.059308853704	0.612280947939499	662
-0.025086895317402	0.414177072934059	67
-0.099452038673263	0.785275418224521	65
-0.085656405043429	0.939057596992319	23
-0.070992405844353	0.800224841682106	357
0.063735770572949	0.905322786294908	222
0.00330616006912898	1.10544889037697	4
-0.110798444974966	0.696108352829557	718
0.044214848538593	1.0451163920473	6
0.0476910370835461	1.31158922760627	6
-0.107950244171867	0.671849097193883	41
0.022853245010635	0.725088968689809	662
-0.111245693960715	0.618704809392957	67
0.00742472192438104	0.890186358270334	171
0.095486458313319	1.28909976109769	23
-0.076142790068837	1.40250126321641	65
0.000601394469307959	0.406960744527315	162
0.107377364363509	0.542432660866405	158
0.0195550504669541	0.676621602493717	222
-0.095691615544444	0.861339363815432	4
-0.016916676550373	0.757701471860975	204
-0.065764685899438	0.444966029597632	617
0.026373595600279	0.481773594298306	617
-0.112563122890937	0.616487413967809	6
-0.093817444687855	0.313190409350996	6
-0.112012390580992	0.519443283661549	6
-0.087498535439102	0.792254660492996	662
-0.079508948100156	0.557864159794874	662
-0.066641989971878	1.03476007090745	65
-0.068632347853429	0.99398992630886	65
-0.057295868222413	0.621793959110651	162
0.00630756214217598	0.526691700804518	162
-0.065465514869863	0.313783955441945	4
-0.07618018496313	0.525033544529058	123
-0.015784786491424	0.675490098443208	103
0.00860620351317498	0.461964315800755	17
-0.021049762014631	0.418308197802302	6
-0.091989123415137	0.673154656050547	333
-0.056333348533924	0.531176667268904	67
0.096417195862684	0.994186697328788	23
-0.076131991073759	0.460446739981463	47
-0.099719721497121	0.598230143069368	81
-0.08456323271999	0.620052493861308	4
-0.117300568574131	0.896005387293055	635
0.11086734001105	0.598493098549835	103
-0.063927016709972	0.773530649701065	617
-0.026916274929042	0.408555855176166	6
-0.046829074600598	0.403763611302034	6
0.063574056778555	0.596653880117817	6
0.083475463297892	2.38421339969683	23
0.103189635305192	1.79645742018721	23
-0.041193765027443	0.675627547585767	422
0.030159872638392	1.40358011402317	175
-0.0000210799643460269	0.966265070994432	175
0.013430396045976	0.335933970778413	399
-0.124112708070727	0.44326729060903	449
-0.088954620116809	0.432968715706889	81
-0.118760158859274	0.612523384937243	289
-0.055333807534101	0.608688427366971	4
0.123609029193487	0.582962174628086	4
-0.011975100724544	0.663860173914103	4
0.034120208379455	0.515155609610865	123
-0.071641749012415	0.865256763785375	123
0.050536629452991	1.40594926871236	123
0.0576710592015141	0.954117123332407	635
-0.028710572529072	1.06188244201594	103
-0.09444475111054	0.436604682627	617
0.047633754517304	1.43919729998041	17
-0.075734140061333	0.232789143560974	106
-0.047476830450469	0.961567714173686	6
0.076308413805991	0.372560481289198	6
-0.106489016984654	0.482073716682095	6
-0.10571268520542	2.20907688825028	75
-0.03592831273942	1.5934889728191	75
-0.097413707877386	0.781886309974839	75
-0.098324121780494	0.599660171219643	65
-0.122594177502412	0.914118548656737	65
0.108364565558075	0.796367684123327	23
-0.013149034285694	0.474545935459281	23
0.079804191277314	0.823230875977382	679
-0.110804317777611	0.893463940241079	175
-0.057980311008456	0.534874396328818	86
-0.058898339215486	0.540829668182371	86
0.060593296272807	0.596985843719222	357
-0.013317255626915	0.415782397770432	449
0.00439572289113699	0.786159946573111	449
0.017273229611717	0.524083199590329	289
-0.061498329632628	0.619199799002161	4
-0.092141991731114	0.52477933021366	4
0.061232969777902	0.587353100584824	4
0.063806675175328	0.738165359093935	533
-0.073874281098392	0.444160184743296	533
-0.047280898606077	0.67710085639858	123
0.07845350198308	1.13893020428347	635
-0.103364982386111	0.722067883345924	635
-0.068713185969132	0.381557967920197	103
-0.113334790081112	0.412289617629591	103
-0.00267127763813801	1.32723081828694	103
-0.099323412974756	0.525127590515301	617
0.036151960616341	0.956072615410434	106
0.0812559646423719	0.377288882152874	106
-0.027656355183016	0.323233494456117	106
0.017933196135334	0.356505398428016	6
-0.088749987370412	0.307665387139231	6
-0.042168152660071	0.726035417141522	6
-0.011180223998581	0.666791514420962	333
-0.09395010606901	0.636317512877481	67
0.00793295313405396	0.400639867838297	171
-0.091092285500208	0.381984269821582	171
-0.073063712474126	0.659675006135493	357
0.00604848400003399	0.546580159820232	4
-0.077033335926199	0.52621332589181	663
0.103066111319913	0.689060691082169	663
-0.122850911133635	0.636133180512857	103
-0.092377221110058	0.899344697431545	23
0.019781314203707	1.25977650203676	23
-0.057530795376829	0.505761244132098	4
-0.111334498031029	0.443079547588059	719
-0.117035656056643	0.304559844825538	663
0.032627542891246	0.500797359016167	663
0.00850495764838399	0.530722119626203	663
-0.112498797948542	0.645976550700048	4
-0.100204124153935	0.423614439696077	617
0.020926841260294	0.421916761306248	617
-0.119161468325132	0.437534542326013	42
-0.020623368625126	1.83829004382135	75
-0.018633391475233	1.04997655451421	23
-0.090005729459151	0.844229112638017	23
-0.123966816280836	0.511459398538121	4
0.069594779366273	0.655563415030016	719
-0.087089918919644	0.356851163465534	2
-0.099174889488955	0.607813977067746	2
-0.061348063230505	0.368984012683032	103
0.08379824651846	0.38157000299328	103
-0.02362883239097	0.334532011501378	369
-0.094438876795646	0.439892298525512	38
-0.123433340018434	0.564112219661944	256
0.120831537603661	0.833143980036601	58
-0.042115562557696	0.515463168150033	663
-0.036735182809702	0.600645857987987	663
0.095147120940414	0.926681342975192	103
-0.042631815718354	1.4980150654975	13
-0.107693685544431	0.438469652617712	175
-0.11061600459128	0.443864406387181	357
-0.090739930004172	0.227374792121845	58
-0.031195808369617	0.312345766728349	58
-0.088797876099988	0.379776875928001	58
0.096439172912984	0.87714294967032	4
0.083808062556921	0.751840879275504	579
-0.083781417652101	0.235251332349483	4
0.05355499329672	1.05710060223269	103
-0.022218113902985	0.262373143020657	335
0.092477783871876	0.374014688752115	6
0.078711567481526	0.373794931568449	38
-0.080136170400213	0.942951625223214	13
-0.034685705997619	0.996768128050318	13
-0.034909743706974	1.10364166844283	262
0.109678344704717	0.655065464846099	431
0.005491086082963	0.483042925576672	58
0.026114794981013	1.04373322162365	579
-0.010276213809046	0.867629575747852	4
-0.027546539595488	0.931587808516492	103
0.012333846305145	1.12660856123682	13
-0.06224480106069	0.998113850321852	175
-0.036939755122697	0.684187050609226	431
-0.101396882747726	0.62371627165574	431
-0.106162300037527	0.448359027621412	58
0.069004463347719	0.748596528727139	58
0.00583073006383805	1.14738494067831	58
-0.100977892639703	0.604371995955024	20
0.0255877988391749	0.867760659886833	20
-0.046742744955697	0.617055736321816	335
-0.066470876652225	0.529787449603755	6
-0.081659904691512	0.514638565776428	6
0.121545092395371	0.887905401787204	6
-0.033168559251046	0.439296144907127	6
-0.02441116762452	0.778185185843478	42
-0.109582810261999	2.25138734406967	175
-0.104617778145155	1.18113644911297	13
-0.119568485324238	0.854066116764491	13
0.00298860881924501	0.543130617920279	175
-0.02034224594917	0.336044265243968	431
-0.018501945835433	0.340819086244221	431
-0.114370648424091	0.637217598274665	58
0.065046504736283	1.36357631658865	58
0.013798282256774	0.420367917277467	103
-0.031011416248529	0.244116145982891	6
-0.074610301320664	0.711355162277334	42
0.00537243178482805	0.490051247603743	42
-0.060217436130512	0.440546313201699	6
0.058555705891245	1.10658555924106	6
-0.07975945031419	1.4289267094051	13
-0.028718099670737	1.18823446767449	13
-0.031034768968429	0.884223351342427	175
0.112610491439766	0.976774026984181	174
-0.072537386670393	0.887486325718268	58
-0.099600607601514	0.645409547021963	579
-0.116548487635464	0.696351840388743	579
-0.00572218231260302	0.875704265854942	20
0.00421591232808005	0.800083545374439	20
-0.087654946723605	0.797526072774341	103
-0.091625468297141	0.699563390457144	103
0.00389426516764302	0.766846443638004	103
0.060120361701844	0.66250882844959	103
-0.108799555515472	0.623574553689374	6
-0.115533677799948	0.769514167361912	38
-0.094183232481777	1.28378023337629	13
-0.076717401394896	1.16004390818374	13
-0.000679350113132027	1.54303005908328	13
-0.110103566538013	1.16992905339893	175
-0.063329280014396	0.784172739912376	431
-0.108216313962237	0.874868430921603	175
-0.022735866050206	0.665560317063348	175
0.021364149244803	1.00166249298786	174
-0.121456223195726	0.788814331316715	58
-0.083627215224768	1.01874196899541	58
0.100976783320859	1.53515729661882	4
-0.032461107557021	0.855312675182219	103
-0.073751568846045	0.929130647427053	103
-0.107388826130322	0.653528007252295	175
0.112885836284319	1.02037979786223	58
-0.020196629206175	0.938568876214295	58
0.028939943714824	0.492576565345017	20
-0.071306368409982	0.453775527201539	20
0.044308288653173	0.908013881809005	20
0.00244044039322999	0.488816327473949	20
-0.016634712405337	0.558402730008965	103
-0.055344670053324	0.463747445638182	103
-0.016747560838833	0.789057402753626	6
-0.123046976957427	0.369268444968559	6
0.102329345277361	1.34951951906579	6
-0.087991958657539	1.02722668664255	6
-0.093356866964767	0.779290483084432	38
-0.025310458183643	0.529830019212881	38
-0.03512194614235	1.87425310335846	13
0.064397040539416	1.08933238508455	175
-0.035360726636527	0.873222667821004	156
-0.00831620046390203	1.0785625095836	4
-0.040029144213996	0.843156469634501	4
0.0141535905949129	1.03498218735319	20
-0.08049233546488	0.415087106547859	20
0.110332233755204	1.4108554468781	4
-0.00264959582437302	0.605127430614177	103
-0.080100774350695	0.428919191070333	200
-0.110043862258296	0.811830288065975	6
-0.10915630108104	0.701327965603308	175
-0.027827773803825	0.684418477447964	175
-0.103527331061504	0.573769543332358	175
-0.033406375387995	0.778804886911583	175
-0.063032270055033	0.700812198791502	175
-0.043185381273865	0.82120707165531	58
-0.102502053905678	0.727740048995564	58
0.084052932621851	1.14190804043012	44
-0.048621558100004	0.611539884409229	20
-0.104486178589986	0.436478984075375	103
-0.03418421189547	0.648851954869316	200
-0.030489101353453	0.941453176847796	103
0.019142434116927	0.7253583688839	42
-0.088747702554374	0.481154756009262	709
-0.055681548685316	0.455072464339951	709
-0.119436342905306	1.33767462243489	13
-0.017881770167986	1.32033308495866	175
-0.104655833254915	0.818480083473216	175
0.085325602354705	1.10368377452183	175
-0.04870643286651	0.905821682424704	175
-0.117748977206663	0.506703451101194	175
-0.10107219281459	0.595636818404379	58
-0.096844910818566	0.599738853981072	58
-0.049624417658285	0.787723096322206	58
-0.105702343746375	0.726268025475165	44
-0.10499431973581	0.534435352267933	208
0.058957619209117	0.975756038339292	20
-0.056071933993535	1.13489172352432	20
-0.093477589823618	0.841906174665486	20
0.121871460519815	0.66705342339666	103
0.058914957576502	0.807191535765292	103
-0.107734740789068	0.53514410939843	200
0.044611554200349	1.06810490447402	200
0.097378538684911	0.955124644261684	103
-0.00760086501652002	0.717288531801772	103
0.031251431386551	1.01688677515189	6
-0.10245730488012	0.5363869305201	6
-0.094369024183892	1.36822385922006	175
0.048938082391383	0.794131878913117	175
0.077809123126846	1.67730418373485	175
0.068630998893071	1.53664229471766	174
0.01904626563599	0.793416041546658	156
0.01846653120978	0.937183084626668	44
-0.109206222759718	0.726682326462127	103
0.043764600972459	1.03431735501773	200
-0.064700657224222	0.884622451897552	6
-0.00545732346986899	0.957159437137143	38
0.001666579644648	0.769043238756462	38
-0.113373430397	0.774237718807329	21
0.049969228554535	1.21667873053308	175
-0.061169819606292	1.12312071766066	174
-0.029341451319303	1.24315158366471	156
0.070112987353651	1.62344251503794	156
0.0620703934685411	1.4407035541424	174
-0.017839779600436	0.484557555394512	208
-0.093630395994409	0.34893548077887	44
0.00969837893472103	1.28286572160206	103
0.07791561560607	1.21986265218981	104
-0.052870496109494	0.449146813252808	103
-0.099266904117223	0.930677891151346	21
-0.12381558529231	0.785445093874346	6
0.011912041425608	0.671095110518955	21
0.095882438268418	1.47592327938017	175
0.023408801284354	0.571378013421422	20
0.087988048691394	0.704170738026648	20
-0.034990213888684	0.457061960749076	20
-0.109322937820927	0.373058124164216	20
0.071894973710136	0.516360916835478	609
-0.071269082431216	0.900258491606136	103
-0.024247868887079	0.544024290465039	104
-0.107416371016963	0.560268339017875	104
0.114111327038796	0.847405506871846	103
0.069497957082804	0.535334895439436	200
-0.118974714930017	0.594917134202875	42
0.024767268520247	0.73171919297508	21
-0.021041094760618	0.747875928058719	21
-0.055764445558778	0.538997556810086	38
-0.039299539998726	0.796081876185093	21
0.013892125667047	0.93957417362313	21
-0.098431427854111	0.419284105949414	21
0.047931987934177	1.27687939643637	175
-0.070269947422677	0.664964898535151	175
-0.068324657334844	0.92745684621793	175
-0.073592080824462	0.687695963468784	44
0.012149960318149	0.94987679664882	44
-0.105419705716355	0.712448238057631	44
0.00971935886060205	1.00755702737111	58
-0.119367242170655	0.73056871395104	58
-0.082553622324447	0.6537402303321	58
0.112119990031805	1.21281316388648	58
-0.033847353712784	0.971854255508421	4
0.034820983864709	1.03587415319534	44
-0.051543942587398	0.705376995730157	44
-0.107612363945135	0.490239036423969	20
0.07948671251878	1.03931920072219	103
-0.041157517317108	0.810504453905226	103
0.015271895916559	0.960726786028754	42
-0.0791519879016	0.630889580177171	42
-0.039543055657879	0.843883415755849	21
-0.120979708363732	0.572846226917365	21
-0.078350356586233	0.656185917301965	6
0.109852446900699	1.3670231217268	175
-0.027407421687041	0.865759484622393	175
-0.094997101124955	0.878773431328802	175
-0.101165979825399	0.686006881436803	601
0.080231207620492	0.909708462836813	44
-0.045665099121367	0.909915172218342	44
0.078911861367256	1.41016801072745	58
-0.116768156539546	0.568057848150509	44
-0.00281357334515803	0.961980112332627	44
-0.02083180245376	0.9329333929032	44
-0.115433847792548	0.521414012740908	97
-0.048381561365286	0.662238433875651	20
-0.093203108985457	0.539571236866255	104
-0.048638438918287	0.884275741059896	104
0.037066434024037	0.957242024989964	200
-0.017390241619179	1.17946712624316	103
-0.051796434058731	0.616935056857514	103
0.00810859575877598	0.714683639580407	42
0.107684615531954	0.733314172270436	42
-0.02699427669205	0.933020216716695	21
-0.000879843846588013	0.987817275718647	21
-0.012438096797313	1.04872734606631	21
0.041165663348529	0.778517630675485	21
-0.028604921707021	0.938400321835774	21
0.094026113007061	1.27755341269062	21
0.061510367536367	0.901792092418267	21
-0.106195908614296	0.68775567909576	21
0.026848270657006	0.860532043358073	21
0.00286162136588597	0.97535668839462	601
-0.117935120493022	0.518110296097609	174
-0.124841754960948	0.636073782334844	174
-0.017376203257655	0.872532656956694	44
0.064103045201427	1.02321309567372	44
0.02266283986061	1.06054739911587	58
0.066658156095963	0.96864289046293	58
0.052904044450225	0.606366378387183	58
-0.038167586105064	0.83797645250123	4
-0.097798383182604	0.636520313717416	44
0.00325887436794203	0.701995111893593	97
0.124066984345419	1.08433492475674	20
-0.058565513455316	0.362638573946809	4
0.121233652343176	0.893245764470241	104
-0.122809382221321	0.432499517652117	104
0.064171444557359	0.81509593737491	200
0.111086661835518	0.755087411771886	200
-0.068359602948929	0.314492024680999	200
-0.020255698929466	0.403807200499716	200
-0.075039826836743	0.680452565749893	21
-0.063102055949077	0.693112621133867	21
-0.120634864753226	0.542313422034143	21
0.022200228852059	1.05540662994464	21
-0.030167711311618	0.622632233820939	21
-0.069899211940246	2.07303865768596	36
-0.00028449269045	2.42596247269464	36
-0.065819479782626	1.85295445008868	36
-0.122991054987722	0.756010650913507	175
-0.032075841200051	0.980166254207962	175
0.088837293851045	1.32160570486282	175
0.026360869353107	1.17927477347945	343
-0.091454376975649	0.723729333425719	343
0.052889699280379	1.05889945321814	343
-0.074218682336709	0.700366085134783	601
-0.11731948304876	0.700775183581612	601
0.014304700867382	0.972170844859194	174
0.043239738778978	1.05278965510832	44
-0.086015056900657	0.824272889504372	44
-0.093178069823987	0.75808163781948	44
-0.110470521243631	0.54081521791452	4
-0.058326277854843	0.527642303635522	664
-0.027734139687755	0.550810121073891	664
-0.093956204832356	0.368576385676692	20
0.017718939402353	0.792203968438622	104
0.116213928845476	1.0955151364315	104
0.046019242810582	0.722682784838945	104
0.0564376714261841	0.781008740013598	104
-0.067438473633947	0.498133240838731	103
0.030407953254848	0.595472903520704	200
0.036546307933473	1.17715405033704	21
-0.011511701565785	1.03929787850297	21
-0.040935986047118	0.621370101585403	21
-0.015768691108432	0.783881161022773	21
0.00351979316778495	0.966254390535424	21
0.101928309040634	0.778394930223607	21
-0.122103941310099	2.03941593577157	36
-0.06322610035693	1.99096674186824	36
-0.097850174761411	1.64756991457459	36
-0.101695148495731	1.89140985130232	36
-0.045829226206364	2.22337095429888	36
-0.075022721393758	0.715526038458672	601
-0.118343299603994	0.715219469537098	44
-0.08526735632823	0.845531345157632	44
0.032860831843909	1.26712878202973	44
-0.00580457993840999	0.762507655249915	58
0.00953616963341397	0.43073000123042	58
-0.111652819988024	0.556870925425172	44
0.038994814160616	0.948181864222366	20
0.00612582056807098	0.486434741774829	20
0.077600936180075	0.683223925055126	97
-0.114229622105573	0.449064302647393	97
0.021671491396501	0.638141090685663	104
-0.084128480656082	0.366294852783419	200
0.0992430085252271	0.475704877764505	200
-0.107387796655157	0.751399833543965	103
-0.073818032720925	0.997955092628266	21
-0.062395690075514	0.866410698352949	21
-0.089842647537015	0.912577658848915	21
-0.079586819019941	0.754615670456658	21
0.067494709614208	1.03735743235314	21
-0.00359751257596802	0.810738492839242	21
-0.124294195294252	0.609776301591864	21
-0.114713880128961	0.291004603001299	21
-0.036524037225602	0.686730174953092	21
0.06819378415766	1.10266287875092	21
-0.072113957577551	0.68791945955832	21
0.012203853912089	0.776428026315985	21
-0.059788471802084	0.536859018731958	21
-0.073037841038418	0.586825715436914	21
-0.052128012854573	2.47244600668103	36
-0.024658343644223	0.744978765492301	175
-0.065448257236727	0.71664821536323	175
-0.123819096336173	0.876010587079745	175
-0.116908520709644	0.448259523436751	343
-0.055052582578592	0.528017063739207	174
-0.05315256107893	0.894491560478625	44
0.040516759427466	1.15209379722246	44
0.092465695870834	1.27170902937153	58
0.012998366287765	0.421472239782483	4
-0.0172834671021	0.865111895539634	44
-0.00278482970984401	0.701443285205459	665
0.102686125032108	1.37036202701643	20
0.054301682246096	0.645906158711678	97
-0.043773755295021	0.617064557140098	104
-0.023823957911028	0.345274060600002	103
-0.070252885061002	0.664262511657908	104
-0.078175055437491	0.377043167407045	104
0.02832948275867	0.610509262741814	104
-0.083482240906227	0.242585219669765	104
0.00100072273135599	0.560667291940118	104
0.026555522843974	0.606947284586853	104
0.08857092734457	0.363627701701872	104
-0.074412662157695	0.36706798811563	104
-0.026561325285668	1.29218860510302	21
-0.081172916252461	0.846425320278972	21
-0.073859568158152	0.76853873660162	21
-0.100108995356287	0.869950568080814	21
-0.114331578430858	0.357186224733259	21
0.091804439398234	0.80320252127091	21
0.03650737924428	0.476234680595377	21
-0.116885737765045	0.640889115630464	21
-0.021963216798256	1.07344920726832	21
0.0951917930045551	0.887568453945155	21
-0.070135484298644	0.393527122138723	21
-0.006165522453558	1.14935299425113	343
-0.061115261416611	1.04135811266837	343
0.030067309025577	1.41901127940534	601
0.0180401847812161	1.23359564207793	601
0.060993380032525	1.30767963598399	44
-0.056704549604995	1.00605267717632	44
0.114436089100145	1.58283130275929	58
-0.0532677908218	0.795848645347982	44
-0.089570393652927	0.381678353619303	217
0.024459582496265	0.340982579148772	20
-0.119534349152352	0.415552127453369	97
-0.089931234034921	0.31177002052888	20
-0.047533545976976	0.605388634191033	104
0.052460083859848	0.566394099998056	104
-0.118213364260312	0.280658803921655	19
-0.081174650165874	0.532264953739947	21
0.121796449504066	1.56072736560472	21
-0.054733518747514	0.914361981467867	21
-0.09827180656538	0.788012793989603	21
-0.044238682973484	1.03073472110029	21
-0.056816421413292	0.662803647055046	21
-0.012870927976443	1.14768938399192	21
-0.048876124318049	0.866410656790251	21
0.049109842404404	0.433570657555481	21
-0.101682031758639	1.09043604829417	175
-0.073142294668375	0.392353185257694	343
-0.121536959086899	0.727266622637389	343
-0.07148900309742	0.858286216528935	44
-0.116593384393542	0.886381216444997	44
-0.087321873076441	0.240755103360637	58
0.075761717444783	0.370465193683003	664
0.100297669755855	1.0553784383671	104
-0.022300522675589	0.848533704420331	104
0.0204572222205131	1.11837009764479	104
0.053324000647324	0.289804305744769	104
0.011735813390653	0.428217631973816	104
0.047735661744942	0.895967181481023	19
-0.118565395829297	0.850034724876944	21
0.079843675505979	1.37905600498144	21
-0.122639548418596	0.736840655810797	21
-0.114913431498477	0.507766379328098	21
-0.02039026850626	0.873560358537085	21
-0.077413912721716	1.01761210003987	38
0.103649139946647	1.12687753954716	21
-0.098764493266539	0.591377978266363	21
-0.106684815026698	0.680164283287151	21
-0.086502766076226	0.511170871992042	21
0.103897450650703	1.67365705094377	343
0.013253461292724	1.43370548425123	44
-0.032814659978227	1.20510561358393	44
-0.03494557634101	0.995635271627072	44
-0.0602928521541	0.695792688659304	58
-0.095192394901884	0.315148150547041	58
-0.010421520636992	0.699244915632372	58
-0.087128995906636	0.588097036734771	58
0.026333413084083	1.40136014830965	58
-0.085912010178897	0.607464876270391	665
-0.055102128214998	0.398515700072952	664
-0.065518933849182	0.939970235974666	20
-0.100156426834715	0.437218406732538	20
-0.11532876785739	0.611806688802334	104
-0.013486328230476	1.01555153797795	104
-0.054928175921858	0.388330656545277	104
-0.084586010916379	0.447887926762398	104
0.043708741310619	0.503394758144191	224
-0.062641583298775	0.31566658298635	163
-0.066668937019942	0.324804177394928	163
-0.089700585884554	0.779102374509537	21
-0.115669782164955	0.615477485997833	21
-0.101683429622429	0.605691011508812	21
0.0539161092071731	1.36609239737053	21
-0.097184118474045	0.838457373287069	55
-0.078099197410193	0.677836570720072	21
-0.097351807353107	0.494088221598565	21
-0.047467421389127	0.944656696477872	21
-0.063099084581949	0.802487691590454	175
-0.00906195275940502	1.16961965495529	119
-0.081111783586347	0.964073276547441	601
0.050189459427776	1.64594926652444	601
-0.01794981786546	0.867737797862972	44
-0.039469062220152	1.07657537794242	44
-0.089793026926362	0.883621993604112	58
-0.026000000085826	1.13001895219654	58
-0.055811871969475	0.892753121356601	665
-0.028017695566552	1.0769187724044	20
0.056778722673947	0.817546347014475	97
0.04811336775557	0.973679244639275	326
0.034972368306133	1.14764880087453	326
-0.01048148206906	1.04853843977177	104
-0.065639314557555	0.590880727608288	224
-0.052120848650498	0.531272633897001	19
0.078767824906739	0.757954203305516	19
0.00353479162764103	1.04523721414116	21
0.073082143974458	0.97224582029141	21
-0.120364495913891	0.630323597376994	21
-0.081851873981867	0.597594727010195	21
-0.068287506260488	0.902996928327665	55
0.00746262351324201	1.23720256608134	21
-0.00699257456229802	1.01992702153943	21
0.0410622362856931	1.09437461511065	21
0.018897126117644	0.934056676523604	21
-0.116711359968973	0.584093759797475	21
0.122285849924057	1.50415240270451	119
0.063276695453147	1.36489006579619	119
-0.00150878645179597	1.00953800574276	601
-0.110973942416057	0.95046316470281	601
0.05907951439754	1.5654787754238	601
-0.059940068912062	0.671415520462825	44
0.0912816950320831	1.47583193782315	58
0.012515075390016	1.12206551868409	665
-0.070969138976505	0.742338327293466	665
-0.092716326440089	0.815286285910528	665
-0.121055258799177	0.627818473481315	44
-0.072325854198152	0.71099992701471	20
-0.055206984284761	0.606197632829597	97
-0.033225854006497	1.0112734201665	104
0.00954567694201502	1.05455904475392	104
-0.02375035211221	0.693033055150159	104
-0.054891456311233	0.872360415302573	104
-0.087883815379968	0.721761266782651	104
-0.119767395235729	0.526281174562199	224
0.036540785060791	0.805448306868268	19
0.00951900504422298	1.23893688135189	19
0.022102205093293	0.861856044668396	21
0.044900819381469	0.811332867534474	21
-0.022181686475221	0.940943283634159	21
-0.029904115896766	1.03633304877519	21
-0.124442636084992	0.700693947606637	21
-0.00842751068137698	0.955007407933974	21
-0.03921978817066	0.917237185801675	21
-0.077060129982805	1.04826592084012	77
-0.100577950473202	1.23059444122148	27
-0.114218600165387	0.993496881247257	119
-0.124805524104629	0.890072688038572	119
-0.00664804154918403	0.773931591065155	601
0.104825094131661	1.83608788083885	44
-0.124571232210857	0.751485934878497	44
-0.123755990119322	1.00734054339551	44
-0.065376879096412	0.865827378140645	44
0.092532673743261	1.41645116900119	44
-0.075038595838721	0.848870483568733	44
-0.018542721061688	1.02909365527598	665
-0.051278930107878	0.443132043072158	674
-0.054556107133645	0.389122915347683	97
0.0283172420115631	0.710245912184291	97
-0.070886616002694	0.61996658015833	326
-0.111477091076438	0.619287376156253	326
0.036874220053339	1.06562251232843	104
-0.075835974520081	0.849843237099237	104
-0.12287700705379	0.528576279863789	104
0.122277662354141	1.08408888410946	224
-0.054904923900556	0.468299440772535	224
-0.012918997140032	0.510147190283023	224
-0.085359538250752	0.307715071053134	19
0.06078753110737	1.32163808311833	21
-0.000939054747988	1.12918967007066	21
0.113748911931017	1.32048661205093	21
0.080219603958809	1.18217707037639	21
0.00793063175279296	1.17303701200742	21
0.093821531375903	1.41634665098393	21
-0.074846598447704	0.807862496193717	21
-0.089885587930864	0.925137240100134	21
-0.051489813993812	1.4597255422185	119
-0.123531526287288	0.976954138532561	175
-0.03109582413485	1.24475357440412	44
-0.063334603490172	1.00395407410286	44
0.034863688503989	0.80182400340004	44
0.020000579788344	0.966768240872398	44
-0.103646909228115	0.873644299310464	44
-0.120272665154668	0.75250397638959	44
-0.046942710173917	0.447629033197119	20
-0.023859927018876	0.267254742069882	97
-0.122285996223057	0.302528671397034	97
0.082258038504432	0.658448756239007	97
-0.080076766301761	0.755711708847559	104
-0.047687054046051	0.768462624028887	104
0.00385022910966304	0.477373577901246	104
-0.023074655358793	0.724123858221988	104
0.00462143067528598	0.852657222723599	104
0.065712833503382	0.946053771974517	224
0.072037560550649	0.746387144597881	224
-0.026721189892781	0.261764188033935	19
-0.123642020669991	0.216717382165599	19
0.033263434110351	1.15950638615037	21
0.077434076734569	1.3862575895049	21
0.0104151783295821	0.72880278622701	21
0.067890972146908	1.18143465750357	21
-0.0743296095884	0.784370527480143	21
0.0720955800661191	0.724331613802662	21
0.00530964905699405	0.863134547865563	21
-0.113302560360551	0.52120474203887	12
-0.11443111477033	0.871616835289396	12
-0.008065613765665	1.32822831292613	77
-0.106454016071435	0.707825749224389	77
-0.113980157234266	0.419958317547912	175
-0.086726979098347	1.10158785944186	175
0.066113892047326	0.776077284229836	44
-0.093772401762556	0.860017304371052	44
-0.094936735189641	0.575308322365477	44
-0.050672948964069	0.543498546614941	674
0.077193259575948	0.376034804839652	674
0.015477475198155	0.421964459129732	674
-0.099506371890176	0.310275431253196	97
0.070954464210957	1.63642516848057	104
0.0402765425124449	0.601317483889776	19
-0.020592643475692	0.348638582526316	224
-0.120170317991175	0.299949520040674	19
0.05870084587058	1.60455841910657	21
-0.117091347307202	0.715450282066369	21
-0.014959372450306	0.998553557147773	21
-0.027473446107946	1.0363963155758	21
-0.112840405402756	0.584856229779769	21
0.029080285800592	0.357414994636185	21
-0.096599562382963	0.59727513981213	21
0.047572731342778	0.737175319872496	21
-0.027140574324532	0.692210049428782	21
0.021664730186007	0.92650396563865	21
-0.086848266051575	0.618120666831705	21
-0.069657985571387	1.37791696441492	77
-0.050020222940219	1.84051295818015	77
-0.00572375302165301	2.14105310071238	77
-0.042982964217145	1.46932088702413	119
-0.061660362335464	1.1873058219619	175
-0.062408109842285	1.24838020685743	175
-0.080045722255273	0.622374452615945	601
-0.104953349861523	1.03891195433676	601
0.0396231790243951	1.53668923366149	601
-0.110891943963722	0.961119471907531	44
-0.045062319044457	1.14691119920845	44
-0.023637712014128	0.774519318998588	44
-0.019830684340156	1.24344734621626	44
-0.060446189138073	0.711223541077565	44
-0.053805120316472	0.607955908202892	674
-0.057841359047871	0.319946343674699	674
-0.014210378199266	0.540446637867791	97
0.015745393205711	0.959634704996947	326
-0.10455394004427	0.866328968301515	104
0.055737834025825	1.48192197647742	104
-0.1028523576077	0.675843448739224	19
-0.093658379707037	0.658045521383174	224
-0.05810108929657	0.328170373813529	19
-0.081416527557729	0.880497183508235	21
-0.050348254663287	0.792025774049056	21
-0.100057020715397	0.747136004323366	21
-0.114016750777654	0.727587188404673	21
-0.057219291153479	0.433630677056445	21
0.0531218842100361	0.454672295314445	21
0.071783426189128	0.531877760429971	21
-0.121855434243061	0.617405140987336	21
-0.038121849244577	1.14856320282647	21
0.012227289151584	1.09124403776522	21
-0.109792089339321	0.83284532931683	12
-0.077960519255587	0.840525491895382	12
0.0153248212139659	2.33084910976428	77
-0.055793267964999	1.84156170690552	77
-0.107833419955801	1.06130706359986	119
-0.008289609119978	1.16015321680626	119
-0.068026659873578	1.03462253073671	175
-0.029917801318843	1.2825391604561	175
0.070508724786796	1.15239283371227	601
-0.105755706148396	0.924558627741028	44
-0.069422174929145	0.742161688475531	44
-0.098694684957833	0.753287079467647	44
0.00270234571042005	1.26286848550683	44
-0.034023740913999	1.05798755919005	44
-0.0750657617873	0.947811309477301	44
-0.086122922208996	0.825716476828896	44
0.058567036166737	0.898050329384605	44
0.031291530956203	0.487686330993696	44
-0.017353652670952	0.460873962735512	4
0.0101937614643089	0.719631398377263	97
-0.091381340504107	0.306333676448902	97
0.0933723946066219	0.460192844235075	97
-0.116455786221928	0.438112790050633	97
-0.025507014274911	0.538058073635386	326
0.084768744323243	1.41803553660667	104
0.080664964452116	1.50766659956441	248
-0.120635360566067	0.588690745668609	224
0.034611846721277	0.634268618219395	224
0.046076369258761	0.440723416447081	19
-0.092619245475606	0.7882387000198	21
-0.061675638971583	0.810861148423369	21
0.108529828950914	1.30677727295986	21
0.101442381016774	1.04656710020595	21
-0.080773091121433	0.383004617205809	21
-0.101672604776826	0.603933312663273	12
-0.028506946091019	2.24537861310465	77
-0.041598993757992	2.02326208989772	77
0.064903997499558	2.10982788415767	77
-0.101444780200568	0.926124496583492	119
-0.112497510926614	0.478095241594396	44
0.021434328097059	0.694633206142257	44
-0.032539262916795	0.972131762184635	44
0.039103023077339	1.15370054843663	4
0.057007317666273	1.0916016100488	4
-0.025966526711694	0.773659796260453	224
-0.102825352471231	0.805031586956784	103
-0.122091393566526	1.58471122997725	77
-0.06183143573287	1.0347327424432	175
0.043559780876212	1.0456415715842	44
0.111758750965707	1.62625032457743	44
-0.086598537343429	0.784235072381047	44
0.062204742211998	0.798867650605961	326
0.08416064690606	1.39735825337571	4
0.064297075109749	1.38735140443588	19
-0.112071254450226	0.432045556351027	19
-0.08691645255539	0.43694577649931	19
-0.047626392750828	0.602705634662529	19
-0.106233788830621	0.728578242799612	12
-0.01689854009084	1.23002501114007	119
-0.079710653469329	0.995180119148955	119
-0.027202140311637	0.979398466939251	119
-0.118600856448497	0.295110767729064	97
0.072720238060944	0.825530596822952	97
-0.082461847172441	0.895616608783396	4
-0.117775379348955	0.354233877358323	19
-0.026527722029549	0.654628333526261	3
-0.081786020056208	0.451447647242648	3
-0.080215603154987	0.659626346977861	12
-0.124489325755867	1.59759442174624	77
0.029203154054789	0.711667557711977	119
-0.091737625989972	0.505283320902933	175
0.064703118820519	1.19591557550398	175
-0.079714126545712	0.772025883791222	175
0.027688663408631	0.699622933309913	175
0.074445407406788	0.635646490245292	44
-0.043844093852189	0.458405097746734	44
-0.081112176109449	0.952477782874773	4
0.093834514508529	0.965502717225795	97
-0.116575689810699	0.59287985662463	97
-0.040657015705235	0.768925670051095	19
-0.095964906835197	0.522960052260686	19
-0.05528482788492	0.833652695726863	19
0.092273787345167	0.452018516284986	21
-0.08732155111757	0.31899361463492	21
0.11815048585137	0.62736956157078	445
-0.116125773973764	0.297243615234407	3
-0.000520985709716981	0.672046975104601	3
-0.099266914266982	0.598712812754458	3
-0.106496462518101	0.478643110007129	3
-0.074254056222672	0.780108946309905	3
-0.090887305037602	1.2146121307607	77
0.097703875671626	1.94942224195017	77
-0.079990488186235	0.883704132396385	119
0.109638474407662	0.901483480403981	175
-0.113210430424803	0.823241950591097	44
0.00107119543607004	0.558084565352779	44
0.000208925444815988	0.804406521093988	44
-0.041823308010382	0.604735304437926	4
-0.047395784435271	0.636122296760471	4
0.053220391053448	1.30756320587021	19
0.05445797974542	1.21184852867102	19
-0.110150988445853	0.739491887485008	248
-0.036398936510888	0.737729643344702	248
0.0440057368457411	0.935033155832624	19
0.034242403804941	0.513662671080273	445
-0.078535264222054	0.381064369782309	445
0.050487847192365	0.442553153361706	3
-0.076005941355263	0.68298525633373	66
-0.067464076170745	0.578391145389342	3
0.00853032705400903	0.683157826212211	12
-0.113458124168102	0.371494144375261	12
-0.011182730532062	2.27035249982037	77
-0.027319424671914	0.52288587460438	44
0.087191268195873	1.46930023556319	44
-0.039474640777371	0.751633525594745	4
-0.086487666827249	0.719752549988172	19
-0.024466382761986	0.698502375412021	4
0.046254856165411	1.19768582020685	19
-0.046716960786217	0.932563779073188	19
0.081253652547829	1.26253187556739	248
-0.039959329742428	0.745660986217415	19
0.10393940698009	0.677903641968942	66
0.0588961276215491	0.443557102708981	3
-0.097217341279195	0.609097852299497	3
0.072167942448689	1.40239479210259	119
0.028041141937154	1.21864275389014	175
-0.075151019535232	0.993099545873013	27
0.095018084080252	1.19268543811559	44
-0.020483962704201	0.834309712786038	4
-0.11364513022645	0.481313338029561	19
-0.116728509472867	0.443894835523583	4
0.048056024191285	0.815866172052601	4
-0.121979197590306	0.634585518236388	103
0.063994235754723	0.798833241472176	103
0.072267466728967	0.52004987425537	66
-0.024775322963874	0.53687391795425	3
-0.124131521742217	0.284521097760343	3
-0.097071860875844	0.715599613865951	3
-0.114397971579452	0.633042239753868	119
-0.032654113945325	1.16824983361333	175
0.00806222115261901	1.15905197196651	44
-0.041693128882361	0.607478713344867	44
-0.111403699342849	0.633158046833682	44
-0.074958617553798	0.788747721190283	44
0.113485668707563	1.14115256701887	44
-0.112630712051855	0.53498595785921	44
-0.056433655238819	0.611250393118477	44
-0.08386532018511	0.516797779614124	19
-0.082318629121551	0.525882274573008	19
0.117158396737163	1.3453273995582	19
-0.116423952581533	0.522985926398178	19
-0.01823416398859	0.598754411372773	103
-0.022314570997571	0.62521812038088	66
-0.110339063794027	0.398985500780649	3
-0.059288343045572	0.684709388752237	3
-0.073776756361757	0.748778679474046	3
-0.114945729133392	0.579024461963326	12
-0.063452848603308	0.673975996618709	12
-0.114980922678387	0.546162066849669	44
-0.057195776551133	1.04586165604176	44
-0.047808258183835	0.746121210938641	44
-0.024998107176792	0.955794348002216	19
-0.122617225248551	0.632410572868687	19
-0.061508026831046	0.748354050222772	19
-0.117357088707241	0.768212773574998	19
-0.06559559309548	0.627604959740041	276
-0.055869267504368	0.949468618061907	3
0.010029382689543	1.17703626772423	12
-0.097045277042802	0.681459526094929	12
-0.097349585835595	0.788651371407737	12
0.103112610134704	1.07560842217422	368
-0.122415140413401	0.760608753694309	27
-0.033307036753841	0.509489524864639	44
-0.111708614272688	0.291966830604107	19
-0.031245096180745	0.963756884911911	19
-0.047089310647072	0.733806528170845	19
-0.075720682940582	0.92591215949463	19
0.011462463280359	0.496392205875548	276
-0.100680330224834	0.443602781290736	276
0.038345917977334	0.507929009966384	276
0.058685228905169	0.485834336279172	276
-0.023868342520261	0.77596106814567	3
0.014911806215565	0.799114499345607	3
-0.07490546798997	0.601504621334084	3
0.00204029519652205	0.627485873745062	3
-0.01857544191288	0.456305861059037	3
-0.054224851154082	0.796674442545526	3
-0.066730031523326	1.03391387261136	10
-0.051867679100513	0.645920729143008	10
0.043539114863648	0.803898557810138	12
-0.100297235851248	1.49921257959652	119
-0.098413066860909	1.56040600592933	119
0.035968041191462	1.65847401822829	168
-0.099692509519409	0.607631156299736	27
0.068953858295898	1.41512561087606	44
0.124303405092033	1.17503905033495	44
-0.093190443415976	0.495695856843535	44
-0.086693845916532	0.358462624477638	19
-0.024573122063898	1.10488786915028	19
0.00474037830848495	0.704939538658945	19
-0.076345978055963	0.452404483999864	248
-0.097315137941285	0.705300223365719	19
0.00536785792614303	0.527307399559287	276
-0.060317465398449	0.693855133669101	3
-0.035242261239573	1.46203349955851	119
-0.09036173038239	0.935750437622758	168
0.098141077256912	1.06335852829863	168
-0.115655855102815	0.797363459736977	27
-0.001257696649135	1.04265704249119	27
0.12427510396946	1.70097714350714	44
-0.118473343134953	0.800000659114692	44
0.116783398465678	1.61910873828555	44
-0.045305805013406	0.767240301287029	44
-0.108508762868321	0.728160815444404	44
-0.029112535828834	0.459126848831034	19
0.030328823200459	0.525990861169507	19
0.104124036450146	1.413285061494	19
0.000726158374233954	0.92414177533308	19
-0.107296149559225	0.807698039332363	19
0.0355181168602831	0.689967509111142	19
-0.068678452043506	0.61570940923243	19
0.02697979620197	1.04860496303504	19
-0.094122150950282	0.506427218193871	19
0.00900041667375895	0.40098694184021	276
-0.025481734701166	0.262750354449426	276
-0.120731775452254	0.234033672318951	66
-0.021207768189795	0.801767465661199	120
-0.08814098162376	0.646741946023647	120
0.060308316402993	1.01882647394379	3
-0.077846620636953	0.608023815622565	3
-0.00919962904335497	1.16010928965923	3
-0.095142769847302	0.781411806281155	3
0.063605353570325	0.90625628413633	10
-0.105451992528891	0.349002184680768	12
-0.120459088740443	0.606110489819158	27
-0.100617417318617	1.10227409050677	27
-0.027931896893673	0.836474107338677	168
-0.122777234457316	0.550715818617609	27
0.034988420904607	1.39316523684074	27
0.089775771854452	1.51067314378398	368
-0.112384127949068	0.651361168048423	44
-0.036238065048112	1.12417667064733	44
0.021766364999514	1.02904331932815	44
-0.097070000735869	0.90848103534665	44
-0.026153783502348	0.410211527938378	44
-0.059246131142615	0.374354900144355	44
0.114321223253077	0.853072496014211	44
0.115639497386972	0.536511585879904	19
-0.023805556962536	0.851888069956269	19
-0.092424175751388	0.839382008479529	19
-0.097392954010476	0.721155986785833	19
-0.100448676109238	0.581293688135315	19
0.089488113336053	0.841724745976354	19
-0.102260140337747	0.293105064150708	19
-0.067972589920609	0.819553328459923	120
-0.09990045260791	0.873392275587892	120
-0.0111813056628	1.0583845414818	120
-0.039782743609596	0.743337935384085	3
-0.094998679081265	0.630030099337587	120
-0.017142259643513	0.879234682281733	3
0.105182639834105	1.13148518640884	3
-0.089638608988326	0.304172339604403	110
-0.08141630903161	0.677458653964766	110
-0.070129130263489	0.584018905467059	3
0.017095223337683	0.807030541286819	10
0.0146162488223009	1.10682093035516	10
0.0155169202886239	0.423773428619293	12
0.026424654227495	1.00136528759391	27
-0.020625418554741	0.776413938323952	27
-0.124798156795038	0.723039338783342	409
-0.117404322436487	0.58177872973638	44
-0.122673095009065	0.504191760749082	44
-0.022948251157224	0.760368613151866	44
0.086379397993708	0.377267853903475	44
-0.064231340549918	0.393141632202984	44
-0.086833023247917	0.449227032614364	19
-0.057089571978256	0.881314773757864	19
-0.079957076146402	0.454496238833295	19
0.09770367401242	0.462992669706161	276
-0.064402908401753	0.792658130432442	120
0.0238973698669051	0.883025457090658	120
-0.040342278151349	0.870559408115258	3
-0.103594692685749	0.502943594532396	3
0.0426130958066681	1.02075479566394	120
-0.060442466460722	0.320626310543797	3
-0.124201677624468	0.548243205698593	10
-0.031002874499245	1.12094623984238	10
0.0982671278323189	1.29893042517111	10
0.045410876583266	1.17907622091599	12
0.109852670837751	0.747726801686834	12
-0.07054604639892	1.58071087652983	119
-0.085683133285312	1.03373170273309	119
-0.021492880072008	0.787421163188657	44
-0.070473464860125	0.969948069791296	44
-0.090459824018485	0.767097811028783	19
-0.076865998870318	0.523603595355666	19
-0.067012650677259	1.15854294937411	19
0.031661376417938	1.07958832775951	276
-0.083199482313178	0.828226828251876	276
0.063131474132312	0.588279966235402	120
-0.113027945257942	0.622099373865963	110
0.045246920699799	0.870039159778696	110
-0.030411186315181	0.849908627648915	10
0.058297222965171	1.17270806922178	409
-0.055313841744336	0.893189336609416	44
-0.000623328054576988	0.842597057124592	44
0.079051395962241	0.676588552151777	44
-0.107356003807882	0.451892314688271	19
-0.110950130516906	0.542500819399048	19
0.110549800093888	1.43614645744161	19
-0.106372858135253	0.871247848535318	19
0.00190494632367	0.685981128239106	19
-0.097647198897985	0.725304009248918	19
-0.078348016784955	0.381769682819307	19
0.0334111078638329	0.564149305541405	19
-0.061253281897287	0.697840594682535	120
-0.052120135891658	0.674969748600629	120
0.059331630659025	1.29709185266219	110
-0.028565684613915	0.933767516597202	3
-0.069738591780005	0.8039981451388	10
-0.019137090104842	1.1801145115707	44
-0.121686491044422	0.720418336109486	44
-0.064231340549918	0.393141632202984	160
0.070682670365427	0.519902899891245	160
0.089592050569677	0.603092191121458	160
0.065325590333513	0.972655263841593	19
-0.058817681137867	0.855105503275798	19
0.120881150313083	1.4062782522436	19
-0.117123633441318	0.499996260431604	19
-0.072825340673952	0.431053214035967	19
0.106050586530934	0.513829059705942	276
0.083001149837847	0.379346093814475	276
-0.12342401324207	0.669526664172795	120
0.111962705342711	0.612571002594707	3
0.065714053250311	0.586639362329189	110
-0.12153504096035	0.301818716298414	110
0.047393383050646	1.08367654929075	110
-0.123460675746359	0.704391616848031	110
0.014997376034009	1.26902972495481	110
0.029080717274608	0.937852502327157	3
-0.044394523002707	0.393127023496671	12
-0.069364990148758	1.13069389868761	409
0.062855958968581	1.00809818608431	44
-0.108710550701517	0.524114378497141	44
-0.124922273485765	0.230310834530964	160
0.016548265677034	0.417684915738989	160
0.118317978930317	0.746143070588062	19
-0.045634906781946	0.706218024739924	19
0.118423862664551	0.860807257982075	19
0.032120413455389	1.45709304964348	120
0.076773190664963	1.46923286138322	120
-0.081058383026531	0.893249405720747	120
0.090687000530414	1.53775364613643	120
0.106374433994711	0.541083778801595	110
-0.024881563936185	0.867331715264214	110
0.092252864537949	1.07370634562366	3
-0.029530165250341	1.25146897834603	10
-0.105038980720154	0.829763823665742	10
0.0862174256860761	1.32428413662975	155
-0.113881136391828	1.30065007618265	155
-0.114242936712249	1.00474926875601	27
0.007765462585964	1.08105717882565	707
-0.095877843355995	0.507169356548181	44
-0.071977286416225	0.71732619972164	44
0.00219802445642603	1.03356355674458	25
0.089240974245131	0.378644447426277	90
-0.038576769756228	0.522213966032566	25
0.06406704962903	1.40917377828436	19
0.011522977552907	1.0726773286565	91
0.056161491085404	0.437062098835487	19
0.021241026063178	0.956001711041316	19
0.052640026492041	0.85177925660873	19
0.09718109345297	1.39454311988132	120
0.047300992081713	0.408004874010954	110
0.107060205675791	0.460943751741864	110
-0.006589456196956	0.804881509297779	110
-0.01391836440603	0.893519421777216	3
0.105158298505066	0.547772274856991	331
-0.065865271411176	0.603118539727334	370
0.108891089868902	1.6417128359292	10
-0.062049312152158	0.378300443459726	735
-0.00948848512439199	1.89178823587719	155
-0.11911142466414	0.493892941646405	155
-0.102495643690817	0.435140833110229	707
0.097293061739165	1.47433115533923	44
-0.012995831555201	0.720867950424819	44
-0.085047243555052	0.599964075032856	173
-0.098107721971114	0.448815206065768	44
-0.090300732045916	0.309786005070957	160
0.00301284078744102	0.781236014514881	25
-0.094291600256531	0.309185006421194	90
-0.085349004489906	0.358520010576167	90
0.032529720919693	0.890994902341817	19
0.005034014075319	0.41814547121162	19
0.042639863294981	0.97508344081547	19
-0.101209175936385	0.401287786738311	19
0.074777894549503	0.902837965411208	19
-0.02601169090187	0.392461039545187	66
-0.124477811326831	0.982695572265937	120
-0.075821204758921	1.07011778173375	120
0.0111741283044891	0.838726340268444	279
-0.081527084751648	0.858968432433907	279
0.013877165671391	0.426577835306672	110
0.042044220675387	0.436039428381042	110
0.107978513690594	0.528518791586914	110
0.055764771561191	0.728501961387817	331
0.081727405594653	0.948565134797071	370
-0.053042775591343	0.622662989897171	735
-0.100621872845043	1.78901310713128	155
-0.124765375693073	0.712714407555497	155
0.010930377519963	1.66643475441691	155
-0.092409224667152	0.958636793367038	155
-0.123821329825564	0.868164914404364	155
-0.096893503776026	0.82312025840189	44
0.00192484833894502	0.753722014526378	44
0.077100277670351	0.359399813820599	160
-0.020710463872719	0.326621201735239	160
-0.018738042949266	0.248975715872469	160
-0.120875759037962	0.2306177943036	90
-0.062036880255598	0.306527618092941	19
0.047731099872949	0.769335087791082	19
0.012233214029769	0.416960738164853	19
0.060511366084104	0.692190501602759	19
-0.122491651243847	0.226281088027996	572
-0.124543991853897	0.154698618875487	60
-0.099129519362195	0.812425049209613	3
0.046919108888307	1.41101815243374	120
0.109166660487921	1.62424596363939	120
0.069832771240297	1.62523486935971	120
-0.077452550418175	0.517278391874633	279
0.102838225594043	0.462169225780951	110
0.12111190257617	0.75528310739946	110
-0.053407678443178	0.596655759714052	110
-0.10766933075141	0.44910905022657	3
-0.10871963318521	0.372097693999388	331
0.051171991740833	0.933615451686505	370
-0.102894945314112	0.595968319342446	735
-0.059398830302086	0.666887207071159	735
-0.041514249184457	0.699530886644251	735
0.00914859692194603	0.718121210632062	735
-0.023679438440625	0.462903424565722	735
-0.076380484611166	1.38072105304453	155
0.00287055746063303	1.9617934969016	155
0.021052967291859	1.50284293729798	155
0.00453751900079902	1.43529831783343	155
-0.121976635042219	0.632764447507429	707
0.067027960965709	1.96791011168851	409
-0.096745403613051	0.794716362744257	44
0.064396692607365	1.28161872534164	44
0.01537549884486	0.732273494728827	44
-0.00635164496311802	0.872215135626146	44
-0.071365040165151	0.452414313914628	44
-0.059089014557864	0.68769913975328	44
-0.11302049135155	0.370063763854684	44
0.085947421608363	0.377021343959546	160
0.032111939843445	0.550100565278019	90
-0.121785646842004	0.291320613047973	19
-0.114154885130991	0.430403180081956	19
-0.118427619363933	0.452679416059776	19
0.095762585965981	1.38164281505605	19
-0.026258738013192	0.998965238246545	91
-0.049017369607757	0.682130909189263	19
-0.032214764369492	0.474472937889248	131
-0.087430725206297	0.229370676502665	120
-0.11823707150872	0.518407922148742	120
-0.042681501301288	1.02480938471737	120
-0.05941057560575	1.063652190137	120
-0.124797653427277	0.650849150830481	279
0.024562970368304	0.663020950735146	110
-0.117803143822469	0.553433719405927	110
-0.067137414146714	0.378410593545593	331
-0.108278481352554	0.442638619961075	331
-0.016539825269948	0.635917744162091	331
-0.00216919901587997	0.472543084513454	331
-0.016793999520296	0.470737528766997	331
-0.104663612849005	0.615561236804394	155
-0.108720713398297	1.14965299594529	188
-0.122473257612873	0.8200243692202	44
0.08775118857295	1.02082774851677	44
-0.124792435344354	0.223532486995752	44
-0.051702472898214	0.891684696919932	25
0.0163347784204561	0.434751437718553	90
-0.084867266084215	0.231758818470064	90
0.080374189573293	0.664463281893761	90
0.019459750057189	0.720809055750456	19
0.025630899854844	0.717525599314389	19
-0.117780363899239	0.859943465253273	19
-0.058766350265517	0.661343572181688	19
0.03145852411019	0.69157205643319	303
-0.039538371177448	0.543156320546932	303
0.0635195558426041	0.574190624758207	572
-0.082723324958948	0.242243647157138	572
0.058097158766538	1.48397531953028	120
-0.048353737413107	1.11080128366487	120
0.073558533542604	0.951091203945001	279
0.02148070908251	0.344080629028095	110
-0.066071543503514	0.321054678575321	110
0.074648449378805	0.942714313724242	110
-0.075679836182607	0.437032408531839	331
0.00449932899386796	0.787065784156031	331
-0.00993012353196798	0.358006437297103	735
-0.019660901087073	1.87946246510527	155
-0.024852462080441	1.37067889041227	707
0.029398838264128	1.41592118486118	188
0.014107472861971	1.14508614348236	44
-0.047947552660202	0.851728572057703	44
-0.013106213821833	0.989647387729805	44
-0.075654983528513	0.804950234321923	44
-0.09320630248034	0.315766382591969	160
-0.051474100578591	0.462221737183142	160
-0.103460336147637	0.365283301136072	83
0.046340563719664	1.04818523584252	19
0.086705919096186	1.21477740185096	19
-0.090979430873871	0.836041790162291	91
-0.105105728243151	0.35963314308605	19
0.075839170328419	0.88083423581489	19
0.0911906088640509	0.893713011167299	131
-0.00686274860320801	0.458389752477796	572
-0.0305807606943	0.249909289276975	184
-0.073191940070992	0.752157920922131	131
0.05531021015607	0.962108913159311	131
-0.099917238116043	0.731656122556408	120
-0.112718706501627	0.612647574911585	120
0.051691207773472	0.888738361786792	120
0.00763824392878798	0.562114529117063	110
0.124655906474844	1.40929632434293	110
-0.078677518166939	0.658489120669121	110
-0.019068076670457	0.852793186307578	10
-0.038973941517609	1.03101828792595	188
-0.113137642060056	0.438938227857797	44
-0.035849768888134	0.984470250004763	44
-0.114056663900247	0.537619839356146	44
-0.046697907388409	0.712255924167223	44
-0.121548363122249	0.663955619441671	25
0.00754751761800498	0.912729252761818	91
0.0539977921379891	1.0087489694084	19
0.06814364444738	0.528719430921393	19
0.123633436964325	0.62136981325671	646
0.051776956892567	0.437550777285456	630
-0.073111847598614	0.891135253291079	120
-0.060283501856124	0.850104432699811	120
0.072187704437879	0.972587650447849	120
0.0366083860054079	1.10220159775752	120
-0.086121326056106	0.608621457058667	120
-0.085463483725283	0.640828678799392	120
-0.031856320264118	0.530749629082954	110
0.055599185083245	1.0097185308014	110
-0.084749538811073	0.685475878393895	331
-0.052746598037075	0.732753204222939	10
-0.04123228640236	1.235886478992	188
-0.080802917567093	0.379162599204206	25
0.081524066336999	0.587773356370168	90
-0.03458492806794	0.68791462397985	19
-0.086897801042767	0.246335958711717	19
-0.032104180144968	0.747040486847098	19
0.014513535230521	0.346776139673201	303
-0.025572543866363	0.332426526303719	131
0.113437234700709	0.61966536513767	646
-0.038722676053644	0.932278095396955	131
-0.088898740909785	0.535769927968803	120
0.020719614311194	0.939369356327984	110
-0.088212818666183	0.651199918393885	110
0.03539243502485	1.07015808787189	370
-0.00924516978883699	1.44027092819714	27
0.112227614439496	1.39506567826868	188
0.025884316309024	1.22981422456479	188
-0.124669584547204	0.422459364718118	44
-0.035955152585811	0.783766089857133	44
0.121471676402364	1.14892484743834	44
-0.061594949168633	0.723674451561736	44
0.03589775740145	1.21256491805896	19
-0.026967684083964	0.866565042930436	91
0.00807515161087502	0.7567410539954	19
-0.09328863267224	0.699845207706261	19
-0.12107277120056	0.441540352519115	19
-0.023999839915066	0.945371974934814	131
-0.108039040503484	0.688109392377469	131
0.00298951009023796	0.867244824000143	131
0.101542618778167	1.075464767811	131
-0.000373984115239978	0.803826386511739	120
-0.002265926981386	0.930721620155358	370
-0.085383883034131	0.583187923711613	44
0.109439302060458	1.33937391035776	44
-0.044655261733881	0.847222714385681	44
-0.089667651957827	0.683751961393518	44
0.074778647121366	0.970896520979289	25
-0.032775150243598	0.631086409701869	90
-0.119487465072323	0.710089730366477	19
0.021791024659355	1.01106511994912	91
0.063596837148909	1.20509635398449	19
-0.04225947810702	0.706261973238903	19
0.018818030147311	1.08111544935764	19
0.09232505122043	0.7552917685054	131
0.112623538458896	1.15253109198163	12
-0.049900144472192	0.828066809357277	110
-0.01815477786843	0.823194153689508	110
-0.00910536489193697	0.779261154055987	12
-0.108733000023881	0.720485809337958	12
0.0244708289546141	0.799139519803807	370
-0.089520402424274	1.38590194837856	155
-0.113950403043477	0.829513432661073	27
-0.076407706197876	0.533860770696062	27
-0.084830668160654	0.452629453504829	188
-0.100875594623861	0.570134443058096	44
-0.120793238986527	0.446712058681677	44
-0.005903365603452	0.961527724939775	25
-0.10736051588586	0.746355980908497	25
-0.032485730523121	0.528438046826078	91
-0.043750679546309	1.01320932191172	91
-0.092483997958443	0.831965619195943	19
-0.115938465359598	0.859195857920184	19
-0.077423126162889	0.578223838917991	19
-0.097123058180985	0.377851720587429	131
0.056252531503467	0.572943916487958	255
-0.016370198205342	0.405981456169133	120
0.085185860581397	0.617539958565585	120
-0.018197693954402	0.614319988361042	120
0.063652360393489	0.888011905797662	110
0.00712810976105205	0.631785711156558	110
-0.019514641489558	0.779772559410225	110
0.000628302018953031	0.619141707487801	10
0.041369904479137	0.721230809737732	10
-0.040448601016987	0.584287916261074	188
-0.120851131029653	0.624881009620313	44
0.060397115350041	1.26683601591607	44
0.022088409612033	0.84007678492564	25
-0.0627920552405	0.799402134270554	25
0.05882889942521	0.962579194480013	19
0.083443115916598	0.741506657496955	19
-0.099640125352454	0.665957020142577	19
-0.098717969678344	0.736176087167772	19
0.123436922402994	1.19031086530635	19
0.014869783129709	1.08178792063605	131
-0.021375856540837	0.538203887116037	255
-0.093066396801459	0.367255311854451	120
0.00056979180116401	1.03672661394302	12
0.0350358986884139	1.30405375835525	110
0.010856583768908	1.28856994250902	110
-0.093652131945551	0.383197362740641	10
0.059126717277649	0.727680916603013	10
0.090214551250387	0.736620774904135	188
0.093035740917784	0.911086659628803	44
-0.070549191176297	0.605058313025505	44
-0.04874045528785	0.70031101218378	247
-0.107147787361595	0.828791059604752	19
-0.082112991329403	0.781070436452601	19
-0.089553494918995	0.681904952046563	19
-0.117425575749605	0.56638662995659	131
0.000883711548830046	1.00651822457513	131
-0.060239200085384	0.688713691166484	110
-0.108295024814929	0.363070830359082	370
-0.121807508294266	0.759862889059365	188
-0.024685442821561	1.09182490261563	188
-0.10844323379401	0.813018269294947	188
-0.12363082163898	0.811597335691258	44
0.032611796783978	1.31697387171437	44
-0.093496027199793	0.358403539057809	330
0.028735471196501	1.33244110562801	247
-0.052890890914868	0.931490196654323	247
0.03605313147633	0.534099517579248	247
0.034765142412667	0.968215332776882	19
-0.118008319506709	0.295794024304334	19
-0.102383786128082	0.449084361231278	19
-0.09427907175158	0.713891894743058	135
-0.112525471237797	0.691721945375941	135
0.057437629829249	0.980679762131395	255
0.07139186045573	0.807729110821387	379
0.103130044118066	0.764288856315592	12
-0.025216863723153	0.535864584872289	110
0.042160957753659	1.13814758072586	110
-0.11697289880587	0.533071498120411	110
0.054889337718336	1.72793113391279	188
0.101632457249211	1.70979396584666	188
0.118406034712191	1.81648677159313	188
-0.064393068292512	1.0604920526035	188
-0.122744995438067	1.01559725587922	188
-0.00663291582678499	0.942518566425761	44
0.097716633557038	1.5976951874551	44
-0.101232021427672	0.626096001707841	44
-0.110575887644099	0.584032561045475	330
0.038331613479731	0.505655464239352	330
-0.01961822817438	0.348011664723446	25
-0.035287881968609	1.0207208150604	247
-0.015871318273251	0.399616783240473	405
0.027266561907256	0.860497409960838	19
-0.070375214089942	0.76469991111368	19
-0.104772078760253	0.42357326873223	19
-0.080133167136252	0.531569161545178	19
-0.046566930440431	0.771238367055868	19
0.023169126452302	0.707149391809809	19
0.0673591145289359	0.510225991894775	131
0.052837539246449	1.28084228840547	135
0.0799456423242541	1.33475453343651	135
0.067887387691922	1.03762366285533	255
0.069076951011238	0.881987804449697	255
-0.0000698939495220041	0.867301232169946	379
-0.123044315845713	0.613094790025782	379
0.124309516917337	0.829572204413535	110
0.112521984602278	1.61095724458273	110
0.071494044452631	1.28863657546986	12
0.027442780517597	1.01529287465266	12
-0.116432657948731	0.685253177613573	25
-0.066489294225466	0.324450602273923	330
0.070013769308872	0.536498719663863	25
-0.047454933585698	0.390965309516907	84
-0.025180349707895	0.608405870535355	84
-0.041393157092029	0.871149880952909	19
0.046413241594792	1.12348101448239	19
0.093471746064431	1.29574484022908	19
-0.039294309534582	0.786492461147288	19
0.045380031896163	1.06354832265619	19
-0.074492756811286	0.392575658530412	19
-0.062494407539276	0.970066364069091	135
-0.095707545396267	0.636303796934105	379
-0.092389750316539	0.787739339509909	379
-0.063711802146261	0.87926674472297	379
0.050457380865118	0.447408846692028	12
-0.111426096085115	0.423102624959406	110
0.078625646217539	0.930299220600309	12
0.00890058173376396	0.887121611645731	12
-0.056987540695941	0.955649507527019	12
-0.011823900280501	0.471507828827717	10
-0.016738300209887	0.5388642778947	10
-0.085941693650717	1.29905712755836	188
-0.081153915123384	1.10114280304475	188
-0.017215833137338	1.32234359945415	188
-0.082440027070334	1.08885342746383	188
-0.035870359594811	1.22593026571577	188
-0.055319499085961	1.3347473017689	188
-0.062387110321577	0.455035223304012	44
-0.02337377722849	0.84740169341713	44
-0.071099054012774	0.595441258700535	44
-0.08586215429505	0.727525525092247	25
0.050868260066364	0.447894762665409	330
0.055636805404652	0.414294872661016	84
-0.099083288621638	0.309419810422839	84
-0.044740552972475	0.541862837887167	84
0.047359858061113	1.1883278628086	19
-0.101855658482185	0.747488220159605	19
-0.096626763289002	0.450323295007108	19
0.0371810254355019	0.765825106952091	19
-0.00809388171747899	0.555988901991594	19
-0.081944709608002	0.613115251392329	19
-0.01514698347017	0.790036518172709	19
0.078872274591573	0.670323400830604	19
-0.083449906355327	0.374959288127129	19
0.027869936619467	0.361497225400501	195
-0.057516028760845	0.892805048861509	135
-0.046080055864527	0.935056153684745	135
-0.118236842400297	0.47965261809605	379
-0.054416329834429	0.508319718098409	12
0.059754398567732	1.43549504237505	110
0.057401465278019	1.18359701971898	10
-0.108329926869371	0.748110118451101	10
0.021463570769315	0.950810435430035	10
0.00424537948321302	2.0512751631822	188
0.016655978832038	1.75714435500997	107
0.080309397783806	1.91872248280608	107
-0.092793936025244	1.09085279701852	188
0.119385202700619	1.98674813192204	188
0.027552047287528	1.724073456682	44
-0.065619270407662	0.70101557805487	44
-0.020246509012632	0.869668402820064	44
-0.082903158534612	0.925215785812138	44
-0.026002891462753	0.414408008186395	84
-0.076383191759253	0.445223448241661	84
-0.026231363862325	0.607901110676599	19
0.0523154796405439	1.18947598856224	19
0.10594588655467	0.460023997398357	195
-0.092934062039321	0.30610214220311	195
0.117709569243185	1.30113591433706	135
-0.071307741333621	0.872180309891646	135
0.0751109403933931	1.06051023565201	374
-0.00310793502661599	0.685004288476534	374
0.016450637846953	0.839241896066888	45
0.0364702212049099	1.02756142393363	45
-0.104603742523507	0.298582066045294	110
0.090894294488423	0.972773961630315	12
0.010936672183765	1.33138665486306	10
-0.029649234787593	1.24970675995919	10
-0.063126158463722	0.450958720219592	10
-0.05052631563598	2.28665865358587	188
0.033819856913896	1.48999636648281	107
-0.010553620149311	1.08541661882503	107
-0.00103657745478902	1.412270199889	188
0.074921507046382	1.7644193403104	188
-0.105776211323802	1.07778777321891	44
-0.049417162972629	0.726312881282844	44
0.0453464886775981	1.18907439647239	44
0.043242083214069	1.18347364364937	44
-0.00223237751392202	1.02378939168541	19
-0.102000902928928	0.692608839179193	19
0.00430471306616898	0.856972195791694	131
-0.083518936580854	0.820076126311484	131
0.041970404291386	0.885315730128139	45
0.00106939340338996	0.993136141014986	45
-0.033456615457227	0.691198581048129	45
0.073881618780773	1.33689908476739	110
0.060846893097587	1.24634136952235	110
-0.031127668919876	0.763718978069328	10
0.062750928993125	0.967934278256415	10
-0.039376623769132	1.01143601509946	10
0.040811852673464	0.89018827651119	10
0.080658690270783	1.06540855687076	107
-0.010752123727701	0.692091438513196	188
-0.095551118673797	0.633276885925928	188
-0.079161309236446	0.936721665396242	188
-0.051875005902555	1.24643660946289	44
0.109258629161646	1.45696321027511	181
0.103566627192797	1.2868654240123	84
0.107689221237549	0.842899982472799	19
-0.00355994987938801	1.05586050041227	19
-0.063445267500571	0.777012252098339	195
-0.043785474868105	0.827765001450407	195
-0.091414257629428	0.849064524361757	195
-0.011789678503241	0.54513394353298	374
-0.085705938828492	0.452287593111584	374
0.012151991102721	0.420266725421727	45
-0.00767246361474	0.560214481795783	45
-0.083349649198976	0.309172516955647	10
-0.074335317537918	0.913346364001722	10
-0.070625722402062	0.703090995341965	10
-0.090481560563158	2.05047801429576	27
-0.063725355003656	1.13791381916033	107
-0.098337643776118	1.21653993741937	188
-0.00578621789737199	1.58153150683422	107
-0.088890776096537	1.27000157622251	44
0.00423095778881	0.989796915922498	44
-0.043557648145772	0.977532270871869	44
0.053102034308364	0.818702150029496	25
-0.09274113794544	0.450323396625391	84
-0.064540664822083	0.558359220595032	84
0.104664889343472	0.813798189027644	19
-0.092432194350556	0.863574830664877	112
-0.070225895516238	0.947341634241623	19
0.042509816809988	1.29462426118169	19
-0.117486814260506	0.522340892351239	195
-0.04715181520269	0.981653846112279	135
-0.062983835067493	0.782407527480054	374
-0.079684616533407	0.587147198913334	45
-0.087970796719368	0.79391542984545	12
0.0133529858766061	1.29781222214193	110
-0.043759215111684	1.00682339984577	110
-0.076484890105621	0.955428711340023	110
0.115957406093735	1.48294683530909	110
-0.098588203404145	0.909891221900801	12
-0.025404143223461	1.15471236750371	10
0.06021893189706	1.34853484912451	10
0.025135062093007	0.855741416984655	10
0.090984892197638	2.11097918848643	107
-0.053995583967206	1.20958071338689	107
-0.120469304803624	1.12255846735753	188
0.071422996438224	2.2116260083091	107
-0.099361600591155	1.16611039942956	188
-0.023429200720822	1.73028430646665	188
-0.121929703347715	0.697430992301938	44
-0.097044281965108	0.516613917819886	84
0.084362657149931	0.863582444666663	84
-0.083876176640019	0.904334580164703	112
0.040810797908122	1.21270004436617	19
-0.101946914998195	0.443070058382685	195
0.074306728861677	1.04696224901964	374
-0.057646872639037	0.742542404396116	374
-0.070646598480293	0.782619281654893	45
0.079925080157449	1.21519757093723	45
0.062220735866325	0.774206771875156	12
-0.118349409963379	0.79220595108705	10
0.052876409051102	2.46792704974636	107
0.08850831888893	2.18687034603121	107
0.054916235186202	2.04556955876831	107
-0.01314365313697	1.61259750765943	107
-0.079290488907271	1.30160204452395	107
-0.006653529696246	1.7907796019989	107
0.074893269110485	1.97256380460934	107
-0.113761218514834	0.893031901558125	44
-0.11491517495257	0.842607101083289	44
0.117763608217926	0.865961227952968	19
0.00123566119929297	1.22681352061943	19
-0.09371865904656	0.717987547200713	19
-0.124136438205003	0.744931156919927	131
0.110996575347566	0.766912352372389	195
0.061948381363559	0.788082060660816	131
0.045050619286232	0.932121388184759	45
-0.018111856901014	0.686096263003514	45
-0.055081840056688	0.540276487947737	45
0.0568647399672551	0.968089305831209	45
0.05970306456435	1.08500388173672	45
-0.10690614032896	0.844102807488094	110
-0.059066579575322	0.847340952173936	12
-0.010166067212328	1.15336456088153	10
0.04356267360137	1.18856483385064	10
-0.099986185583009	1.41453575999088	107
0.113202297682771	0.620355866514481	84
-0.111416922332284	0.272781212549114	19
0.01354793914509	0.727380063051332	131
-0.054251156573764	0.993244978097893	135
-0.062527242358177	0.801349496477962	45
-0.047763971826953	0.771678422611312	45
-0.096370826506243	0.674757004984361	45
-0.092199467875814	0.694352698141727	45
0.014559812495971	0.962204828608192	45
-0.006172267950945	0.940694694619863	45
-0.069144836761791	1.03094107312726	12
-0.036267662791359	2.25309247803216	107
0.047640944694246	2.33636924518948	107
-0.098650280683612	1.20611445504133	25
-0.061025085347746	1.03373283415074	44
-0.106212027982868	0.492845003366088	84
-0.11974931992592	0.71880375155813	19
-0.118939933209955	0.743136179709441	131
-0.048119737573384	0.576628076375491	131
-0.052163730710769	0.643708066211203	135
-0.086949368593895	0.791251807640045	12
0.012003591902483	1.19336162558847	107
0.040945650266622	1.11628710783068	25
-0.07899744771976	0.49935518865733	19
-0.010774273740396	0.765640412333561	131
-0.094021487269748	0.847430939555547	64
0.12395857879717	0.675155267363623	135
0.050527198520547	0.566589316100045	135
0.0646735354707541	0.496072561079932	45
-0.097607803951617	0.892059418271593	12
-0.120491674291349	0.528887318380039	19
-0.108647852193749	0.649299509386199	19
0.117840915031756	1.40460477531403	19
-0.079298859905853	0.700588784961803	32
-0.114298809825831	0.507050670955467	45
0.0000115668522050472	1.0866791324301	266
-0.072745163719929	0.95328957930572	10
-0.063820819965885	0.967349724803909	240
-0.116492732688652	0.517712252780558	19
0.058109086756698	0.599506869893911	131
-0.120020911249958	0.273859982843375	131
-0.070598336359829	0.931690283017385	135
0.055929677328462	1.04002070749881	45
0.039277832015486	1.1707966111878	12
0.071289468345201	1.21551902124927	240
0.063743321002356	0.605055204673818	15
-0.09290261202629	0.380348295078764	19
-0.013226732858357	0.791491108315342	19
0.114811668911235	0.682879936846635	19
-0.014986139696106	0.833167763782434	19
0.120440792358086	1.00966340635643	62
-0.067680829250789	0.699804939987549	64
0.117538338608513	0.81685851752049	131
0.117064248102891	0.793744501232583	131
0.102899046688729	0.811381583434159	64
0.031959427226986	0.468582507145172	64
-0.011307895182625	0.396798173117208	64
-0.011807332241518	1.0472243072694	32
-0.00398132233047699	0.912440630769239	266
0.121093207049664	0.891966471018125	266
-0.069694682190812	0.878380661825424	703
-0.099085280424093	0.303573594151829	15
-0.108125989787376	0.673015846777515	19
0.00800712015405403	0.424467829742686	19
-0.078229526180994	0.500588927394742	19
-0.080157661748056	0.570964044078486	19
0.082545259703751	0.387984011632524	19
-0.112271437245533	0.813432355714201	19
0.059004702155126	1.28482075387867	19
0.013898438528814	1.1041700498426	19
-0.01292288475861	0.443150391418227	64
-0.123794105521825	0.150565056806403	32
-0.116162159658897	0.999758342035556	32
-0.0166578955759	0.631352919878027	32
-0.010042655024334	0.883320807885433	266
-0.079487098595079	0.871757568484915	10
-0.074817739371806	0.842134845753017	703
-0.07528717814638	0.807017318092257	19
0.000469706435934025	0.775875641181001	19
0.102136451847037	0.687518163632578	147
0.00605604229103696	0.492720046714283	19
-0.10995540811403	0.429591031741673	19
-0.091072088939778	0.53802361920304	19
-0.073166816843286	0.972505928993642	19
-0.108929820942878	0.744646158963159	19
-0.088086737614926	0.596676087808558	64
-0.030935468920967	0.52728880467097	64
0.033158598757565	0.507694429942006	131
-0.085124455662474	0.249380057751945	64
-0.015446237064837	0.485668891701296	64
-0.027243158151913	1.31085887153956	32
0.023406612775103	0.850805301446286	266
0.043530371182732	1.13209912285921	266
0.032095822953974	0.771901647915217	32
-0.043753302225537	1.08342878321	25
0.046781508359261	0.435188094140378	551
0.032899574046384	1.14726512373891	703
0.013916077559353	0.856002721684631	240
0.00352011702273902	1.03460350453235	19
-0.030949348900743	0.326140514692344	19
0.030831468793435	0.504823133273418	147
0.026968494183785	0.358782204051451	560
-0.106437521766353	0.451788844709389	19
-0.07155208263529	0.667119549383769	19
-0.055102128214998	0.398515700072952	64
-0.040342007535365	0.543923392300727	64
0.018249238357151	0.637972305242814	64
-0.08085440563162	0.240729438091776	64
0.048202962386841	1.57138461802365	32
-0.081020528390046	0.457168939750881	327
-0.105900613124108	0.341791452121095	327
0.025324012071907	0.875345341571056	157
0.089717611121506	0.434965243297579	551
0.01333630746476	0.423437862390136	551
-0.078465342181589	0.565553182122616	703
-0.056208427892374	0.612562502864584	240
-0.123872968986442	0.620949575202873	240
0.094997445002829	0.469788958668871	351
-0.034290081602913	0.711239419990186	351
-0.095181286183396	0.313167545996232	19
0.071505882249452	0.978495650497332	62
-0.078475834383745	0.376277328538469	64
-0.017785701862456	0.339467490015482	64
0.053099163283148	0.619290871049277	64
0.088394181533957	0.378556923146943	702
0.0115910594933391	1.49431495326828	32
0.03931973784117	1.432946745134	32
0.050267641435051	0.705498666581538	32
-0.117343501601004	0.446913935038409	32
-0.094291600256531	0.309185006421194	327
0.06651818657	0.502721172784995	157
-0.096276862180912	0.415563324065778	157
-0.035541180473805	0.758456301584645	157
-0.025744707193815	1.11234481322765	703
-0.044297118968389	0.77821221928852	240
-0.12488192277144	0.351740340716617	147
-0.035584285624008	0.537255867167625	64
0.035369125710096	0.91909176605293	64
-0.070961685403902	1.26990180221032	32
-0.061506638682713	1.17423725090383	89
-0.087593345633547	1.09113074084743	89
-0.091209110055193	0.494220655495043	32
-0.080767581257677	0.49785166556501	327
-0.115471222141032	0.354128014634904	327
0.0968979602421049	1.56003203233571	703
0.018979184827616	1.17661421882155	19
-0.086900999497173	0.308911419356655	19
-0.06494238809762	0.451010529693905	147
-0.116861625715006	0.790195871033704	19
-0.085315577739592	0.542309307008453	64
-0.00520649810676299	0.60743260810231	64
-0.09884705053464	0.497948720234206	64
-0.095638350409322	0.411627623770285	64
-0.077095991724631	0.233769980700783	64
-0.028967981315913	0.267012720140113	389
-0.02209447164498	0.32338480579636	32
-0.124887441363218	0.867403205260518	89
0.084276227974447	1.20188548195387	89
0.0920171213827849	0.369924304581638	32
0.110400216819358	1.37095607794375	327
0.105460590746879	0.673646798710995	327
0.034895130319183	0.723334808665456	327
0.05341263221086	0.873495554849173	327
0.00614292330245603	0.488811856794393	157
-0.114157359149771	0.587301373887523	157
-0.079056977924897	1.00202207266249	157
-0.059995489403434	0.870349125398384	157
0.011426315951105	1.12041064053128	703
0.038741616999696	1.43604668622165	302
0.005827021356277	1.13803891006378	302
-0.048989880807035	0.459545747511373	147
0.047209087016823	0.739241602198303	147
-0.0532540376985	0.685565730993512	19
-0.015952907220085	1.12508610035763	19
0.116020185944607	0.82193850673776	64
0.104581813835013	0.777683155255848	64
-0.103598229306184	0.617710152536042	64
-0.122236238568946	0.292678232358321	64
0.012728759836921	0.414896517225763	64
-0.089370182710488	0.604598523974191	32
0.028133383394069	0.794980762548722	32
-0.001089159345321	1.09845222746558	327
-0.052634588394349	0.74254999860567	327
-0.113753522149184	0.490759035904794	157
-0.034235409814608	1.36714986305004	157
0.021230462201332	1.43636028189849	157
-0.10803960055161	0.724223670234071	157
-0.053333962112942	0.724325666502065	10
-0.083115984893221	0.669070628467038	10
-0.083142470473776	1.67504105070212	15
0.106013087160768	1.188852671045	302
-0.079477348882572	0.698681231978433	15
-0.12106526707892	0.651116424383043	15
0.040421239080487	0.788298449840994	147
-0.010061707417363	0.997209763480285	19
-0.057271828345797	0.693095307221242	64
-0.00210782511702701	0.880666478102594	64
-0.080029338006284	0.601433981235436	62
0.109924776616296	0.692599340860242	389
-0.087008867796014	1.05079334378612	32
-0.061942231186345	0.947875953994871	32
-0.017671517202329	1.07481817282209	89
0.040927317520843	1.19320663431851	89
0.124104403905371	1.35933312353767	89
-0.072872649554957	0.849173782914787	32
0.013989798532271	0.87730404665441	327
-0.097235642244771	0.678870243623685	327
-0.068359380840713	0.874678962645437	157
0.100236277328563	1.36097569620533	157
0.120432352268283	2.12682951850499	302
0.115975897722961	1.67225863376959	302
-0.00119449003055899	1.27524792767964	19
-0.115301989990314	0.433272426697799	19
-0.122267867812283	0.521454331836803	19
-0.021074159125518	0.675083647881611	64
-0.01343258011912	1.28250845984852	32
0.107032099743078	1.62331692040971	32
-0.04822035746887	1.12814844051092	89
0.0591053596647661	0.952994477177583	32
-0.042165893291981	0.872637121870548	327
-0.033854643786606	0.732819080605404	327
-0.076406630129392	0.791138355625193	327
-0.111427430720313	0.598693116939483	327
-0.108907414887181	0.603097154537905	157
-0.099827267225758	0.750655471576653	10
-0.035171873874118	0.960512944781175	10
0.023443939233122	1.13790790885439	302
-0.118788723277711	0.773749269027519	302
0.086295865821676	0.382544807506956	15
-0.029707545718375	0.691823459026103	15
0.03250702169346	0.504998578720449	19
-0.00829210745317499	0.878365040016565	150
-0.033497506595429	0.842848495880161	150
-0.067637831003861	0.886232531339909	19
0.037593397184042	0.579238603353477	64
-0.013377919224415	0.647508453860153	64
0.019222011943504	0.345076741037036	62
0.021403598539621	0.355343450851553	389
-0.011545124883584	1.03485304671481	89
-0.053754715797385	1.0441819739956	89
-0.016403590470683	0.781976575356997	32
-0.111477908778064	0.796411556780509	32
-0.053726823556453	0.43969880200476	32
0.033065625429866	0.803023225902324	327
-0.072260141088789	0.690244381996353	157
-0.114025240571044	0.803376279945423	302
-0.103006469911548	0.360683568187245	19
-0.019348201585473	0.704258273311251	19
-0.062527519096499	0.873816528222954	19
-0.096742575929837	0.313034739489924	720
-0.00746183526544098	1.11814636534184	150
-0.031481084134963	0.970570623390417	19
0.044247913422243	0.71266876111391	64
-0.120100041277784	0.298053812947098	64
0.059713039420199	0.599937318191811	64
-0.107893712463934	0.712789532432522	62
0.086397941592508	0.583139031514319	64
0.103243275339591	0.468821903379535	130
0.020427561443494	0.341524952322747	130
0.00798029110010001	0.709663364219585	130
-0.055132501649099	1.21239367697038	89
0.098442547690235	1.63099457198105	89
-0.121016476500251	0.707769377419311	89
-0.080037562809834	0.962367960224381	327
-0.121178216184258	0.838725484664139	327
0.024499214032947	0.634340639407635	327
-0.05280734481363	0.756193587226279	327
0.084855263544513	1.49362869127026	157
0.00779527264550095	0.987770982466467	10
-0.095218345276596	1.06144038033748	15
0.083658228743058	1.22233142939428	15
-0.117774225314867	0.594668600738975	15
-0.073784216450329	1.08473204951173	19
-0.062493718997102	0.939388103488382	70
0.026329188480209	1.0756253878382	64
0.10778496212853	1.55793196146181	64
-0.059577940526449	0.889966707613633	215
-0.095166913482392	0.846275323732093	215
0.00307371941328904	0.779591117405751	64
0.113873981023513	1.57625699563676	32
-0.031874595022827	0.822022440889863	32
-0.071512826048678	0.764612909429654	32
-0.080503931485133	0.887860605927296	32
-0.00131715178811398	0.869277205666216	89
0.049152408130426	0.945026496832135	89
-0.056415695349925	0.785323591693653	89
-0.089208609199579	0.587059197263186	32
-0.011749163257768	1.21095684231469	327
-0.124264231648197	0.661745079608091	327
-0.078620245042897	0.877006098497535	327
-0.00901560417574998	1.21187826300113	157
0.003562035493065	0.885864454336655	10
-0.093190217221408	0.584229469024308	325
0.051347008493165	1.11734938971244	150
-0.00785754359998198	1.14729579672207	62
0.059043514360379	0.975268672840772	64
-0.050170371789531	0.913422405450403	215
0.03060740093989	1.07965436500411	32
0.00667293459775697	1.02738306127632	32
0.028928638340227	1.04410689248712	89
0.081532889158129	1.22526348863239	89
-0.10819880777122	0.620648268060591	89
-0.118932762094574	0.764249663619883	157
-0.123217436748624	0.53497515728031	10
-0.096251557791014	1.06288729898304	54
-0.046074228896152	1.00309689267641	15
-0.113885959801973	0.868313990996459	19
0.123807225587691	1.2448400858652	325
0.088515027051591	1.09931519587545	150
0.032791100120073	1.1456165789397	150
-0.063277317032802	0.968596689540471	150
-0.054129394829357	1.05607797070459	150
0.00314948435736195	0.711725199477699	62
-0.101695022924039	0.702983313938561	62
-0.060898901117981	0.971080973854614	64
0.022480419042036	0.825064080425026	215
-0.00599110847215101	0.984785198848892	64
-0.114333642613169	0.519150830419227	64
0.0112887238321781	0.74272941580309	32
-0.027649616585397	0.469183511337466	89
0.048326359683175	0.569530816403644	89
0.058231816535778	0.801406601637094	89
-0.012216629840534	0.543558551016882	89
0.104163034556523	1.3009489031511	327
-0.06188335085958	0.792516653836863	327
-0.09795350348036	0.806593740153782	12
-0.095046734487221	0.665402267460804	327
0.027102162082168	0.768195607409565	157
0.05451766641901	1.23558493683458	157
0.051813016124483	1.57505291049684	15
-0.060391275619568	0.815017830633627	15
-0.066097772343381	0.982326353289836	150
-0.095664517744987	0.696428454024754	62
-0.048058118976457	0.90504417016578	215
0.029390322704229	1.01856789061694	215
0.091206891126824	1.338015661391	215
-0.072676112786638	0.717283072596452	64
0.084079353067665	1.0596152762489	32
0.07728197039019	0.732950094184097	32
-0.085548403745185	0.486181267179156	89
0.116726457673291	0.773711524106103	89
0.06385219275499	0.742618283910034	89
0.051134960404411	0.791467598257548	32
0.0365963363203941	1.09245301128867	12
-0.021569037119908	0.978767747472917	12
0.010960570240505	1.26170581509884	12
-0.035782558399998	0.774851360819289	10
-0.109679158410591	0.573992430429676	10
-0.099881347055425	0.518961702075912	10
0.119086111890915	0.855700255267601	15
0.00425766962436802	0.694042544679269	150
-0.059508148874225	1.00635875782092	150
0.081253431899141	1.37690742447229	150
0.107624590945624	1.3543914215645	150
-0.073103361523129	0.929445689124869	62
-0.090739432284216	0.567527531724757	62
-0.064169588831606	0.622795186907937	64
-0.122413752244253	0.796346124797807	219
0.032995046450621	1.1285589835155	219
-0.081399250581524	0.908902677906424	32
0.039280571394259	1.12983626446526	89
0.118334003144798	1.37665324425283	89
-0.047603628790792	0.405406873152514	631
-0.123940710107381	0.91686333428502	1
-0.094060847433633	0.706721830142898	12
-0.037446307535696	0.820937648150185	157
-0.077115230844638	0.662675141404437	157
-0.075595208144332	0.884849814427015	157
-0.043920065317681	1.08607356597189	157
0.00651516333509605	1.01262685667179	10
-0.072266342413866	0.521327161358853	10
-0.00365603050263902	1.94074273177076	15
-0.05486090262735	0.53189293975746	15
-0.064927278683945	0.564092303610234	15
-0.029147367603112	0.858193119116913	215
-0.115449612613191	0.633184786715058	215
0.097423548619204	1.08477078502406	109
-0.020143559553044	0.405301945340824	631
0.123863641320288	0.579498591959755	631
-0.12289345593275	0.884326084671464	1
0.059961452922419	1.37763872567356	157
-0.106582515767115	0.809276337544132	10
0.007462440219136	0.398420775653863	10
0.0863520210494439	2.21966707832875	54
-0.043839932769443	0.697071715652658	15
0.00261783879989697	0.77180256397544	15
-0.098598525107175	0.30015119722068	15
0.079297563157877	1.41152868831416	150
-0.121674863526437	0.838251277365369	62
-0.02888097596967	1.01817459275404	215
-0.031258040291439	0.59894597798299	64
-0.02703696726214	0.755772119686237	64
0.064815332115711	0.897152898054877	109
-0.105042548802218	0.663940813558865	32
-0.074009536761211	0.696747103067577	32
0.058537765167073	0.574452100992508	1
-0.00850120053703002	1.41377081987849	1
-0.029756697024475	1.32861459456557	1
-0.090358925986857	0.803671992694203	1
-0.078319731032356	0.841580113748565	12
-0.053920430267345	0.972585060718566	150
-0.060254699050857	0.843152360695564	150
-0.087998076714799	0.733395620129528	150
-0.031316031127351	0.848657702166959	64
-0.015756070411478	0.801264615798376	219
-0.058682615848115	0.602182588341408	32
-0.098339500487079	0.430408716405347	89
0.100472034910768	0.969672277110405	32
-0.093759213282767	0.675309171095667	12
0.089389167343876	0.941710497487468	1
-0.079826846054748	0.795451067862356	1
0.010164171933066	1.11698549933046	1
-0.054936638177983	0.656086954400839	157
-0.108116563564904	0.720692042234091	10
-0.114244301039201	1.14849670281232	54
0.034854962680669	1.91597872840909	54
-0.084359157396657	1.45384234430552	54
-0.117933815673731	1.14457510042147	15
-0.124431875375565	1.00289301132267	15
-0.050825562665751	0.721389718419527	15
-0.111581260167056	0.875558230022051	15
-0.076934930979412	0.966972052581571	15
-0.11191891667312	0.694652665584832	597
0.046444531407575	0.798609040587136	215
0.035897577062397	0.582508902970909	130
-0.099754366605643	0.413098946721722	32
-0.09656288885054	0.300111890364971	32
0.058240308482419	0.499042905176202	32
0.058045838977119	0.428747063193771	109
-0.015825495940427	0.844131678962849	157
-0.054237876881699	0.713394056131046	10
0.044860116960748	1.28160190941405	575
-0.124030100497367	0.5227341074957	575
0.0100929227473739	1.39679167734227	54
-0.00523373708573399	1.47023475216801	54
-0.04486905629032	1.27417460426259	54
-0.117503108190459	0.355898000287816	15
-0.045561216259042	1.13478176181795	15
-0.011761063051029	0.856918824665041	15
-0.083482240906227	0.242585219669765	150
-0.054046879145061	0.31853886865905	150
0.010930167237906	0.896162256995093	597
0.026968494183785	0.358782204051451	219
0.0538893154401771	0.28769222428508	219
-0.0407010352884	0.471624318068379	1
-0.106850179106577	0.374089500638625	1
-0.044870535383084	0.83087930325018	1
-0.015397702742641	0.94228204051054	1
0.124259236593027	1.97913039768138	54
0.063953484974541	1.88185508324294	54
-0.108282261857094	0.830551037713842	54
-0.036974509482744	0.455742786080683	15
-0.061386140564666	0.757603916644638	150
0.068099679720913	1.28682987875333	597
0.093150324952901	1.47564088616323	597
-0.094424166154769	0.375797271763197	215
0.00502282222010997	0.640386565851772	215
-0.022024064164322	0.259440515572082	109
-0.116555388100869	0.36758870100871	12
0.113380693205473	0.826137099501414	1
0.089121770667433	0.900368518837836	10
-0.110558887152438	0.450756343589369	10
-0.123797771105023	0.297934428547938	10
-0.072154263842043	0.698804661457184	10
-0.072351125863067	1.20098749558767	15
-0.095843580160747	0.314671061476657	316
-0.055420446251852	0.684960382993353	362
0.105504665253878	0.515344690717002	219
-0.047821123367389	0.391934312681097	32
-0.081155432428103	0.240763362592035	32
0.040078963442269	0.426658640938625	32
-0.061859628441359	0.332427154197112	109
0.071381914090433	0.754320543486215	1
-0.093918372462955	0.638819716103601	10
-0.056614607907721	0.381991077874139	10
0.053058471419371	0.473340780129161	207
-0.10631134320553	1.94678464608063	54
0.072207547906699	1.62957833460692	15
0.084954483145264	1.35614848324924	361
-0.050927649839802	0.973351567466298	15
0.112467241023571	1.14923327920479	362
0.069613806282841	1.20398064555623	362
0.09764362680956	0.933582859786649	130
-0.102072538744244	0.83397621366419	1
-0.113213631911709	0.746813877925311	10
-0.06630806352209	0.708878392457387	10
-0.028014852736205	0.71287158775777	10
-0.114192544364353	0.695268579653336	361
-0.071538948689788	0.89038417569684	62
-0.046712717216441	0.946467783792122	62
-0.098363918674132	0.803068754391928	143
-0.101140165555911	0.801171382370128	62
-0.059483653377883	0.682449089839797	362
-0.072046487685027	0.605311245362397	32
-0.064695056661249	0.518722337979783	32
-0.045270384369138	0.532340255152698	32
0.000067898320812998	0.551116239571211	32
-0.101644060263692	0.495606231649553	32
-0.030008670114509	0.969797298726996	1
-0.107484838083419	0.678195787255913	1
0.040810146786868	0.807981124888079	10
-0.082834618519623	0.590372995975925	10
-0.089169288937133	0.958568242186695	15
0.115753397944197	0.772180422419783	15
0.020611224580394	1.39322881473839	316
0.089730175022403	1.63954892445474	316
0.012863634584743	0.648554711471947	62
0.062805592916985	1.13426000344563	143
-0.106196402610103	0.872597648491344	143
0.043827775326466	1.23688302527671	143
-0.00647256965557802	0.857871814235856	62
-0.07669297427517	0.769890926964639	362
0.11140180113379	0.479103922183871	362
-0.060859553445337	0.850187334472381	32
-0.088235963740832	0.802499801456394	32
0.074367937816845	0.861287679685498	109
-0.099586693518587	0.726105982281282	1
-0.00450201409211098	1.22502283212248	1
-0.122065984929554	0.785861759283827	10
-0.04453299554701	1.13388918855632	361
-0.0392412891586	1.09406250474113	361
0.053874285702669	1.24336848306926	62
-0.049561794009346	0.948247215410238	316
-0.011208918322426	1.1974532346951	62
0.050661067100881	1.19453421311235	62
0.039976758633779	1.22145636204038	143
-0.044108040517309	0.788663354031425	62
-0.018136518331317	0.418983181239338	32
-0.090667972576971	0.821961946528336	32
0.0631554914043671	1.20150911789003	32
0.03057460359764	0.979997189582693	1
0.012191268662074	0.426879427570076	1
0.018934283453359	0.818121955618091	1
-0.012472817074038	0.844568940088387	1
-0.049040279657008	1.01007022898445	10
-0.121406747712659	0.80276737369002	10
0.042524427145772	0.80315340425304	361
0.107682064196812	0.821301000611645	361
-0.00759832037156	0.861376561672447	361
-0.117395468534437	0.823641487449731	361
0.043790900334971	1.31214572692214	316
-0.104533860872368	0.565664270618886	62
-0.075069526485241	0.568297868065807	362
0.108712548354371	0.745828200385065	362
0.074835217104249	1.31315724340103	32
-0.032836570605751	0.855036313090768	32
-0.06792148148442	0.735711910475235	32
-0.017031160718779	0.961669048618333	109
0.0652399386504779	1.06350319795414	109
-0.065137931810196	0.848767886242989	1
-0.116930761999965	0.361394570640001	1
-0.107958439889863	0.740946189834012	10
0.015129029254868	0.978811418319126	10
-0.042497897773184	0.893789598958558	10
-0.111437804299038	0.877640348469821	10
0.099247791294054	1.24530953595441	10
-0.084034753600001	1.32167521993303	15
0.061567860470136	0.960075599886606	361
0.023955943806799	0.84497474395032	15
0.0532962782311221	1.2935134000774	316
0.080229674702034	1.406439707097	143
-0.091531540573575	0.789416783379128	143
-0.124948681766576	0.692424919837672	62
0.041691784607408	1.17085889417241	362
-0.093486573685221	0.703355036083751	32
0.046991120960818	0.813362995420163	32
-0.087748435058695	0.451463199668217	32
0.121889755593355	0.971749408620808	32
0.063528816752679	0.657930706539838	1
-0.120588827322675	0.508389655751446	109
-0.014193118918915	0.701797122931655	1
0.071558346136525	0.955881561232769	1
-0.050846531279142	0.864097921038549	1
-0.00770967460618099	0.781280156821174	1
0.0334968157297521	1.13285916994548	10
0.101469001471941	2.30594463007143	361
-0.059115120747269	1.47612770694574	361
-0.072990130922355	0.714054119533149	361
-0.073031364505918	0.872401173341035	361
0.014581644859616	1.29452701187585	361
0.036954812049141	1.45647840483441	15
-0.076401124494759	0.963393557456962	361
0.022479194513349	0.940206937359238	316
0.00408921424902997	0.766431817281101	362
-0.061262564278106	0.921865393334153	32
0.070663802905213	0.788966705686776	32
0.026429302599095	0.718822567612868	1
-0.02194908053734	0.856282192894862	1
0.050273100515143	1.03339599155858	10
-0.061570103576433	0.602517443937126	10
-0.124957699204543	0.64462660477785	10
0.061562430862357	0.971242716303032	10
0.042994132146677	1.84574902109115	352
-0.027417401827731	1.53148737513836	352
-0.095730257792696	1.59491731344569	361
-0.09971631299871	1.35818131875875	361
-0.090824071682846	1.37817769168206	361
0.073499774032475	0.891197553997566	361
0.068299786044634	1.41325533199004	361
0.065461602371533	1.24242372423013	361
0.031135743058777	1.04263201417256	102
-0.042252846780369	0.898786307076516	102
-0.123115294136428	0.457358126876655	62
-0.100575614328522	0.742284046957012	32
-0.00921672563363202	0.975891587879584	32
0.014796018509203	0.901470063960458	706
0.025295256534372	0.936980878573714	32
0.093064128837395	0.802768327600038	1
-0.047452764867324	0.626679006110997	1
-0.028490164537368	0.633569315169406	1
0.108350886035575	0.935588830785382	1
0.0169301724901419	0.885540101396328	1
0.041694938276008	0.732433732245576	1
-0.06869434637387	0.639553228878471	1
0.069376650007986	0.925062071066188	10
0.017555990932866	0.772539852002651	10
0.036220605964584	2.0428859644621	352
-0.055916710462059	2.25069564799714	722
-0.066820854257277	1.8969431177556	361
-0.108435739525913	0.598753694049261	361
-0.054780439177022	1.11314737175805	15
-0.122559451816758	0.823978921368843	15
-0.015034646722889	0.877430567513697	361
-0.076369984430141	0.780985593075545	102
-0.111914160615737	0.527772896243487	102
-0.081207063940514	0.751186247089604	143
-0.084663276007403	0.69155685703224	706
0.043881733862186	0.795318229037062	1
0.104337781370321	1.51295031526858	10
-0.069981734641127	0.843773998092947	10
0.056569718066869	1.1327615007603	10
-0.029928820870918	2.42825614309975	415
0.0542464530222721	2.36456907228379	352
-0.056077238147757	2.42731023275698	352
-0.112933005990288	1.7262359098089	722
-0.048294639135018	1.84948945473322	722
-0.051797679558369	2.07183331983088	722
-0.030414240622942	0.756276605032199	361
-0.099530458372319	0.929772010911763	361
-0.022281267194966	0.766279433236311	316
-0.124242363539577	0.555753395549953	102
-0.120696144936839	0.426315429494457	102
-0.099356416821478	0.617434113412737	62
0.075442282593072	0.820036669838546	362
-0.053085919897966	0.497876774161684	362
-0.00675638659248701	0.621438785765279	362
-0.054608605367027	0.703542870368482	706
-0.108366284670798	0.591590359937093	1
-0.073205731106278	0.587167387304865	1
0.117027875647545	1.30994879770145	1
0.081012237441228	2.31697302555515	722
-0.115368955560074	1.3758218925133	361
-0.00394084069142098	0.947156736286216	361
0.031485578239527	1.17931866670994	361
-0.063499392678333	0.753598685464543	361
-0.00255839956816201	0.751751962260365	62
-0.059871902101135	0.732556691648491	102
-0.086695583068862	0.558905701467085	62
-0.07228923762972	0.612451273640382	362
-0.099745918401325	0.59358568930187	362
0.041291783087631	0.933766426489533	362
0.0644156039214781	0.64795987967842	706
0.041262132922364	0.524699826463213	32
-0.018917667936735	0.41461232210811	552
-0.067748886906949	0.391427503214397	1
-0.000316960313628989	0.454542988712806	1
-0.040479752039738	1.81703782014428	722
-0.10433625038957	1.53923363421912	722
0.052010994673635	1.67528382054621	361
-0.070392215714212	0.867051923012667	361
0.00268913869929699	1.24714941894947	62
-0.109083830469321	0.719115483660882	102
0.016591118658275	1.12426113818428	102
-0.00257712532132698	1.03074565195463	62
-0.050983926987825	0.774938926530716	32
0.113958970951961	1.01654842281366	362
0.026643149708135	0.838570198243021	362
-0.048918058865671	0.788699918778026	362
-0.117434471120247	0.437458770341229	706
-0.108877774034188	0.375073136147475	706
-0.124939796649203	0.438341973752031	32
-0.073042688958713	0.381382405979694	552
0.048423982249173	0.552795295938753	1
-0.113054911970619	0.609757983986122	1
-0.059489902404643	0.753047073769885	165
-0.014395748767967	0.666214322392558	10
0.013588218228915	1.28875752667813	722
0.093911914047275	1.41129884946925	722
-0.034727426147908	1.07947504727277	361
0.055259747126492	1.99693349054539	361
-0.071105619453317	1.24419931105349	361
-0.071493265296001	1.03471720375771	361
0.090222919996927	0.987064001089125	62
0.01245807407538	0.758011259194738	62
0.0565027441537001	0.283632521946849	706
-0.084262904495074	0.245611553303504	1
-0.079733356046811	0.248236874595858	1
0.120827465613014	1.33359462140085	165
-0.123138769451521	0.285733239922468	10
0.101411338528094	2.10403777030046	361
-0.120329681966582	0.670879024654707	361
0.020303872476467	1.13099938160403	62
0.097656084794675	0.894133969310063	62
-0.026906940019948	1.20540734253549	102
-0.009166701356215	0.635969147346466	102
-0.124961037750321	0.451504809235876	32
-0.029391919764111	0.7922521570769	32
0.098746662519861	0.466749486281925	706
0.00846715765286299	0.428757328664596	706
0.077509777399019	0.37453991744376	1
-0.028734812536671	0.253041191944524	10
-0.090339659510031	0.37437931227669	10
-0.063811334226852	0.774870637073142	653
-0.111871705551082	1.0357516722952	361
-0.044580016851909	0.781315945403029	102
-0.02352660442065	0.768030860468504	62
0.024731098490324	0.34549694691036	706
0.050910244940175	0.448596277541523	1
-0.098605976278025	0.31049956859941	10
-0.00976885780276598	1.62553225202903	270
0.031319798409444	1.55130666033164	361
0.085149686249095	0.627624559881996	62
0.067888803234088	0.527081756601066	102
0.023326077846051	0.355496156454971	706
0.111110745082472	0.546591070549023	32
0.103172155732909	0.540517196325095	552
-0.025950394896642	0.32657695851483	1
-0.027195647119971	0.405645142777938	144
0.110782320211183	0.665275361208404	364
-0.090062370268021	0.232073368280669	10
0.085627674694867	0.369591341937087	10
-0.078491309187643	0.510163776992722	10
0.090825441030824	2.24232466574485	270
0.100755932995704	2.13499962314163	270
0.043525412404028	2.15138161530831	361
-0.063986214192706	0.850386889408713	361
-0.124592770881925	1.041045335855	361
-0.038014150611221	0.669881823703896	62
-0.097868949599307	0.371722753599888	102
-0.102357187400478	0.753510000260596	62
0.069819261214506	1.40745091636775	32
-0.093706407347502	0.215923326932975	706
-0.088547730687322	0.229114722187844	32
-0.12349136420217	0.237938927181393	165
-0.00700485705750198	0.959358662693584	165
0.0340485590437331	0.490771539319621	144
0.087093055797097	1.43816805520006	144
0.093379827832387	0.82661201071801	364
0.05642303185561	1.89539983185655	361
-0.02826805455899	1.37419357581431	361
-0.103947702261255	0.847788622415916	62
-0.034398939222811	0.871204193302216	179
-0.109868362040892	0.609908571291926	32
-0.055734926757706	0.67366009356089	32
-0.034899799142997	0.885894354889884	32
-0.038172699768543	0.787702559435906	32
-0.089247018956074	0.615407821057539	165
-0.016016707741941	0.974037454421237	261
-0.056220687872543	0.520405956670861	10
-0.049690189358226	0.97741911236378	361
0.108107858582111	1.13329645519643	361
0.083007976596132	1.28759733512402	361
-0.034198672341536	0.786194895625169	361
-0.073558835760731	0.616674405930664	361
0.00844899528185805	0.678368839129195	102
-0.063622906555085	0.515143042912627	179
-0.107596613392967	0.510360665324831	179
-0.087160079655372	0.687638390339519	706
0.027452560456842	1.21957101314394	165
0.100994350141715	1.3744860902817	361
-0.00879249829782802	1.19193091205356	361
0.077955376210721	1.45862377553838	102
-0.04865322290552	0.663196541648192	32
-0.114114957528246	0.527491371811505	179
0.106274553335339	1.2572248877109	32
-0.0945317464606	0.670351858355733	32
-0.033573911466793	0.608068791245428	165
-0.110057278674736	0.430227409515345	165
0.00175338462727204	0.484446825117441	165
0.073193905883235	1.34865517467315	410
-0.033594410689027	1.01712809426347	361
-0.000219340353827979	1.33918609285638	361
-0.02735969097404	0.547960802227871	361
0.018093022489893	0.685742104048886	102
-0.098336100782802	0.706452795547947	32
0.025002220094299	0.787643203698584	32
0.076002666652081	0.868061193539646	179
-0.030700447035296	0.330749454856986	179
0.066178504088938	0.636777256159505	261
-0.040286206472627	0.620269136660209	410
-0.087842686661436	0.615557874084461	410
-0.060909158128936	0.458960445223829	18
-0.039718650809477	1.32291666426614	361
0.000672283869914025	1.00361476322533	132
-0.11767135181197	1.06838794256254	361
-0.110836663771962	0.441988646472029	102
-0.10064240289906	0.49361756563276	179
-0.08394100432604	0.456065790208478	179
0.037336341294069	0.921179326418924	32
-0.022217276649617	0.851514402143802	165
0.00097572359269904	0.622358123791948	261
-0.016596751403347	1.36529073546279	410
0.096311165024999	0.867102063371609	410
0.033429016020613	0.870662255175229	410
-0.029682587755179	1.23230895127916	10
-0.070973120485743	1.00173789055366	37
0.073572043169348	1.78547561450817	132
0.029485479571389	1.76507480195349	132
0.093399392646058	2.01065634793897	102
-0.054957445049834	0.709218865272309	102
-0.045009392230848	1.10439942684479	32
-0.092596908456576	0.384596015601855	179
0.091738902900712	1.30224194867705	32
0.052325948632102	1.05072768189566	165
0.088325999349347	1.29465937997568	734
-0.113562053611182	0.621109814031103	734
-0.043235655944266	0.899806584169453	165
-0.071196963896683	0.803149136016745	165
0.068736583849319	1.5834059773616	410
0.112948543113776	1.74569430281819	410
-0.081569639962922	0.958565943919262	410
0.010517588358507	2.21024140221318	132
-0.033313343955431	1.02913315030184	62
0.015432462663456	0.94864001518015	179
0.048657117365509	1.09446037553062	32
-0.00395624284727503	0.932604443990299	32
-0.120357601176459	0.597828961719147	734
0.042567320429444	0.913692395740658	165
0.120219979484642	1.53729548412091	88
-0.047724449435519	0.680820957824057	18
-0.115384966685269	0.36857223600663	18
0.00899343950533604	1.26710357803311	102
-0.032227491386173	0.719567780841348	102
-0.061682470294092	0.919986104851552	32
-0.027154492139192	0.672301830594829	32
-0.08814797393862	0.717847359622666	32
-0.021614593848656	0.738308731594165	32
-0.090157661263868	0.529721720116064	734
-0.115738899479998	0.433036517948525	165
0.0155714183471241	0.853858730452212	165
0.014134349711994	0.985342139035563	16
0.120564851451681	1.16496072405169	32
0.058155518318712	0.559882741359485	32
-0.067326621934973	0.460745418096489	165
0.094023919402742	0.818148174715103	165
0.02280704510478	0.773292049855002	16
0.031363871964469	0.570901234863915	16
-0.071030065976492	0.879265500671669	62
0.047433420353924	0.876787138566041	32
-0.00395141679260902	1.02401987907304	32
0.089089227572956	0.914508778071952	32
0.063771011224198	0.514747352799372	281
0.053353508952074	0.48048468882674	96
0.0523262772805681	0.441021689463147	96
0.107381255905518	0.4652381670481	88
0.0742686875072	0.519421767320771	88
0.052794100479291	1.32713546164284	165
0.06810012486437	0.655716630625619	165
-0.068238631062839	0.715875576929262	134
0.008571407343134	0.84234800922756	134
-0.022694968259289	0.711867059250703	134
-0.12043702621655	0.497006631354643	165
-0.042021261188036	2.33461809067496	99
-0.092925897757782	0.44080354089037	260
0.019088749745385	0.57645948214439	397
-0.056327954312335	0.382459844042496	62
-0.014983775488132	0.763269002762561	32
-0.115784530327737	0.440837296246639	32
0.123962636830147	1.01534002094864	32
-0.024778841437216	0.476444361841221	32
-0.030085426134577	0.33744131247137	281
-0.021338879448733	0.313645434389292	281
-0.119720741294959	0.293557302524185	96
0.0179800038657379	0.342190100466016	88
-0.093134351402576	0.616969459932734	88
0.023358674085069	0.567630214538104	16
-0.035962465174175	0.447563369746233	16
-0.049181380503057	0.404324191053697	18
-0.103123745431893	0.427056577677307	260
0.096621036237002	0.47474452259008	397
0.067880747132411	0.861721228704683	430
-0.119773320405183	0.77808911808725	411
0.0139776374457991	0.631660549224985	32
0.0649511410660391	0.524539781048808	281
0.056038351097683	0.440459780501327	281
0.114872966052957	0.536454041723451	96
-0.092794987623132	0.302576256175357	96
-0.072811135698269	0.441438856045752	134
-0.023299866438974	0.411170349675501	16
0.056038351097683	0.440459780501327	16
-0.021648843049294	0.325394811740321	16
-0.00395544822191601	1.08293537006803	397
-0.07068525053084	0.955252483973369	397
-0.116123161380466	0.364166509227066	397
0.051654563009516	0.552981438346299	397
0.104020040361796	1.32994238737533	430
0.029447743728092	1.0869744646953	430
-0.042474648088213	0.709877954227185	32
0.090710119053206	0.954802103423184	32
-0.09486366947174	0.381117489765669	32
0.047959939617747	0.652845354149428	32
-0.064707517608211	0.606822084394275	32
-0.039016331154502	0.395002426299871	32
-0.062200821874112	0.32411010895348	96
-0.071246598894862	0.374171554054483	88
0.01774464535641	0.716313515672311	88
-0.082614670482474	0.601001991266308	134
0.111100099990531	0.620501536817216	16
0.0794030384586371	0.603962792994416	16
-0.033548203538262	0.470762864131177	16
0.099321207495248	0.824497222503793	18
-0.094110302046959	0.43026591245539	18
0.0605118665808741	1.46746578217868	397
0.036231003041833	1.24207135335788	397
0.043883315041933	1.33726605800938	397
-0.08357897808255	0.676635249824213	397
0.041162142022397	0.625915326373571	397
-0.100589834338724	0.492889222135288	397
0.124875591851255	1.1381175084886	397
-0.063609985650272	0.671589206128472	430
-0.027089170535764	0.750992754174938	32
0.0609074757659131	0.58092819486499	32
-0.00604433990342101	0.703367780663263	32
0.034847178515113	0.638301626170658	32
0.112151087382426	0.621793746650097	32
0.029680434429435	0.54479902468451	96
0.043261640574397	0.66175898556607	88
-0.11138224228272	0.395633232742996	88
0.0627375320496561	0.81411055413863	9
-0.025505948168761	0.542232347340243	134
0.029518507151147	0.705370117946147	134
0.050861182117518	0.657841919421852	16
0.052701589485586	0.817943626652299	16
-0.123890059304917	0.452398524328786	16
-0.122098225296985	0.409217675837825	18
-0.034427910665309	1.3214898735338	397
-0.078908939880449	1.14016663989604	397
-0.01717935664155	1.17713597973977	397
0.044287053429668	1.38090190003418	397
0.036415232120485	0.729661859083835	397
0.109804664733151	1.15276131825229	32
-0.00415493317427201	0.73468803014113	32
-0.090816891159179	0.595260677981727	32
-0.048326952001623	0.766839574007409	32
-0.00412033812553903	0.869172038827549	32
-0.015147937129582	0.782274283261074	32
0.0808245999876131	0.909372484679905	32
-0.048619624849344	0.539150508107394	96
-0.000812662752401994	0.559349197857585	96
-0.067418135402108	0.391169311794273	96
-0.054560548579533	0.61623534642485	88
0.082733696141697	0.876188384679488	88
0.018218801171403	0.957165844825776	9
-0.020994990920204	0.607001721603739	9
-0.058879127264572	0.68384727641992	9
-0.064874665112404	0.650492049657856	134
-0.068895762893755	0.600443315848129	16
0.108171506403834	0.822294812415121	541
-0.035102297740641	0.848079457692415	18
-0.04400458075931	0.744429721677782	18
-0.06382164274832	0.524339403232171	18
-0.028174848687049	0.877177980656065	32
0.00554648238731204	0.836876562218684	32
0.038362849337191	0.677118032323552	32
-0.094671406839956	0.517555471119219	138
-0.116633917900615	0.444661535180135	9
-0.089694778742013	0.559728041261507	9
-0.029156764990487	0.854879764332793	9
-0.103172669924741	0.708210290488545	9
-0.077925073892294	0.604878434785033	16
-0.00235600373813999	0.78315227528294	541
-0.05492122742199	0.772292661055158	541
0.023445583484392	1.06921771432953	541
0.052712711482653	0.938965137787004	73
-0.02538716840192	0.782461020846838	73
0.020733619414283	0.98754686144932	32
-0.02130071705461	0.473966056015167	138
0.01309556113039	0.532268195545864	16
-0.076396784324349	0.538266903696068	18
0.033983350045919	1.13964511528137	32
-0.039833572847554	0.698890893791349	73
-0.055712849411899	0.614791985870123	32
-0.096626763289002	0.450323295007108	138
-0.087443475454798	0.629719297048106	22
0.00366114458262801	0.84360629770884	9
-0.089634369589803	0.522638424027872	16
-0.034065901290017	1.53632690135335	216
0.00543331740526798	0.879908726972936	32
0.029896467986299	1.20515836469764	73
0.013607226537955	1.37249285019841	73
0.122056055867402	0.816469781737749	251
0.012003664747453	0.537870120698293	32
-0.051574250153319	0.469310647682911	32
-0.095015111942572	0.380411339336959	32
-0.08742483389555	0.416265706521199	138
-0.090501702210526	0.528032833266684	22
-0.017838601592983	1.11116373844898	9
0.014537289001169	0.798620050974764	9
0.075142345539734	1.20355610784875	9
0.036325896591996	0.795144148609272	16
-0.007826915579219	0.69417599527518	16
-0.106461173492114	0.594320250137202	18
-0.032009365984491	1.77467502038333	216
0.030045028706018	2.03048835080644	216
-0.040006698234338	0.460144991763011	216
0.027419547241693	0.455790587451999	32
0.087487943726376	1.47668106665467	32
-0.098252072360095	0.903400772966394	73
0.0236637954121079	1.1557412181386	32
-0.046794218836971	0.591940378933689	22
-0.124377871775053	0.883933017938236	9
-0.119477903645722	0.613439548850529	9
-0.025914558265703	0.331069036984193	16
-0.051432463806768	0.621697574226752	18
-0.046235470263707	2.02864758298247	629
-0.072441158686278	0.994242904309341	216
0.022424046852872	1.7986911216095	32
-0.116443608275786	0.882060399893779	73
-0.100398097166924	0.518869456905682	32
0.079509035943662	0.370934264021765	32
0.105617645535927	0.537855861177741	455
-0.064387901668643	0.508971680454494	9
0.10445783157787	0.464879854299369	9
-0.069382364696611	0.92129268572627	9
-0.081955481040887	0.455213152434502	16
0.079821908060287	0.731372918382759	16
0.077968797942222	0.362109060665343	18
0.01088101133235	0.434848566519833	18
0.048723726073995	0.575933402017168	18
-0.089273715949055	0.713273794671281	18
-0.095351794033169	1.8301974594183	216
0.041527171396368	0.5050824342111	216
-0.067004784240027	0.322429136316751	32
-0.025100639977795	0.267688501670481	32
-0.026083612646487	0.257637419386086	22
-0.044217500309179	0.875826115958681	9
-0.039162332725979	0.688925105229277	22
-0.12357131545564	0.296087027837039	18
0.101903990731968	1.23036186889754	18
0.0601011265536771	0.801277561472493	18
-0.124374275429022	0.689022274766819	216
-0.108863063398223	0.626761367985717	216
-0.089847216345536	0.948215977993241	73
-0.030125266573057	1.29036667310858	73
0.108174655110557	0.458050474434472	251
-0.082559995594823	0.234181033797024	182
-0.037063001504156	0.453255041415627	182
0.109362521677899	0.537316752649699	22
-0.07495373417424	0.510201029900529	9
0.016122559364586	0.434812427734907	16
-0.064712780308466	0.310947607676277	16
-0.025479524071978	1.29936520624071	216
-0.100474192854881	0.726086173927722	73
0.116581811715195	0.905692823573719	182
0.024935635639722	0.78789445013522	182
-0.091079351482522	0.622222326032635	182
0.093589664140826	0.99873626228357	182
-0.02297716085049	0.654086258704789	182
-0.082705162509546	0.595131164826473	22
-0.121059585010441	0.591452986205826	22
-0.122743550826737	0.736377762429292	9
-0.023205262755464	0.614366366725264	73
0.037045922443391	1.14870631121432	22
-0.055009306541546	0.620521153619554	22
-0.048296304328835	0.59826858259749	22
0.054452693270664	1.36301319482164	9
-0.018290391121117	0.861725207131007	16
0.037536532759298	0.955167479770094	16
-0.098975349837896	0.779355118092521	18
-0.064404028408486	0.848916563875795	18
0.054001294808113	1.17866583845838	18
-0.089593347993638	1.15936863036015	108
0.109751583656916	1.27856693996982	73
0.011108185946486	1.19168649764487	22
0.096206820375886	1.04438310385721	238
-0.065799231070382	0.602855421319044	238
-0.115118913188499	0.523019657623072	182
0.043466508919333	0.731778093081199	182
-0.041195110217015	0.95262874496666	9
0.00894761781801001	1.11506280608508	9
-0.109028196692519	0.791221862459298	16
0.00680188064800402	1.11327357808587	18
-0.080305044990853	0.949838996397679	18
-0.06291347709867	1.16150897873388	108
-0.059372988458987	1.08774279226587	32
-0.092649147159834	0.6403514404014	73
-0.054992977188357	1.11388934637302	22
0.037733051454376	1.31150913303273	22
-0.108980294986351	0.502765846269772	238
-0.085454871460229	0.355089973832747	332
0.00404672484195601	0.551543870245633	22
-0.057635834643419	0.742742085830084	22
-0.028101159414438	1.15191998768611	9
0.033962540982056	1.30384313206029	9
-0.050413822956682	1.01818626288444	32
0.00781899625184401	0.557893548838552	22
0.079148545409178	1.39171364965473	238
0.039773022017764	0.943881304019161	238
-0.045359858294111	0.777021621905942	22
-0.027686635575083	0.983023965310497	332
-0.056049956762238	1.2100928220971	9
-0.076506218817853	0.79618709791646	56
0.066060724975514	1.42757093354812	73
0.122754450742188	0.691652678232742	238
-0.001054624321918	0.547619666235874	332
0.030798390548475	1.0933802817953	56
0.051399212477058	0.708463751483767	18
0.064292166364338	1.18615144451717	18
0.04273563879031	1.02668594277127	32
0.010823601921138	0.863061627335006	73
-0.087883774235904	0.688262409740768	238
-0.019548545395501	0.763675088228597	238
-0.078606989261261	0.628284822623924	332
-0.074836567364124	0.624171769230626	332
0.070103814767575	0.95674109544098	56
-0.079085334683707	0.862522932543927	56
0.120753619079905	1.49716465276141	56
0.01147491395664	1.19580707887364	56
0.018928429756492	1.17779958250056	56
-0.092845822661545	0.805447319839902	18
0.00346959930702395	1.34092475920801	18
0.022608957695357	1.82050409275642	108
0.00246591323685397	1.97346229593375	108
-0.064542597855241	1.34252613795135	108
-0.00143188883741202	0.934761333904005	108
0.067319750304441	1.53853196541817	32
-0.048175689385089	0.985451785047135	238
-0.011988466863797	1.02958131809422	332
0.024346722459002	1.01921175286742	332
-0.118408090306292	0.78803544560124	332
-0.011336950234842	0.696620299917787	332
-0.034035114235175	0.948245358623071	22
0.038617517700213	0.514732202777154	56
0.12443441099832	1.67678323516149	56
0.089301871740222	1.45439276882035	56
0.019779347946162	0.680924093315624	56
-0.099263225994217	0.555790581276429	56
-0.082458571097162	0.651082038244869	56
0.00650439039762196	1.18982916184842	56
0.05814553914284	0.713269725785998	56
-0.067288970959919	0.714446356939486	22
-0.04903544673406	1.15843382447233	18
0.017887906100913	1.01900807116123	108
-0.065707299197448	1.04555608764806	108
-0.043638739234446	0.967549668817929	108
-0.118538449318182	0.827638881967276	108
-0.104268952379096	0.533649021495521	108
-0.050432361149284	0.837149200569509	32
0.083347984716322	0.377615735563765	73
-0.053897912250697	0.735819991249752	22
-0.084304034128094	0.856852170042938	238
-0.051638847843814	0.866959000419027	332
-0.046747764449928	0.80140677336871	332
-0.078782415237114	0.697148350173787	332
0.0227589107810769	0.879840476311371	332
-0.077264815149605	0.443101602106194	56
0.01342950930159	0.856860471790105	56
-0.081780944004574	0.712256261921004	22
-0.00243932945536202	1.0460099833673	18
-0.077285134609613	0.537530958613176	18
-0.00553370188290497	0.683262465586404	18
-0.016920938243059	1.72523897105232	108
-0.005344772199045	0.830539520069762	108
0.0247878643720511	0.800561506202236	79
-0.027728102275185	0.265059128400755	22
-0.00654497726724002	1.4024935306895	238
-0.108326901794176	0.7892708735395	332
-0.071989447527556	0.842552049902371	332
0.030325391861984	0.878564031262295	332
0.071360037645979	0.732934209143375	56
0.095391411995475	1.0581076771145	18
-0.099565532079039	0.446342474897966	18
0.067233075560958	0.975692889070048	108
0.00499425682174504	1.67123297366377	108
0.109652148835284	0.909618242892164	79
0.110535444842566	0.553343865850239	79
0.0431984545340069	0.784437277015364	22
-0.07716037066302	0.829085243465888	22
0.122864507721647	1.41571278868055	332
0.115899885723581	1.00989554526806	332
0.072600437224485	1.21970526432201	332
-0.077614842848912	0.244007429839071	56
-0.010758367237883	0.755657111057125	56
-0.067862977899089	0.848498478045344	56
-0.02235481772592	0.949563806736989	56
0.092728160686944	0.747436080300728	56
0.023269978359906	0.667054319877341	56
-0.022876232357005	0.613288045935403	56
0.040179798466109	1.27960365383103	18
0.030215658699363	1.29638820550728	18
-0.124844836820904	0.653217389117946	18
-0.033835424998476	0.769520680248974	18
-0.121119853908774	1.18931181043773	108
0.046041835379248	1.12874490385604	22
0.069862397912033	0.881589341576915	332
-0.041683327960695	0.914744996536778	56
-0.116889019717647	0.305079150786737	56
-0.090587911079078	0.901567996143343	56
-0.093859114985517	0.828641975172874	56
0.061225553813384	0.799654851576833	56
0.019299155015049	1.08742640640787	56
-0.107430225623293	0.791673043569004	18
-0.08784625695446	1.46592832436466	137
0.118071445927234	2.45041362620682	137
-0.064279644331849	0.485850762702779	79
-0.050464132803822	0.684193833822083	22
-0.072954446425746	0.625218591078764	647
0.012305761188289	1.06024291607079	22
0.091664670481291	0.755246554328291	56
-0.041146548957198	0.689304024046591	56
0.023862310566074	1.37518158885796	56
-0.119326700793545	0.85852192526931	79
-0.064085329663587	0.8592348276398	56
-0.029029783083786	0.880812344239399	22
-0.122246940203537	0.85989785762685	108
-0.119802449565998	0.303692240686627	22
-0.035278824590741	0.535732866091329	22
-0.104263733358415	0.920068206127017	18
-0.021246642870355	1.22201784193438	79
0.055392904347937	0.442939056406875	241
-0.053884125293949	0.540180367776259	241
-0.021603231857847	0.414821784400351	298
-0.033047298130978	0.828356626137943	22
-0.047878536682071	1.05798204614519	241
-0.119513227307634	0.534633407515413	241
0.039005863139239	0.656746852849796	241
0.019573569282296	0.84150063556005	241
0.08853005025804	0.841878498358778	600
0.0188672235606691	0.691182080876826	298
-0.120525409660813	0.50477740173215	22
-0.104877965443235	0.786710606322586	22
-0.088357845026463	0.868765428839486	18
0.090449439694884	1.37266258166486	18
-0.00736024345399799	0.632375485279281	241
-0.000631996782480992	0.556689459822223	241
-0.023149802136213	0.589754268144193	241
-0.121661113148763	0.447175639452294	241
-0.08546387271887	1.00730232064297	22
0.041662478115721	0.735123488168182	56
0.094613384190295	1.7193723656125	22
-0.086375590902745	1.01250113384299	241
-0.042794756140393	0.611036759581459	241
0.013798809868626	0.609502934462829	241
0.035933751391626	0.506806410136105	28
-0.043362924685968	0.519069582829095	28
-0.105751246718828	0.730149462161505	22
-0.086773800179644	0.72929806567792	56
-0.11573579732405	0.492566544664251	22
-0.043190432607604	0.452187345388591	22
0.020062170787376	0.431249188329681	22
0.060409907872658	0.64331500885111	28
-0.112574551781781	0.646807193883631	28
-0.110807239727821	0.787442527604278	22
-0.046994719473813	1.11452781574016	257
-0.077659840616728	0.929570259749534	56
-0.0393655407579	0.756204985976206	56
-0.026081930919268	0.671922372421201	56
-0.020869814555302	0.947874805016738	56
-0.102924818494146	0.829279911961022	507
-0.077159319252809	2.28839414682159	108
-0.116607110807505	2.03170234322474	108
-0.037379268894335	2.04467972346966	108
-0.10229247675476	1.64711759814547	22
-0.041310432140543	1.62788279874799	22
-0.078168916188077	0.377990248405711	22
0.098418083266712	0.511933616654635	578
-0.0305807606943	0.249909289276975	578
0.00690245438347203	0.632420710352778	28
-0.033355179006534	0.745963186763818	28
0.093506459955661	0.61516475418982	28
-0.087905888313632	0.710978305499413	257
-0.081193941383962	0.702099771167198	22
-0.00430568465065101	1.21856983170469	56
-0.02306331615538	1.04225892112049	56
-0.112901345374173	0.407945412088092	507
-0.11239411615237	0.427423875502105	507
0.085728587599784	1.15751567556204	507
-0.12414749269148	1.03467878685261	507
-0.043190406568979	0.904166937728412	507
-0.019382591239111	0.337820920946937	82
0.101721053912995	0.460596575800599	22
0.096462636686527	0.683391376097434	28
-0.08880733260646	0.829439152836944	257
0.072345899927434	0.997342821133914	56
-0.027445115027057	0.453621127988258	56
0.043774380415101	1.16745427117288	56
-0.076025255702259	0.508530832285394	507
-0.116840781391002	0.485323602776404	507
-0.078378392473876	0.530070134441009	507
-0.119642028051055	0.714360211851145	507
-0.000072185307271988	1.0241109515135	507
0.027523977860574	0.808302796872643	82
-0.023322292394521	0.7529983854973	28
-0.093602392558999	0.858103394462792	56
-0.042628091208526	0.753388522568767	56
0.079738961346463	2.16801015290294	51
-0.058256280771003	0.951654855056155	51
-0.061274818993917	0.614742758197961	51
0.115141773352733	1.03854193956128	51
0.110893367534967	1.2696973906774	82
-0.095474179638424	0.507344688356445	22
0.049928950821984	0.820224655400496	22
-0.102537116162554	0.59425912075235	28
-0.062866868783378	1.04437192869357	22
-0.124542288533756	0.786744439722655	265
0.104933396266393	1.60893201751576	22
-0.001456719012422	1.16507033855778	51
-0.057215996005648	1.09064671760565	51
-0.048744934690477	0.812143583052627	82
-0.012249650317973	0.769104535235114	82
-0.031991849521661	0.683982852408813	82
0.013575602875656	0.688589611847901	22
-0.00307530680826201	0.617526640807041	22
-0.066953426881111	0.455848199607057	22
0.09844799391288	0.836657946675622	28
0.036513950409731	1.99125728953237	51
0.108470488694421	1.06819948929796	51
0.029166191779601	1.03372388145081	82
-0.112158942180582	0.527397547599114	22
-0.00970540831753502	0.684663298397898	28
0.007139017778376	1.2977844482203	22
-0.097069183914101	0.619042324913227	22
-0.059740088266973	0.860573316316803	14
-0.096332198250138	0.726324515957961	51
0.012997126894057	1.40134791716471	51
-0.015005268284677	1.45388135722592	51
0.114748542825028	0.841476118168577	22
0.024027838364748	0.852134183640733	28
-0.0945317464606	0.670351858355733	265
-0.032410028913529	0.691753863511348	14
0.077710425716045	1.68383652084539	51
-0.088901661171335	1.17420529606382	51
-0.091329531268428	1.32002567853055	51
0.000277692904895988	0.798495980669667	51
-0.021600755876041	0.623713263802902	22
0.031624865769876	1.38163617563544	82
0.0430983535055161	1.29614143364112	82
-0.047430333070946	0.687616485449561	28
-0.124736784833018	0.668925476450801	28
-0.039997852718817	0.935031975366507	28
0.071818585076214	0.977312188783358	14
-0.098907911959113	0.600713710644673	14
-0.087547735224682	0.872518656553343	14
-0.068211437094365	0.929905448669034	14
-0.062893756699599	2.27265162012348	51
-0.090038890201449	2.24231761740362	51
-0.031842437101597	1.57129273014636	51
0.00364886967689804	0.676926299445725	82
-0.023753043538141	0.622757788338288	28
0.082393133814244	0.766945629506122	28
-0.106385317421753	0.424618045370507	28
-0.02968016074307	0.873862574859536	28
-0.00664607919000398	0.931386019013402	28
-0.048520555715125	1.04131711450014	265
0.00804223219940503	1.09908764151581	14
-0.076081760539302	0.714531875642973	14
-0.095482955810058	0.773962473949903	14
-0.01098161816471	1.60757197336028	51
-0.109574811195811	0.967619327545972	82
-0.108416503561453	0.655261940840536	82
0.021546227096389	0.737356190511748	82
0.11649515654015	0.81574559195928	22
-0.090903530080817	0.944140428567996	28
-0.018235009340108	1.10897425538232	22
-0.112755073476858	0.730870522247161	14
-0.063462663860883	0.595496987032161	14
0.033614928566498	0.869667262188017	14
0.049069991227815	0.551205958228375	14
-0.036082101487641	1.01667941602382	14
-0.106108393425976	0.734619685024522	14
-0.039116640170585	2.36817951606617	51
-0.044676209412257	0.541639581521635	22
-0.051723055310164	0.401387292973829	28
-0.116714741209368	0.364908417699838	28
0.101047459145691	1.13462749999453	28
0.014351881486582	0.78483247534439	28
-0.003725134518967	1.04309555853069	28
0.117161835132241	1.4635375990355	14
-0.098468267571108	0.607438296108333	14
-0.029960173565535	1.01149713250416	14
-0.092446689302321	2.07201270128128	51
-0.053323074035834	0.564344130892595	22
-0.0428563178392	0.544980599920487	28
0.068944669369709	0.525964257134719	28
-0.07408327724243	0.430616628757437	28
0.061943697928752	0.594311135020717	28
-0.104973705042256	0.363486785658018	28
-0.055866613166204	0.850254588914527	14
-0.012246838326711	0.775341044972481	14
-0.119008217962302	0.72323740344698	14
-0.072375137671125	0.667862321583271	22
0.075215177341453	0.360668355552419	28
-0.020370912465861	0.255414839544821	28
-0.088797876099988	0.379776875928001	22
0.06067653566429	0.515305542340884	22
0.069285157869682	0.96270285210235	14
-0.11625260864671	1.63540359208141	148
0.0896932306065949	1.07918369321052	51
-0.015111243175228	0.666911241918307	51
-0.00577130915216601	0.4913533490939	28
0.022941479729345	0.625669287088613	28
-0.050429809553963	0.511690884981959	28
-0.123690849769974	0.536124649738533	14
0.046985252006551	1.00706833212763	14
-0.013736611838216	0.717613232931537	14
0.026382139743461	0.682052753426441	14
0.022146115156662	1.12428264598951	51
-0.00986788919945197	0.771533475944367	51
-0.093538205226283	0.608838766105428	51
-0.10000463858862	0.537714062817006	28
-0.033425740079389	0.597443935908172	28
-0.062808440773995	0.531351390670999	28
-0.043010689990245	0.524081156834798	28
-0.115017075169169	0.90723251512438	22
-0.047884326773551	1.81088283058315	51
0.0723673444199801	1.49059212734934	51
0.016490551414569	1.49623974347176	51
-0.117348947508096	1.00489843008479	51
-0.037820591859019	0.615688960848802	28
-0.08340570328878	0.482213313260321	28
-0.043020053047166	0.60213606196639	28
-0.107321267759733	0.518724061155036	28
0.024323466568843	0.788265851397228	28
-0.107355108821639	1.45742660959866	51
-0.091608008015839	1.20254103816749	51
-0.067893010014075	1.53902054049258	51
0.090782442255866	0.485681780700778	28
-0.044003224333377	0.52089095933096	28
-0.07613956742249	0.591139884499097	14
0.112506190256253	1.06707086196518	14
-0.040673902806638	0.528405455575209	14
-0.052567909229606	0.396631229729048	14
0.022922245184369	0.912296211816149	14
0.117784325679565	1.56144585543317	39
-0.09578987250733	0.561273469793704	22
0.062741448532616	0.67098979483681	28
0.050367099998449	0.423729053374018	7
-0.047821123367389	0.391934312681097	28
-0.052430408650296	0.51875884053127	28
-0.035017244334311	0.547769679252819	28
0.01646450754421	0.951440272259818	28
0.013144089641227	0.892719518205282	14
-0.087441314306046	0.459369428338199	14
-0.089389459577706	0.516044376890049	14
-0.09884954182178	0.508887700393958	14
-0.074542809663807	0.39190860027345	39
0.081466879607635	0.377158196108249	7
0.020988718101931	0.33103426161107	7
-0.070228496546917	0.444280012598363	28
0.103181294846802	1.43396741234202	28
0.043121761824132	1.44864219489286	28
-0.06866549285034	0.707979803589211	28
-0.027223815465384	1.0247041296375	28
0.028162807946751	1.05380609375618	14
-0.055724780765369	0.496704418115988	14
-0.074037246759519	1.18444338962894	39
-0.067256731818542	0.784771521868984	39
0.090332009733155	0.61772375831218	39
-0.084133590148385	0.232278391138866	28
-0.017151850343505	0.336251944770814	7
0.0555452621439621	0.283093127075706	7
-0.086342485556641	0.247301617412523	28
-0.083153221573787	0.660412785861154	28
0.037030007918896	0.764810572887972	14
0.05667983723548	0.596393170929447	14
-0.101568919185785	0.424612855223164	14
0.07825901880359	0.598927827519457	14
-0.055455154881826	0.328123189589252	14
-0.079183115178877	0.535244028993591	14
0.101299945285708	2.47896387699514	39
0.08296985254696	0.67428719269214	39
0.013877165671391	0.426577835306672	7
0.026968494183785	0.358782204051451	7
-0.030383061269931	0.257521240372734	7
-0.033578511745386	0.324233332693133	28
0.070152826946196	0.535921470235602	28
0.063515462958366	1.22239087880523	28
-0.034366757412723	0.95967877849503	28
0.0423387581297821	0.754967273056738	28
-0.122737622309321	0.693745226298557	28
-0.026018008673476	0.711218401518277	14
0.056186317767813	0.657041280046294	14
-0.028406047270166	0.405813433059159	14
0.093023023587112	1.76751370712404	39
-0.11618707331053	0.287354657741051	7
-0.078720286963543	0.242442597975785	7
0.100024083440239	0.473123258886818	7
-0.081817077049906	0.220588997600265	214
0.122521419682632	1.41133276339226	28
-0.051543367436002	0.703723711448014	602
0.092348167740763	1.04781733265536	14
-0.101139925711794	0.439666415498323	14
-0.026272419980255	0.416644191660391	14
0.06844888428305	0.51266033922892	7
-0.087986339427466	0.307014691102661	7
0.025758229036293	0.365032330815143	7
0.071889774147303	0.342911481628123	214
0.011789265111953	1.02775416788285	602
-0.123181972460538	0.427120329746574	14
0.0494084007108631	0.794905868648502	14
0.0546753461605291	0.581075696001023	14
-0.090357241012347	0.458530902100079	14
0.118138257251169	1.61994051407093	39
-0.022409146950889	0.411550107905022	39
-0.121758912564204	0.301180724131417	46
-0.080152874471908	0.240576893841267	7
-0.033268860316439	0.240400618875722	7
-0.081232287827223	0.610308896133543	28
0.101483080234042	0.450932176622977	22
-0.022004866518264	0.683168867485523	22
-0.062246695268288	0.803821369108478	602
0.060571779372637	0.732564954522186	22
-0.067493612593949	0.723786070544588	22
-0.012637329673916	0.552303076772351	14
0.030597403312705	0.624462257068492	14
0.0514784619718039	0.797344112511317	14
-0.115212590545153	0.227877176294033	7
0.034120208379455	0.515155609610865	24
-0.090566659079818	0.83528569434191	602
-0.079537538367434	0.375777732724015	14
-0.055631087588852	0.711516230082569	14
-0.038748588373597	2.34746965814624	39
-0.124899382072842	1.06064364096245	39
-0.016367429143601	0.345366104234496	46
0.00428933437739798	0.471391197031501	603
-0.029396564454541	0.624733877312066	14
-0.048024599334536	0.604265127960782	14
-0.014701494799704	0.538715651980346	39
-0.030122488472353	0.480081144320542	7
-0.078007627605324	0.385632699683129	7
-0.068700313162379	0.960113681399926	24
-0.123566778685881	0.530076871877873	14
-0.013425207843516	1.17857345158949	14
-0.113613709366791	2.04818753137955	39
-0.04053096662897	2.08987325786836	39
0.00393620326135502	2.17750456423905	39
-0.048393124049481	1.66052366492086	39
-0.118888421882703	0.717496167198582	7
-0.00778091976592898	0.935182126788533	100
-0.017957548861112	0.71696289464413	14
-0.030979714628945	0.903176605531607	46
0.113596510331709	1.12942222278677	46
0.088792355136011	1.43229235590688	22
-0.11565112214755	0.899107685022796	46
-0.077862502984933	0.882000202300179	14
-0.077991803638747	0.555632173094731	22
-0.09351142441871	0.376357232382522	50
-0.042038087155943	1.38034133184492	50
-0.116033402228022	0.709256493027225	50
-0.083862343363623	0.818669900193888	14
0.06544445243186	1.48241206432135	46
0.081592271954704	0.602173103921881	22
0.05618705028407	0.430315665531053	50
0.00398623389546005	1.1243802492251	50
-0.087574702787243	0.595952814459528	50
0.094275968691358	0.941420038083307	50
0.080685567082063	1.35172509479608	14
-0.121768232718444	0.429282848714453	22
0.10500948385535	1.37126237904501	50
0.108029129631113	1.84391958434432	50
0.064170454024474	0.945533881951024	50
-0.075168270207695	0.693316289000154	14
0.09410089400414	1.43715616297674	14
-0.01817649490781	1.36534778657165	50
0.034854614783932	1.41646598502332	50
-0.110589063417311	0.846148150394177	50
-0.098583413944799	0.60565827066386	14
-0.098087896359032	0.862017922594676	14
-0.06686760944789	0.951581573752215	14
0.063986313374286	1.5475554053445	14
-0.000832879810947984	0.624023052488959	50
-0.084333927122885	0.512538676990912	50
-0.037531897448196	1.07020575895027	50
-0.077193811607081	0.941870065922105	50
-0.032598680102087	1.12845110651255	14
0.015688575673429	1.30773015067621	14
-0.083485163411987	1.32205781715243	46
-0.037164136023774	0.545616610091279	50
-0.101732352923518	0.970778713627835	50
-0.052067113742795	1.10006393052234	50
-0.09200450441681	0.434437366894286	14
0.044253220593636	1.27806820783952	14
-0.059751216245392	0.877771476070803	14
0.064534418490071	1.42709992048618	14
0.110824601062598	1.15566788813157	14
-0.111211095004725	0.425135827862596	14
-0.091125156880452	1.82859690549029	639
-0.047903724375688	0.54894130507618	50
-0.053082057117781	0.62420250888929	50
-0.00969021514645801	0.951721642004058	50
-0.101193504082132	0.898539358489166	50
-0.081379404196482	0.798421294492044	50
-0.011365519403335	0.742751686328915	14
0.032174822604384	0.939170867613353	14
-0.071513833320272	0.866453001079624	14
-0.078221257104236	0.727020249078498	14
-0.060787312408081	2.07538789449064	639
0.0785260598018041	0.80619682281123	50
0.051956923299136	1.22644257557563	50
-0.000998530439834	0.637921283833422	50
-0.090631037542531	0.702098792993694	14
-0.041819623259984	0.611263187665579	14
0.077438719654624	1.00658041650861	14
-0.088464329187429	2.25553360495073	639
-0.1035237339498	0.609341247374795	50
-0.061025535995956	0.712129635660014	14
-0.103943636251382	0.850074637770792	14
-0.098781755252145	0.847067033053767	14
0.052922966403	1.14273737269297	50
-0.072005065498528	1.02597411513871	50
0.00454841108786197	1.63095707176395	50
-0.071549901685915	0.919359166774288	14
-0.07828498921728	0.969660187459928	14
-0.114060981526605	0.680722056341469	14
-0.09661247712852	0.876500171622101	199
-0.002568386718385	1.03293182303533	14
0.043998849660418	0.876220644973553	14
0.00211412391776999	1.30020055606825	50
-0.087329125334008	1.02084738372457	50
-0.077761049778618	1.26749866863397	50
-0.066951228725392	0.885823164530207	14
0.025249552949714	1.18057985936921	50
-0.11853538347064	0.899389419309875	50
-0.065448805491815	1.11008905196735	50
-0.05559984894813	1.0572521840457	14
-0.122930482222353	0.590749875252499	50
-0.036309421954886	0.67847012534105	14
-0.098122052439239	0.849713961653875	50
0.072247168617618	1.58617861849655	244
-0.054124451950834	0.856188377498197	14
-0.105602921121653	0.727315165251777	14
0.020455780550408	1.08361574309544	14
-0.054159559393676	0.778684349639311	14
0.038220141678991	0.974993315957414	50
-0.114004714484457	1.05912261896962	50
0.0855464945768521	1.64420422991311	244
-0.111784108479554	0.825993983751428	50
-0.068870802237076	0.692425623169958	14
0.062021407204505	1.19390795816473	14
-0.075852547874387	0.53562065323329	50
0.122286301943908	2.4129051120619	244
-0.006783985420177	1.28524759828553	50
0.013391711482585	1.03916279723997	50
0.010357575915416	0.859880725466145	50
-0.030111064305928	1.1363610546769	14
-0.03328767286878	0.826447237414954	14
0.033498144134325	1.01188463727158	14
-0.043557646263674	0.988147011985206	50
-0.0259117554356	0.545746837209713	50
0.124272058442757	2.21166784220995	244
-0.00486218494979601	0.898129840283994	50
-0.067870149679558	0.944069690700769	319
-0.000648966135703977	0.795351270785891	319
-0.000520336799104015	1.23440362094358	14
0.057963221231931	1.41708640814076	14
-0.096903212777624	0.62888634640468	14
0.112208580164347	0.845811999229574	14
-0.02104940589463	0.927230209986587	50
0.000666192806026977	1.60034984406856	50
-0.086215069280129	1.02064262523547	50
0.035642181536876	0.782654769685142	50
0.103747566518005	1.57123103743012	319
0.037984378874012	0.79874173122188	319
0.00787846708839002	0.787261444116247	319
-0.00678790592731199	0.841625877247421	14
0.057987011309854	1.40106849267126	14
-0.052304002740398	1.5930334456835	14
-0.030042480135679	1.07579280313759	14
-0.063666366363651	0.805203986899644	14
0.095751073541221	2.09851090215493	244
0.062821974569845	2.09760785654407	244
0.013176260678238	1.48248669334572	50
0.122543109967681	1.20493860800699	50
0.00107683782472501	1.04484876477561	14
0.0607055491192881	2.18013865939991	244
-0.115139368819621	1.09341555535066	50
-0.077194152257551	0.941828859477327	50
0.067636793886289	1.18486712506126	50
0.110676197268177	1.4901456903807	14
0.100825483365334	1.81409189884153	14
0.04755934094374	0.715045277191806	199
-0.119462878916498	1.10561749034279	244
0.112019641911377	2.21654476170493	244
-0.053160207482698	1.05692974595613	50
-0.119748535149037	0.842264223669436	14
0.028681420495956	0.952865160194577	199
0.036508776070076	2.27784990844118	244
0.0920064292366271	2.07451466797434	244
0.077376038495932	1.65776186714518	244
-0.090066108610137	1.14347644708931	14
-0.00444432867077099	1.90828243206439	244
0.023699751618606	1.52858100462391	14
-0.035630427525281	1.06181714493568	14
0.044716035651765	1.35478261464369	14
-0.053631387438606	1.15572692654827	14
0.022930811453019	1.5264261836629	14
0.00783059696954802	1.60312346257789	14
0.00688737682483698	1.3980744725927	14
-0.048427424227258	0.974576699347902	14
0.019287919331283	2.11761205918461	244
-0.073100363895904	1.6326318149261	244
0.0686368769146261	1.78061742973267	244
-0.035112892378046	1.43963440583245	14
-0.117533141500176	0.82777406237977	14
-0.039366274576169	1.11057475600521	14
0.093586734212988	0.881779042732398	199
-0.110652206206962	0.684512141316048	199
0.045358721946223	2.43938411146554	244
0.094922257857552	1.55910444056882	244
0.074918121802677	0.586781862804943	619
0.0873095240570681	1.05618595091858	199
-0.083938730687293	0.522299208924267	619
-0.116128753555484	0.761643168208331	92
-0.09845709953979	1.00703632850183	619
-0.080042707556917	0.78779701459297	92
0.093429340889646	1.29059223886751	92
0.099618153409251	0.835731513927373	92
0.06380257999033	0.881880471298292	619
-0.058850111888938	0.885056273516151	619
-0.00123363390570902	1.44078082982075	619
0.022541128375512	1.76220244353303	92
0.03851691587543	1.39796711517479	92
-0.027606103606543	1.29014126835553	92
0.0704869939427411	1.96393304527773	619
-0.078624597451797	1.01198582443881	619
0.124817705212045	2.39053117493229	92
0.060391605794008	2.13887779294407	92
-0.105848955988558	1.34032425138197	92
-0.028597302090425	1.68961802487855	92
-0.088251817679783	1.19459550790441	92
-0.098313803580844	1.34306230926527	92
-0.03467099118761	1.35232316243319	619
-0.107330798599387	1.12178735815178	619
-0.116457087687634	1.9067427998151	92
-0.089609238595881	2.03217010035166	92
-0.096341974379743	1.3307473706585	92
-0.011821230845493	1.47967470545335	92
-0.034089837902562	1.41529243807789	92
0.00436314693947804	1.4998293203022	92
-0.00572615473589799	1.64658721089581	92
0.120627350553919	2.40864085171545	619
-0.101102266879852	1.67295207021854	92
-0.084266433955297	1.02306143891654	92
-0.108703917669015	0.984514562263241	92
0.01824669046049	1.55086329264882	619
-0.041893079497707	1.14015038363728	619
-0.117724343579045	0.970080304814077	619
-0.106516335910897	0.959103545356099	92
-0.12137911144719	0.718613081637234	92
0.00861194656271902	1.15076995178989	92
-0.094767965907926	1.04787208418301	619
-0.120756299477564	2.36288756335784	92
-0.121097980032953	1.69824906986614	92
-0.111532199283414	1.09210369903037	92
-0.029180969988288	1.16090745505769	92
0.080128595212296	1.49517122178044	92
0.037182319048011	1.62101688823373	619
0.086570937283918	1.0724844241298	619
-0.017583626838392	2.4833083696957	92
-0.094399284774262	1.33778778644192	92
0.116195095574249	1.67799464418789	92
-0.102701300073682	1.39923402209604	619
0.055343237670033	1.55629615109953	619
0.00535180028327698	1.77136062654514	92
-0.113806528808796	1.22360036528617	92
-0.045738951486235	1.54384821762716	92
0.112936263729712	2.19928102387593	619
-0.000114700184331018	1.46254081221656	619
-0.05010882131281	1.01556174125067	619
-0.114751190136939	2.03069088143954	92
-0.011452180888126	2.14235087709642	92
-0.106568185571392	1.39058766850936	92
-0.053695820500164	1.92771537810179	92
-0.068715068036251	1.43142684016293	92
0.101999593513852	2.08443090620441	92
0.082404307011527	2.36334420572416	92
-0.000785936186004976	2.05901993413275	619
0.019151800067355	2.35784259708794	92
-0.045624112645979	1.00263980643935	63
-0.027233022635189	1.21056509264209	63
-0.119982974569902	1.57516760484497	63
-0.101578585028186	1.34593217038193	63
-0.094877740999256	2.26282183614886	63
-0.121644234299963	1.59611788589223	63
-0.047412774741636	1.97165659352616	63
-0.109493243161714	1.84770728338592	63
-0.11653669150234	1.20177197356334	63
0.03127343406329	1.79330758332331	63
0.0746754526811631	2.4503745422879	63
-0.064648144964317	1.35104085525247	63
